p_id,name,products,price,colour,brand,img,ratingCount,avg_rating,description,p_attributes
10356859,Libas Floral Bliss Side Pocket Cotton Kurta Set,Kurta Set,2499.0,Pink,Libas,http://assets.myntassets.com/assets/images/10356859/2019/8/8/b783aef9-c902-462e-af73-de159bfd011c1565256752191-Libas-Women-Kurta-Sets-2081565256750830-1.jpg,12568.0,3.963239974538512,"This set includes: Kurta and Trousers<br><br>A smart piece with a floral trend signature, the contemporary styling components ups the exclusivity of this set. The shades of taffy pink beautifully contrasts with the luxe blue floral motifs, while the structured silhouette gives it a casual edge. Design, comfort and a smart overall look, this set is elegance personified!<ul><li><b>Kurta:</b><br>All over floral print, hook and eye keyhole neck, short sleeves, calf length with tapered slits, smart styling with side pocket</li><li><b>Trousers:</b><br>Variegated grainy stripes in crop-cut with elastic&nbsp;back, slip-on styling, 2 pockets</li><li>Pure cotton, Machine-wash</li><li>The model (height 5'8"") is wearing a size S</li></ul>","{'Add-Ons': 'NA', 'Body Shape ID': '333,424', 'Body or Garment Size': 'Garment Measurements in', 'Bottom Closure': 'Slip-On', 'Bottom Fabric': 'Pure Cotton', 'Bottom Pattern': 'Printed', 'Bottom Type': 'Trousers', 'Character': 'NA', 'Dupatta': 'NA', 'Dupatta Border': 'NA', 'Dupatta Fabric': 'NA', 'Dupatta Pattern': 'NA', 'Main Trend': 'NA', 'Neck': 'Keyhole Neck', 'Number of Pockets': 'NA', 'Occasion': 'Daily', 'Ornamentation': 'NA', 'Pattern Coverage': 'Large', 'Print or Pattern Type': 'Floral', 'Sleeve Length': 'Short Sleeves', 'Sleeve Styling': 'Regular Sleeves', 'Slit Detail': 'NA', 'Stitch': 'Ready to Wear', 'Sustainable': 'Regular', 'Technique': 'NA', 'Top Design Styling': 'Regular', 'Top Fabric': 'Pure Cotton', 'Top Hemline': 'Straight', 'Top Length': 'Calf Length', 'Top Pattern': 'Printed', 'Top Shape': 'A-Line', 'Top Type': 'Kurta', 'Waistband': 'Partially Elasticated', 'Wash Care': 'Machine Wash', 'Weave Pattern': 'Regular', 'Weave Type': 'Machine Weave'}"
9867983,Vishudh Women Navy Blue Floral Printed Regular Pure Cotton Kurta with Palazzos,"Kurta, Palazzos",2149.0,Navy Blue,Vishudh,http://assets.myntassets.com/assets/images/9867983/2019/5/31/43d65352-9853-498e-95a4-be514df0be901559294212152-Vishudh--Straight-Kurta-With-Crop-Palazzo-7041559294209627-1.jpg,2676.0,4.03288490284006,"Navy blue printed Kurta with Palazzos <br> <br> <b> Kurta design:  </b> <ul> <li> Floral printed </li> <li> Straight shape </li> <li> Regular style </li> <li> Mandarin collar,  three-quarter roll-up sleeves </li> <li> Calf length with straight hem </li> <li> Pure cotton machine weave fabric </li> </ul> <br> <b> Palazzos design:  </b> <ul> <li> Printed Palazzos </li> <li> Elasticated waistband </li> <li> Slip-on closure </li> </ul>Top fabric:  Pure Cotton <br> Bottom fabric:  Pure Cotton <br> Machine washThe model (height 5'8) is wearing a size S","{'Add-Ons': 'NA', 'Body Shape ID': '443,333,324,424', 'Body or Garment Size': 'Garment Measurements in', 'Bottom Closure': 'Slip-On', 'Bottom Fabric': 'Pure Cotton', 'Bottom Pattern': 'Printed', 'Bottom Type': 'Palazzos', 'Character': 'NA', 'Dupatta': 'NA', 'Dupatta Border': 'NA', 'Dupatta Fabric': 'NA', 'Dupatta Pattern': 'NA', 'Main Trend': 'Indigo', 'Neck': 'Mandarin Collar', 'Number of Pockets': 'NA', 'Occasion': 'Daily', 'Ornamentation': 'NA', 'Pattern Coverage': 'Large', 'Print or Pattern Type': 'Floral', 'Sleeve Length': 'Three-Quarter Sleeves', 'Sleeve Styling': 'Roll-Up Sleeves', 'Slit Detail': 'Side Slits', 'Stitch': 'Ready to Wear', 'Sustainable': 'Regular', 'Technique': 'Screen', 'Top Design Styling': 'Regular', 'Top Fabric': 'Pure Cotton', 'Top Hemline': 'Straight', 'Top Length': 'Calf Length', 'Top Pattern': 'Printed', 'Top Shape': 'Straight', 'Top Type': 'Kurta', 'Waistband': 'Elasticated', 'Wash Care': 'Machine Wash', 'Weave Pattern': 'Regular', 'Weave Type': 'Machine Weave'}"
10808284,AHIKA Floral Print Straight Cotton Kurta With Keyhole Neck,Kurta,1198.0,Green,AHIKA,http://assets.myntassets.com/assets/images/10808284/2019/10/30/c35d059d-a357-4863-bcb1-eacd8c988fb01572422803188-AHIKA-Women-Kurtas-8841572422802083-1.jpg,16219.0,4.093285652629632,"Make a statement with this green kurta that embodies the beauty of simple style. This straight kurta with pastel floral print all-over accents keyhole neck that makes for an ideal piece for both day and night<br>&nbsp;<ul><li>Colour: Green with white floral accents</li><li>keyhole neck&nbsp;</li><li>3/Q roll-up sleeves</li><li>straight silhouette&nbsp;with a firm drape</li><li>Knee length</li><li>Cotton, Machine-wash</li><li>The model (height 5'8"") is wearing a size S</li></ul>The model (height 5'8"") is wearing a size S","{'Body Shape ID': '424', 'Body or Garment Size': 'Garment Measurements in', 'Colour Family': 'Pastel', 'Design Styling': 'Regular', 'Fabric': 'Cotton', 'Fabric 2': 'NA', 'Fabric Purity': 'Pure', 'Hemline': 'Straight', 'Length': 'Calf Length', 'Main Trend': 'Floral', 'Neck': 'Keyhole Neck', 'Number of Pockets': 'NA', 'Occasion': 'Daily', 'Ornamentation': 'NA', 'Pattern': 'Printed', 'Print or Pattern Type': 'Floral', 'Shape': 'Straight', 'Sleeve Length': 'Three-Quarter Sleeves', 'Sleeve Styling': 'Roll-Up Sleeves', 'Slit Detail': 'Side Slits', 'Stitch': 'Ready to Wear', 'Sustainable': 'Regular', 'Technique': 'NA', 'Wash Care': 'Machine Wash', 'Weave Pattern': 'Regular', 'Weave Type': 'Machine Weave'}"
10808290,AHIKA Women Green & Mustard Yellow Printed Straight Kurta,Kurta,1198.0,Green,AHIKA,http://assets.myntassets.com/assets/images/10808290/2019/10/30/3573b361-8560-4aad-bcf6-265ad635ef581572423341928-AHIKA-Women-Kurtas-2491572423340722-1.jpg,6504.0,3.857011070110701,"Green and Mustard yellow printed straight kurta, has a keyhole neck, three-quarter sleeves, straight hem, and side slitsThe model (height 5'8"") is wearing a size SCotton<br>Hand-wash","{'Body Shape ID': '424', 'Body or Garment Size': 'Garment Measurements in', 'Colour Family': 'Pastel', 'Design Styling': 'Regular', 'Fabric': 'Cotton', 'Fabric 2': 'NA', 'Fabric Purity': 'Pure', 'Hemline': 'Straight', 'Length': 'Calf Length', 'Main Trend': 'NA', 'Neck': 'Keyhole Neck', 'Occasion': 'Daily', 'Ornamentation': 'NA', 'Pattern': 'Printed', 'Print or Pattern Type': 'Ethnic Motifs', 'Shape': 'Straight', 'Sleeve Length': 'Three-Quarter Sleeves', 'Sleeve Styling': 'Regular Sleeves', 'Slit Detail': 'Side Slits', 'Stitch': 'Ready to Wear', 'Technique': 'NA', 'Wash Care': 'Hand Wash', 'Weave Pattern': 'Regular', 'Weave Type': 'Machine Weave'}"
9438657,AASI - HOUSE OF NAYO Women Black & Mustard Yellow Solid Kurta with Trousers & Dupatta,"Kurta, Trousers, Dupatta",2999.0,Black,AASI - HOUSE OF NAYO,http://assets.myntassets.com/assets/images/9438657/2019/5/8/5f44fbff-658c-40f2-ae17-4ae52b7381e31557297223910-AASI---HOUSE-OF-NAYO-Women-Black--Mustard-Solid-Kurta-with-T-1.jpg,5652.0,4.109164897381458,"Black and mustard yellow solid kurta with trousers and dupatta<br>Black solid straight calf length kurta, has a boat neck, three-quarter sleeves, side slits<br>Black solid solid trousers, has elasticated waistband, slip-on closure<br>Black and mustard yellow printed dupatta, has tassels borderKurta fabric: pure cotton<br>Bottom fabric: pure cotton<br>Dupatta fabric: pure cotton<br>Hand-washThe model (height 5'8"") is wearing a size S","{'Body Shape ID': '333,424', 'Body or Garment Size': 'Garment Measurements in', 'Bottom Closure': 'Slip-On', 'Bottom Fabric': 'Pure Cotton', 'Bottom Pattern': 'Solid', 'Bottom Type': 'Trousers', 'Dupatta': 'With Dupatta', 'Dupatta Border': 'Tassels', 'Dupatta Fabric': 'Pure Cotton', 'Dupatta Pattern': 'Printed', 'Neck': 'Boat Neck', 'Occasion': 'Daily', 'Ornamentation': 'NA', 'Pattern Coverage': 'None', 'Print or Pattern Type': 'Solid', 'Sleeve Length': 'Three-Quarter Sleeves', 'Sleeve Styling': 'Regular Sleeves', 'Slit Detail': 'Side Slits', 'Stitch': 'Ready to Wear', 'Technique': 'NA', 'Top Design Styling': 'Regular', 'Top Fabric': 'Pure Cotton', 'Top Hemline': 'Straight', 'Top Length': 'Calf Length', 'Top Pattern': 'Solid', 'Top Shape': 'Straight', 'Top Type': 'Kurta', 'Waistband': 'Elasticated', 'Wash Care': 'Hand Wash', 'Weave Pattern': 'Regular', 'Weave Type': 'Machine Weave'}"
7763575,Anouk Women Red Floral Print A-Line Kurta,Kurta,1699.0,Red,Anouk,http://assets.myntassets.com/assets/images/7763575/2021/1/27/ed5edf7d-db8e-4c05-bac6-3bd4979418a21611738222844-Anouk-Women-Red-Floral-Print-A-Line-Kurta-6991611738221560-1.jpg,2004.0,4.07684630738523,"Red Floral Print&nbsp;A-line kurta, has a round neck, short sleeves, flared hem, has gathers along the waistThe model (height 5'8"") is wearing a size S100% viscose<br>Hand-wash","{'Body Shape ID': '424', 'Colour Family': 'Bright', 'Design Styling': 'Regular', 'Fabric 2': 'NA', 'Fabric Purity': 'Pure', 'Hemline': 'Flared', 'Length': 'Calf Length', 'Main Trend': 'Floral', 'Neck': 'Round Neck', 'Occasion': 'Daily', 'Ornamentation': 'NA', 'Pattern': 'Printed', 'Print or Pattern Type': 'Floral', 'Shape': 'A-Line', 'Sleeve Length': 'Short Sleeves', 'Sleeve Styling': 'Cap Sleeves', 'Slit Detail': 'NA', 'Stitch': 'Ready to Wear', 'Technique': 'NA', 'Wash Care': 'Machine Wash', 'Weave Pattern': 'Regular', 'Weave Type': 'Machine Weave'}"
3077373,HERE&NOW Women White Solid Straight Kurta,Kurta,1599.0,White,HERE&NOW,http://assets.myntassets.com/assets/images/3077373/2022/4/18/f0048a52-17b7-4a0b-8925-5cfad761ca201650284995022HERENOWWomenWhiteSolidStraightKurta1.jpg,2217.0,4.102841677943166,"White solid straight kurta, has a mandarin collar, three-quarter sleeves, straight hem, multiple slits<br>Manufacturing Info:&nbsp;Zurick collection<br>Country of Origin: IndiaCotton <br> Machine-washThe model (height 5'8"") is wearing a size S","{'Body Shape ID': '424', 'Body or Garment Size': 'Garment Measurements in', 'Colour Family': 'Monochrome', 'Design Styling': 'Regular', 'Fabric': 'Cotton', 'Fabric 2': 'NA', 'Fabric Purity': 'Pure', 'Hemline': 'Straight', 'Length': 'Calf Length', 'Main Trend': 'NA', 'Neck': 'Mandarin Collar', 'Occasion': 'Daily', 'Ornamentation': 'NA', 'Pattern': 'Solid', 'Print or Pattern Type': 'Solid', 'Shape': 'Straight', 'Sleeve Length': 'Three-Quarter Sleeves', 'Sleeve Styling': 'Regular Sleeves', 'Slit Detail': 'Multiple Slits', 'Stitch': 'Ready to Wear', 'Technique': 'NA', 'Wash Care': 'Machine Wash', 'Weave Pattern': 'Regular', 'Weave Type': 'Machine Weave'}"
8529019,Varanga Mustard Marigold Cotton Straight Kurta,Kurta,2199.0,Yellow,Varanga,http://assets.myntassets.com/assets/images/8529019/2019/1/23/5d6a8e02-0fa0-4770-82f5-6b52d9c983561548242338312-Varanga-mustard-printed-straight-kurta-6361548242336928-1.jpg,13947.0,3.8396070839607086,"This mustard straight kurta is crafted in cotton, features round neck with marigold print all-over<ul><li>Accents&nbsp;thread work on yoke, three-quarter sleeves</li><li>Straight&nbsp;silhouette</li><li>Calf length</li><li>Cotton, hand-wash</li><li>The model (height 5'8"") is wearing a size S</li></ul>","{'Body Shape ID': '424', 'Body or Garment Size': 'To-Fit Denotes Body Measurements in', 'Colour Family': 'Bright', 'Design Styling': 'Regular', 'Fabric': 'Cotton', 'Fabric 2': 'NA', 'Fabric Purity': 'Pure', 'Hemline': 'Straight', 'Length': 'Calf Length', 'Main Trend': 'Floral', 'Neck': 'Round Neck', 'Number of Pockets': 'NA', 'Occasion': 'Daily', 'Ornamentation': 'Thread Work', 'Pattern': 'Printed', 'Print or Pattern Type': 'Floral', 'Shape': 'Straight', 'Sleeve Length': 'Three-Quarter Sleeves', 'Sleeve Styling': 'Regular Sleeves', 'Slit Detail': 'Side Slits', 'Stitch': 'Ready to Wear', 'Sustainable': 'Regular', 'Technique': 'Screen Print', 'Wash Care': 'Hand Wash', 'Weave Pattern': 'Regular', 'Weave Type': 'Machine Weave'}"
7156696,Vishudh Women White & Navy Blue Printed Anarkali Kurta,Anarkali Kurta,2149.0,White,Vishudh,http://assets.myntassets.com/assets/images/7156696/2018/8/16/6aba666c-f72f-4ba5-a619-c30997225dce1534400511956-na-8931534400511655-1.jpg,3444.0,4.259872241579559,"White and navy blue printed anarkali kurta, has a scoop neck, three-quarter sleeves, flared hemThe model (height 5'8"") is wearing a size SCotton<br>Machine-wash","{'Body Shape ID': '443,333,324,424', 'Body or Garment Size': 'To-Fit Denotes Body Measurements in', 'Colour Family': 'Indigo', 'Design Styling': 'Pleated', 'Fabric': 'Cotton', 'Fabric 2': 'NA', 'Fabric Purity': 'Pure', 'Hemline': 'Flared', 'Length': 'Calf Length', 'Main Trend': 'NA', 'Neck': 'Scoop Neck', 'Occasion': 'Daily', 'Ornamentation': 'NA', 'Pattern': 'Printed', 'Print or Pattern Type': 'Ethnic Motifs', 'Shape': 'Anarkali', 'Sleeve Length': 'Three-Quarter Sleeves', 'Sleeve Styling': 'Regular Sleeves', 'Slit Detail': 'NA', 'Stitch': 'Ready to Wear', 'Technique': 'Screen Print', 'Wash Care': 'Machine Wash', 'Weave Pattern': 'Regular', 'Weave Type': 'Machine Weave'}"
9370965,Sangria Women Pink Printed Straight Kurta,Kurta,1299.0,Pink,Sangria,http://assets.myntassets.com/assets/images/9370965/2019/5/14/9982bdc8-079f-4c91-b1a2-1b055a5179ad1557838905565-Sangria-Women-Kurtas-7181557838904365-1.jpg,1182.0,4.060913705583756,"Pink printed straight kurta, has a keyhole neck, three-quarter sleeves, straight hem, side slits100% cotton<br>Machine-washThe model (height 5'8"") is wearing a size S","{'Body Shape ID': '424', 'Body or Garment Size': 'To-Fit Denotes Body Measurements in', 'Colour Family': 'Bright', 'Design Styling': 'Regular', 'Fabric': 'Cotton', 'Fabric 2': 'NA', 'Fabric Purity': 'Pure', 'Hemline': 'Straight', 'Length': 'Calf Length', 'Main Trend': 'NA', 'Neck': 'Keyhole Neck', 'Occasion': 'Daily', 'Ornamentation': 'NA', 'Pattern': 'Printed', 'Print or Pattern Type': 'Floral', 'Shape': 'Straight', 'Sleeve Length': 'Three-Quarter Sleeves', 'Sleeve Styling': 'Regular Sleeves', 'Slit Detail': 'Side Slits', 'Stitch': 'Ready to Wear', 'Technique': 'NA', 'Wash Care': 'Machine Wash', 'Weave Pattern': 'Regular', 'Weave Type': 'Machine Weave'}"
10648236,Meeranshi Women Green Striped Straight Kurta,Kurta,1399.0,Green,Meeranshi,http://assets.myntassets.com/assets/images/10648236/2019/9/25/13c055a7-6716-4d73-9855-ef5cf7021dae1569409399786-Green-Striped-Straight-Kurta-3991569409398566-1.jpg,1807.0,4.0868843386829,"Green striped straight kurta, has a mandarin collar, three-quarter sleeves, straight hem, and side slitsThe model (height 5'8"") is wearing a size SViscose Rayon<br>Hand-wash","{'Body Shape ID': '424', 'Body or Garment Size': 'Garment Measurements in', 'Colour Family': 'Pastel', 'Design Styling': 'Regular', 'Fabric': 'Viscose Rayon', 'Fabric 2': 'NA', 'Fabric Purity': 'Synthetic', 'Hemline': 'Straight', 'Length': 'Calf Length', 'Main Trend': 'NA', 'Neck': 'Mandarin Collar', 'Occasion': 'Daily', 'Ornamentation': 'NA', 'Pattern': 'Striped', 'Print or Pattern Type': 'Striped', 'Shape': 'Straight', 'Sleeve Length': 'Three-Quarter Sleeves', 'Sleeve Styling': 'Regular Sleeves', 'Slit Detail': 'Side Slits', 'Stitch': 'Ready to Wear', 'Technique': 'NA', 'Wash Care': 'Hand Wash', 'Weave Pattern': 'Regular', 'Weave Type': 'Machine Weave'}"
9369411,Myshka Women Black & White Striped Straight Kurta,Kurta,1699.0,Black,Myshka,http://assets.myntassets.com/assets/images/9369411/2019/5/8/1d6b0f2e-7f14-4569-88ad-5c517815b0691557305744107-Myshka-Women-Kurtis-5611557305742371-1.jpg,1384.0,4.070086705202312,"Black and white striped straight kurta, has a mandarin collar, three-quarter sleeves, straight hem, side slits, half button placketCotton<br> Machine-washThe model (height 5'8"") is wearing a size S","{'Body Shape ID': '424', 'Body or Garment Size': 'Garment Measurements in', 'Colour Family': 'Monochrome', 'Design Styling': 'Regular', 'Fabric': 'Cotton', 'Fabric 2': 'NA', 'Fabric Purity': 'Pure', 'Hemline': 'Straight', 'Length': 'Calf Length', 'Main Trend': 'NA', 'Neck': 'Mandarin Collar', 'Occasion': 'Daily', 'Ornamentation': 'NA', 'Pattern': 'Striped', 'Print or Pattern Type': 'Striped', 'Shape': 'Straight', 'Sleeve Length': 'Three-Quarter Sleeves', 'Sleeve Styling': 'Regular Sleeves', 'Slit Detail': 'Side Slits', 'Stitch': 'Ready to Wear', 'Sustainable': 'Regular', 'Technique': 'NA', 'Wash Care': 'Machine Wash', 'Weave Pattern': 'Regular', 'Weave Type': 'Machine Weave'}"
9861565,AHIKA Women Orange & Pink Digital Print Straight Kurta,Kurta,860.0,Orange,AHIKA,http://assets.myntassets.com/assets/images/9861565/2019/6/10/4f8d0e1c-fe50-4e95-b20b-11b8b6bbb6a01560171983680-Vaamsi-Women-Kurtas-1701560171981869-1.jpg,3126.0,3.8512476007677545,"Orange, pink and white printed straight kurta, has a round neck, three-quarter sleeves, straight hem, side slitsPolyester crepe<br>Machine-washThe model (height 5'8"") is wearing a size S","{'Body Shape ID': '424', 'Body or Garment Size': 'Garment Measurements in', 'Colour Family': 'Bright', 'Design Styling': 'Regular', 'Fabric': 'Polyester', 'Fabric 2': 'NA', 'Fabric Purity': 'Synthetic', 'Hemline': 'Straight', 'Length': 'Calf Length', 'Main Trend': 'NA', 'Neck': 'Round Neck', 'Occasion': 'Daily', 'Ornamentation': 'NA', 'Pattern': 'Printed', 'Print or Pattern Type': 'Ethnic Motifs', 'Shape': 'Straight', 'Sleeve Length': 'Three-Quarter Sleeves', 'Sleeve Styling': 'Regular Sleeves', 'Slit Detail': 'Side Slits', 'Stitch': 'Ready to Wear', 'Technique': 'NA', 'Wash Care': 'Machine Wash', 'Weave Pattern': 'Regular', 'Weave Type': 'Machine Weave'}"
10343559,Bhama Couture Women Blue & White Bandhani Printed Kurta with Palazzos,"Kurta, Palazzos",3599.0,Blue,Bhama Couture,http://assets.myntassets.com/assets/images/10343559/2019/8/14/45ef359a-1371-4cf8-8578-c22b865c0db91565755056181-Bhama-Couture-Women-Blue--White-Bandhani-Printed-Kurta-with--1.jpg,444.0,4.247747747747748,"Blue and white printed kurta with palazzos<br>Blue and white bandhani printed A-line calf length kurta with gotta patti and panelled detail, has a tie-up neck, three-quarter sleeves, flared hem<br>Blue and white printed palazzos, slip-on closureThe model (height 5'8"") is wearing a size STop fabric: Pure Cotton<br>Bottom fabric: Pure Cotton<br>Machine-wash","{'Body Shape ID': '443,333,324,424', 'Body or Garment Size': 'Garment Measurements in', 'Bottom Closure': 'Slip-On', 'Bottom Fabric': 'Pure Cotton', 'Bottom Pattern': 'Printed', 'Bottom Type': 'Palazzos', 'Dupatta': 'NA', 'Dupatta Border': 'NA', 'Dupatta Fabric': 'NA', 'Dupatta Pattern': 'NA', 'Neck': 'Keyhole Neck', 'Occasion': 'Daily', 'Ornamentation': 'Gotta Patti', 'Pattern Coverage': 'Small', 'Print or Pattern Type': 'Bandhani', 'Sleeve Length': 'Three-Quarter Sleeves', 'Sleeve Styling': 'Flared Sleeves', 'Slit Detail': 'NA', 'Stitch': 'Ready to Wear', 'Technique': 'Bandhani', 'Top Design Styling': 'Panelled', 'Top Fabric': 'Pure Cotton', 'Top Hemline': 'Flared', 'Top Length': 'Calf Length', 'Top Pattern': 'Printed', 'Top Shape': 'A-Line', 'Top Type': 'Kurta', 'Waistband': 'Elasticated', 'Wash Care': 'Machine Wash', 'Weave Pattern': 'Regular', 'Weave Type': 'Machine Weave'}"
2322792,Anouk Women Blue & White Printed Straight Kurta,Kurta,1799.0,Blue,Anouk,http://assets.myntassets.com/assets/images/2322792/2018/2/6/11517914462584-Anouk-Women-Blue--White-Printed-A-Line-Kurta-4881517914462464-1.jpg,1700.0,4.487647058823529,"Blue and white printed Straight kurta, has a round neck, sleeveless, flared hem, side slitsThe model (height 5'8"") is wearing a size S100% cotton<br>Hand-wash","{'Body Shape ID': '424', 'Body or Garment Size': 'To-Fit Denotes Body Measurements in', 'Colour Family': 'Indigo', 'Design Styling': 'Regular', 'Fabric': 'Cotton', 'Fabric 2': 'NA', 'Fabric Purity': 'Pure', 'Hemline': 'Flared', 'Length': 'Knee Length', 'Main Trend': 'NA', 'Neck': 'Round Neck', 'Number of Pockets': 'NA', 'Occasion': 'Fusion', 'Ornamentation': 'NA', 'Pattern': 'Printed', 'Print or Pattern Type': 'Ethnic Motifs', 'Shape': 'Straight', 'Sleeve Length': 'Sleeveless', 'Sleeve Styling': 'No Sleeves', 'Slit Detail': 'Side Slits', 'Stitch': 'Ready to Wear', 'Sustainable': 'Regular', 'Technique': 'NA', 'Wash Care': 'Hand Wash', 'Weave Pattern': 'Regular', 'Weave Type': 'Machine Weave', 'Wedding': 'NA'}"
7334039,Vishudh Women White & Pink Printed A-Line Kurta,Kurta,1799.0,White,Vishudh,http://assets.myntassets.com/assets/images/7334039/2018/9/11/63cb4b2f-b544-4e4c-8b1f-6394943a526f1536664852590-Vishudh-Women-White--Pink-Printed-A-Line-Kurta-2531536664852333-1.jpg,714.0,4.128851540616247,"White and pink printed A-line kurta, has a round neck, three-quarter sleeves, straight hem, side slitsThe model (height 5'8"") is wearing a size SViscose Rayon<br>Machine-wash","{'Body or Garment Size': 'To-Fit Denotes Body Measurements in', 'Colour Family': 'Pastel', 'Design Styling': 'Regular', 'Fabric': 'Viscose Rayon', 'Fabric 2': 'NA', 'Fabric Purity': 'Synthetic', 'Hemline': 'Straight', 'Length': 'Calf Length', 'Main Trend': 'NA', 'Neck': 'Round Neck', 'Occasion': 'Daily', 'Ornamentation': 'NA', 'Pattern': 'Printed', 'Print or Pattern Type': 'Ethnic Motifs', 'Shape': 'A-Line', 'Sleeve Length': 'Three-Quarter Sleeves', 'Sleeve Styling': 'Bell Sleeves', 'Slit Detail': 'Side Slits', 'Stitch': 'Ready to Wear', 'Technique': 'Screen Print', 'Wash Care': 'Machine Wash', 'Weave Pattern': 'Regular', 'Weave Type': 'Machine Weave'}"
3084524,HERE&NOW Women Red Printed A-Line Kurta,Kurta,1799.0,Red,HERE&NOW,http://assets.myntassets.com/assets/images/3084524/2018/4/17/11523957803243-HERENOW-Women-Kurtas-8681523957803163-1.jpg,2669.0,4.100037467216186,"Red and golden printed A-line kurta with slits, has a tie-up neck, three-quarter sleeves with tie-ups, flared hem, no slitsThe model (height 5'8"") is wearing a size SViscose Rayon<br> Hand-wash","{'Body Shape ID': '443,333,424', 'Body or Garment Size': 'Garment Measurements in', 'Colour Family': 'Bright', 'Design Styling': 'Empire', 'Fabric': 'Viscose Rayon', 'Fabric 2': 'NA', 'Fabric Purity': 'Synthetic', 'Hemline': 'Flared', 'Length': 'Calf Length', 'Main Trend': 'NA', 'Neck': 'Keyhole Neck', 'Occasion': 'Daily', 'Ornamentation': 'Beads and Stones', 'Pattern': 'Printed', 'Print or Pattern Type': 'Ethnic Motifs', 'Shape': 'A-Line', 'Sleeve Length': 'Three-Quarter Sleeves', 'Sleeve Styling': 'Regular Sleeves', 'Slit Detail': 'NA', 'Stitch': 'Ready to Wear', 'Technique': 'NA', 'Wash Care': 'Hand Wash', 'Weave Pattern': 'Regular', 'Weave Type': 'Machine Weave'}"
6613532,Vishudh Women Navy Blue Yoke Design Straight Kurta,Kurta,1699.0,Navy Blue,Vishudh,http://assets.myntassets.com/assets/images/6613532/2018/6/5/b0f02abf-77a7-4bcc-8426-adfce3d1bc4b1528199680027-Vishudh-Women-Kurtas-3951528199679814-1.jpg,2651.0,3.936250471520181,"Navy Blue yoke design straight kurta, has a round neck, three-quarter sleeves, straight hem, side slitsCotton<br> Machine-washThe model (height 5'8"") is wearing a size S","{'Body Shape ID': '424', 'Body or Garment Size': 'To-Fit Denotes Body Measurements in', 'Colour Family': 'Indigo', 'Design Styling': 'Regular', 'Fabric': 'Cotton', 'Fabric 2': 'NA', 'Fabric Purity': 'Pure', 'Hemline': 'Straight', 'Length': 'Calf Length', 'Main Trend': 'NA', 'Neck': 'Round Neck', 'Occasion': 'Daily', 'Ornamentation': 'NA', 'Pattern': 'Yoke Design', 'Print or Pattern Type': 'Ethnic Motifs', 'Shape': 'Straight', 'Sleeve Length': 'Three-Quarter Sleeves', 'Sleeve Styling': 'Regular Sleeves', 'Slit Detail': 'Side Slits', 'Stitch': 'Ready to Wear', 'Technique': 'Screen Print', 'Wash Care': 'Machine Wash', 'Weave Pattern': 'Regular', 'Weave Type': 'Machine Weave'}"
10513948,Anubhutee Women Mustard Yellow & Brown Screen Printed Straight Kurta,Kurta,1999.0,Mustard,Anubhutee,http://assets.myntassets.com/assets/images/10513948/2019/9/4/e515a887-a59f-48bf-a53b-0181c4381a431567580918498-Anubhutee-Women-Kurtas-991567580917526-1.jpg,5772.0,4.181219681219681,"Mustard yellow and brown screen printed straight kurta with mirror and embroidered detail, has a round neck, three-quarter sleeves, straight hem, and side slitsViscose Rayon<br>Hand-washThe model (height 5'8"") is wearing a size S","{'Body Shape ID': '424', 'Body or Garment Size': 'Garment Measurements in', 'Colour Family': 'Earthy', 'Design Styling': 'Regular', 'Fabric': 'Viscose Rayon', 'Fabric 2': 'NA', 'Fabric Purity': 'Synthetic', 'Hemline': 'Straight', 'Length': 'Calf Length', 'Main Trend': 'NA', 'Neck': 'Round Neck', 'Occasion': 'Daily', 'Ornamentation': 'Mirror Work', 'Pattern': 'Printed', 'Print or Pattern Type': 'Ethnic Motifs', 'Shape': 'Straight', 'Sleeve Length': 'Three-Quarter Sleeves', 'Sleeve Styling': 'Regular Sleeves', 'Slit Detail': 'Side Slits', 'Stitch': 'Ready to Wear', 'Technique': 'Screen Print', 'Wash Care': 'Hand Wash', 'Weave Pattern': 'Regular', 'Weave Type': 'Machine Weave'}"
9252969,anayna Women Pink Printed Straight Kurta,Kurta,1599.0,Pink,anayna,http://assets.myntassets.com/assets/images/9252969/2019/4/17/cbd76360-48e7-4dec-a8a1-b1865855684d1555483115190-anayna-Women-Pink--Teal-Printed-Straight-Kurta-4141555483113-1.jpg,1263.0,4.517022961203484,"Pink printed straight kurta, has a round neck, sleeveless, straight hem, side slitsThe model (height 5'8"") is wearing a size S100% cotton<br>Machine-wash","{'Body Shape ID': '424', 'Body or Garment Size': 'To-Fit Denotes Body Measurements in', 'Colour Family': 'Bright', 'Design Styling': 'Regular', 'Fabric': 'Cotton', 'Fabric 2': 'NA', 'Fabric Purity': 'Pure', 'Hemline': 'Straight', 'Length': 'Knee Length', 'Main Trend': 'NA', 'Neck': 'Round Neck', 'Occasion': 'Daily', 'Ornamentation': 'NA', 'Pattern': 'Printed', 'Print or Pattern Type': 'Ethnic Motifs', 'Shape': 'Straight', 'Sleeve Length': 'Sleeveless', 'Sleeve Styling': 'No Sleeves', 'Slit Detail': 'Side Slits', 'Stitch': 'Ready to Wear', 'Technique': 'Screen Print', 'Wash Care': 'Machine Wash', 'Weave Pattern': 'Regular', 'Weave Type': 'Machine Weave'}"
10317841,Jaipur Kurti Women Mustard Yellow & Grey Yoke Design Kurta with Palazzos & Dupatta,"Kurta, Palazzos, Dupatta",4449.0,Mustard,Jaipur Kurti,http://assets.myntassets.com/assets/images/10317841/2019/8/8/dc7bb0aa-34f6-435a-9649-f7381927ba251565268692798-Jaipur-Kurti-Women-Kurta-Sets-6041565268691298-1.jpg,1970.0,4.167005076142132,"Mustard yellow and grey yoke design kurta with palazzos and dupatta<br>Mustard yellow yoke design straight calf length kurta with embroidered detail, has a notched round neck, three-quarter sleeves, side slits<br>Mustard yellow solid palazzos, has partially elasticated waistband, slip-on closure, two pockets<br>Grey printed net dupatta, has taping border with tasselled detailThe model (height 5'8"") is wearing a size SKurta fabric: muslin<br>Bottom fabric: muslin&nbsp;<br>Dupatta fabric: net<br>Hand-wash","{'Body Shape ID': '443,333,324,424', 'Body or Garment Size': 'To-Fit Denotes Body Measurements in', 'Bottom Closure': 'Slip-On', 'Bottom Fabric': 'Silk Blend', 'Bottom Pattern': 'Solid', 'Bottom Type': 'Palazzos', 'Dupatta': 'With Dupatta', 'Dupatta Border': 'Taping', 'Dupatta Fabric': 'Net', 'Dupatta Pattern': 'Printed', 'Neck': 'Round Neck', 'Occasion': 'Daily', 'Ornamentation': 'Thread Work', 'Pattern Coverage': 'None', 'Print or Pattern Type': 'Geometric', 'Sleeve Length': 'Three-Quarter Sleeves', 'Sleeve Styling': 'Regular Sleeves', 'Slit Detail': 'Side Slits', 'Stitch': 'Ready to Wear', 'Technique': 'NA', 'Top Design Styling': 'Regular', 'Top Fabric': 'Silk Blend', 'Top Hemline': 'Straight', 'Top Length': 'Calf Length', 'Top Pattern': 'Yoke Design', 'Top Shape': 'Straight', 'Top Type': 'Kurta', 'Waistband': 'Partially Elasticated', 'Wash Care': 'Hand Wash', 'Weave Pattern': 'Regular', 'Weave Type': 'Machine Weave'}"
7344664,Varanga Women Pink & Grey Printed Anarkali Kurta,Anarkali Kurta,3699.0,Pink,Varanga,http://assets.myntassets.com/assets/images/7344664/2018/9/18/800a4505-0d14-4de5-8cfc-d9bb78a582271537266633116-Varanga-Women-Pink--Grey-Printed-Anarkali-Kurta-7701537266632794-1.jpg,1728.0,4.1782407407407405,"Pink and grey printed anarkali kurta, has a mandarin collar, three-quarter sleeves, flared hem, attached liningChanderi Silk<br> Hand-washThe model (height 5'8"") is wearing a size S","{'Body Shape ID': '333,424', 'Body or Garment Size': 'To-Fit Denotes Body Measurements in', 'Colour Family': 'Bright', 'Design Styling': 'Empire', 'Fabric': 'Chanderi Silk', 'Fabric 2': 'NA', 'Fabric Purity': 'Blended', 'Hemline': 'Flared', 'Length': 'Ankle Length', 'Main Trend': 'NA', 'Neck': 'Mandarin Collar', 'Number of Pockets': 'NA', 'Occasion': 'Festive', 'Ornamentation': 'NA', 'Pattern': 'Printed', 'Print or Pattern Type': 'Ethnic Motifs', 'Shape': 'Anarkali', 'Sleeve Length': 'Three-Quarter Sleeves', 'Sleeve Styling': 'Regular Sleeves', 'Slit Detail': 'NA', 'Stitch': 'Ready to Wear', 'Sustainable': 'Regular', 'Technique': 'NA', 'Wash Care': 'Hand Wash', 'Weave Pattern': 'Regular', 'Weave Type': 'Machine Weave', 'Wedding': 'Guests & Gifting'}"
9861569,AHIKA Women Pink & White Printed Straight Kurta,Kurta,860.0,Pink,AHIKA,http://assets.myntassets.com/assets/images/9861569/2019/6/10/ecd642f2-59a0-4bf6-ae93-c324803180dd1560166594474-Vaamsi-Women-Kurtas-2221560166592645-1.jpg,6616.0,3.716898428053205,"Pink and white printed straight kurta, has a round neck, three-quarter sleeves, straight hem, side slitsPolyester crepe<br>Machine-washThe model (height 5'8"") is wearing a size S","{'Body Shape ID': '424', 'Body or Garment Size': 'Garment Measurements in', 'Colour Family': 'Bright', 'Design Styling': 'Regular', 'Fabric': 'Polyester', 'Fabric 2': 'NA', 'Fabric Purity': 'Synthetic', 'Hemline': 'Straight', 'Length': 'Calf Length', 'Main Trend': 'NA', 'Neck': 'Round Neck', 'Occasion': 'Daily', 'Ornamentation': 'NA', 'Pattern': 'Printed', 'Print or Pattern Type': 'Ethnic Motifs', 'Shape': 'Straight', 'Sleeve Length': 'Three-Quarter Sleeves', 'Sleeve Styling': 'Regular Sleeves', 'Slit Detail': 'Side Slits', 'Stitch': 'Ready to Wear', 'Technique': 'NA', 'Wash Care': 'Machine Wash', 'Weave Pattern': 'Regular', 'Weave Type': 'Machine Weave'}"
7372858,anayna Women Maroon & Beige Printed Straight Kurta,Kurta,1799.0,Maroon,anayna,http://assets.myntassets.com/assets/images/7372858/2022/1/10/eb8d4419-1e9b-4dae-8322-2e86ce4ababa1641817871227-anayna-Women-Maroon--Beige-Printed-Straight-Kurta-5371641817-1.jpg,891.0,4.107744107744108,"Maroon and beige printed straight kurta, has a mandarin collar, three-quarter sleeves, straight hem, side slits100% Cotton<br>Machine-washThe model (height 5'8"") is wearing a size S","{'Body Shape ID': '424', 'Body or Garment Size': 'To-Fit Denotes Body Measurements in', 'Colour Family': 'Earthy', 'Design Styling': 'Angrakha', 'Fabric': 'Cotton', 'Fabric 2': 'NA', 'Fabric Purity': 'Pure', 'Hemline': 'Straight', 'Length': 'Calf Length', 'Main Trend': 'NA', 'Neck': 'Mandarin Collar', 'Occasion': 'Daily', 'Ornamentation': 'NA', 'Pattern': 'Printed', 'Print or Pattern Type': 'Ethnic Motifs', 'Shape': 'Straight', 'Sleeve Length': 'Three-Quarter Sleeves', 'Sleeve Styling': 'Regular Sleeves', 'Slit Detail': 'Side Slits', 'Stitch': 'Ready to Wear', 'Technique': 'Screen Print', 'Wash Care': 'Machine Wash', 'Weave Pattern': 'Regular', 'Weave Type': 'Machine Weave'}"
6630426,Vishudh Women Green Printed Straight Kurta,Kurta,1549.0,Green,Vishudh,http://assets.myntassets.com/assets/images/6630426/2018/6/5/dee98e06-482a-4ef6-ab1d-9509528632751528197596645-na-8941528197596386-1.jpg,1556.0,3.897172236503856,"Green printed straight kurta, has a round neck, three-quarter sleeves, straight hem, side slitsThe model (height 5'8"") is wearing a size S100% viscose Rayon<br>Machine-wash","{'Body Shape ID': '424', 'Body or Garment Size': 'To-Fit Denotes Body Measurements in', 'Colour Family': 'Pastel', 'Design Styling': 'Regular', 'Fabric': 'Viscose Rayon', 'Fabric 2': 'NA', 'Fabric Purity': 'Pure', 'Hemline': 'Straight', 'Length': 'Calf Length', 'Main Trend': 'Floral', 'Neck': 'Round Neck', 'Occasion': 'Daily', 'Ornamentation': 'NA', 'Pattern': 'Printed', 'Print or Pattern Type': 'Floral', 'Shape': 'Straight', 'Sleeve Length': 'Three-Quarter Sleeves', 'Sleeve Styling': 'Regular Sleeves', 'Slit Detail': 'Side Slits', 'Stitch': 'Ready to Wear', 'Technique': 'Screen Print', 'Wash Care': 'Machine Wash', 'Weave Pattern': 'Regular', 'Weave Type': 'Machine Weave'}"
9365713,Sangria Women Beige & Black Printed Kurta with Palazzos,"Kurta, Palazzos",2799.0,Beige,Sangria,http://assets.myntassets.com/assets/images/9365713/2019/6/8/56417415-0c27-48a9-9ec9-4c0c78e5531c1559972582213-Sangria-Women-Kurta-Sets-1081559972580933-1.jpg,706.0,4.264872521246459,"Beige and black printed kurta with palazzos<br>Beige and black printed straight calf length kurta, has a mandarin collar with button placket, three-quarter sleeves, straight hem, multiple slits<br>Beige and black printed palazzos, has an elasticated waistband with slip-on closureTop fabric: Pure Cotton<br>Bottom fabric: Pure Cotton<br>Machine-washThe model (height 5'8"") is wearing a size S","{'Body Shape ID': '443,333,324,424', 'Body or Garment Size': 'To-Fit Denotes Body Measurements in', 'Bottom Closure': 'Slip-On', 'Bottom Fabric': 'Pure Cotton', 'Bottom Pattern': 'Printed', 'Bottom Type': 'Palazzos', 'Dupatta': 'NA', 'Dupatta Border': 'NA', 'Dupatta Fabric': 'NA', 'Dupatta Pattern': 'NA', 'Neck': 'Mandarin Collar', 'Occasion': 'Daily', 'Ornamentation': 'NA', 'Pattern Coverage': 'Small', 'Print or Pattern Type': 'Geometric', 'Sleeve Length': 'Three-Quarter Sleeves', 'Sleeve Styling': 'Roll-Up Sleeves', 'Slit Detail': 'Multiple Slits', 'Stitch': 'Ready to Wear', 'Technique': 'NA', 'Top Design Styling': 'Regular', 'Top Fabric': 'Pure Cotton', 'Top Hemline': 'Straight', 'Top Length': 'Calf Length', 'Top Pattern': 'Printed', 'Top Shape': 'Straight', 'Top Type': 'Kurta', 'Waistband': 'Elasticated', 'Wash Care': 'Machine Wash', 'Weave Pattern': 'Regular', 'Weave Type': 'Machine Weave'}"
10317793,Jaipur Kurti Women Pink & Green Printed Kurta with Trousers,"Kurta, Trousers",3049.0,Pink,Jaipur Kurti,http://assets.myntassets.com/assets/images/10317793/2019/8/9/65944bef-deab-4b6e-89bb-ab71c1d45e841565330509049-Jaipur-Kurti-Women-Kurta-Sets-4931565330507244-1.jpg,1398.0,3.912732474964234,"Pink and green printed kurta with trousers<br>Pink and green printed straight calf length kurta with panelled and schiffli embroidered detail, has a notched round neck, three-quarter sleeves, straight hem, side slits<br>Pink solid trousers, has partially elasticated waistband with slip-on closure, two pocketsThe model (height 5'8"") is wearing a size STop fabric: Chanderi Silk<br>Bottom fabric: Chanderi Silk<br>Hand-wash","{'Body Shape ID': '333,424', 'Body or Garment Size': 'To-Fit Denotes Body Measurements in', 'Bottom Closure': 'Slip-On', 'Bottom Fabric': 'Silk Blend', 'Bottom Pattern': 'Solid', 'Bottom Type': 'Trousers', 'Dupatta': 'NA', 'Dupatta Border': 'NA', 'Dupatta Fabric': 'NA', 'Dupatta Pattern': 'NA', 'Neck': 'Round Neck', 'Occasion': 'Daily', 'Ornamentation': 'Thread Work', 'Pattern Coverage': 'Small', 'Print or Pattern Type': 'Ethnic Motifs', 'Sleeve Length': 'Three-Quarter Sleeves', 'Sleeve Styling': 'Regular Sleeves', 'Slit Detail': 'Side Slits', 'Stitch': 'Ready to Wear', 'Technique': 'NA', 'Top Design Styling': 'Panelled', 'Top Fabric': 'Silk Blend', 'Top Hemline': 'Straight', 'Top Length': 'Calf Length', 'Top Pattern': 'Printed', 'Top Shape': 'Straight', 'Top Type': 'Kurta', 'Waistband': 'Partially Elasticated', 'Wash Care': 'Hand Wash', 'Weave Pattern': 'Regular', 'Weave Type': 'Machine Weave'}"
7177279,Varanga Women Black & Golden Ethnic Foil Print Sequinned Pleated A-Line Kurta,"Kurta, A-Line Kurta",2999.0,Black,Varanga,http://assets.myntassets.com/assets/images/7177279/2018/8/27/0ba5ac35-fc8e-45cc-8401-ab0962d7eba71535375771718-Varanga-Women-Black--Gold-Toned-Printed-A-Line-Kurta-1191535375771480-1.jpg,2710.0,4.331734317343173,"<ul><li>Colour: Black and golden</li><li>Ethnic foil print</li><li>Round collar</li><li>Three-quarter sleeves&nbsp;</li><li>Thread work and sequinned detail</li><li>A-line design</li><li>Tie-up detail</li><li>Flared hem</li><li>Ankle length</li><li>Pleated</li></ul>The model (height 5'8"") is wearing a size S100% Viscose Rayon<br>Hand-wash","{'Body Shape ID': '443,333,324,424', 'Body or Garment Size': 'To-Fit Denotes Body Measurements in', 'Colour Family': 'Monochrome', 'Design Styling': 'Pleated', 'Fabric': 'Viscose Rayon', 'Fabric 2': 'NA', 'Fabric Purity': 'Synthetic', 'Hemline': 'Flared', 'Length': 'Calf Length', 'Main Trend': 'NA', 'Neck': 'Round Neck', 'Number of Pockets': 'NA', 'Occasion': 'Festive', 'Ornamentation': 'Thread Work', 'Pattern': 'Printed', 'Print or Pattern Type': 'Ethnic Motifs', 'Shape': 'A-Line', 'Sleeve Length': 'Short Sleeves', 'Sleeve Styling': 'Regular Sleeves', 'Slit Detail': 'NA', 'Stitch': 'Ready to Wear', 'Sustainable': 'Regular', 'Technique': 'Foil Print', 'Wash Care': 'Hand Wash', 'Weave Pattern': 'Regular', 'Weave Type': 'Machine Weave', 'Wedding': 'Guests & Gifting'}"
2467322,Vishudh Women Navy Blue & Mustard Printed Anarkali Kurta,Anarkali Kurta,1749.0,Navy Blue,Vishudh,http://assets.myntassets.com/assets/images/2467322/2019/7/9/9fa0fa19-de32-4d82-b8a7-a6aad38092631562654482647-Vishudh-Women-Navy-Blue--Mustard-Printed-Anarkali-Kurta-3321-1.jpg,254.0,4.118110236220472,"Navy Blue and mustard printed anarkali kurta, has a round neck, three-quarter sleeves, flared hem, front slitCotton<br> Machine-washThe model (height 5'8"") is wearing a size S","{'Body Shape ID': '333,424', 'Body or Garment Size': 'To-Fit Denotes Body Measurements in', 'Colour Family': 'Indigo', 'Design Styling': 'High Slit', 'Fabric': 'Cotton', 'Fabric 2': 'NA', 'Fabric Purity': 'Pure', 'Hemline': 'Flared', 'Length': 'Ankle Length', 'Main Trend': 'NA', 'Neck': 'Round Neck', 'Occasion': 'Daily', 'Ornamentation': 'NA', 'Pattern': 'Printed', 'Print or Pattern Type': 'Ethnic Motifs', 'Shape': 'Anarkali', 'Sleeve Length': 'Three-Quarter Sleeves', 'Sleeve Styling': 'Regular Sleeves', 'Slit Detail': 'Front Slit', 'Stitch': 'Ready to Wear', 'Technique': 'NA', 'Wash Care': 'Machine Wash', 'Weave Pattern': 'Regular', 'Weave Type': 'Machine Weave'}"
8033765,Varanga Women Off-White & Golden Printed Anarkali Kurta,"Kurta, Anarkali Kurta",3299.0,Off White,Varanga,http://assets.myntassets.com/assets/images/8033765/2018/12/8/b36f8f94-d024-4fd0-b4a9-72a2701c0f5b1544274572860-Varanga-Women-Kurtas-2721544274571162-1.jpg,1301.0,4.136817832436587,"Off-White and golden printed anarkali kurta, has a mandarin collar with half button placket, three-quarter sleeves, flared hemThe model (height 5'8"") is wearing a size SViscose Rayon<br>Hand-wash","{'Body Shape ID': '333,424', 'Body or Garment Size': 'To-Fit Denotes Body Measurements in', 'Colour Family': 'Monochrome', 'Design Styling': 'Empire', 'Fabric': 'Viscose Rayon', 'Fabric 2': 'NA', 'Fabric Purity': 'Synthetic', 'Hemline': 'Flared', 'Length': 'Ankle Length', 'Main Trend': 'NA', 'Neck': 'Mandarin Collar', 'Number of Pockets': 'NA', 'Occasion': 'Festive', 'Ornamentation': 'NA', 'Pattern': 'Printed', 'Print or Pattern Type': 'Ethnic Motifs', 'Shape': 'Anarkali', 'Sleeve Length': 'Three-Quarter Sleeves', 'Sleeve Styling': 'Regular Sleeves', 'Slit Detail': 'NA', 'Stitch': 'Ready to Wear', 'Sustainable': 'Regular', 'Technique': 'Foil Print', 'Wash Care': 'Hand Wash', 'Weave Pattern': 'Regular', 'Weave Type': 'Machine Weave'}"
8255313,Vishudh Women Black & Orange Printed Kurti with Palazzos,"Kurti, Palazzos",2549.0,Black,Vishudh,http://assets.myntassets.com/assets/images/productimage/2018/12/18/db5fd729-d78b-4245-9d57-c97f743afed31545079923472-1.jpg,1436.0,4.201253481894151,"Black and orange printed kurta with palazzos<br>Black and orange straight calf length kurta, has a round neck, three-quarter sleeves, straight hem, side slits<br>Black and orange printed palazzos, drawstring closure<br>&nbsp;The model (height 5'8"") is wearing a size STop fabric: Viscose Rayon<br>Bottom fabric: Viscose Rayon<br>Machine-wash","{'Add-Ons': 'NA', 'Body Shape ID': '443,333,324,424', 'Body or Garment Size': 'Garment Measurements in', 'Bottom Closure': 'Drawstring', 'Bottom Fabric': 'Viscose Rayon', 'Bottom Pattern': 'Printed', 'Bottom Type': 'Palazzos', 'Character': 'NA', 'Dupatta': 'NA', 'Dupatta Border': 'NA', 'Dupatta Fabric': 'NA', 'Dupatta Pattern': 'NA', 'Main Trend': 'NA', 'Neck': 'Round Neck', 'Number of Pockets': 'NA', 'Occasion': 'Daily', 'Ornamentation': 'NA', 'Pattern Coverage': 'None', 'Print or Pattern Type': 'Floral', 'Sleeve Length': 'Three-Quarter Sleeves', 'Sleeve Styling': 'Regular Sleeves', 'Slit Detail': 'Side Slits', 'Stitch': 'Ready to Wear', 'Sustainable': 'Regular', 'Technique': 'Screen', 'Top Design Styling': 'Regular', 'Top Fabric': 'Viscose Rayon', 'Top Hemline': 'Straight', 'Top Length': 'Calf Length', 'Top Pattern': 'Printed', 'Top Shape': 'Straight', 'Top Type': 'Kurti', 'Waistband': 'Elasticated', 'Wash Care': 'Machine Wash', 'Weave Pattern': 'Regular', 'Weave Type': 'Machine Weave'}"
9702305,Vishudh Women Blue & White Printed Straight Kurta,Kurta,1349.0,Blue,Vishudh,http://assets.myntassets.com/assets/images/productimage/2019/5/16/474c16bf-599d-450c-96cf-832df7656d751557989284401-1.jpg,232.0,4.258620689655173,"Blue and white printed straight kurta, has a mandarin collar, three-quarter sleeves, straight hem, side slitsThe model (height 5'8"") is wearing a size SViscose Rayon<br>Machine-wash","{'Body Shape ID': '424', 'Body or Garment Size': 'To-Fit Denotes Body Measurements in', 'Colour Family': 'Pastel', 'Design Styling': 'Regular', 'Fabric': 'Viscose Rayon', 'Fabric 2': 'NA', 'Fabric Purity': 'Pure', 'Hemline': 'Straight', 'Length': 'Knee Length', 'Main Trend': 'NA', 'Neck': 'Mandarin Collar', 'Occasion': 'Daily', 'Ornamentation': 'NA', 'Pattern': 'Printed', 'Print or Pattern Type': 'Ethnic Motifs', 'Shape': 'Straight', 'Sleeve Length': 'Three-Quarter Sleeves', 'Sleeve Styling': 'Regular Sleeves', 'Slit Detail': 'Side Slits', 'Stitch': 'Ready to Wear', 'Technique': 'NA', 'Wash Care': 'Machine Wash', 'Weave Pattern': 'Regular', 'Weave Type': 'Machine Weave'}"
9744447,HERE&NOW Women Blue Ethnic Motifs Printed Regular Kurta with Sharara & With Dupatta,"Kurta, Sharara, Dupatta",3099.0,Blue,HERE&NOW,http://assets.myntassets.com/assets/images/9744447/2019/7/10/71a2a013-3472-423a-afe5-fbf63f09c94f1562739684559-HERENOW-Women-Blue--Gold-Toned-Printed-Kurta-with-Sharara--D-1.jpg,1433.0,4.233077459874389,"Blue printed Kurta with Sharara with dupatta <br> <br> <b> Kurta design:  </b> <ul> <li> Ethnic motifs printed </li> <li> Straight shape </li> <li> Regular style </li> <li> Round neck,  three-quarter regular sleeves </li> <li> Knee length with straight hem </li> <li> Viscose rayon machine weave fabric </li> </ul> <br> <b> Sharara design:  </b> <ul> <li> Solid Sharara </li> <li> Partially elasticated waistband </li> <li> Slip-on closure </li> </ul>Top fabric:  Viscose Rayon <br> Bottom fabric:  Viscose Rayon <br> Dupatta fabric:  Poly Chiffon <br> Machine washThe model (height 5'8) is wearing a size S","{'Add-Ons': 'NA', 'Body Shape ID': '443,333,324,424', 'Body or Garment Size': 'Garment Measurements in', 'Bottom Closure': 'Slip-On', 'Bottom Fabric': 'Viscose Rayon', 'Bottom Pattern': 'Solid', 'Bottom Type': 'Sharara', 'Character': 'NA', 'Dupatta': 'With Dupatta', 'Dupatta Border': 'Solid', 'Dupatta Fabric': 'Poly Chiffon', 'Dupatta Pattern': 'Printed', 'Main Trend': 'NA', 'Neck': 'Round Neck', 'Number of Pockets': 'NA', 'Occasion': 'Festive', 'Ornamentation': 'NA', 'Pattern Coverage': 'Large', 'Print or Pattern Type': 'Ethnic Motifs', 'Sleeve Length': 'Three-Quarter Sleeves', 'Sleeve Styling': 'Regular Sleeves', 'Slit Detail': 'Side Slits', 'Stitch': 'Ready to Wear', 'Sustainable': 'Regular', 'Technique': 'NA', 'Top Design Styling': 'Regular', 'Top Fabric': 'Viscose Rayon', 'Top Hemline': 'Straight', 'Top Length': 'Knee Length', 'Top Pattern': 'Printed', 'Top Shape': 'Straight', 'Top Type': 'Kurta', 'Waistband': 'Partially Elasticated', 'Wash Care': 'Machine Wash', 'Weave Pattern': 'Regular', 'Weave Type': 'Machine Weave', 'Wedding': 'Guests & Gifting'}"
10777548,Anouk Women Navy Blue & Off-White Checked Straight Kurta,Kurta,1799.0,Navy Blue,Anouk,http://assets.myntassets.com/assets/images/10777548/2021/1/27/7964818c-1159-43e5-89d3-37378df9489e1611748436050-Anouk-Women-Navy-Blue--Off-White-Checked-Straight-Kurta-3171-1.jpg,1751.0,4.047401484865791,"Navy Blue and Off-white checked straight kurta, has a round neck, sleeveless, straight hem, and side slits100% Cotton<br>Machine-washThe model (height 5'8"") is wearing a size S","{'Body Shape ID': '424', 'Body or Garment Size': 'To-Fit Denotes Body Measurements in', 'Colour Family': 'Indigo', 'Design Styling': 'Regular', 'Fabric': 'Cotton', 'Fabric 2': 'NA', 'Fabric Purity': 'Pure', 'Hemline': 'Straight', 'Length': 'Calf Length', 'Main Trend': 'NA', 'Neck': 'Round Neck', 'Occasion': 'Daily', 'Ornamentation': 'NA', 'Pattern': 'Checked', 'Print or Pattern Type': 'Checked', 'Shape': 'Straight', 'Sleeve Length': 'Sleeveless', 'Sleeve Styling': 'No Sleeves', 'Slit Detail': 'Side Slits', 'Stitch': 'Ready to Wear', 'Technique': 'NA', 'Wash Care': 'Machine Wash', 'Weave Pattern': 'Regular', 'Weave Type': 'Machine Weave'}"
7572969,Vishudh Women Red & Orange Self Design Kurta with Palazzos,"Kurta, Palazzos",6799.0,Red,Vishudh,http://assets.myntassets.com/assets/images/7572969/2018/10/17/f6c94beb-6b5c-4b1b-9e2c-d0600ba61dcf1539774393130-Vishudh-Women-Kurta-Sets-9991539774392906-1.jpg,228.0,4.105263157894737,"Red and orange self design kurta with palazzos<br>Red and orange a-line ankle length kurta, has a mandarin collar, long sleeves, flared hem, front slit<br>Red and orange solid palazzos, drawstring closureThe model (height 5'8"") is wearing a size STop fabric: Cotton Blend<br>Bottom fabric: Cotton Blend<br>Dry-clean","{'Body Shape ID': '443,333,324,424', 'Body or Garment Size': 'Garment Measurements in', 'Bottom Closure': 'Drawstring', 'Bottom Fabric': 'Cotton Blend', 'Bottom Pattern': 'Solid', 'Bottom Type': 'Palazzos', 'Dupatta': 'NA', 'Dupatta Border': 'NA', 'Dupatta Fabric': 'NA', 'Dupatta Pattern': 'NA', 'Neck': 'Mandarin Collar', 'Occasion': 'Festive', 'Ornamentation': 'NA', 'Pattern Coverage': 'None', 'Print or Pattern Type': 'Floral', 'Sleeve Length': 'Long Sleeves', 'Sleeve Styling': 'Regular Sleeves', 'Slit Detail': 'Front Slit', 'Stitch': 'Ready to Wear', 'Technique': 'NA', 'Top Design Styling': 'Regular', 'Top Fabric': 'Cotton Blend', 'Top Hemline': 'Flared', 'Top Length': 'Floor Length', 'Top Pattern': 'Self Design', 'Top Shape': 'A-Line', 'Top Type': 'Kurta', 'Waistband': 'NA', 'Wash Care': 'Dry Clean', 'Weave Pattern': 'Jacquard', 'Weave Type': 'Machine Weave'}"
7760039,AHIKA Women White & Blue Printed Straight Kurta,Kurta,860.0,White,AHIKA,http://assets.myntassets.com/assets/images/7760039/2018/11/22/875eabac-9447-4487-9781-12e48b298cfa1542874943941-Vaamsi-Women-Kurtas-2721542874943577-1.jpg,1650.0,3.806060606060606,"White and blue printed straight kurta, has a round neck, three-quarter sleeves, straight hem, side slitsThe model (height 5'8"") is wearing a size S100% polyester<br>Machine-wash","{'Body Shape ID': '424', 'Body or Garment Size': 'Garment Measurements in', 'Colour Family': 'Aqua', 'Design Styling': 'Regular', 'Fabric': 'Polyester', 'Fabric 2': 'NA', 'Fabric Purity': 'Synthetic', 'Hemline': 'Straight', 'Length': 'Ankle Length', 'Main Trend': 'NA', 'Neck': 'Round Neck', 'Occasion': 'Daily', 'Ornamentation': 'NA', 'Pattern': 'Printed', 'Print or Pattern Type': 'Geometric', 'Shape': 'Straight', 'Sleeve Length': 'Three-Quarter Sleeves', 'Sleeve Styling': 'Regular Sleeves', 'Slit Detail': 'Side Slits', 'Stitch': 'Ready to Wear', 'Technique': 'NA', 'Wash Care': 'Machine Wash', 'Weave Pattern': 'Regular', 'Weave Type': 'Machine Weave'}"
10335143,trueBrowns Women White Self Design Kurta with Palazzos,"Kurta, Palazzos",2999.0,White,trueBrowns,http://assets.myntassets.com/assets/images/productimage/2019/7/25/52e1449e-7cf1-463a-9f6f-34a5e67fa2c01564052383457-1.jpg,109.0,4.311926605504588,"White self design kurta with palazzos<br> White A-line calf length kurta, has a V-neck, three-quarter sleeves, curved hem<br> White self design palazzos, slip-on closureThe model (height 5'8"") is wearing a size STop fabric:100% Cotton<br>Bottom fabric:100% Cotton<br>Hand-wash","{'Body Shape ID': '443,333,324,424', 'Body or Garment Size': 'Garment Measurements in', 'Bottom Closure': 'Slip-On', 'Bottom Fabric': 'Pure Cotton', 'Bottom Pattern': 'Self Design', 'Bottom Type': 'Palazzos', 'Dupatta': 'NA', 'Dupatta Border': 'NA', 'Dupatta Fabric': 'NA', 'Dupatta Pattern': 'NA', 'Neck': 'V-Neck', 'Occasion': 'Daily', 'Ornamentation': 'NA', 'Pattern Coverage': 'Small', 'Print or Pattern Type': 'Woven Design', 'Sleeve Length': 'Three-Quarter Sleeves', 'Sleeve Styling': 'Regular Sleeves', 'Slit Detail': 'NA', 'Stitch': 'Ready to Wear', 'Technique': 'NA', 'Top Design Styling': 'Regular', 'Top Fabric': 'Pure Cotton', 'Top Hemline': 'Curved', 'Top Length': 'Calf Length', 'Top Pattern': 'Self Design', 'Top Shape': 'A-Line', 'Top Type': 'Kurta', 'Waistband': 'Elasticated', 'Wash Care': 'Hand Wash', 'Weave Pattern': 'Dobby', 'Weave Type': 'Machine Weave'}"
2528692,Moda Rapido Women Black Solid Straight Kurta,Kurta,1799.0,Black,Moda Rapido,http://assets.myntassets.com/assets/images/2528692/2018/4/11/11523424258476-Moda-Rapido-Women-Kurtas-6071523424258413-1.jpg,871.0,4.120551090700345,"Black solid straight kurta with crochet detail, has a round neck, short sleeves, button closure, straight hem, side slitsCotton <br> Machine-washThe model (height 5'8"") is wearing a size S","{'Body Shape ID': '424', 'Body or Garment Size': 'Garment Measurements in', 'Colour Family': 'Monochrome', 'Design Styling': 'Regular', 'Fabric': 'Cotton', 'Fabric 2': 'NA', 'Fabric Purity': 'Pure', 'Hemline': 'Straight', 'Length': 'Calf Length', 'Main Trend': 'NA', 'Neck': 'Round Neck', 'Occasion': 'Daily', 'Ornamentation': 'NA', 'Pattern': 'Solid', 'Print or Pattern Type': 'Solid', 'Shape': 'Straight', 'Sleeve Length': 'Short Sleeves', 'Sleeve Styling': 'Regular Sleeves', 'Slit Detail': 'Side Slits', 'Stitch': 'Ready to Wear', 'Technique': 'NA', 'Wash Care': 'Machine Wash', 'Weave Pattern': 'Regular', 'Weave Type': 'Machine Weave'}"
8529053,Varanga Women Maroon & Golden Printed Anarkali Kurta,Anarkali Kurta,2999.0,Maroon,Varanga,http://assets.myntassets.com/assets/images/8529053/2019/1/23/19e8911e-ac40-47e4-8f53-4cd732dcf5e61548246567353-Varanga-maroon-embroidered-Anarkali-with-foil-print-35915482-1.jpg,1744.0,4.18348623853211,"Maroon and golden printed Anarkali kurta with embroidered and sequinned detail, has a round neck, short sleeves, flared hemViscose Rayon<br>Hand-washThe model (height 5'8"") is wearing a size S","{'Body Shape ID': '333,324,424', 'Body or Garment Size': 'To-Fit Denotes Body Measurements in', 'Colour Family': 'Bright', 'Design Styling': 'Panelled', 'Fabric': 'Viscose Rayon', 'Fabric 2': 'NA', 'Fabric Purity': 'Synthetic', 'Hemline': 'Flared', 'Length': 'Calf Length', 'Main Trend': 'NA', 'Neck': 'Round Neck', 'Number of Pockets': 'NA', 'Occasion': 'Festive', 'Ornamentation': 'Sequins', 'Pattern': 'Printed', 'Print or Pattern Type': 'Ethnic Motifs', 'Shape': 'Anarkali', 'Sleeve Length': 'Short Sleeves', 'Sleeve Styling': 'Regular Sleeves', 'Slit Detail': 'NA', 'Stitch': 'Ready to Wear', 'Sustainable': 'Regular', 'Technique': 'Foil Print', 'Wash Care': 'Hand Wash', 'Weave Pattern': 'Regular', 'Weave Type': 'Machine Weave', 'Wedding': 'Guests & Gifting'}"
10561502,Sangria Women Green & Silver Printed A-Line Kurta,Kurta,3299.0,Green,Sangria,http://assets.myntassets.com/assets/images/10561502/2020/2/3/71d66b16-14c6-4242-a467-0197771830ae1580733985597-Sangria-Women-Kurtas-7261580733984174-1.jpg,883.0,4.323895809739525,"Green and silver printed A-line kurta with mirror-work, has a mandarin collar, concealed press-button closures, three-quarter sleeves, and flared hemMaterial: Cotton<br> Machine WashThe model (height 5'8"") is wearing a size S","{'Body Shape ID': '424', 'Body or Garment Size': 'To-Fit Denotes Body Measurements in', 'Colour Family': 'Pastel', 'Design Styling': 'Regular', 'Fabric': 'Cotton', 'Fabric 2': 'NA', 'Fabric Purity': 'Pure', 'Hemline': 'Flared', 'Length': 'Calf Length', 'Main Trend': 'NA', 'Neck': 'Mandarin Collar', 'Number of Pockets': 'NA', 'Occasion': 'Festive', 'Ornamentation': 'Mirror Work', 'Pattern': 'Printed', 'Print or Pattern Type': 'Ethnic Motifs', 'Shape': 'A-Line', 'Sleeve Length': 'Three-Quarter Sleeves', 'Sleeve Styling': 'Regular Sleeves', 'Slit Detail': 'NA', 'Stitch': 'Ready to Wear', 'Sustainable': 'Regular', 'Technique': 'NA', 'Wash Care': 'Machine Wash', 'Weave Pattern': 'Regular', 'Weave Type': 'Machine Weave', 'Wedding': 'Guests & Gifting'}"
10808348,AHIKA Women Black & Grey Printed Straight Kurta,Kurta,860.0,Black,AHIKA,http://assets.myntassets.com/assets/images/10808348/2019/10/30/08955d7d-b276-47a5-b4a2-bc7d87ede90b1572433474298-AHIKA-Women-Kurtas-6241572433472934-1.jpg,1854.0,3.61326860841424,"Black and grey printed straight kurta, has a round neck, three-quarter sleeves, straight hem, and side slitsThe model (height 5'8"") is wearing a size SPoly-crepe<br>Machine-wash","{'Body Shape ID': '424', 'Body or Garment Size': 'Garment Measurements in', 'Colour Family': 'Monochrome', 'Design Styling': 'Regular', 'Fabric': 'Polyester', 'Fabric 2': 'NA', 'Fabric Purity': 'Synthetic', 'Hemline': 'Straight', 'Length': 'Calf Length', 'Neck': 'Round Neck', 'Occasion': 'Daily', 'Ornamentation': 'NA', 'Pattern': 'Printed', 'Print or Pattern Type': 'Geometric', 'Shape': 'Straight', 'Sleeve Length': 'Three-Quarter Sleeves', 'Sleeve Styling': 'Regular Sleeves', 'Slit Detail': 'Side Slits', 'Stitch': 'Ready to Wear', 'Technique': 'NA', 'Wash Care': 'Machine Wash', 'Weave Pattern': 'Regular', 'Weave Type': 'Machine Weave'}"
10520842,Anubhutee Ethnic Geometry Khadi Print Kurta Set,Kurta Set,2989.0,Pink,Anubhutee,http://assets.myntassets.com/assets/images/10520842/2019/9/4/76eae827-b4d4-4fd4-a66c-47afb0e092eb1567590400393-Anubhutee-Women-Kurta-Sets-6061567590398885-1.jpg,3976.0,4.287474849094568,"This set includes: Kurta and Palazzos&nbsp;<br><br>Designed with a traditional approach and crafted in a flowy modern silhouette, ethnic casuals have never looked better! The blend of trianglular symmetry with ethnic motifs all over in artistic Khadi print speaks to the heritage of this classic piece. Add to that the comfort of soft fabrics and its breezy built, summery vibes go hand in hand with this set.<ul><li><b>Kurta:</b><br>Khadi print in ethnic geometry with close stitch embroidery on hook and eye placket, mandarin collar, 3/4th sleeves, mid-calf length with side slits</li><li><b>Palazzos:</b><br>Geometric khadi print with ivory accents, elasticated waistline with drawstring</li><li>Viscose rayon kurta with pure cotton palazzos, hand-wash</li><li>The model (height 5'8"") is wearing a size S</li></ul>","{'Add-Ons': 'NA', 'Body Shape ID': '443,333,324,424', 'Body or Garment Size': 'Garment Measurements in', 'Bottom Closure': 'Drawstring', 'Bottom Fabric': 'Pure Cotton', 'Bottom Pattern': 'Printed', 'Bottom Type': 'Palazzos', 'Character': 'NA', 'Dupatta': 'NA', 'Dupatta Border': 'NA', 'Dupatta Fabric': 'NA', 'Dupatta Pattern': 'NA', 'Main Trend': 'NA', 'Neck': 'Mandarin Collar', 'Number of Pockets': 'NA', 'Occasion': 'Daily', 'Ornamentation': 'NA', 'Pattern Coverage': 'Small', 'Print or Pattern Type': 'Ethnic Motifs', 'Sleeve Length': 'Three-Quarter Sleeves', 'Sleeve Styling': 'Regular Sleeves', 'Slit Detail': 'Side Slits', 'Stitch': 'Ready to Wear', 'Sustainable': 'Regular', 'Technique': 'NA', 'Top Design Styling': 'Regular', 'Top Fabric': 'Viscose Rayon', 'Top Hemline': 'Straight', 'Top Length': 'Calf Length', 'Top Pattern': 'Embroidered', 'Top Shape': 'Straight', 'Top Type': 'Kurta', 'Waistband': 'Elasticated', 'Wash Care': 'Hand Wash', 'Weave Pattern': 'Regular', 'Weave Type': 'Machine Weave'}"
8348995,Sangria Women Pink & White Printed Kurta With Sharara,"Kurta, Sharara",2799.0,Pink,Sangria,http://assets.myntassets.com/assets/images/8348995/2019/9/13/130dea8d-5960-457e-b7da-c18a945b64691568365130438-Sangria-Women-Red-Kurta-With-Sharara-111568365128812-1.jpg,417.0,4.103117505995204,"Pink and white (Brand colour: Fuchsia) printed kurta with sharara<br>Pink Solid straight above knee length kurta, has a round neck, three-quarter sleeves, side slits<br>White and Pink printed sharara, has elasticated waistband, drawstring closureThe model (height 5'8"") is wearing a size SKurta fabric: pure cotton<br>Bottom fabric: pure cotton<br>Hand-wash","{'Add-Ons': 'NA', 'Body Shape ID': '333,424', 'Body or Garment Size': 'To-Fit Denotes Body Measurements in', 'Bottom Closure': 'Drawstring', 'Bottom Fabric': 'Pure Cotton', 'Bottom Pattern': 'Printed', 'Bottom Type': 'Trousers', 'Character': 'NA', 'Dupatta': 'NA', 'Dupatta Border': 'NA', 'Dupatta Fabric': 'NA', 'Dupatta Pattern': 'NA', 'Main Trend': 'NA', 'Neck': 'Round Neck', 'Number of Pockets': 'NA', 'Occasion': 'Festive', 'Ornamentation': 'NA', 'Pattern Coverage': 'Large', 'Print or Pattern Type': 'Floral', 'Sleeve Length': 'Three-Quarter Sleeves', 'Sleeve Styling': 'Regular Sleeves', 'Slit Detail': 'Side Slits', 'Stitch': 'Ready to Wear', 'Sustainable': 'Regular', 'Technique': 'NA', 'Top Design Styling': 'Regular', 'Top Fabric': 'Pure Cotton', 'Top Hemline': 'Curved', 'Top Length': 'Above Knee', 'Top Pattern': 'Solid', 'Top Shape': 'Straight', 'Top Type': 'Kurta', 'Waistband': 'Elasticated', 'Wash Care': 'Hand Wash', 'Weave Pattern': 'Regular', 'Weave Type': 'Machine Weave', 'Wedding': 'Guests & Gifting'}"
9815193,anayna Women White & Blue Printed A-Line Kurta,Kurta,1699.0,White,anayna,http://assets.myntassets.com/assets/images/9815193/2019/6/7/243d727b-7ab1-425c-abb1-bcdf5878eb6a1559888905192-Anayna-Womens-Printed-Anarkali-Kurta-7591559888903453-1.jpg,175.0,4.257142857142857,"White and blue printed A-line kurta, has a round neck, sleeveless, flared hemThe model (height 5'8"") is wearing a size SCotton<br>Machine-wash","{'Body Shape ID': '333,324,424', 'Body or Garment Size': 'To-Fit Denotes Body Measurements in', 'Colour Family': 'Monochrome', 'Design Styling': 'Panelled', 'Fabric': 'Cotton', 'Fabric 2': 'NA', 'Fabric Purity': 'Pure', 'Hemline': 'Flared', 'Length': 'Calf Length', 'Main Trend': 'NA', 'Neck': 'Round Neck', 'Occasion': 'Daily', 'Ornamentation': 'NA', 'Pattern': 'Printed', 'Print or Pattern Type': 'Ethnic Motifs', 'Shape': 'A-Line', 'Sleeve Length': 'Sleeveless', 'Sleeve Styling': 'No Sleeves', 'Slit Detail': 'NA', 'Stitch': 'Ready to Wear', 'Technique': 'Screen Print', 'Wash Care': 'Machine Wash', 'Weave Pattern': 'Regular', 'Weave Type': 'Machine Weave'}"
9816649,Bhama Couture Women Red Solid Kurta with Palazzos,"Kurta, Palazzos",3599.0,Red,Bhama Couture,http://assets.myntassets.com/assets/images/9816649/2019/6/1/3656a20d-cfdf-476f-bde3-bb9dbff5eec61559389818810-Bhama-Couture-Women-Kurta-Sets-2041559389817383-1.jpg,550.0,4.001818181818182,"Red solid kurta with palazzos<br>Red A-line calf length kurta, has a mandarin collar, three-quarter sleeves, flared hem<br>Red solid palazzos, has a drawstring closureThe model (height 5'8"") is wearing a size STop fabric: Pure Cotton<br>Bottom fabric: Pure Cotton<br>Machine-wash","{'Body Shape ID': '443,333,324,424', 'Body or Garment Size': 'Garment Measurements in', 'Bottom Closure': 'Drawstring', 'Bottom Fabric': 'Pure Cotton', 'Bottom Pattern': 'Solid', 'Bottom Type': 'Palazzos', 'Dupatta': 'NA', 'Dupatta Border': 'NA', 'Dupatta Fabric': 'NA', 'Dupatta Pattern': 'NA', 'Neck': 'Mandarin Collar', 'Occasion': 'Daily', 'Ornamentation': 'Thread Work', 'Pattern Coverage': 'None', 'Print or Pattern Type': 'Solid', 'Sleeve Length': 'Three-Quarter Sleeves', 'Sleeve Styling': 'Regular Sleeves', 'Slit Detail': 'NA', 'Stitch': 'Ready to Wear', 'Technique': 'NA', 'Top Design Styling': 'Panelled', 'Top Fabric': 'Pure Cotton', 'Top Hemline': 'Flared', 'Top Length': 'Calf Length', 'Top Pattern': 'Solid', 'Top Shape': 'A-Line', 'Top Type': 'Kurta', 'Waistband': 'NA', 'Wash Care': 'Machine Wash', 'Weave Pattern': 'Regular', 'Weave Type': 'Machine Weave'}"
8350257,Sangria Women Off-White Embroidered Straight Kurta,Kurta,1699.0,Off White,Sangria,http://assets.myntassets.com/assets/images/8350257/2021/1/27/75864a01-0a46-48ed-8788-fa2526ff24761611731091538-Sangria-Women-Off-White-Embroidered-Straight-Kurta-279161173-1.jpg,759.0,4.325428194993412,"Off-White embroidered straight kurta, has a mandarin collar, three-quarter sleeves, straight hem, side slitsThe model (height 5'8"") is wearing a size S100% viscose<br>Hand-wash","{'Body Shape ID': '424', 'Body or Garment Size': 'To-Fit Denotes Body Measurements in', 'Colour Family': 'Monochrome', 'Design Styling': 'Regular', 'Fabric': 'Viscose Rayon', 'Fabric 2': 'NA', 'Fabric Purity': 'Synthetic', 'Hemline': 'Straight', 'Length': 'Calf Length', 'Main Trend': 'NA', 'Neck': 'Mandarin Collar', 'Occasion': 'Daily', 'Ornamentation': 'Thread Work', 'Pattern': 'Embroidered', 'Print or Pattern Type': 'Solid', 'Shape': 'Straight', 'Sleeve Length': 'Three-Quarter Sleeves', 'Sleeve Styling': 'Roll-Up Sleeves', 'Slit Detail': 'Side Slits', 'Stitch': 'Ready to Wear', 'Technique': 'NA', 'Wash Care': 'Hand Wash', 'Weave Pattern': 'Regular', 'Weave Type': 'Machine Weave'}"
9864037,Vishudh Women Red & Golden Printed A-Line Kurta,Kurta,1849.0,Red,Vishudh,http://assets.myntassets.com/assets/images/productimage/2019/5/31/f5bc54f5-374e-4abe-a140-0eace256350b1559292307487-1.jpg,3453.0,4.065160729800174,"Red and golden printed A-line kurta, has a mandarin collar, three-quarter sleevs, button closure, flared hemThe model (height 5'8"") is wearing a size SCotton<br>Machine wash","{'Body Shape ID': '424', 'Body or Garment Size': 'To-Fit Denotes Body Measurements in', 'Colour Family': 'Bright', 'Design Styling': 'Regular', 'Fabric': 'Cotton', 'Fabric 2': 'NA', 'Fabric Purity': 'Pure', 'Hemline': 'Flared', 'Length': 'Calf Length', 'Main Trend': 'NA', 'Neck': 'Mandarin Collar', 'Number of Pockets': 'NA', 'Occasion': 'Festive', 'Ornamentation': 'NA', 'Pattern': 'Printed', 'Print or Pattern Type': 'Ethnic Motifs', 'Shape': 'A-Line', 'Sleeve Length': 'Three-Quarter Sleeves', 'Sleeve Styling': 'Regular Sleeves', 'Slit Detail': 'NA', 'Stitch': 'Ready to Wear', 'Sustainable': 'Regular', 'Technique': 'NA', 'Wash Care': 'Machine Wash', 'Weave Pattern': 'Regular', 'Weave Type': 'Machine Weave', 'Wedding': 'Guests & Gifting'}"
5617751,Vishudh Women Navy Blue & Silver-Toned Printed Straight Kurta,Kurta,1549.0,Navy Blue,Vishudh,http://assets.myntassets.com/assets/images/5617751/2018/5/3/11525336540382-NA-5841525336540184-1.jpg,529.0,3.9829867674858224,"Navy Blue and silver-toned printed straight kurta, has a scoop neck, three-quarter sleeves, straight hem, side slitsThe model (height 5'8"") is wearing a size SCotton and polyester <br> Machine-wash","{'Body Shape ID': '424', 'Body or Garment Size': 'To-Fit Denotes Body Measurements in', 'Colour Family': 'Indigo', 'Design Styling': 'Regular', 'Fabric': 'Cotton', 'Fabric 2': 'Polyester', 'Fabric Purity': 'Blended', 'Hemline': 'Straight', 'Length': 'Calf Length', 'Main Trend': 'NA', 'Neck': 'Scoop Neck', 'Occasion': 'Daily', 'Ornamentation': 'NA', 'Pattern': 'Printed', 'Print or Pattern Type': 'Colourblocked', 'Shape': 'Straight', 'Sleeve Length': 'Three-Quarter Sleeves', 'Sleeve Styling': 'Regular Sleeves', 'Slit Detail': 'Side Slits', 'Stitch': 'Ready to Wear', 'Technique': 'NA', 'Wash Care': 'Machine Wash', 'Weave Pattern': 'Regular', 'Weave Type': 'Machine Weave'}"
6630413,Vishudh Women Navy Blue & Gold-Toned Yoke Design Anarkali Kurta,Anarkali Kurta,1949.0,Navy Blue,Vishudh,http://assets.myntassets.com/assets/images/6630413/2018/6/5/3dc4bdc6-42cf-4465-aa9b-63a38da8de161528197343569-na-3251528197343318-1.jpg,1580.0,4.086075949367088,"Navy blue and gold-toned yoke design anarkali kurta, has a round neck, three-quarter sleeves, flared hemThe model (height 5'8"") is wearing a size SCotton<br>Machine-wash","{'Body Shape ID': '443,333,424', 'Body or Garment Size': 'To-Fit Denotes Body Measurements in', 'Colour Family': 'Indigo', 'Design Styling': 'Empire', 'Fabric': 'Cotton', 'Fabric 2': 'NA', 'Fabric Purity': 'Pure', 'Hemline': 'Flared', 'Length': 'Calf Length', 'Main Trend': 'NA', 'Neck': 'Round Neck', 'Occasion': 'Daily', 'Ornamentation': 'NA', 'Pattern': 'Yoke Design', 'Print or Pattern Type': 'Ethnic Motifs', 'Shape': 'Anarkali', 'Sleeve Length': 'Three-Quarter Sleeves', 'Sleeve Styling': 'Regular Sleeves', 'Slit Detail': 'NA', 'Stitch': 'Ready to Wear', 'Technique': 'Foil Print', 'Wash Care': 'Machine Wash', 'Weave Pattern': 'Regular', 'Weave Type': 'Machine Weave'}"
8308167,House of Pataudi Women Grey & Solid Kurta with Trousers & Brocade Dupatta,"Kurta, Trousers, Brocade Dupatta",2999.0,Grey,House of Pataudi,http://assets.myntassets.com/assets/images/8308167/2019/3/7/f8d455c3-51ff-406a-b8c3-7e20f5721d921551949638487-House-of-Pataudi-Women-Kurta-Sets-701551949636623-1.jpg,227.0,4.290748898678414,"Grey solid kurta with trousers and dupatta<br>Grey A-line knee length kurta, has a keyhole neck, three-quarter sleeves, side slits<br>Grey solid trousers, has partially elasticated waistband, zip closure<br>Grey brocade dupatta, has tasseled borderKurta fabric: pure cotton<br>Bottom fabric: pure cotton<br>Dupatta fabric: poly chiffon<br>Hand-washThe model (height 5'8"") is wearing a size S","{'Body Shape ID': '333,424', 'Body or Garment Size': 'To-Fit Denotes Body Measurements in', 'Bottom Closure': 'Zip', 'Bottom Fabric': 'Pure Cotton', 'Bottom Pattern': 'Solid', 'Bottom Type': 'Trousers', 'Dupatta': 'With Dupatta', 'Dupatta Border': 'Tassels', 'Dupatta Fabric': 'Poly Chiffon', 'Dupatta Pattern': 'Printed', 'Neck': 'Keyhole Neck', 'Occasion': 'Festive', 'Ornamentation': 'NA', 'Pattern Coverage': 'None', 'Print or Pattern Type': 'Solid', 'Sleeve Length': 'Three-Quarter Sleeves', 'Sleeve Styling': 'Regular Sleeves', 'Slit Detail': 'Side Slits', 'Stitch': 'Ready to Wear', 'Technique': 'NA', 'Top Design Styling': 'Regular', 'Top Fabric': 'Pure Cotton', 'Top Hemline': 'Straight', 'Top Length': 'Knee Length', 'Top Pattern': 'Solid', 'Top Shape': 'A-Line', 'Top Type': 'Kurta', 'Waistband': 'Partially Elasticated', 'Wash Care': 'Hand Wash', 'Weave Pattern': 'Regular', 'Weave Type': 'Machine Weave'}"
9285083,Bhama Couture Women Mustard Yellow Yoke Design Kurta with Palazzos,"Kurta, Palazzos",3599.0,Mustard,Bhama Couture,http://assets.myntassets.com/assets/images/9285083/2019/5/7/4c51e0a4-7558-47a1-82d2-23f446c57ac11557204201891-Bhama-Couture-Women-Kurta-Sets-8171557204200150-1.jpg,464.0,4.135775862068965,"Mustard yellow yoke design kurta with palazzos<br>Mustard yellow yoke design A-line calf length kurta, has a V-neck, three-quarter sleeves, flared hem<br>Mustard yellow solid palazzos, slip-on closureTop fabric: Art Silk<br>Bottom fabric: Pure Cotton<br>Machine-washThe model (height 5'8"") is wearing a size S","{'Add-Ons': 'NA', 'Body Shape ID': '443,333,324,424', 'Body or Garment Size': 'Garment Measurements in', 'Bottom Closure': 'Slip-On', 'Bottom Fabric': 'Pure Cotton', 'Bottom Pattern': 'Solid', 'Bottom Type': 'Palazzos', 'Character': 'NA', 'Dupatta': 'NA', 'Dupatta Border': 'NA', 'Dupatta Fabric': 'NA', 'Dupatta Pattern': 'NA', 'Main Trend': 'NA', 'Neck': 'V-Neck', 'Number of Pockets': 'NA', 'Occasion': 'Festive', 'Ornamentation': 'Gotta Patti', 'Pattern Coverage': 'Yoke or Border', 'Print or Pattern Type': 'Floral', 'Sleeve Length': 'Three-Quarter Sleeves', 'Sleeve Styling': 'Regular Sleeves', 'Slit Detail': 'NA', 'Stitch': 'Ready to Wear', 'Sustainable': 'Regular', 'Technique': 'NA', 'Top Design Styling': 'Panelled', 'Top Fabric': 'Art Silk', 'Top Hemline': 'Flared', 'Top Length': 'Calf Length', 'Top Pattern': 'Yoke Design', 'Top Shape': 'A-Line', 'Top Type': 'Kurta', 'Waistband': 'Elasticated', 'Wash Care': 'Machine Wash', 'Weave Pattern': 'Regular', 'Weave Type': 'Machine Weave', 'Wedding': 'Guests & Gifting'}"
9745297,Varanga Women Grey & Gold-Toned Yoke Design A-Line Kurta,Kurta,2499.0,Grey,Varanga,http://assets.myntassets.com/assets/images/9745297/2019/5/23/cb9908a8-86ae-4536-b5e9-4ed5d9848b061558614595640-Varanga-Women-Grey--Gold-Toned-Yoke-Design-A-Line-Kurta-9371-1.jpg,1145.0,3.6550218340611353,"Grey and gold-toned yoke design A-line kurta, has a round neck, three-quarter sleeves, flared hemCotton<br>Hand-washThe model (height 5'8"") is wearing a size S","{'Body Shape ID': '443,333,424', 'Body or Garment Size': 'To-Fit Denotes Body Measurements in', 'Colour Family': 'Monochrome', 'Design Styling': 'Empire', 'Fabric': 'Cotton', 'Fabric 2': 'NA', 'Fabric Purity': 'Pure', 'Hemline': 'Flared', 'Length': 'Calf Length', 'Main Trend': 'NA', 'Neck': 'Round Neck', 'Occasion': 'Daily', 'Ornamentation': 'Sequins', 'Pattern': 'Yoke Design', 'Print or Pattern Type': 'Geometric', 'Shape': 'A-Line', 'Sleeve Length': 'Three-Quarter Sleeves', 'Sleeve Styling': 'Regular Sleeves', 'Slit Detail': 'NA', 'Stitch': 'Ready to Wear', 'Technique': 'Screen Print', 'Wash Care': 'Hand Wash', 'Weave Pattern': 'Regular', 'Weave Type': 'Machine Weave'}"
9301311,Tissu Women Pink & Off-White Floral Print Anarkali Kurta,Kurta,1499.0,Pink,Tissu,http://assets.myntassets.com/assets/images/9301311/2019/4/13/3fb5a41d-b86d-4d54-8a95-90b2796465091555145168199-Tissu-Women-Pink-Printed-A-Line-Kurta-2571555145166673-1.jpg,457.0,4.102844638949672,"Pink and off-white printed anarkali kurta, has a round neck, three-quarter sleeves, flared hemThe model (height 5'8"") is wearing a size SViscose Rayon<br>Hand-wash","{'Body Shape ID': '424', 'Body or Garment Size': 'To-Fit Denotes Body Measurements in', 'Colour Family': 'Bright', 'Design Styling': 'Regular', 'Fabric': 'Viscose Rayon', 'Fabric 2': 'NA', 'Fabric Purity': 'Pure', 'Hemline': 'Flared', 'Length': 'Calf Length', 'Main Trend': 'Floral', 'Neck': 'Round Neck', 'Occasion': 'Daily', 'Ornamentation': 'NA', 'Pattern': 'Printed', 'Print or Pattern Type': 'Floral', 'Shape': 'Anarkali', 'Sleeve Length': 'Three-Quarter Sleeves', 'Sleeve Styling': 'Regular Sleeves', 'Slit Detail': 'NA', 'Stitch': 'Ready to Wear', 'Technique': 'NA', 'Wash Care': 'Hand Wash', 'Weave Pattern': 'Regular', 'Weave Type': 'Machine Weave'}"
7572958,Vishudh Women Mauve Regular Kurta with Sharara & With Dupatta,"Kurta, Sharara, Dupatta",4399.0,Mauve,Vishudh,http://assets.myntassets.com/assets/images/7572958/2018/10/17/80ba8421-fca6-4207-b217-fa1f693d51db1539780050049-Vishudh-Women-Kurta-Sets-9541539780048152-1.jpg,556.0,4.188848920863309,"Mauve solid Kurta with Sharara with dupatta <br> <br> <b> Kurta design:  </b> <ul> <li> Solid </li> <li> Straight shape </li> <li> Regular style </li> <li> V-neck,  long regular sleeves </li> <li> Knee length with straight hem </li> <li> Cotton blend machine weave fabric </li> </ul> <br> <b> Sharara design:  </b> <ul> <li> Solid Sharara </li> <li> Partially elasticated waistband </li> <li> Slip-on closure </li> </ul>Top fabric:  Cotton Blend <br> Bottom fabric:  Cotton Blend <br> Dupatta fabric:  Cotton Blend <br> Machine washThe model (height 5'8) is wearing a size S","{'Add-Ons': 'NA', 'Body Shape ID': '443,333,324,424', 'Body or Garment Size': 'Garment Measurements in', 'Bottom Closure': 'Slip-On', 'Bottom Fabric': 'Cotton Blend', 'Bottom Pattern': 'Solid', 'Bottom Type': 'Sharara', 'Character': 'NA', 'Dupatta': 'With Dupatta', 'Dupatta Border': 'Tassels', 'Dupatta Fabric': 'Cotton Blend', 'Dupatta Pattern': 'Self Design', 'Main Trend': 'NA', 'Neck': 'V-Neck', 'Number of Pockets': 'NA', 'Occasion': 'Festive', 'Ornamentation': 'NA', 'Pattern Coverage': 'None', 'Print or Pattern Type': 'Solid', 'Sleeve Length': 'Long Sleeves', 'Sleeve Styling': 'Regular Sleeves', 'Slit Detail': 'Side Slits', 'Stitch': 'Ready to Wear', 'Sustainable': 'Regular', 'Technique': 'NA', 'Top Design Styling': 'Regular', 'Top Fabric': 'Cotton Blend', 'Top Hemline': 'Straight', 'Top Length': 'Knee Length', 'Top Pattern': 'Solid', 'Top Shape': 'Straight', 'Top Type': 'Kurta', 'Waistband': 'Partially Elasticated', 'Wash Care': 'Machine Wash', 'Weave Pattern': 'Regular', 'Weave Type': 'Machine Weave', 'Wedding': 'Guests & Gifting'}"
10207167,W Women Off-White & Charcoal Grey Self-Checked Layered A-Line Kurta,Kurta,5999.0,Off White,W,http://assets.myntassets.com/assets/images/10207167/2022/4/28/fa021a33-9461-4837-a743-492380576e791651138685769-W-Women-Off-White--Charcoal-Grey-Self-Checked-Layered-A-Line-1.jpg,89.0,3.853932584269663,"Charcoal grey printed A-line kurta, has a round neck, three-quarter sleeves, flared hem<br>Comes with an off-white and golden self-checked layer, has a shirt collar,&nbsp;three-quarter sleeves, straight hemThe model (height 5'8"") is wearing a size SKurta: 100% viscose rayon<br>Layer:&nbsp;100% man made fiber&nbsp;<br>Hand-wash","{'Body Shape ID': '333', 'Body or Garment Size': 'Garment Measurements in', 'Colour Family': 'Monochrome', 'Design Styling': 'Layered', 'Fabric': 'Viscose Rayon', 'Fabric 2': 'NA', 'Fabric Purity': 'Synthetic', 'Hemline': 'Flared', 'Length': 'Calf Length', 'Main Trend': 'NA', 'Neck': 'Shirt Collar', 'Number of Pockets': 'NA', 'Occasion': 'Festive', 'Ornamentation': 'NA', 'Pattern': 'Checked', 'Print or Pattern Type': 'Checked', 'Shape': 'A-Line', 'Sleeve Length': 'Three-Quarter Sleeves', 'Sleeve Styling': 'Roll-Up Sleeves', 'Slit Detail': 'NA', 'Stitch': 'Ready to Wear', 'Sustainable': 'Regular', 'Technique': 'NA', 'Wash Care': 'Hand Wash', 'Weave Pattern': 'Regular', 'Weave Type': 'Machine Weave', 'Wedding': 'Guests & Gifting'}"
9673749,Vishudh Women Turquoise Blue & Gold-Toned Printed Kurti with Palazzos,"Kurti, Palazzos",2649.0,Turquoise Blue,Vishudh,http://assets.myntassets.com/assets/images/productimage/2019/5/14/6fa7be07-e590-478c-bef3-8dbd291723ef1557792998095-1.jpg,1233.0,4.2441200324412005,"Turquoise Blue and gold-toned printed kurta with palazzos<br> Turquoise Blue and gold-toned straight calf length kurta, has a round neck, three-quarter sleeves, straight hem, side slits<br>Turquoise Blue and gold-toned  Printed palazzos, has elasticated waistband, slip-on closureTop fabric: Pure Cotton<br>Bottom fabric: Pure Cotton<br>Machine-washThe model (height 5'8"") is wearing a size S","{'Add-Ons': 'NA', 'Body Shape ID': '443,333,324,424', 'Body or Garment Size': 'Garment Measurements in', 'Bottom Closure': 'Slip-On', 'Bottom Fabric': 'Pure Cotton', 'Bottom Pattern': 'Printed', 'Bottom Type': 'Palazzos', 'Character': 'NA', 'Dupatta': 'NA', 'Dupatta Border': 'NA', 'Dupatta Fabric': 'NA', 'Dupatta Pattern': 'NA', 'Main Trend': 'NA', 'Neck': 'Round Neck', 'Number of Pockets': 'NA', 'Occasion': 'Daily', 'Ornamentation': 'NA', 'Pattern Coverage': 'Large', 'Print or Pattern Type': 'Ethnic Motifs', 'Sleeve Length': 'Three-Quarter Sleeves', 'Sleeve Styling': 'Regular Sleeves', 'Slit Detail': 'Side Slits', 'Stitch': 'Ready to Wear', 'Sustainable': 'Regular', 'Technique': 'Foil', 'Top Design Styling': 'Regular', 'Top Fabric': 'Pure Cotton', 'Top Hemline': 'Straight', 'Top Length': 'Calf Length', 'Top Pattern': 'Printed', 'Top Shape': 'Straight', 'Top Type': 'Kurta', 'Waistband': 'Elasticated', 'Wash Care': 'Machine Wash', 'Weave Pattern': 'Regular', 'Weave Type': 'Machine Weave'}"
2076112,Vishudh Women Mustard Yellow Floral Print A-Line Kurta,Kurta,1749.0,Mustard,Vishudh,http://assets.myntassets.com/assets/images/2076112/2019/4/15/b764cb47-e9d9-4ac7-9a3a-b696d39e57471555322110528-Vishudh-Women-Mustard-Yellow-Floral-Print-A-Line-Kurta-62115-1.jpg,231.0,4.177489177489178,"Mustard yellow floral print A-line kurta, has a round neck, three-quarter sleeves, flared hem, side slitsRayon <br>Machine-washThe model (height 5'8"") is wearing a size S","{'Body Shape ID': '443,333,324,424', 'Body or Garment Size': 'To-Fit Denotes Body Measurements in', 'Colour Family': 'Earthy', 'Design Styling': 'Pleated', 'Fabric': 'Viscose Rayon', 'Fabric 2': 'NA', 'Fabric Purity': 'Synthetic', 'Hemline': 'Flared', 'Length': 'Calf Length', 'Main Trend': 'NA', 'Neck': 'Round Neck', 'Occasion': 'Daily', 'Ornamentation': 'NA', 'Pattern': 'Printed', 'Print or Pattern Type': 'Floral', 'Shape': 'A-Line', 'Sleeve Length': 'Three-Quarter Sleeves', 'Sleeve Styling': 'Regular Sleeves', 'Slit Detail': 'Side Slits', 'Stitch': 'Ready to Wear', 'Technique': 'NA', 'Wash Care': 'Machine Wash', 'Weave Pattern': 'Regular', 'Weave Type': 'Machine Weave'}"
10426518,anayna Women Green & Off-White Printed Straight Kurta,Kurta,1660.0,Green,anayna,http://assets.myntassets.com/assets/images/10426518/2019/8/26/18939dbf-3a15-45aa-9c9f-f9e44fe9a45c1566800430345-Anayna-Womens-Printed-Straight-Kurta-6631566800429223-1.jpg,362.0,4.301104972375691,"Green and Off-white printed straight kurta, has shoulder straps, straight hem, and side slitsThe model (height 5'8"") is wearing a size SCotton<br>Hand-wash","{'Body Shape ID': '424', 'Body or Garment Size': 'To-Fit Denotes Body Measurements in', 'Colour Family': 'Earthy', 'Design Styling': 'Regular', 'Fabric': 'Cotton', 'Fabric 2': 'NA', 'Fabric Purity': 'Pure', 'Hemline': 'Straight', 'Length': 'Calf Length', 'Neck': 'Round Neck', 'Occasion': 'Daily', 'Ornamentation': 'NA', 'Pattern': 'Printed', 'Print or Pattern Type': 'Geometric', 'Shape': 'Straight', 'Sleeve Length': 'Sleeveless', 'Sleeve Styling': 'No Sleeves', 'Slit Detail': 'Side Slits', 'Stitch': 'Ready to Wear', 'Technique': 'Screen Print', 'Wash Care': 'Hand Wash', 'Weave Pattern': 'Regular', 'Weave Type': 'Machine Weave'}"
8306319,House of Pataudi Women Fuchsia Solid Kurta with Trousers & Brocade Dupatta,"Kurta, Trousers, Brocade Dupatta",2999.0,Pink,House of Pataudi,http://assets.myntassets.com/assets/images/8306319/2019/3/7/e468ced6-d8fd-4f0e-95b2-3dcbeb5ede641551951224002-House-of-Pataudi-Women-Pink--Self-Design-Kurta-with-Trousers-1.jpg,298.0,4.426174496644295,"Pink solid kurta with trousers<br>Pink straight knee length kurta, has a keyhole neck, three-quarter sleeves, straight hem, side slits<br>Pink solid trousers, zip closure<br>Pink brocade dupattaTop fabric: Pure Cotton<br>Bottom fabric: Pure Cotton<br>Dupatta: Cotton Blend<br><br>Machine-washThe model (height 5'8"") is wearing a size S","{'Body Shape ID': '333,424', 'Body or Garment Size': 'To-Fit Denotes Body Measurements in', 'Bottom Closure': 'Zip', 'Bottom Fabric': 'Pure Cotton', 'Bottom Pattern': 'Solid', 'Bottom Type': 'Trousers', 'Dupatta': 'With Dupatta', 'Dupatta Border': 'Fringed', 'Dupatta Fabric': 'Cotton Blend', 'Dupatta Pattern': 'Self Design', 'Neck': 'Keyhole Neck', 'Occasion': 'Festive', 'Ornamentation': 'NA', 'Pattern Coverage': 'None', 'Print or Pattern Type': 'Solid', 'Sleeve Length': 'Three-Quarter Sleeves', 'Sleeve Styling': 'Regular Sleeves', 'Slit Detail': 'Side Slits', 'Stitch': 'Ready to Wear', 'Technique': 'NA', 'Top Design Styling': 'Regular', 'Top Fabric': 'Pure Cotton', 'Top Hemline': 'Straight', 'Top Length': 'Knee Length', 'Top Pattern': 'Solid', 'Top Shape': 'Straight', 'Top Type': 'Kurta', 'Waistband': 'Partially Elasticated', 'Wash Care': 'Machine Wash', 'Weave Pattern': 'Regular', 'Weave Type': 'Machine Weave'}"
10808320,AHIKA Women Pink & Off-White Printed Straight Kurta,Kurta,860.0,Pink,AHIKA,http://assets.myntassets.com/assets/images/10808320/2019/10/30/017d8eae-835f-4bb8-b08e-6859d0c0d7e21572417153405-AHIKA-Women-Kurtas-7911572417151188-1.jpg,1280.0,3.7234375,"Pink and Off-white printed straight kurta, has a round neck, three-quarter sleeves, straight hem, and side slitsThe model (height 5'8"") is wearing a size SPoly crepe<br>Machine-wash","{'Body Shape ID': '424', 'Body or Garment Size': 'Garment Measurements in', 'Colour Family': 'Bright', 'Design Styling': 'Regular', 'Fabric': 'Polyester', 'Fabric 2': 'NA', 'Fabric Purity': 'Synthetic', 'Hemline': 'Straight', 'Length': 'Calf Length', 'Main Trend': 'NA', 'Neck': 'Round Neck', 'Occasion': 'Daily', 'Ornamentation': 'NA', 'Pattern': 'Printed', 'Print or Pattern Type': 'Ethnic Motifs', 'Shape': 'Straight', 'Sleeve Length': 'Three-Quarter Sleeves', 'Sleeve Styling': 'Regular Sleeves', 'Slit Detail': 'Side Slits', 'Stitch': 'Ready to Wear', 'Technique': 'NA', 'Wash Care': 'Machine Wash', 'Weave Pattern': 'Regular', 'Weave Type': 'Machine Weave'}"
10720544,Ahalyaa Women Black Star Foil Print Angrakha Anarkali Kurta,"Kurta, Anarkali Kurta",2934.0,Black,Ahalyaa,http://assets.myntassets.com/assets/images/10720544/2022/7/24/182d0298-b223-4097-9e7f-60dfa5e7ea1b1658642330552AhalyaaWomenBlackStarFoilPrintAngrakhaAnarkaliKurta1.jpg,209.0,4.315789473684211,"Black foil print angrakha anarkali kurta, has a shawl neck, three-quarter sleeves, an attached lining and flared hemThe model (height 5'8"") is wearing a size SNet<br>Hand-wash","{'Body Shape ID': '443,333,324,424', 'Body or Garment Size': 'Garment Measurements in', 'Colour Family': 'Monochrome', 'Design Styling': 'Angrakha', 'Fabric': 'Net', 'Fabric 2': 'NA', 'Fabric Purity': 'Synthetic', 'Hemline': 'Flared', 'Length': 'Ankle Length', 'Main Trend': 'Quirky', 'Neck': 'Shawl Neck', 'Number of Pockets': 'NA', 'Occasion': 'Festive', 'Ornamentation': 'NA', 'Pattern': 'Printed', 'Print or Pattern Type': 'Quirky', 'Shape': 'Anarkali', 'Sleeve Length': 'Three-Quarter Sleeves', 'Sleeve Styling': 'Regular Sleeves', 'Slit Detail': 'NA', 'Stitch': 'Ready to Wear', 'Sustainable': 'Regular', 'Technique': 'Foil Print', 'Wash Care': 'Hand Wash', 'Weave Pattern': 'Regular', 'Weave Type': 'Machine Weave', 'Wedding': 'Guests & Gifting'}"
8834371,AHIKA Women Sea Green & Black Printed Straight Kurta,Kurta,860.0,Sea Green,AHIKA,http://assets.myntassets.com/assets/images/8834371/2019/2/27/4da1bec8-0eb0-4599-85db-a98cd73bc8021551262808734-Vaamsi-Women-Kurtas-9761551262807474-1.jpg,230.0,3.860869565217391,"Sea green and black printed straight kurta, has a round neck, three-quarter sleeves, straight hem, side slitsPolyester<br>Machine-washThe model (height 5'8"") is wearing a size S","{'Body Shape ID': '424', 'Body or Garment Size': 'Garment Measurements in', 'Colour Family': 'Aqua', 'Design Styling': 'Regular', 'Fabric': 'Polyester', 'Fabric 2': 'NA', 'Fabric Purity': 'Synthetic', 'Hemline': 'Straight', 'Length': 'Calf Length', 'Main Trend': 'NA', 'Neck': 'Round Neck', 'Occasion': 'Daily', 'Ornamentation': 'NA', 'Pattern': 'Printed', 'Print or Pattern Type': 'Geometric', 'Shape': 'Straight', 'Sleeve Length': 'Three-Quarter Sleeves', 'Sleeve Styling': 'Regular Sleeves', 'Slit Detail': 'Side Slits', 'Stitch': 'Ready to Wear', 'Technique': 'NA', 'Wash Care': 'Machine Wash', 'Weave Pattern': 'Regular', 'Weave Type': 'Machine Weave'}"
10771546,Ojjasvi Women Burgundy Lace Straight Kurta,Kurta,1699.0,Burgundy,Ojjasvi,http://assets.myntassets.com/assets/images/productimage/2019/10/4/bfa4a507-a3b1-41bf-97fc-f24f85c40ab41570128816657-1.jpg,432.0,4.263888888888889,"Burgundy woven design straight kurta, has a round neck, short sleeves, straight hem, and side slitsPolyester<br>Dry-cleanThe model (height 5'8"") is wearing a size S","{'Body Shape ID': '424', 'Body or Garment Size': 'Garment Measurements in', 'Colour Family': 'Earthy', 'Design Styling': 'Regular', 'Fabric': 'Polyester', 'Fabric 2': 'NA', 'Fabric Purity': 'Synthetic', 'Hemline': 'Straight', 'Length': 'Calf Length', 'Main Trend': 'NA', 'Neck': 'Round Neck', 'Occasion': 'Daily', 'Ornamentation': 'NA', 'Pattern': 'Woven Design', 'Print or Pattern Type': 'Ethnic Motifs', 'Shape': 'Straight', 'Sleeve Length': 'Short Sleeves', 'Sleeve Styling': 'Regular Sleeves', 'Slit Detail': 'Side Slits', 'Stitch': 'Ready to Wear', 'Technique': 'NA', 'Wash Care': 'Dry Clean', 'Weave Pattern': 'Regular', 'Weave Type': 'Machine Weave'}"
7819227,Get Glamr Navy Blue Printed A-Line Kurta,Kurta,2799.0,Navy Blue,Get Glamr,http://assets.myntassets.com/assets/images/7819227/2018/11/21/2e6b6431-f571-4138-8b59-3abbab2647451542781342333-na-3371542781342014-1.jpg,1890.0,4.265079365079365,"Navy and golden-coloures printed A-line kurta, has a keyhole neck, long sleeves, flared hem<br>Disclaimer: These styles have all over handprint and print placements may varyViscose Rayon<br>Hand WashThe model (height 5'8"") is wearing a size S","{'Body Shape ID': '333', 'Body or Garment Size': 'Garment Measurements in', 'Colour Family': 'Indigo', 'Design Styling': 'Layered', 'Fabric': 'Viscose Rayon', 'Fabric 2': 'NA', 'Fabric Purity': 'Pure', 'Hemline': 'Flared', 'Length': 'Ankle Length', 'Main Trend': 'NA', 'Neck': 'Keyhole Neck', 'Number of Pockets': 'NA', 'Occasion': 'Festive', 'Ornamentation': 'NA', 'Pattern': 'Printed', 'Print or Pattern Type': 'Ethnic Motifs', 'Shape': 'A-Line', 'Sleeve Length': 'Long Sleeves', 'Sleeve Styling': 'Regular Sleeves', 'Slit Detail': 'NA', 'Stitch': 'Ready to Wear', 'Sustainable': 'Regular', 'Technique': 'Block Print', 'Wash Care': 'Hand Wash', 'Weave Pattern': 'Regular', 'Weave Type': 'Machine Weave', 'Wedding': 'Guests & Gifting'}"
10207153,W Women Navy Blue Printed A-Line Kurta,Kurta,3999.0,Navy Blue,W,http://assets.myntassets.com/assets/images/10207153/2019/10/16/67e746df-ff53-4052-8e7d-3fb0f3c34f711571214847225-W-Women-Kurtas-4771571214844357-1.jpg,128.0,3.9921875,"Navy printed A-line kurta, has a round neck, three-quarter sleeves, and flared hemViscose and polyester blend<br>Hand-washThe model (height 5'8"") is wearing a size S","{'Body Shape ID': '443,333,324,424', 'Body or Garment Size': 'To-Fit Denotes Body Measurements in', 'Colour Family': 'Indigo', 'Design Styling': 'Pleated', 'Fabric': 'Viscose Rayon', 'Fabric 2': 'Polyester', 'Fabric Purity': 'Blended', 'Hemline': 'Flared', 'Length': 'Calf Length', 'Main Trend': 'NA', 'Neck': 'Round Neck', 'Number of Pockets': 'NA', 'Occasion': 'Festive', 'Ornamentation': 'NA', 'Pattern': 'Printed', 'Print or Pattern Type': 'Geometric', 'Shape': 'A-Line', 'Sleeve Length': 'Three-Quarter Sleeves', 'Sleeve Styling': 'Regular Sleeves', 'Slit Detail': 'NA', 'Stitch': 'Ready to Wear', 'Sustainable': 'Regular', 'Technique': 'NA', 'Wash Care': 'Hand Wash', 'Weave Pattern': 'Regular', 'Weave Type': 'Machine Weave', 'Wedding': 'Guests & Gifting'}"
8529031,Varanga Women Black & Maroon Printed Straight Kurta,Kurta,2499.0,Black,Varanga,http://assets.myntassets.com/assets/images/8529031/2019/1/23/6e06c610-a643-4d34-812c-d30a45bb6de51548245176418-Varanga-black-gold-printed-straight-kurta-2201548245174726-1.jpg,847.0,4.012987012987013,"Black and maroon printed straight kurta, has a mandarin collar, short sleeves, straight hem, side slits, button closureThe model (height 5'8"") is wearing a size SCotton<br>Hand-wash","{'Body Shape ID': '424', 'Body or Garment Size': 'To-Fit Denotes Body Measurements in', 'Colour Family': 'Monochrome', 'Design Styling': 'Regular', 'Fabric': 'Cotton', 'Fabric 2': 'NA', 'Fabric Purity': 'Pure', 'Hemline': 'Straight', 'Length': 'Calf Length', 'Main Trend': 'NA', 'Neck': 'Mandarin Collar', 'Occasion': 'Daily', 'Ornamentation': 'NA', 'Pattern': 'Printed', 'Print or Pattern Type': 'Ethnic Motifs', 'Shape': 'Straight', 'Sleeve Length': 'Short Sleeves', 'Sleeve Styling': 'Roll-Up Sleeves', 'Slit Detail': 'Side Slits', 'Stitch': 'Ready to Wear', 'Technique': 'Screen Print', 'Wash Care': 'Hand Wash', 'Weave Pattern': 'Regular', 'Weave Type': 'Machine Weave'}"
8593785,Roadster Burgundy Top With Front Tie-Up Detail,Top,599.0,Maroon,Roadster,http://assets.myntassets.com/assets/images/8593785/2019/6/1/d9d235f1-950a-47ed-95c5-5da2922c09561559393674575-Roadster-Women-Maroon-Solid-Top-6411559393673700-1.jpg,5097.0,3.645085344320188,"Burgundy solid knitted regular top with waist tie-ups, has a stylish scoop neck, no sleeves, mock button detailThe model (height 5'8"") is wearing a size S60% cotton, 40% polyester<br>Machine-wash","{'Body Shape ID': '333,424', 'Body or Garment Size': 'To-Fit Denotes Body Measurements in', 'Center Front Open': 'No', 'Character': 'NA', 'Closure': 'NA', 'Fabric Type': 'NA', 'Length': 'Crop', 'Lining': 'NA', 'Main Trend': 'Lace Frills Bows and Ruffles', 'Multipack Set': 'NA', 'Neck': 'Scoop Neck', 'Occasion': 'Casual', 'Pattern': 'Solid', 'Print or Pattern Type': 'Solid', 'Sleeve Length': 'Sleeveless', 'Sleeve Styling': 'No Sleeves', 'Surface Styling': 'Waist Tie-Ups', 'Sustainable': 'Regular', 'Transparency': 'Opaque', 'Type': 'Regular', 'Wash Care': 'Machine Wash', 'Weave Type': 'Knitted', 'taxMaterial': 'NA'}"
8715139,plusS Olive Green A-Line Top,A-Line Top,1999.0,Olive,plusS,http://assets.myntassets.com/assets/images/productimage/2019/2/5/ef1a8ba7-1794-4495-a406-c5f53d09df7b1549358412858-1.jpg,4189.0,4.018858916209119,"Olive Green solid woven A-line top, has a round neck, three-quarter sleeves, button closure, has embroidered detailPolyester<br>Machine-washRegular Fit<br> The model (height 5'8"") is wearing a size S","{'Body Shape ID': '443,333,424', 'Body or Garment Size': 'To-Fit Denotes Body Measurements in', 'Center Front Open': 'No', 'Character': 'NA', 'Closure': 'Button', 'Fabric Type': 'NA', 'Length': 'Regular', 'Lining': 'NA', 'Main Trend': 'New Basics', 'Multipack Set': 'NA', 'Neck': 'Round Neck', 'Occasion': 'Casual', 'Pattern': 'Solid', 'Print or Pattern Type': 'Solid', 'Sleeve Length': 'Three-Quarter Sleeves', 'Sleeve Styling': 'Regular Sleeves', 'Surface Styling': 'Embroidered', 'Sustainable': 'Regular', 'Transparency': 'Opaque', 'Type': 'A-Line', 'Wash Care': 'Machine Wash', 'Weave Type': 'Woven', 'taxMaterial': 'NA'}"
9070021,SASSAFRAS Beige & Black Animal Print Shirt Style Top,Shirt Style Top,1399.0,Beige,SASSAFRAS,http://assets.myntassets.com/assets/images/9070021/2019/3/28/f0bce3b7-9ca8-45c9-a33d-dfd07c849a9c1553778513694-SASSAFRAS-Women-Beige--Black-Regular-Fit-Printed-Shirt-11915-1.jpg,3845.0,4.269180754226268,"Beige, black and brown animal print woven shirt style top with ruffle detail, has a round neck, a full button placket, long sleevesRegular Fit<br> The model (height 5'8"") is wearing a size SPolyester<br> Machine-wash","{'Body Shape ID': '443,333,424', 'Body or Garment Size': 'To-Fit Denotes Body Measurements in', 'Center Front Open': 'No', 'Character': 'NA', 'Closure': 'Button', 'Fabric': 'Polyester', 'Fabric Type': 'NA', 'Length': 'Regular', 'Lining': 'NA', 'Main Trend': 'Lace Frills Bows and Ruffles', 'Multipack Set': 'NA', 'Neck': 'Round Neck', 'Occasion': 'Casual', 'Pattern': 'Printed', 'Print or Pattern Type': 'Animal', 'Sleeve Length': 'Long Sleeves', 'Sleeve Styling': 'Bell Sleeves', 'Surface Styling': 'Ruffles', 'Sustainable': 'Regular', 'Transparency': 'Opaque', 'Type': 'Shirt Style', 'Wash Care': 'Machine Wash', 'Weave Type': 'Woven', 'Wedding': 'NA', 'taxMaterial': 'NA'}"
9656683,Tokyo Talkies Women Black Printed A-Line Top,"Top, A-Line",1049.0,Black,Tokyo Talkies,http://assets.myntassets.com/assets/images/9656683/2019/5/13/d0cd66ec-6567-434c-a946-4b1dc36cdcab1557738202448-Tokyo-Talkies-Women-Black-Printed-A-Line-Top-594155773820066-1.jpg,1589.0,4.163624921334172,"Black printed woven A-line top, has a round neck, short sleevesRegular Fit<br> The model (height 5'8"") is wearing a size S100% polyester<br>Machine-wash","{'Body Shape ID': '443,333,424', 'Body or Garment Size': 'To-Fit Denotes Body Measurements in', 'Closure': 'NA', 'Fabric': 'Polyester', 'Fabric Type': 'Crepe', 'Length': 'Regular', 'Lining': 'NA', 'Main Trend': 'Floral Print', 'Neck': 'Round Neck', 'Occasion': 'Casual', 'Pattern': 'Printed', 'Print or Pattern Type': 'Floral', 'Sleeve Length': 'Short Sleeves', 'Sleeve Styling': 'Cold-Shoulder Sleeves', 'Surface Styling': 'NA', 'Transparency': 'Opaque', 'Type': 'A-Line', 'Wash Care': 'Machine Wash', 'Weave Type': 'Woven', 'taxMaterial': 'NA'}"
8715089,plusS Women Blue Printed Peplum Top,Top,1799.0,Blue,plusS,http://assets.myntassets.com/assets/images/productimage/2019/2/5/7101baae-d88f-4015-b951-fd1ade647c8a1549348561445-1.jpg,1073.0,4.278657968313141,"Blue printed woven peplum top, has a V-neck, three-quarter sleeves, tie up detailFitted<br> The model (height 5'8"") is wearing a size SPolyester<br> Machine-wash","{'Body Shape ID': '333,424', 'Body or Garment Size': 'To-Fit Denotes Body Measurements in', 'Closure': 'NA', 'Fabric': 'Polyester', 'Fabric Type': 'NA', 'Length': 'Regular', 'Lining': 'NA', 'Main Trend': 'Floral Print', 'Neck': 'V-Neck', 'Occasion': 'Casual', 'Pattern': 'Printed', 'Print or Pattern Type': 'Floral', 'Sleeve Length': 'Three-Quarter Sleeves', 'Sleeve Styling': 'Regular Sleeves', 'Surface Styling': 'Tie-Ups', 'Transparency': 'Opaque', 'Type': 'Peplum', 'Wash Care': 'Machine Wash', 'Weave Type': 'Woven', 'taxMaterial': 'NA'}"
8661281,Tokyo Talkies Teal Blue Top With Cuffed Sleeves,Top,999.0,Teal,Tokyo Talkies,http://assets.myntassets.com/assets/images/8661281/2019/3/7/701b85b5-a190-4448-bbe1-a85d40f1939a1551942158345-Tokyo-Talkies-Women-Teal-Solid-Top-1261551942155554-1.jpg,3339.0,4.139562743336328,"Teal blue solid woven regular top, has a round neck, long cuffed sleeves, button closureThe model (height 5'8"") is wearing a size S100% Polyester<br>Machine-wash","{'Body Shape ID': '443,333,424', 'Body or Garment Size': 'To-Fit Denotes Body Measurements in', 'Center Front Open': 'No', 'Character': 'NA', 'Closure': 'Button', 'Fabric Type': 'NA', 'Length': 'Regular', 'Lining': 'NA', 'Main Trend': 'New Basics', 'Multipack Set': 'NA', 'Neck': 'Round Neck', 'Occasion': 'Casual', 'Pattern': 'Solid', 'Print or Pattern Type': 'Solid', 'Sleeve Length': 'Long Sleeves', 'Sleeve Styling': 'Cuffed Sleeves', 'Surface Styling': 'NA', 'Sustainable': 'Regular', 'Transparency': 'Opaque', 'Type': 'Regular', 'Wash Care': 'Machine Wash', 'Weave Type': 'Woven', 'taxMaterial': 'NA'}"
7287263,STREET 9 Green Pleated A-Line Top,Top,1699.0,Green,STREET 9,http://assets.myntassets.com/assets/images/7287263/2018/9/21/97424336-22d5-4472-a90e-83435453927e1537520353096-STREET-9-Women-Green-Solid-A-Line-Top-9651537520352789-1.jpg,2609.0,4.3967037178995785,"Green solid woven A-line top with embellished detail, has a round neck, sleeveless, button closureRegular Fit<br> The model (height 5'8"") is wearing a size SPolyester<br>Machine-wash","{'Body Shape ID': '443,333,424', 'Body or Garment Size': 'To-Fit Denotes Body Measurements in', 'Center Front Open': 'No', 'Character': 'NA', 'Closure': 'Button', 'Fabric Type': 'NA', 'Length': 'Regular', 'Lining': 'NA', 'Main Trend': 'New Basics', 'Multipack Set': 'NA', 'Neck': 'Round Neck', 'Occasion': 'Casual', 'Pattern': 'Solid', 'Print or Pattern Type': 'Solid', 'Sleeve Length': 'Sleeveless', 'Sleeve Styling': 'No Sleeves', 'Surface Styling': 'Studded', 'Sustainable': 'Regular', 'Transparency': 'Opaque', 'Type': 'A-Line', 'Wash Care': 'Machine Wash', 'Weave Type': 'Woven', 'taxMaterial': 'NA'}"
10288955,MABISH by Sonal Jain Maroon Twisted Maxi Top,Maxi Top,2060.0,Maroon,MABISH by Sonal Jain,http://assets.myntassets.com/assets/images/10288955/2019/7/26/5e1a4afc-85c2-4ae8-9f1e-01da0d98f8d31564137724735-MABISH-by-Sonal-Jain-Women-Tops-3481564137723578-1.jpg,665.0,4.3052631578947365,"Maroon solid woven maxi top, has a V-neck, layered with knot detail, and three-quarter sleevesRegular Fit<br> The model (height 5'8"") is wearing a size SViscose Rayon<br> Hand-wash","{'Body or Garment Size': 'To-Fit Denotes Body Measurements in', 'Center Front Open': 'No', 'Character': 'NA', 'Closure': 'NA', 'Fabric Type': 'NA', 'Length': 'Longline', 'Lining': 'NA', 'Main Trend': 'New Basics', 'Multipack Set': 'NA', 'Neck': 'V-Neck', 'Occasion': 'Casual', 'Pattern': 'Solid', 'Print or Pattern Type': 'Solid', 'Sleeve Length': 'Three-Quarter Sleeves', 'Sleeve Styling': 'Extended Sleeves', 'Surface Styling': 'Gathered or Pleated', 'Sustainable': 'Regular', 'Transparency': 'Opaque', 'Type': 'Maxi', 'Wash Care': 'Hand Wash', 'Weave Type': 'Woven', 'taxMaterial': 'NA'}"
10238605,plusS Mauve Shirt Style Top,"Shirt, Top",1599.0,Mauve,plusS,http://assets.myntassets.com/assets/images/10238605/2019/8/13/aca4474e-a98b-4eac-8b9c-a846442ca1e21565676401780-plusS-Women-Tops-6771565676400352-1.jpg,2028.0,4.08086785009862,"Mauve solid woven shirt style top with ruffles, has a round neck, three-quarter sleeves, and full button placketPolyester<br> Machine-washRegular Fit<br> The model (height 5'8"") is wearing a size S","{'Body Shape ID': '443,333,424', 'Body or Garment Size': 'To-Fit Denotes Body Measurements in', 'Center Front Open': 'No', 'Character': 'NA', 'Closure': 'Button', 'Fabric Type': 'NA', 'Length': 'Regular', 'Lining': 'NA', 'Main Trend': 'Lace Frills Bows and Ruffles', 'Multipack Set': 'NA', 'Neck': 'Round Neck', 'Occasion': 'Casual', 'Pattern': 'Solid', 'Print or Pattern Type': 'Solid', 'Sleeve Length': 'Three-Quarter Sleeves', 'Sleeve Styling': 'Cuffed Sleeves', 'Surface Styling': 'Ruffles', 'Sustainable': 'Regular', 'Transparency': 'Opaque', 'Type': 'Shirt Style', 'Wash Care': 'Machine Wash', 'Weave Type': 'Woven', 'taxMaterial': 'NA'}"
1827118,Veni Vidi Vici White Layered Styled Back Top,Top,1170.0,White,Veni Vidi Vici,http://assets.myntassets.com/assets/images/1827118/2017/5/12/11494587754229-Veni-Vidi-Vici-Women-White-Solid-Layered-Styled-Back-Top-1191494587753943-1.jpg,3089.0,4.364195532534801,"White woven solid layered styled back top, has a shoulder strapsPolyester <br> Machine-wash coldThe model (height 5'8"") is wearing a size S","{'Body Shape ID': '333,424', 'Body or Garment Size': 'To-Fit Denotes Body Measurements in', 'Center Front Open': 'No', 'Character': 'NA', 'Closure': 'NA', 'Fabric Type': 'NA', 'Length': 'Crop', 'Lining': 'NA', 'Main Trend': 'New Basics', 'Multipack Set': 'NA', 'Neck': 'Shoulder Straps', 'Occasion': 'Party', 'Pattern': 'Solid', 'Print or Pattern Type': 'Solid', 'Sleeve Length': 'Short Sleeves', 'Sleeve Styling': 'Shoulder Straps', 'Surface Styling': 'Layered', 'Sustainable': 'Regular', 'Transparency': 'Opaque', 'Type': 'Styled Back', 'Wash Care': 'Machine Wash', 'Weave Type': 'Knitted', 'taxMaterial': 'NA'}"
6791170,Berrylush Black Floral High-Low Trapeze Top,Top,3198.0,Black,Berrylush,http://assets.myntassets.com/assets/images/6791170/2018/7/3/91afe1cf-94b8-4e1b-8309-7b75e461e22b1530599773594-Berrylush-Women-Tops-2781530599773363-1.jpg,2007.0,4.166417538614848,"Black printed woven high-low top, has a boat neck, long sleevesRegular Fit<br> The model (height 5'8"") is wearing a size SPolycotton<br>Hand-wash","{'Body or Garment Size': 'Garment Measurements in', 'Center Front Open': 'No', 'Character': 'NA', 'Closure': 'NA', 'Fabric Type': 'NA', 'Length': 'Longline', 'Lining': 'NA', 'Main Trend': 'Floral Print', 'Multipack Set': 'NA', 'Neck': 'Boat Neck', 'Occasion': 'Casual', 'Pattern': 'Printed', 'Print or Pattern Type': 'Floral', 'Sleeve Length': 'Long Sleeves', 'Sleeve Styling': 'Regular Sleeves', 'Surface Styling': 'NA', 'Sustainable': 'Regular', 'Transparency': 'Opaque', 'Type': 'High-Low', 'Wash Care': 'Hand Wash', 'Weave Type': 'Woven', 'taxMaterial': 'NA'}"
9451341,her by invictus White & Black Floral Monochrome Smart Casual Top,Top,1699.0,White,her by invictus,http://assets.myntassets.com/assets/images/9451341/2019/8/26/27798822-2c4f-4ef2-b7b7-434eadac23731566825982517-her-by-invictus-Women-Tops-6881566825981241-1.jpg,1200.0,4.19,"White and black printed woven smart casual regular top, has a round neck, short sleeves, and zip closureThe model (height 5'8"") is wearing a size S100% polyester<br>Machine-wash","{'Body Shape ID': '443,333,424', 'Body or Garment Size': 'To-Fit Denotes Body Measurements in', 'Center Front Open': 'No', 'Character': 'NA', 'Closure': 'Zip', 'Fabric Type': 'NA', 'Length': 'Regular', 'Lining': 'NA', 'Main Trend': 'Monochrome', 'Multipack Set': 'NA', 'Neck': 'Round Neck', 'Occasion': 'Formal', 'Pattern': 'Printed', 'Print or Pattern Type': 'Floral', 'Sleeve Length': 'Short Sleeves', 'Sleeve Styling': 'Regular Sleeves', 'Surface Styling': 'NA', 'Sustainable': 'Regular', 'Transparency': 'Opaque', 'Type': 'Regular', 'Wash Care': 'Machine Wash', 'Weave Type': 'Woven', 'taxMaterial': 'NA'}"
7850177,her by invictus Women Black Solid Semi-Sheer Top,Top,1299.0,Black,her by invictus,http://assets.myntassets.com/assets/images/7850177/2019/3/7/b2754bc6-aa44-448d-89e2-26fdd38075921551940867635-her-by-invictus-Women-Black-Solid-Semi-Sheer-Top-92415519408-1.jpg,178.0,3.651685393258427,"Black solid woven regular semi-sheer top, has a round neck, long sleevesThe model (height 5'8"") is wearing a size S100% polyester<br>Machine-wash","{'Body Shape ID': '443,333,424', 'Body or Garment Size': 'To-Fit Denotes Body Measurements in', 'Center Front Open': 'No', 'Closure': 'NA', 'Fabric': 'Polyester', 'Fabric Type': 'NA', 'Length': 'Regular', 'Lining': 'NA', 'Main Trend': 'New Basics', 'Neck': 'Round Neck', 'Occasion': 'Formal', 'Pattern': 'Solid', 'Print or Pattern Type': 'Solid', 'Sleeve Length': 'Long Sleeves', 'Sleeve Styling': 'Cuffed Sleeves', 'Surface Styling': 'NA', 'Transparency': 'Opaque', 'Type': 'Regular', 'Wash Care': 'Machine Wash', 'Weave Type': 'Woven', 'taxMaterial': 'NA'}"
8485223,Harpa Women Dusty Pink Solid Top,Top,1199.0,Pink,Harpa,http://assets.myntassets.com/assets/images/8485223/2019/1/31/c60c3027-9ce6-44e2-8739-232e911f39cf1548943010790-Harpa-Women-Pink-Solid-Top-9271548943009949-1.jpg,1489.0,3.792478173270652,"Dusty pink solid woven regular top, has a V-neck with button and loop closure, long sleevesThe model (height 5'8"") is wearing a size S100% polyester<br>Hand-wash","{'Body Shape ID': '443,333,324,424', 'Body or Garment Size': 'To-Fit Denotes Body Measurements in', 'Closure': 'Button', 'Fabric': 'Polyester', 'Fabric Type': 'Crepe', 'Length': 'Regular', 'Lining': 'NA', 'Main Trend': 'New Basics', 'Neck': 'V-Neck', 'Occasion': 'Casual', 'Pattern': 'Solid', 'Print or Pattern Type': 'Solid', 'Sleeve Length': 'Long Sleeves', 'Sleeve Styling': 'Cuffed Sleeves', 'Surface Styling': 'Gathered or Pleated', 'Transparency': 'Opaque', 'Type': 'Regular', 'Wash Care': 'Hand Wash', 'Weave Type': 'Woven', 'taxMaterial': 'NA'}"
9801593,Tokyo Talkies Women Grey Self Design A-Line Top,A-Line Top,849.0,Grey,Tokyo Talkies,http://assets.myntassets.com/assets/images/productimage/2019/5/24/6114cb0e-f353-4fca-9104-16cffdceec411558690339927-1.jpg,986.0,4.02129817444219,"Grey self-design woven A-line top, has a keyhole neck, short sleeves, zip closureRegular Fit<br> The model (height 5'8"") is wearing a size SPolyester<br>Machine-wash","{'Body or Garment Size': 'To-Fit Denotes Body Measurements in', 'Closure': 'Zip', 'Fabric': 'Polyester', 'Fabric Type': 'Crepe', 'Length': 'Regular', 'Lining': 'NA', 'Main Trend': 'New Basics', 'Neck': 'Keyhole Neck', 'Occasion': 'Casual', 'Pattern': 'Self Design', 'Print or Pattern Type': 'Self Design', 'Sleeve Length': 'Short Sleeves', 'Sleeve Styling': 'Extended Sleeves', 'Surface Styling': 'Ruffles', 'Transparency': 'Opaque', 'Type': 'A-Line', 'Wash Care': 'Machine Wash', 'Weave Type': 'Woven', 'taxMaterial': 'NA'}"
7287252,STREET 9 Grey Round Neck A-Line Top,Top,1699.0,Grey,STREET 9,http://assets.myntassets.com/assets/images/7287252/2018/9/21/5a73546c-dd48-43e5-a912-38b9235b02a91537527657163-STREET-9-Women-Grey-Solid-A-Line-Top-7451537527656978-1.jpg,1247.0,4.373696872493985,"Grey solid woven A-line top, has a round neck with embellished detail, button closure100% polyester<br>Machine-washRegular Fit<br> The model (height 5'8"") is wearing a size S","{'Body Shape ID': '443,333,424', 'Body or Garment Size': 'To-Fit Denotes Body Measurements in', 'Center Front Open': 'No', 'Character': 'NA', 'Closure': 'Button', 'Fabric': 'Polyester', 'Fabric Type': 'NA', 'Length': 'Regular', 'Lining': 'NA', 'Main Trend': 'New Basics', 'Multipack Set': 'NA', 'Neck': 'Round Neck', 'Occasion': 'Casual', 'Pattern': 'Solid', 'Print or Pattern Type': 'Solid', 'Sleeve Length': 'Sleeveless', 'Sleeve Styling': 'No Sleeves', 'Surface Styling': 'Gathered or Pleated', 'Sustainable': 'Regular', 'Transparency': 'Opaque', 'Type': 'A-Line', 'Wash Care': 'Machine Wash', 'Weave Type': 'Woven', 'Wedding': 'NA', 'taxMaterial': 'NA'}"
5617740,plusS Sea Green Self Design Peplum Top,Peplum Top,1770.0,Sea Green,plusS,http://assets.myntassets.com/assets/images/5617740/2018/5/3/11525347186511-na-6601525347186314-1.jpg,2921.0,4.058199246833277,"Sea Green self-design woven peplum top, has a tie-up neck, three-quarter sleeves,Polyester<br> Machine-washFitted<br> The model (height 5'8"") is wearing a size S","{'Body Shape ID': '424', 'Body or Garment Size': 'To-Fit Denotes Body Measurements in', 'Center Front Open': 'No', 'Character': 'NA', 'Closure': 'NA', 'Fabric': 'Polyester', 'Fabric Type': 'NA', 'Length': 'Regular', 'Lining': 'NA', 'Main Trend': 'New Basics', 'Multipack Set': 'NA', 'Neck': 'Tie-Up Neck', 'Occasion': 'Casual', 'Pattern': 'Self Design', 'Print or Pattern Type': 'Self Design', 'Sleeve Length': 'Three-Quarter Sleeves', 'Sleeve Styling': 'Bell Sleeves', 'Surface Styling': 'Lace Inserts', 'Sustainable': 'Regular', 'Transparency': 'Opaque', 'Type': 'Peplum', 'Wash Care': 'Machine Wash', 'Weave Type': 'Woven', 'Wedding': 'NA', 'taxMaterial': 'NA'}"
7287261,STREET 9 Dusty Rose Embellished Peplum Top,Top,1899.0,Rose,STREET 9,http://assets.myntassets.com/assets/images/7287261/2018/9/21/b284470d-0d0e-4d38-8c74-7690d3a1229c1537528416112-STREET-9-Women-Peach-Coloured-Embellished-Net-Peplum-Top-8661537528415928-1.jpg,1002.0,4.239520958083832,"Rose embellished knitted peplum top, has a V-neck, short sleeves, concealed zip closure100% polyester<br>Dry-cleanFitted<br> The model (height 5'8"") is wearing a size S","{'Body Shape ID': '333,424', 'Body or Garment Size': 'To-Fit Denotes Body Measurements in', 'Center Front Open': 'No', 'Character': 'NA', 'Closure': 'Concealed Zip', 'Fabric': 'Polyester', 'Fabric Type': 'Net', 'Length': 'Regular', 'Lining': 'NA', 'Main Trend': 'New Basics', 'Multipack Set': 'NA', 'Neck': 'V-Neck', 'Occasion': 'Casual', 'Pattern': 'Embellished', 'Print or Pattern Type': 'Embellished', 'Sleeve Length': 'Short Sleeves', 'Sleeve Styling': 'Flutter Sleeves', 'Surface Styling': 'Sequined', 'Sustainable': 'Regular', 'Transparency': 'Opaque', 'Type': 'Peplum', 'Wash Care': 'Dry Clean', 'Weave Type': 'Knitted', 'taxMaterial': 'NA'}"
8375271,Ives Olive Green Shirt Style Top,"Shirt, Top",1099.0,Olive,Ives,http://assets.myntassets.com/assets/images/8375271/2019/1/7/582995a9-d9c8-4129-8538-bf6492edc0191546853353174-Ives-Women-Olive-Green-Solid-Shirt-Style-Top-342154685335233-1.jpg,5648.0,4.017882436260623,"Olive Green solid woven shirt style top with ruffles detail, has a mandarin collar, three-quarter sleeves, button closureRegular Fit<br> The model (height 5'8"") is wearing a size SPolyester<br>Machine-wash","{'Body Shape ID': '443,333,324,424', 'Body or Garment Size': 'Garment Measurements in', 'Center Front Open': 'No', 'Character': 'NA', 'Closure': 'Button', 'Fabric': 'Polyester', 'Fabric Type': 'Crepe', 'Length': 'Regular', 'Lining': 'NA', 'Main Trend': 'Utility or Military Inspired', 'Multipack Set': 'NA', 'Neck': 'Mandarin Collar', 'Occasion': 'Ethnic', 'Pattern': 'Solid', 'Print or Pattern Type': 'Solid', 'Sleeve Length': 'Three-Quarter Sleeves', 'Sleeve Styling': 'Puff Sleeves', 'Surface Styling': 'Ruffles', 'Sustainable': 'Regular', 'Transparency': 'Opaque', 'Type': 'Shirt Style', 'Wash Care': 'Machine Wash', 'Weave Type': 'Woven', 'taxMaterial': 'NA'}"
2280915,SASSAFRAS Peach-Coloured Satin Finish Shirt Style Top,Shirt Style Top,1299.0,Peach,SASSAFRAS,http://assets.myntassets.com/assets/images/2280915/2017/12/5/11512454408591-SASSAFRAS-Women-Pink-Solid-Shirt-Style-Top-1481512454408474-1.jpg,4876.0,4.218211648892535,"Peach-coloured solid woven satin finish shirt style top, has a tie-up neck with sequinned detail, long sleeves, button placket100% polyester<br>Dry CleanRegular Fit<br> The model (height 5'8"") is wearing a size S","{'Body Shape ID': '324,424', 'Body or Garment Size': 'To-Fit Denotes Body Measurements in', 'Center Front Open': 'No', 'Character': 'NA', 'Closure': 'Button', 'Fabric': 'Polyester', 'Fabric Type': 'Satin', 'Length': 'Regular', 'Lining': 'NA', 'Main Trend': 'New Basics', 'Multipack Set': 'NA', 'Neck': 'Tie-Up Neck', 'Occasion': 'Casual', 'Pattern': 'Solid', 'Print or Pattern Type': 'Solid', 'Sleeve Length': 'Long Sleeves', 'Sleeve Styling': 'Cuffed Sleeves', 'Surface Styling': 'Sequined', 'Sustainable': 'Regular', 'Transparency': 'Opaque', 'Type': 'Shirt Style', 'Wash Care': 'Hand Wash', 'Weave Type': 'Woven', 'Wedding': 'NA', 'taxMaterial': 'NA'}"
10128417,Taavi Women Navy Blue & White Woven Design Ikat Empire Sustainable Pure Cotton Top With Smocked detailing,Top,1499.0,Navy Blue,Taavi,http://assets.myntassets.com/assets/images/10128417/2022/4/18/23cf4e81-7603-4e3d-b63b-06f6bd8747e21650284906537TaaviWomenNavyBlueWhiteWovenDesignIkatEmpireSustainablePureC1.jpg,744.0,4.331989247311828,"<b>Special Technique/Craft:</b><br>The term ""Ikat"" refers to the resist dyeing technique used to create the designs on the fabric. It is different because the yarns are dyed before being woven into cloth. Fashion trends may come and go, but Ikat fabrics have always stood the test of time.<br><br><b>Design:</b><ul><li>Region: Andhra Pradesh</li><li>Navy Blue and white</li><li>Woven design empire top with smocked detailing</li><li>shoulder strap neck</li><li>Sleeveless</li><li>Craft: Ikat</li></ul><b>Disclaimer:</b><ul><li>This is a handcrafted top, and is prone to colour bleeding due to use of natural dyes</li><li>The print on the garment might be uneven- owing to the handcrafted nature of the product, adding essence to the garment.</li></ul>Semi-Fit<br> The model (height 5'8"") is wearing a size S100% cotton<br>Hand-wash cold, Wash dark&nbsp;colours&nbsp;separately","{'Body Shape ID': '443,333,324,424', 'Body or Garment Size': 'To-Fit Denotes Body Measurements in', 'Center Front Open': 'No', 'Character': 'NA', 'Closure': 'NA', 'Fabric': 'Pure Cotton', 'Fabric Type': 'Cotton', 'Length': 'Regular', 'Lining': 'NA', 'Main Trend': 'Indigo', 'Multipack Set': 'NA', 'Neck': 'Shoulder Straps', 'Occasion': 'Ethnic', 'Pattern': 'Self Design', 'Print or Pattern Type': 'Geometric', 'Sleeve Length': 'Sleeveless', 'Sleeve Styling': 'Shoulder Straps', 'Surface Styling': 'Smocking', 'Sustainable': 'Sustainable', 'Transparency': 'Opaque', 'Type': 'Empire', 'Wash Care': 'Machine Wash', 'Weave Type': 'Knitted and Woven', 'taxMaterial': 'NA'}"
10019867,Carlton London Sea Green Floral Peplum Top,Top,1199.0,Sea Green,Carlton London,http://assets.myntassets.com/assets/images/10019867/2019/6/18/3565f1d0-63ec-40b1-ab31-317d588228a21560837923740-Carlton-London-Women-Blue-Printed-Peplum-Top-218156083792251-1.jpg,652.0,4.285276073619632,"Sea green and white printed woven peplum top, has shoulder straps, and button placketPoly crepe<br>Machine-washFitted<br> The model (height 5'8"") is wearing a size S","{'Body Shape ID': '333,424', 'Body or Garment Size': 'To-Fit Denotes Body Measurements in', 'Center Front Open': 'No', 'Character': 'NA', 'Closure': 'Button', 'Fabric Type': 'Crepe', 'Length': 'Regular', 'Lining': 'NA', 'Main Trend': 'Floral Print', 'Multipack Set': 'NA', 'Neck': 'Shoulder Straps', 'Occasion': 'Casual', 'Pattern': 'Printed', 'Print or Pattern Type': 'Floral', 'Sleeve Length': 'Sleeveless', 'Sleeve Styling': 'No Sleeves', 'Surface Styling': 'Lace Inserts', 'Sustainable': 'Regular', 'Transparency': 'Opaque', 'Type': 'Peplum', 'Wash Care': 'Machine Wash', 'Weave Type': 'Woven', 'taxMaterial': 'NA'}"
10494132,her by invictus Women Black & Rust Brown Striped Top,Top,1399.0,Black,her by invictus,http://assets.myntassets.com/assets/images/10494132/2019/11/4/0cf7cdcb-9605-4e93-93cb-82aea19d7d6b1572859796115-her-by-invictus-Women-Tops-7141572859793886-1.jpg,575.0,4.085217391304348,"Black and Rust brown striped woven regular top, has a round neck, and short sleevesThe model (height 5'8"") is wearing a size S100% Polyester<br>Machine-wash","{'Body Shape ID': '443,333,424', 'Body or Garment Size': 'To-Fit Denotes Body Measurements in', 'Closure': 'NA', 'Fabric': 'Polyester', 'Fabric Type': 'NA', 'Length': 'Regular', 'Lining': 'NA', 'Main Trend': 'Multi or Variegated Stripes', 'Neck': 'Round Neck', 'Occasion': 'Casual', 'Pattern': 'Striped', 'Print or Pattern Type': 'Vertical Stripes', 'Sleeve Length': 'Short Sleeves', 'Sleeve Styling': 'Regular Sleeves', 'Surface Styling': 'NA', 'Transparency': 'Opaque', 'Type': 'Regular', 'Wash Care': 'Machine Wash', 'Weave Type': 'Woven', 'taxMaterial': 'NA'}"
7477714,Veni Vidi Vici Mustard Yellow Twisted Cropped Fitted Top,Top,1170.0,Mustard,Veni Vidi Vici,http://assets.myntassets.com/assets/images/7477714/2018/10/4/2d744bcc-ebc8-46f4-a3c2-dc60a5da14291538643882929-Veni-Vidi-Vici-Women-Tops-7901538643882756-1.jpg,2234.0,4.143240823634736,"Mustard Yellow solid knitted cropped fitted top, has shoulder strapsFitted<br> The model (height 5'8"") is wearing a size S95% polyester, 5% elastane<br>Machine-wash","{'Body Shape ID': '424', 'Body or Garment Size': 'To-Fit Denotes Body Measurements in', 'Center Front Open': 'No', 'Character': 'NA', 'Closure': 'NA', 'Fabric Type': 'NA', 'Length': 'Crop', 'Lining': 'NA', 'Main Trend': 'New Basics', 'Multipack Set': 'NA', 'Neck': 'Shoulder Straps', 'Occasion': 'Casual', 'Pattern': 'Solid', 'Print or Pattern Type': 'Solid', 'Sleeve Length': 'Sleeveless', 'Sleeve Styling': 'Shoulder Straps', 'Surface Styling': 'Twisted', 'Sustainable': 'Regular', 'Transparency': 'Opaque', 'Type': 'Fitted', 'Wash Care': 'Machine Wash', 'Weave Type': 'Knitted', 'taxMaterial': 'NA'}"
6743810,RARE Black & White Checked Cinched Waist Top,Top,1499.0,Black,RARE,http://assets.myntassets.com/assets/images/6743810/2018/6/15/09c1b000-5189-4ffd-90c0-130133a907b31529062558856-RARE-Women-Black-Checked-Cinched-Waist-Top-3051529062558632-1.jpg,4554.0,4.139877031181379,"<ul> <li> Black and white regular cinched waist top </li> <li> Checked </li> <li> Round neck,  long,  cuffed sleeves </li> <li> Tie-ups detail </li> <li> Woven </li> </ul>The model (height 5'8) is wearing a size SPure Cotton<br>Machine-wash","{'Body Shape ID': '443,333,424', 'Body or Garment Size': 'To-Fit Denotes Body Measurements in', 'Care for me': 'Machine Wash in cold water (30 degree C or low) to avoid shrinkage\r\nLine-dry in shade to avoid yellowing\r\nFor whites, wash with non-chlorine bleach on a hot water setting\r\nIron when slightly damp', 'Center Front Open': 'No', 'Character': 'NA', 'Closure': 'NA', 'Fabric': 'Pure Cotton', 'Fabric Type': 'NA', 'Length': 'Regular', 'Lining': 'NA', 'Main Trend': 'New Basics', 'Multipack Set': 'NA', 'Neck': 'Round Neck', 'Occasion': 'Casual', 'Pattern': 'Checked', 'Print or Pattern Type': 'Checked', 'Sleeve Length': 'Long Sleeves', 'Sleeve Styling': 'Cuffed Sleeves', 'Surface Styling': 'Tie-Ups', 'Sustainable': 'Regular', 'Transparency': 'Opaque', 'Type': 'Cinched Waist', 'Wash Care': 'Machine Wash', 'Weave Type': 'Woven', 'taxMaterial': 'NA'}"
80015,Jockey THERMALS Men Grey Thermal T-shirt 2401,"T-shirt, Thermal",679.0,Grey,Jockey,http://assets.myntassets.com/v1/images/style/properties/Jockey-Men-Grey-Thermal-T-shirt_e87447668bb07c89955d4b695030c9ca_images.jpg,319.0,4.391849529780564,"<p>Grey round neck thermal T-shirt, has long sleeves<br>Brushed, interlock fabric<br>Snug, tailored fit<br>Elastane cuffs for 'no sag' grip<br>Low neck design - does not show when worn underneath</p><p>NA</p><p>Cotton rich<br> Machine wash</p>","{'Body or Garment Size': 'Garment Measurements in', 'Fabric': 'Cotton', 'Multipack Set': 'Single', 'Neck': 'Round Neck', 'Sleeve Length': 'Long Sleeves', 'Wash Care': 'Machine Wash'}"
8119623,Tokyo Talkies Women Grey & White Striped Top,Top,999.0,Grey,Tokyo Talkies,http://assets.myntassets.com/assets/images/8119623/2019/3/7/3128cb16-f412-4c0a-b6af-ba681a71ea5d1551942114283-Tokyo-Talkies-Women-Grey-Striped-Top-9451551942112831-1.jpg,1383.0,4.033984092552422,"Grey and white striped woven regular top, has a mandarin collar, long sleeves with roll-up tabs, button closure100% Polyester<br>Machine-washThe model (height 5'8"") is wearing a size S","{'Body Shape ID': '443,333,324,424', 'Body or Garment Size': 'To-Fit Denotes Body Measurements in', 'Closure': 'Button', 'Fabric': 'Polyester', 'Fabric Type': 'NA', 'Length': 'Regular', 'Lining': 'NA', 'Main Trend': 'New Basics', 'Neck': 'Mandarin Collar', 'Occasion': 'Casual', 'Pattern': 'Striped', 'Print or Pattern Type': 'Vertical Stripes', 'Sleeve Length': 'Long Sleeves', 'Sleeve Styling': 'Roll-Up Sleeves', 'Surface Styling': 'NA', 'Transparency': 'Opaque', 'Type': 'Regular', 'Wash Care': 'Machine Wash', 'Weave Type': 'Woven', 'taxMaterial': 'NA'}"
10336797,Roadster Teal Green Shirt Style Top,"Shirt, Top",1499.0,Teal,Roadster,http://assets.myntassets.com/assets/images/10336797/2019/8/21/c977b440-e426-4b72-badb-3baae065f1b31566373913331-Roadster-Women-Tops-7841566373911938-1.jpg,1132.0,4.152826855123675,"Teal green solid woven shirt style top, has a mandarin collar, long sleeves, and button closureRegular Fit<br> The model (height 5'8"") is wearing a size S100% polyester<br>Machine-wash","{'Body Shape ID': '443,333,324,424', 'Body or Garment Size': 'To-Fit Denotes Body Measurements in', 'Center Front Open': 'No', 'Character': 'NA', 'Closure': 'Button', 'Fabric Type': 'NA', 'Length': 'Regular', 'Lining': 'NA', 'Main Trend': 'New Basics', 'Multipack Set': 'NA', 'Neck': 'Mandarin Collar', 'Occasion': 'Casual', 'Pattern': 'Solid', 'Print or Pattern Type': 'Solid', 'Sleeve Length': 'Long Sleeves', 'Sleeve Styling': 'Regular Sleeves', 'Surface Styling': 'NA', 'Sustainable': 'Regular', 'Transparency': 'Opaque', 'Type': 'Shirt Style', 'Wash Care': 'Machine Wash', 'Weave Type': 'Woven', 'taxMaterial': 'NA'}"
7240789,CACA CINA Girls Red Georgette Polka Dot Top,Top,899.0,Red,CACA CINA,http://assets.myntassets.com/assets/images/7240789/2018/8/29/08ece6e4-9d6b-48e1-b49a-6d212c49cf001535523371025-NA-6191535523370910-1.jpg,1352.0,4.171597633136095,"Red printed woven regular top, has a shoulder straps, has an attached liningOuter: Polyester georgette<br>Lining: Cotton<br>Hand-wash","{'Body or Garment Size': 'Garment Measurements in', 'Closure': 'NA', 'Fabric': 'Polyester', 'Fabric Type': 'Georgette', 'Length': 'Regular', 'Lining': 'Has a lining', 'Main Trend': 'Geometric Print', 'Neck': 'Shoulder Straps', 'Occasion': 'Casual', 'Pattern': 'Printed', 'Print or Pattern Type': 'Polka Dots', 'Sleeve Styling': 'No Sleeves', 'Surface Styling': 'NA', 'Transparency': 'Opaque', 'Type': 'Regular', 'Wash Care': 'Hand Wash', 'Weave Type': 'Woven', 'taxMaterial': 'NA'}"
8010357,HRX by Hrithik Roshan Black Rapid-Dry Tank Top,Tank Top,1199.0,Black,HRX by Hrithik Roshan,http://assets.myntassets.com/assets/images/8010357/2022/5/14/9b49bd5c-7c49-4c1e-a1fd-44e27ebfb49b1652523324797-HRX-by-Hrithik-Roshan-Black-Rapid-Dry-Tank-Top-5281652523324-6.jpg,883.0,4.494903737259343,"Designed for workouts in the gym and outside it, the HRX Women's Training Top has a mesh panel to keep you cool and Rapid Dry technology to wick away sweat. With a slim fit style, it ensures that you look as good as you feel.<br><br><b>Features</b><ul><li>Rapid Dry technology wicks sweat and dries fast.</li><li>Anti-Microbial technology keeps odor-causing microbes away.</li><li>Mesh back for ventilation.</li><li>Reflective logo</li><li>Neck: Round Neck</li><li>Sleeve Length: Sleeveless</li><li>T-shirt length: Regular</li><li>Fit: Slim Fit</li></ul>88% polyester and 12% elastane<br>Machine-washThe model (height 5'8"") is wearing a size S","{'Body Shape ID': '333,424', 'Body or Garment Size': 'Garment Measurements in', 'Center Front Open': 'No', 'Character': 'NA', 'Closure': 'NA', 'Fabric Type': 'NA', 'Length': 'Regular', 'Lining': 'NA', 'Main Trend': 'New Basics', 'Multipack Set': 'NA', 'Neck': 'Round Neck', 'Occasion': 'Casual', 'Pattern': 'Solid', 'Print or Pattern Type': 'Solid', 'Sleeve Length': 'Sleeveless', 'Sleeve Styling': 'No Sleeves', 'Surface Styling': 'NA', 'Sustainable': 'Regular', 'Transparency': 'Opaque', 'Type': 'Tank', 'Wash Care': 'Machine Wash', 'Weave Type': 'Knitted', 'taxMaterial': 'NA'}"
10336795,The Roadster Lifestyle Co Women Peach Solid Shirt Style Top,"Shirt, Top",1499.0,Peach,Roadster,http://assets.myntassets.com/assets/images/10336795/2019/8/21/548e41c2-3e0a-4ed0-bde7-9f9ffc2a0e2d1566374346546-Roadster-Women-Tops-1511566374345116-1.jpg,669.0,4.094170403587444,"Peach solid woven shirt style top, has a mandarin collar, long sleeves, and button closure100% polyester<br>Machine-washRegular Fit<br>The model (height 5'8"") is wearing a size S","{'Body Shape ID': '443,333,324,424', 'Body or Garment Size': 'To-Fit Denotes Body Measurements in', 'Closure': 'Button', 'Fabric': 'Polyester', 'Fabric Type': 'NA', 'Length': 'Regular', 'Lining': 'NA', 'Main Trend': 'New Basics', 'Neck': 'Mandarin Collar', 'Occasion': 'Casual', 'Pattern': 'Solid', 'Print or Pattern Type': 'Solid', 'Sleeve Length': 'Long Sleeves', 'Sleeve Styling': 'Regular Sleeves', 'Surface Styling': 'NA', 'Transparency': 'Opaque', 'Type': 'Shirt Style', 'Wash Care': 'Machine Wash', 'Weave Type': 'Woven', 'taxMaterial': 'NA'}"
8915439,plusS Black Polka Dots Bell Sleeves Top,Top,1499.0,Black,plusS,http://assets.myntassets.com/assets/images/productimage/2019/2/26/ee1f7983-b62d-435f-89b2-cd132ea2335a1551179081422-1.jpg,1911.0,4.310832025117739,"Black and white printed knitted regular top, has a round neck, long sleeves,100% Polyester<br>Machine-washThe model (height 5'8"") is wearing a size S","{'Body Shape ID': '443,333,424', 'Body or Garment Size': 'To-Fit Denotes Body Measurements in', 'Center Front Open': 'No', 'Character': 'NA', 'Closure': 'NA', 'Fabric Type': 'NA', 'Length': 'Regular', 'Lining': 'NA', 'Main Trend': 'Geometric Print', 'Multipack Set': 'NA', 'Neck': 'Round Neck', 'Occasion': 'Casual', 'Pattern': 'Printed', 'Print or Pattern Type': 'Polka Dots', 'Sleeve Length': 'Long Sleeves', 'Sleeve Styling': 'Bell Sleeves', 'Surface Styling': 'NA', 'Sustainable': 'Regular', 'Transparency': 'Opaque', 'Type': 'Regular', 'Wash Care': 'Machine Wash', 'Weave Type': 'Knitted', 'taxMaterial': 'NA'}"
10521038,Antheaa Women Burgundy Self-Design Top,Top,1649.0,Burgundy,Antheaa,http://assets.myntassets.com/assets/images/10521038/2019/9/5/23f7a0f3-1ddb-406d-9d82-218e06938cf61567679016236-Antheaa-Women-Tops-8691567679014864-1.jpg,219.0,4.251141552511416,"Burgundy self-design woven top, has a high neck, three-quarter sleeves, and button closure, attached liningPolyester chiffon<br>Hand-washThe model (height 5'8"") is wearing a size S","{'Body Shape ID': '333', 'Body or Garment Size': 'To-Fit Denotes Body Measurements in', 'Closure': 'Button', 'Fabric': 'Polyester', 'Fabric Type': 'Chiffon', 'Length': 'Regular', 'Lining': 'Has a lining', 'Main Trend': 'Victorian', 'Neck': 'High Neck', 'Occasion': 'Casual', 'Pattern': 'Self Design', 'Print or Pattern Type': 'Self Design', 'Sleeve Length': 'Three-Quarter Sleeves', 'Sleeve Styling': 'Puff Sleeves', 'Surface Styling': 'Lace Inserts', 'Transparency': 'Opaque', 'Type': 'Regular', 'Wash Care': 'Hand Wash', 'Weave Type': 'Woven', 'taxMaterial': 'NA'}"
8841583,La Zoire Women Blue & White Striped A-Line Top,"Top, A-Line",1599.0,Blue,La Zoire,http://assets.myntassets.com/assets/images/8841583/2019/3/5/f71e0dba-4be5-4376-be56-90e251c8b3801551786635325-La-Zoire-Women-Blue-Striped-A-Line-Top-451551786633983-1.jpg,342.0,4.295321637426901,"Blue and white striped woven A-line top with schiffli embroidered detail, has a round neck, three-quarter sleeves, button closureRegular Fit<br> The model (height 5'8"") is wearing a size SCotton Blend<br>Hand-wash","{'Body Shape ID': '443,333,424', 'Body or Garment Size': 'To-Fit Denotes Body Measurements in', 'Closure': 'Button', 'Fabric': 'Cotton Blend', 'Fabric Type': 'NA', 'Length': 'Regular', 'Lining': 'NA', 'Main Trend': 'Lace Frills Bows and Ruffles', 'Neck': 'Round Neck', 'Occasion': 'Casual', 'Pattern': 'Striped', 'Print or Pattern Type': 'Vertical Stripes', 'Sleeve Length': 'Three-Quarter Sleeves', 'Sleeve Styling': 'Puff Sleeves', 'Surface Styling': 'Lace Inserts', 'Transparency': 'Opaque', 'Type': 'A-Line', 'Wash Care': 'Hand Wash', 'Weave Type': 'Woven', 'taxMaterial': 'NA'}"
10856220,SASSAFRAS Off-White Top with Satin Finish,Top,1399.0,Off White,SASSAFRAS,http://assets.myntassets.com/assets/images/10856220/2019/11/5/eefaba30-c424-43c8-b446-0f383d3fd64b1572954604548-SASSAFRAS-Women-Tops-8981572954602347-1.jpg,3390.0,4.325073746312684,"Off-white solid woven regular top with satin finish, has a jewel neck, long cuffed sleeves, button closureThe model (height 5'8"") is wearing a size SPolyester<br>Dry-clean","{'Body Shape ID': '424', 'Body or Garment Size': 'To-Fit Denotes Body Measurements in', 'Center Front Open': 'No', 'Character': 'NA', 'Closure': 'Button', 'Fabric Type': 'Satin', 'Length': 'Regular', 'Lining': 'NA', 'Main Trend': 'New Basics', 'Multipack Set': 'NA', 'Neck': 'Jewel Neck', 'Occasion': 'Casual', 'Pattern': 'Solid', 'Print or Pattern Type': 'Solid', 'Sleeve Length': 'Long Sleeves', 'Sleeve Styling': 'Cuffed Sleeves', 'Surface Styling': 'NA', 'Sustainable': 'Regular', 'Transparency': 'Opaque', 'Type': 'Regular', 'Wash Care': 'Dry Clean', 'Weave Type': 'Woven', 'taxMaterial': 'NA'}"
1866504,Roadster Black High Slit Pure Cotton Top,Top,899.0,Black,Roadster,http://assets.myntassets.com/assets/images/1866504/2018/3/27/11522151999763-Roadster-Women-Black-Solid-Top-2611522151999615-1.jpg,1776.0,4.042792792792793,"Black solid knitted regular high slit top, has a round neck, short sleevesThe model (height 5'8"") is wearing a size S100% cotton <br> Machine-wash","{'Body Shape ID': '443', 'Body or Garment Size': 'To-Fit Denotes Body Measurements in', 'Center Front Open': 'No', 'Character': 'NA', 'Closure': 'NA', 'Fabric Type': 'Cotton', 'Length': 'Longline', 'Lining': 'NA', 'Main Trend': 'New Basics', 'Multipack Set': 'NA', 'Neck': 'Round Neck', 'Occasion': 'Casual', 'Pattern': 'Solid', 'Print or Pattern Type': 'Solid', 'Sleeve Length': 'Short Sleeves', 'Sleeve Styling': 'Regular Sleeves', 'Surface Styling': 'NA', 'Sustainable': 'Regular', 'Transparency': 'Opaque', 'Type': 'Regular', 'Wash Care': 'Machine Wash', 'Weave Type': 'Knitted', 'taxMaterial': 'NA'}"
2163307,HERE&NOW Women White & Green Printed A-Line Top,"Top, A-Line Top, Printed Top",1499.0,White,HERE&NOW,http://assets.myntassets.com/assets/images/2163307/2017/10/17/11508242451119-HERENOW-Women-White-Printed-A-Line-Top-7521508242451000-1.jpg,972.0,4.111111111111111,"White and green printed woven A-line top, has a tie-up neck, long sleevesRegular Fit<br> The model (height 5'8"") is wearing a size SPure cotton<br>Machine-wash warm","{'Body Shape ID': '324,424', 'Body or Garment Size': 'Garment Measurements in', 'Center Front Open': 'Yes', 'Character': 'NA', 'Closure': 'NA', 'Fabric': 'Pure Cotton', 'Fabric Type': 'Cotton', 'Length': 'Regular', 'Lining': 'NA', 'Main Trend': 'Ethnic Print', 'Multipack Set': 'NA', 'Neck': 'Tie-Up Neck', 'Occasion': 'Ethnic', 'Pattern': 'Printed', 'Print or Pattern Type': 'Ethnic Motifs', 'Sleeve Length': 'Long Sleeves', 'Sleeve Styling': 'Cuffed Sleeves', 'Surface Styling': 'Gathered or Pleated', 'Sustainable': 'Regular', 'Transparency': 'Opaque', 'Type': 'A-Line', 'Wash Care': 'Machine Wash', 'Weave Type': 'Woven', 'taxMaterial': 'NA'}"
9658889,Azira Navy Blue & Maroon Ethnic Motifs Pleated Empire Pure Cotton Top,Top,1299.0,Navy Blue,Azira,http://assets.myntassets.com/assets/images/9658889/2019/5/20/4e4a9ef6-8779-4812-8e35-910d28dc7c5c1558356012051-Azira-Women-Navy-Blue-Printed-Empire-Top-7321558356010324-1.jpg,852.0,4.338028169014085,"Navy Blue and maroon printed woven empire top, has a round neck, three-quarter sleevesSemi-Fit<br> The model (height 5'8"") is wearing a size SPure Cotton<br> Machine-wash","{'Body Shape ID': '443,333,424', 'Body or Garment Size': 'Garment Measurements in', 'Center Front Open': 'No', 'Character': 'NA', 'Closure': 'NA', 'Fabric Type': 'Cotton', 'Length': 'Regular', 'Lining': 'NA', 'Main Trend': 'Ethnic Print', 'Multipack Set': 'NA', 'Neck': 'Round Neck', 'Occasion': 'Ethnic', 'Pattern': 'Printed', 'Print or Pattern Type': 'Ethnic Motifs', 'Sleeve Length': 'Three-Quarter Sleeves', 'Sleeve Styling': 'Bell Sleeves', 'Surface Styling': 'Gathered or Pleated', 'Sustainable': 'Regular', 'Transparency': 'Opaque', 'Type': 'Empire', 'Wash Care': 'Machine Wash', 'Weave Type': 'Woven', 'taxMaterial': 'NA'}"
9528591,DressBerry Women White & Black Striped Pure Cotton Top,"Top, Striped, Pure Cotton",1099.0,White,DressBerry,http://assets.myntassets.com/assets/images/9528591/2019/10/9/54d5748e-057f-42e0-87d2-99bb025ac86b1570601827051-DressBerry-Women-Tops-8441570601825065-1.jpg,430.0,4.21860465116279,"White and Black striped woven regular  top, has a keyhole neck, and three-quarter sleevesPure Cotton<br>Machine-washThe model (height 5'8"") is wearing a size S","{'Body Shape ID': '443,324,424', 'Body or Garment Size': 'To-Fit Denotes Body Measurements in', 'Center Front Open': 'No', 'Character': 'NA', 'Closure': 'NA', 'Fabric': 'Pure Cotton', 'Fabric Type': 'NA', 'Length': 'Regular', 'Lining': 'NA', 'Main Trend': 'Monochrome', 'Multipack Set': 'NA', 'Neck': 'Keyhole Neck', 'Occasion': 'Casual', 'Pattern': 'Striped', 'Print or Pattern Type': 'Horizontal Stripes', 'Sleeve Length': 'Three-Quarter Sleeves', 'Sleeve Styling': 'Regular Sleeves', 'Surface Styling': 'NA', 'Sustainable': 'Regular', 'Transparency': 'Opaque', 'Type': 'Regular', 'Wash Care': 'Machine Wash', 'Weave Type': 'Woven', 'taxMaterial': 'NA'}"
2507000,Roadster Pink Knitted Lace Top,Top,899.0,Pink,Roadster,http://assets.myntassets.com/assets/images/2507000/2018/4/26/11524743666373-Roadster-Women-Pink-Solid-Top-211524743666251-1.jpg,1524.0,3.9986876640419946,"Pink solid knitted regular top, has a round neck, short sleevesCotton Blend <br> Machine-washThe model (height 5'8"") is wearing a size S","{'Body Shape ID': '443,333,424', 'Body or Garment Size': 'To-Fit Denotes Body Measurements in', 'Center Front Open': 'No', 'Character': 'NA', 'Closure': 'NA', 'Fabric Type': 'NA', 'Length': 'Regular', 'Lining': 'NA', 'Main Trend': 'New Basics', 'Multipack Set': 'NA', 'Neck': 'Round Neck', 'Occasion': 'Casual', 'Pattern': 'Solid', 'Print or Pattern Type': 'Solid', 'Sleeve Length': 'Short Sleeves', 'Sleeve Styling': 'Regular Sleeves', 'Surface Styling': 'Lace-Up', 'Sustainable': 'Regular', 'Transparency': 'Opaque', 'Type': 'Regular', 'Wash Care': 'Machine Wash', 'Weave Type': 'Knitted', 'taxMaterial': 'NA'}"
9052855,Miss Chase Maroon Striped Pure Cotton Top,Top,1249.0,Maroon,Miss Chase,http://assets.myntassets.com/assets/images/productimage/2019/3/18/dda6e92f-749a-42db-b1ba-e7df4937fc3d1552883111909-1.jpg,442.0,4.398190045248869,"Maroon and white striped knitted regular top, has a boat neck, three-quarter sleevesThe model (height 5'8"") is wearing a size SPure Cotton<br> Machine-wash","{'Body Shape ID': '324,424', 'Body or Garment Size': 'To-Fit Denotes Body Measurements in', 'Center Front Open': 'No', 'Character': 'NA', 'Closure': 'NA', 'Fabric Type': 'Cotton', 'Length': 'Regular', 'Lining': 'NA', 'Main Trend': 'New Basics', 'Multipack Set': 'NA', 'Neck': 'Boat Neck', 'Occasion': 'Casual', 'Pattern': 'Striped', 'Print or Pattern Type': 'Horizontal Stripes', 'Sleeve Length': 'Three-Quarter Sleeves', 'Sleeve Styling': 'Regular Sleeves', 'Surface Styling': 'NA', 'Sustainable': 'Regular', 'Transparency': 'Opaque', 'Type': 'Regular', 'Wash Care': 'Machine Wash', 'Weave Type': 'Knitted', 'taxMaterial': 'NA'}"
2213582,Marie Claire Off-White Floral Sleeveless Top With Shoulder Straps,Top,1299.0,Off White,Marie Claire,http://assets.myntassets.com/assets/images/2213582/2017/10/30/11509362741036-na-5571509362740810-1.jpg,1688.0,4.294431279620853,"Off-White and pink printed woven regular top, has a shoulder straps, sleevelessThe model (height 5'8"") is wearing a size SPolyester <br> Hand-wash","{'Body Shape ID': '443,333,324,424', 'Body or Garment Size': 'To-Fit Denotes Body Measurements in', 'Center Front Open': 'No', 'Character': 'NA', 'Closure': 'NA', 'Fabric Type': 'NA', 'Length': 'Regular', 'Lining': 'NA', 'Main Trend': 'Floral Print', 'Multipack Set': 'NA', 'Neck': 'Shoulder Straps', 'Occasion': 'Casual', 'Pattern': 'Printed', 'Print or Pattern Type': 'Floral', 'Sleeve Length': 'Sleeveless', 'Sleeve Styling': 'Shoulder Straps', 'Surface Styling': 'NA', 'Sustainable': 'Regular', 'Transparency': 'Opaque', 'Type': 'Regular', 'Wash Care': 'Hand Wash', 'Weave Type': 'Woven', 'taxMaterial': 'NA'}"
2594438,Sera Blue & White Striped Cinched Waist Top,Top,1299.0,Blue,Sera,http://assets.myntassets.com/assets/images/2594438/2018/3/1/11519899428849-Sera-Women-White-Striped-Cinched-Waist-Top-7111519899428659-1.jpg,1409.0,4.104329311568488,"Blue and white striped woven cinched waist top, has a boat neck, long sleeves,100% Polyester<br>Machine-washSemi-Fit<br>The model (height 5'8"", bust 32"") is wearing a size S","{'Body Shape ID': '324,424', 'Body or Garment Size': 'To-Fit Denotes Body Measurements in', 'Center Front Open': 'No', 'Character': 'NA', 'Closure': 'NA', 'Fabric Type': 'Crepe', 'Length': 'Regular', 'Lining': 'NA', 'Main Trend': 'Multi or Variegated Stripes', 'Multipack Set': 'NA', 'Neck': 'Boat Neck', 'Occasion': 'Casual', 'Pattern': 'Striped', 'Print or Pattern Type': 'Vertical Stripes', 'Sleeve Length': 'Long Sleeves', 'Sleeve Styling': 'Puff Sleeves', 'Surface Styling': 'Waist Tie-Ups', 'Sustainable': 'Regular', 'Transparency': 'Opaque', 'Type': 'Cinched Waist', 'Wash Care': 'Machine Wash', 'Weave Type': 'Woven', 'taxMaterial': 'NA'}"
7477729,Veni Vidi Vici White Ruffled Bardot Top,Top,1170.0,White,Veni Vidi Vici,http://assets.myntassets.com/assets/images/7477729/2018/10/4/eebb54eb-a86f-4976-ba4a-2f40a84035b31538642983490-Veni-Vidi-Vici-Women-Tops-5521538642983294-1.jpg,970.0,4.137113402061856,"White solid knitted bardot top with ruffles, has short sleevesThe model (height 5'8"") is wearing a size S95% polyester, 5% elastane<br>Machine-wash","{'Body Shape ID': '333,324,424', 'Body or Garment Size': 'To-Fit Denotes Body Measurements in', 'Center Front Open': 'No', 'Character': 'NA', 'Closure': 'NA', 'Fabric Type': 'NA', 'Length': 'Regular', 'Lining': 'NA', 'Main Trend': 'Lace Frills Bows and Ruffles', 'Multipack Set': 'NA', 'Neck': 'Off-Shoulder', 'Occasion': 'Casual', 'Pattern': 'Solid', 'Print or Pattern Type': 'Solid', 'Sleeve Length': 'Short Sleeves', 'Sleeve Styling': 'Flutter Sleeves', 'Surface Styling': 'Ruffles', 'Sustainable': 'Regular', 'Transparency': 'Opaque', 'Type': 'Bardot', 'Wash Care': 'Machine Wash', 'Weave Type': 'Knitted', 'taxMaterial': 'NA'}"
10641924,Tokyo Talkies Women Off-White and Beige Floral Printed Peplum Top,Peplum Top,999.0,Off White,Tokyo Talkies,http://assets.myntassets.com/assets/images/productimage/2019/9/13/39db7ccc-6722-49a7-b183-2d259102bde01568380407795-1.jpg,645.0,4.2,"Off-White and Beige printed woven peplum  top, has a round neck, three-quarter sleeves, and button closurePolyester<br>Machine-washFitted<br> The model (height 5'8"") is wearing a size S","{'Body Shape ID': '333,424', 'Body or Garment Size': 'To-Fit Denotes Body Measurements in', 'Closure': 'Button', 'Fabric': 'Polyester', 'Fabric Type': 'NA', 'Length': 'Regular', 'Lining': 'NA', 'Main Trend': 'Floral Print', 'Neck': 'Round Neck', 'Occasion': 'Casual', 'Pattern': 'Printed', 'Print or Pattern Type': 'Floral', 'Sleeve Length': 'Three-Quarter Sleeves', 'Sleeve Styling': 'Flared Sleeves', 'Surface Styling': 'NA', 'Transparency': 'Opaque', 'Type': 'Peplum', 'Wash Care': 'Machine Wash', 'Weave Type': 'Woven', 'taxMaterial': 'NA'}"
8339487,Roadster Women White Solid Pure Cotton Top With Contrast Rib,Top,699.0,White,Roadster,http://assets.myntassets.com/assets/images/8339487/2019/3/12/37d7037d-25c0-48f4-a233-ca24dea22e2f1552366383123-Roadster-Women-White-Solid-Top-31552366382280-1.jpg,1655.0,4.004833836858006,"White solid woven regular top, has a round neck, short sleeves100% cotton<br>Machine-washThe model (height 5'8"") is wearing a size S","{'Body Shape ID': '333', 'Body or Garment Size': 'To-Fit Denotes Body Measurements in', 'Center Front Open': 'No', 'Character': 'NA', 'Closure': 'NA', 'Fabric': 'Pure Cotton', 'Fabric Type': 'NA', 'Length': 'Regular', 'Lining': 'NA', 'Main Trend': 'New Basics', 'Multipack Set': 'NA', 'Neck': 'Round Neck', 'Occasion': 'Casual', 'Pattern': 'Solid', 'Print or Pattern Type': 'Solid', 'Sleeve Length': 'Short Sleeves', 'Sleeve Styling': 'Extended Sleeves', 'Surface Styling': 'NA', 'Sustainable': 'Regular', 'Transparency': 'Opaque', 'Type': 'Regular', 'Wash Care': 'Machine Wash', 'Weave Type': 'Woven', 'taxMaterial': 'NA'}"
8802067,HRX by Hrithik Roshan Women Solid Rapid dry Running Tank Top,"Tank Top, Running Top",999.0,Grey,HRX by Hrithik Roshan,http://assets.myntassets.com/assets/images/8802067/2022/5/18/7448e8ff-7a1e-4c57-96df-1be8b34c82621652868110393-HRX-by-Hrithik-Roshan-Women-Solid-Rapid-dry-Running-Tank-Top-1.jpg,80.0,4.5125,"<b>Features:</b><ul><li>Rapid Dry technology wicks sweat and dries fast.</li><li>Anti-Microbial technology keeps odor-causing microbes away.</li><li>Reflective logo</li><li>T-shirt length: Regular</li><li>Fit: Slim Fit</li></ul>Knit T-shirt<br>Fabric: Polyester Elastane Lightweight Fabric<br>Machine Wash<br><br>Slim-Fit<br>The model (height 5'8"") is wearing a size S<br>","{'Body Shape ID': '443,333,424', 'Body or Garment Size': 'Garment Measurements in', 'Closure': 'NA', 'Fabric': 'Polyester', 'Fabric Type': 'NA', 'Length': 'Regular', 'Lining': 'NA', 'Main Trend': 'New Basics', 'Neck': 'Round Neck', 'Occasion': 'Casual', 'Pattern': 'Solid', 'Print or Pattern Type': 'Solid', 'Sleeve Length': 'Sleeveless', 'Sleeve Styling': 'No Sleeves', 'Surface Styling': 'NA', 'Transparency': 'Opaque', 'Type': 'Regular', 'Wash Care': 'Machine Wash', 'Weave Type': 'Knitted', 'taxMaterial': 'NA'}"
7477644,RARE Women White Solid Top,Top,1599.0,White,RARE,http://assets.myntassets.com/assets/images/7477644/2018/9/25/3a55fe38-87c0-4cbf-8dc4-c9fde16867471537863987263-na-7031537863985765-1.jpg,1532.0,4.127937336814622,"White solid woven regular top, has a square neck, three-quarter sleeves,The model (height 5'8"") is wearing a size SPolyester<br>Machine-wash","{'Body Shape ID': '443,324,424', 'Body or Garment Size': 'To-Fit Denotes Body Measurements in', 'Closure': 'NA', 'Fabric': 'Polyester', 'Fabric Type': 'NA', 'Length': 'Regular', 'Lining': 'Has a lining', 'Main Trend': 'New Basics', 'Neck': 'Square Neck', 'Occasion': 'Casual', 'Pattern': 'Solid', 'Print or Pattern Type': 'Solid', 'Sleeve Length': 'Three-Quarter Sleeves', 'Sleeve Styling': 'Cold-Shoulder Sleeves', 'Surface Styling': 'Embroidered', 'Transparency': 'Semi Sheer', 'Type': 'Regular', 'Wash Care': 'Machine Wash', 'Weave Type': 'Woven', 'taxMaterial': 'NA'}"
2137522,Tokyo Talkies Women Blue Self Design Pure Cotton Top,Top,1199.0,Blue,Tokyo Talkies,http://assets.myntassets.com/assets/images/2137522/2017/9/20/11505885083681-Tokyo-Talkies-Women-Blue-Self-Design-Top-3351505885083556-1.jpg,534.0,3.98501872659176,"Blue self-design woven regular embroidered top, has a round neck, short sleeves, waist tie-up detailingPure Cotton <br>Machine-washThe model (height 5'8"") is wearing a size S","{'Body Shape ID': '443,333,424', 'Body or Garment Size': 'To-Fit Denotes Body Measurements in', 'Center Front Open': 'No', 'Character': 'NA', 'Closure': 'NA', 'Fabric': 'Pure Cotton', 'Fabric Type': 'NA', 'Length': 'Regular', 'Lining': 'NA', 'Main Trend': 'New Basics', 'Multipack Set': 'NA', 'Neck': 'Round Neck', 'Occasion': 'Casual', 'Pattern': 'Self Design', 'Print or Pattern Type': 'Self Design', 'Sleeve Length': 'Short Sleeves', 'Sleeve Styling': 'Regular Sleeves', 'Surface Styling': 'Waist Tie-Ups', 'Sustainable': 'Regular', 'Transparency': 'Opaque', 'Type': 'Regular', 'Wash Care': 'Machine Wash', 'Weave Type': 'Woven', 'taxMaterial': 'NA'}"
10632024,Mayra Women Maroon Solid Top,Top,1095.0,Maroon,Mayra,http://assets.myntassets.com/assets/images/10632024/2019/9/13/3b5b8e01-2d95-4881-bc0e-3598fdb79b1c1568354080843-Mayra-Women-Maroon-Solid-Top-9911568354079634-1.jpg,1239.0,3.616626311541566,"Maroon solid woven regular top, has a round neck, short sleevesThe model (height 5'8"") is wearing a size SPolyester<br>Dry-clean","{'Body Shape ID': '443,333,424', 'Body or Garment Size': 'To-Fit Denotes Body Measurements in', 'Closure': 'NA', 'Fabric': 'Polyester', 'Fabric Type': 'NA', 'Length': 'Regular', 'Lining': 'NA', 'Main Trend': 'New Basics', 'Neck': 'Round Neck', 'Occasion': 'Casual', 'Pattern': 'Solid', 'Print or Pattern Type': 'Solid', 'Sleeve Length': 'Short Sleeves', 'Sleeve Styling': 'Regular Sleeves', 'Surface Styling': 'Cut Out', 'Transparency': 'Opaque', 'Type': 'Regular', 'Wash Care': 'Dry Clean', 'Weave Type': 'Woven', 'taxMaterial': 'NA'}"
7477724,Veni Vidi Vici Red Fitted Crop Top,Crop Top,1290.0,Red,Veni Vidi Vici,http://assets.myntassets.com/assets/images/7477724/2018/10/4/de3dfaef-a01a-4e65-8eb5-04c34b3f7f221538659618023-Veni-Vidi-Vici-Women-Red-Solid-Fitted-Crop-Top-9551538659617810-1.jpg,1849.0,3.8539751216874,"Red solid knitted fitted crop top, has a round neck, long sleeves95% polyester, 5% elastane<br>Machine-washFitted<br> The model (height 5'8"") is wearing a size S","{'Body Shape ID': '424', 'Body or Garment Size': 'To-Fit Denotes Body Measurements in', 'Center Front Open': 'No', 'Character': 'NA', 'Closure': 'NA', 'Fabric Type': 'NA', 'Length': 'Crop', 'Lining': 'NA', 'Main Trend': 'New Basics', 'Multipack Set': 'NA', 'Neck': 'Round Neck', 'Occasion': 'Casual', 'Pattern': 'Solid', 'Print or Pattern Type': 'Solid', 'Sleeve Length': 'Long Sleeves', 'Sleeve Styling': 'Regular Sleeves', 'Surface Styling': 'Gathered or Pleated', 'Sustainable': 'Regular', 'Transparency': 'Opaque', 'Type': 'Fitted', 'Wash Care': 'Machine Wash', 'Weave Type': 'Knitted', 'taxMaterial': 'NA'}"
10716842,Style Quotient Women Mustard Yellow Solid Top,Top,1099.0,Mustard,Style Quotient,http://assets.myntassets.com/assets/images/10716842/2019/11/23/0f0cbd18-453a-460b-b038-e97a67cb977f1574508175293-Style-Quotient-Women-Tops-7051574508174464-1.jpg,137.0,3.7737226277372256,"Mustard solid woven top, has a mandarin collar, short puff sleeves, button closureThe model (height 5'8"") is wearing a size SMaterial: Poly crepe<br>Machine Wash","{'Body Shape ID': '443,333,324,424', 'Body or Garment Size': 'To-Fit Denotes Body Measurements in', 'Closure': 'Button', 'Fabric': 'Polyester', 'Fabric Type': 'Crepe', 'Length': 'Regular', 'Lining': 'NA', 'Main Trend': 'New Basics', 'Neck': 'Mandarin Collar', 'Occasion': 'Formal', 'Pattern': 'Solid', 'Print or Pattern Type': 'Solid', 'Sleeve Length': 'Short Sleeves', 'Sleeve Styling': 'Puff Sleeves', 'Surface Styling': 'Gathered or Pleated', 'Transparency': 'Opaque', 'Type': 'Regular', 'Wash Care': 'Machine Wash', 'Weave Type': 'Woven', 'taxMaterial': 'NA'}"
10585790,FableStreet Women White Solid Top,Top,1895.0,White,FableStreet,http://assets.myntassets.com/assets/images/productimage/2019/9/5/90650c22-b731-45be-9f6a-9ec6e41513d21567662797453-1.jpg,42.0,4.214285714285714,"White solid woven regular  top, has a square neck, and three-quarter sleevesPolyester<br> Machine-washThe model (height 5'8"") is wearing a size S","{'Body Shape ID': '443,324,424', 'Body or Garment Size': 'To-Fit Denotes Body Measurements in', 'Closure': 'NA', 'Fabric': 'Polyester', 'Fabric Type': 'NA', 'Length': 'Regular', 'Lining': 'NA', 'Main Trend': 'New Basics', 'Neck': 'Square Neck', 'Occasion': 'Casual', 'Pattern': 'Solid', 'Print or Pattern Type': 'Solid', 'Sleeve Length': 'Three-Quarter Sleeves', 'Sleeve Styling': 'Regular Sleeves', 'Surface Styling': 'NA', 'Transparency': 'Opaque', 'Type': 'Regular', 'Wash Care': 'Machine Wash', 'Weave Type': 'Woven', 'taxMaterial': 'NA'}"
10292681,FableStreet Women Black Colourblocked Top,Top,1595.0,Black,FableStreet,http://assets.myntassets.com/assets/images/productimage/2019/7/19/6fc0943b-ec07-469d-a1c0-9fd2e2cbb7cd1563499355119-1.jpg,45.0,4.155555555555556,"Black colourblocked woven regular  top, has a V-neck, and sleevelessThe model (height 5'8"") is wearing a size SPolyester<br> Machine-wash","{'Body Shape ID': '443,333,324,424', 'Body or Garment Size': 'To-Fit Denotes Body Measurements in', 'Closure': 'NA', 'Fabric': 'Polyester', 'Fabric Type': 'NA', 'Length': 'Regular', 'Lining': 'NA', 'Main Trend': 'Colourblocked', 'Neck': 'V-Neck', 'Occasion': 'Casual', 'Pattern': 'Colourblocked', 'Print or Pattern Type': 'Colourblocked', 'Sleeve Length': 'Sleeveless', 'Sleeve Styling': 'No Sleeves', 'Surface Styling': 'NA', 'Transparency': 'Opaque', 'Type': 'Regular', 'Wash Care': 'Machine Wash', 'Weave Type': 'Woven', 'taxMaterial': 'NA'}"
9076963,Style Quotient Women White Printed Top,Top,1599.0,White,Style Quotient,http://assets.myntassets.com/assets/images/9076963/2019/4/4/9de09e7b-0757-420b-964f-c30f052262c81554378025706-Style-Quotient-Women-Tops-2591554378024049-1.jpg,259.0,4.235521235521236,"White and black printed woven regular top, has a boat neck, three-quarter sleeves,The model (height 5'8"") is wearing a size SPoly crepe <br>Hand-wash","{'Body Shape ID': '424', 'Body or Garment Size': 'To-Fit Denotes Body Measurements in', 'Closure': 'NA', 'Fabric': 'Polyester', 'Fabric Type': 'Crepe', 'Length': 'Regular', 'Lining': 'NA', 'Main Trend': 'Micro or Ditsy Print', 'Neck': 'Boat Neck', 'Occasion': 'Casual', 'Pattern': 'Printed', 'Print or Pattern Type': 'Polka Dots', 'Sleeve Length': 'Three-Quarter Sleeves', 'Sleeve Styling': 'Slit Sleeves', 'Surface Styling': 'Tie-Ups', 'Transparency': 'Opaque', 'Type': 'Regular', 'Wash Care': 'Hand Wash', 'Weave Type': 'Woven', 'taxMaterial': 'NA'}"
9921237,QUIERO Rose Top With Cap Sleeves,Top,2499.0,Rose,QUIERO,http://assets.myntassets.com/assets/images/9921237/2019/6/12/a24b8064-2339-4177-ac78-9821aec82fd11560334977128-QUIERO-Women-Tops-1071560334975724-1.jpg,427.0,4.0117096018735365,"Rose solid woven top with applique and pleated detail, has a round neck, short sleeves, an attached liningThe model (height 5'8"") is wearing a size S100% polyester<br>Machine-wash cold","{'Body Shape ID': '443,333,424', 'Body or Garment Size': 'Garment Measurements in', 'Center Front Open': 'No', 'Character': 'NA', 'Closure': 'NA', 'Fabric': 'Polyester', 'Fabric Type': 'NA', 'Length': 'Regular', 'Lining': 'Has a lining', 'Main Trend': 'Floral Print', 'Multipack Set': 'NA', 'Neck': 'Round Neck', 'Occasion': 'Casual', 'Pattern': 'Solid', 'Print or Pattern Type': 'Solid', 'Sleeve Length': 'Short Sleeves', 'Sleeve Styling': 'Cap Sleeves', 'Surface Styling': 'Applique', 'Sustainable': 'Regular', 'Transparency': 'Opaque', 'Type': 'Regular', 'Wash Care': 'Machine Wash', 'Weave Type': 'Woven', 'taxMaterial': 'NA'}"
2129862,Bhama Couture Women Off-White Embroidered Top,Top,1899.0,Off White,Bhama Couture,http://assets.myntassets.com/assets/images/2129862/2017/9/16/11505546435158-Bhama-Couture-Women-Off-White-Solid-Top-2431505546434876-1.jpg,23.0,3.9130434782608696,"Off-white solid woven top with embroidered front yoke, a mandarin collar, long flared sleeves and a full button placket on the frontThe model (height 5'8"") is wearing a size SCotton blend <br> Machine-wash","{'Body Shape ID': '443,333,324,424', 'Body or Garment Size': 'To-Fit Denotes Body Measurements in', 'Center Front Open': 'No', 'Character': 'NA', 'Closure': 'Button', 'Fabric': 'Cotton Blend', 'Fabric Type': 'NA', 'Length': 'Regular', 'Lining': 'NA', 'Main Trend': 'Bohemian', 'Multipack Set': 'NA', 'Neck': 'Mandarin Collar', 'Occasion': 'Ethnic', 'Pattern': 'Self Design', 'Print or Pattern Type': 'Floral', 'Sleeve Length': 'Long Sleeves', 'Sleeve Styling': 'Flared Sleeves', 'Surface Styling': 'Embroidered', 'Sustainable': 'Regular', 'Transparency': 'Opaque', 'Type': 'Regular', 'Wash Care': 'Machine Wash', 'Weave Type': 'Woven', 'taxMaterial': 'NA'}"
1866509,Roadster Women Maroon Self- Design Top,Top,899.0,Maroon,Roadster,http://assets.myntassets.com/assets/images/1866509/2017/8/28/11503926753404-Roadster-Women-Maroon-Self--Design-Top-7301503926753088-1.jpg,1602.0,4.026841448189763,"Maroon self-design woven top, has a round neck, long slit sleevesThe model (height 5'8"") is wearing a size S100% cotton <br>Machine-wash","{'Body Shape ID': '443,333,424', 'Body or Garment Size': 'To-Fit Denotes Body Measurements in', 'Closure': 'NA', 'Fabric': 'Viscose Rayon', 'Fabric Type': 'NA', 'Length': 'Regular', 'Lining': 'NA', 'Main Trend': 'New Basics', 'Neck': 'Round Neck', 'Occasion': 'Casual', 'Pattern': 'Self Design', 'Print or Pattern Type': 'Self Design', 'Sleeve Length': 'Long Sleeves', 'Sleeve Styling': 'Slit Sleeves', 'Surface Styling': 'NA', 'Transparency': 'Opaque', 'Type': 'Regular', 'Wash Care': 'Machine Wash', 'Weave Type': 'Woven', 'taxMaterial': 'NA'}"
1543826,Miss Chase Women Maroon Lace Regular Top,Top,1349.0,Maroon,Miss Chase,http://assets.myntassets.com/assets/images/1543826/2016/9/21/11474447918879-Miss-Chase-Women-Tops-4691474447917923-1.jpg,202.0,4.188118811881188,"Maroon lace knitted regular fit top, has a round neck, short sleevesCotton <br> Hand-washThe model (height 5'8'') is wearing a size XS","{'Body Shape ID': '443,333,424', 'Body or Garment Size': 'To-Fit Denotes Body Measurements in', 'Closure': 'NA', 'Fabric': 'Cotton Blend', 'Fabric Type': 'NA', 'Length': 'Regular', 'Lining': 'NA', 'Main Trend': 'Lace Frills Bows and Ruffles', 'Neck': 'Round Neck', 'Occasion': 'Party', 'Pattern': 'Self Design', 'Print or Pattern Type': 'Self Design', 'Sleeve Length': 'Short Sleeves', 'Sleeve Styling': 'Regular Sleeves', 'Surface Styling': 'NA', 'Transparency': 'Opaque', 'Type': 'Regular', 'Wash Care': 'Hand Wash', 'Weave Type': 'Knitted', 'taxMaterial': 'NA'}"
6604967,STREET 9 Women Black Solid Tube Pure Cotton Top,Top,1399.0,Black,STREET 9,http://assets.myntassets.com/assets/images/6604967/2018/6/6/16d02c99-9e51-472f-b4d9-6f10370478001528263575599-STREET-9-Women-Black-Solid-Tube-Top-9691528263575497-1.jpg,160.0,4.25,"Black solid woven tube top, has a concealed zip closureThe model (height 5'8"") is wearing a size SPure Cotton<br> Machine-wash","{'Body Shape ID': '333,424', 'Body or Garment Size': 'To-Fit Denotes Body Measurements in', 'Center Front Open': 'No', 'Character': 'NA', 'Closure': 'Concealed Zip', 'Fabric': 'Pure Cotton', 'Fabric Type': 'Cotton', 'Length': 'Crop', 'Lining': 'NA', 'Main Trend': 'New Basics', 'Multipack Set': 'NA', 'Neck': 'Strapless', 'Occasion': 'Casual', 'Pattern': 'Solid', 'Print or Pattern Type': 'Solid', 'Sleeve Length': 'Short Sleeves', 'Sleeve Styling': 'No Sleeves', 'Surface Styling': 'Tie-Ups', 'Sustainable': 'Regular', 'Transparency': 'Opaque', 'Type': 'Tube', 'Wash Care': 'Machine Wash', 'Weave Type': 'Woven', 'taxMaterial': 'NA'}"
10632192,Mayra Women Pink Self Design Top,Top,1395.0,Pink,Mayra,http://assets.myntassets.com/assets/images/productimage/2019/9/12/28817c2f-668f-4a92-888c-6b94ebd0c0371568289784041-1.jpg,495.0,3.755555555555556,"Pink self-design woven regular  top, has a round neck, three-quarter sleeves, and button closurePolyester<br>Dry-cleanThe model (height 5'8"") is wearing a size S","{'Body Shape ID': '443', 'Body or Garment Size': 'To-Fit Denotes Body Measurements in', 'Closure': 'Button', 'Fabric': 'Polyester', 'Fabric Type': 'NA', 'Length': 'Longline', 'Lining': 'NA', 'Main Trend': 'Floral Print', 'Neck': 'Round Neck', 'Occasion': 'Casual', 'Pattern': 'Self Design', 'Print or Pattern Type': 'Self Design', 'Sleeve Length': 'Three-Quarter Sleeves', 'Sleeve Styling': 'Regular Sleeves', 'Surface Styling': 'Embroidered', 'Transparency': 'Semi Sheer', 'Type': 'Regular', 'Wash Care': 'Dry Clean', 'Weave Type': 'Woven', 'taxMaterial': 'NA'}"
4374524,RARE Women Green Self Design Peplum Top,Peplum Top,1299.0,Green,RARE,http://assets.myntassets.com/assets/images/4374524/2018/3/27/11522130579988-na-5551522130579782-1.jpg,392.0,4.385204081632653,"Green self-design woven peplum top, has a mandarin collar, sleeveless, button closureFitted<br> The model (height 5'8"") is wearing a size SPolyester <br> Machine-wash","{'Body Shape ID': '333,424', 'Body or Garment Size': 'To-Fit Denotes Body Measurements in', 'Closure': 'Button', 'Fabric': 'Polyester', 'Fabric Type': 'NA', 'Length': 'Regular', 'Lining': 'NA', 'Main Trend': 'Lace Frills Bows and Ruffles', 'Neck': 'Mandarin Collar', 'Occasion': 'Casual', 'Pattern': 'Self Design', 'Print or Pattern Type': 'Self Design', 'Sleeve Length': 'Sleeveless', 'Sleeve Styling': 'No Sleeves', 'Surface Styling': 'Lace Inserts', 'Transparency': 'Opaque', 'Type': 'Peplum', 'Wash Care': 'Machine Wash', 'Weave Type': 'Woven', 'taxMaterial': 'NA'}"
9920745,Tokyo Talkies Women Green Solid Top,Top,949.0,Green,Tokyo Talkies,http://assets.myntassets.com/assets/images/productimage/2019/6/5/5e3b05a5-e93d-4c78-921b-6ecd3774306c1559715565899-1.jpg,545.0,4.161467889908256,"Green solid regular top, has a tie-up neck, long bell sleevesPolyester<br>Machine-washThe model (height 5'8"") is wearing a size S","{'Body Shape ID': '324,424', 'Body or Garment Size': 'To-Fit Denotes Body Measurements in', 'Closure': 'NA', 'Fabric': 'Polyester', 'Fabric Type': 'NA', 'Length': 'Regular', 'Lining': 'NA', 'Main Trend': 'New Basics', 'Neck': 'Tie-Up Neck', 'Occasion': 'Casual', 'Pattern': 'Solid', 'Print or Pattern Type': 'Solid', 'Sleeve Length': 'Three-Quarter Sleeves', 'Sleeve Styling': 'Bell Sleeves', 'Surface Styling': 'NA', 'Transparency': 'Opaque', 'Type': 'Regular', 'Wash Care': 'Machine Wash', 'Weave Type': 'Woven', 'taxMaterial': 'NA'}"
7206116,Mayra Women Navy Blue Self Design Top,Top,995.0,Navy Blue,Mayra,http://assets.myntassets.com/assets/images/7206116/2018/8/23/f959ad69-2f39-4888-894d-f9585101bd621535005081945-na-1151535005080684-1.jpg,407.0,3.914004914004914,"Navy blue self-design woven regular top, has a round neck, three-quarter sleeves, zip closureThe model (height 5'8"") is wearing a size SPolyester<br> Hand-wash","{'Body Shape ID': '443,333,424', 'Body or Garment Size': 'To-Fit Denotes Body Measurements in', 'Closure': 'Zip', 'Fabric': 'Polyester', 'Fabric Type': 'Net', 'Length': 'Regular', 'Lining': 'NA', 'Main Trend': 'New Basics', 'Neck': 'Round Neck', 'Occasion': 'Casual', 'Pattern': 'Self Design', 'Print or Pattern Type': 'Self Design', 'Sleeve Length': 'Three-Quarter Sleeves', 'Sleeve Styling': 'Regular Sleeves', 'Surface Styling': 'Lace Inserts', 'Transparency': 'Semi Sheer', 'Type': 'Regular', 'Wash Care': 'Hand Wash', 'Weave Type': 'Woven', 'taxMaterial': 'NA'}"
8330207,Roadster Women Black Solid Top,Top,799.0,Black,Roadster,http://assets.myntassets.com/assets/images/8330207/2019/1/9/f391588a-7284-415b-8944-682dc40b49e01547027649160-Roadster-Women-Black-Solid-Top-5091547027648064-1.jpg,1406.0,4.242532005689901,"Black solid woven regular top, has a V-neck, short sleeves,The model (height 5'8"") is wearing a size SPure Cotton<br>Machine-wash","{'Body Shape ID': '443,333,324,424', 'Body or Garment Size': 'To-Fit Denotes Body Measurements in', 'Closure': 'NA', 'Fabric': 'Pure Cotton', 'Fabric Type': 'NA', 'Length': 'Regular', 'Lining': 'NA', 'Main Trend': 'New Basics', 'Neck': 'V-Neck', 'Occasion': 'Casual', 'Pattern': 'Solid', 'Print or Pattern Type': 'Solid', 'Sleeve Length': 'Short Sleeves', 'Sleeve Styling': 'Cold-Shoulder Sleeves', 'Surface Styling': 'NA', 'Transparency': 'Opaque', 'Type': 'Regular', 'Wash Care': 'Machine Wash', 'Weave Type': 'Woven', 'taxMaterial': 'NA'}"
7256657,Mayra Women Peach-Coloured Solid Top,Top,995.0,Peach,Mayra,http://assets.myntassets.com/assets/images/7256657/2018/8/31/46b136d6-0593-446a-8c05-322b566dbd811535699744378-na-111535699744169-1.jpg,383.0,3.1201044386422976,"Peach-Coloured solid woven regular top, has a mandarin collar, short sleeves, button closureThe model (height 5'8"") is wearing a size SViscose Rayon<br>Hand-wash","{'Body Shape ID': '333', 'Body or Garment Size': 'To-Fit Denotes Body Measurements in', 'Closure': 'Button', 'Fabric': 'Viscose Rayon', 'Fabric Type': 'NA', 'Length': 'Regular', 'Lining': 'NA', 'Main Trend': 'New Basics', 'Neck': 'Mandarin Collar', 'Occasion': 'Casual', 'Pattern': 'Solid', 'Print or Pattern Type': 'Solid', 'Sleeve Length': 'Short Sleeves', 'Sleeve Styling': 'Extended Sleeves', 'Surface Styling': 'NA', 'Transparency': 'Opaque', 'Type': 'Regular', 'Wash Care': 'Hand Wash', 'Weave Type': 'Woven', 'taxMaterial': 'NA'}"
10260561,MISH Women Navy Blue Solid Top with Accordian Sleeves,Top,1399.0,Navy Blue,MISH,http://assets.myntassets.com/assets/images/10260561/2019/7/30/554fb9cb-216e-4d3f-a512-3302f32682171564490080693-MISH-Women-Tops-581564490079839-1.jpg,109.0,4.137614678899083,"Navy Blue solid woven regular top, has a round neck, and short extended flutter sleeves with pleatsPolyester<br>Hand-washThe model (height 5'8"") is wearing a size S","{'Body Shape ID': '443,333,424', 'Body or Garment Size': 'Garment Measurements in', 'Closure': 'NA', 'Fabric': 'Polyester', 'Fabric Type': 'Georgette', 'Length': 'Regular', 'Lining': 'Has a lining', 'Main Trend': 'Accordion Pleats', 'Neck': 'Round Neck', 'Occasion': 'Casual', 'Pattern': 'Solid', 'Print or Pattern Type': 'Solid', 'Sleeve Length': 'Short Sleeves', 'Sleeve Styling': 'Flutter Sleeves', 'Surface Styling': 'Gathered or Pleated', 'Transparency': 'Opaque', 'Type': 'Regular', 'Wash Care': 'Hand Wash', 'Weave Type': 'Woven', 'taxMaterial': 'NA'}"
1731802,Marie Claire Women Blue & Red Floral Print Cape Top,Cape Top,1499.0,Blue,Marie Claire,http://assets.myntassets.com/assets/images/1731802/2017/2/16/11487253255611-Marie-Claire-Women-Blue--Red-Floral-Print-Cape-Top-3721487253255908-1.jpg,858.0,4.0442890442890445,"Blue and red woven floral print cape top, has a round neck, three-quarter sleeves, and an attached liningThe model (height 5'8'') is wearing a size SRayon<br>Machine-wash cold","{'Body or Garment Size': 'To-Fit Denotes Body Measurements in', 'Closure': 'NA', 'Fabric': 'Viscose Rayon', 'Fabric Type': 'NA', 'Length': 'Regular', 'Lining': 'NA', 'Main Trend': 'Floral Print', 'Neck': 'Round Neck', 'Occasion': 'Casual', 'Pattern': 'Printed', 'Print or Pattern Type': 'Floral', 'Sleeve Length': 'Three-Quarter Sleeves', 'Sleeve Styling': 'Cape Sleeves', 'Surface Styling': 'Gathered or Pleated', 'Transparency': 'Opaque', 'Type': 'Cape', 'Wash Care': 'Machine Wash', 'Weave Type': 'Woven', 'taxMaterial': 'NA'}"
8066617,SCORPIUS Women Multicoloured Printed Maxi Top,Maxi Top,2100.0,Multi,SCORPIUS,http://assets.myntassets.com/assets/images/productimage/2018/12/1/78995b5e-8d68-4bb5-a182-011fecbe91471543616719137-1.jpg,156.0,3.467948717948718,"Multicoloured printed knitted maxi top, has a stylised club collar, long sleeves,Polycotton<br>Hand-washRegular Fit<br> The model (height 5'8"") is wearing a size S","{'Better Cotton Initiative': 'Regular', 'Body or Garment Size': 'Garment Measurements in', 'Center Front Open': 'No', 'Character': 'NA', 'Closure': 'NA', 'Fabric': 'Polycotton', 'Fabric Type': 'Georgette', 'Length': 'Longline', 'Lining': 'Has a lining', 'Main Trend': 'Abstract', 'Multipack Set': 'NA', 'Neck': 'Shirt Collar', 'Occasion': 'Casual', 'Pattern': 'Printed', 'Print or Pattern Type': 'Abstract', 'Sleeve Length': 'Long Sleeves', 'Sleeve Styling': 'Regular Sleeves', 'Surface Styling': 'NA', 'Sustainable': 'Regular', 'Transparency': 'Opaque', 'Type': 'Maxi', 'Wash Care': 'Hand Wash', 'Weave Type': 'Knitted', 'Wedding': 'NA', 'taxMaterial': 'NA'}"
7754471,Tokyo Talkies Women Black Embroidered Sheer Pure Cotton Top,Top,1199.0,Black,Tokyo Talkies,http://assets.myntassets.com/assets/images/productimage/2018/11/6/9ce4597f-2b02-4979-a6c3-8675739030cf1541511213657-1.jpg,1001.0,4.282717282717282,"Black embroidered woven regular sheer top, has a boat&nbsp; neck, three-quarter sleeves, button closure<br>Comes with a matching camisolePoly georgette<br>Machine-washThe model (height 5'8"") is wearing a size S","{'Body Shape ID': '424', 'Body or Garment Size': 'To-Fit Denotes Body Measurements in', 'Center Front Open': 'No', 'Character': 'NA', 'Closure': 'NA', 'Fabric': 'Pure Cotton', 'Fabric Type': 'Georgette', 'Length': 'Crop', 'Lining': 'NA', 'Main Trend': 'Sheer', 'Multipack Set': 'NA', 'Neck': 'Boat Neck', 'Occasion': 'Casual', 'Pattern': 'Embellished', 'Print or Pattern Type': 'Embellished', 'Sleeve Length': 'Three-Quarter Sleeves', 'Sleeve Styling': 'Regular Sleeves', 'Surface Styling': 'Embroidered', 'Sustainable': 'Regular', 'Transparency': 'Sheer', 'Type': 'Regular', 'Wash Care': 'Machine Wash', 'Weave Type': 'Woven', 'taxMaterial': 'NA'}"
2471334,Rigo Women Black Lightweight Solid Longline Top,Top,1099.0,Black,Rigo,http://assets.myntassets.com/assets/images/2471334/2018/2/9/11518164296518-Rigo-Black-Front-Slit-Maxi-Top-for-Women-651518164296385-1.jpg,398.0,4.030150753768845,"Black solid knitted A-line top, has a boat neck, long sleeves, side slitRegular Fit<br> The model (height 5'8"") is wearing a size SCotton Blend <br> Machine-wash","{'Body Shape ID': '324', 'Body or Garment Size': 'To-Fit Denotes Body Measurements in', 'Closure': 'NA', 'Fabric': 'Cotton Blend', 'Fabric Type': 'NA', 'Length': 'Longline', 'Lining': 'NA', 'Main Trend': 'New Basics', 'Neck': 'Boat Neck', 'Occasion': 'Casual', 'Pattern': 'Solid', 'Print or Pattern Type': 'Solid', 'Sleeve Length': 'Long Sleeves', 'Sleeve Styling': 'Regular Sleeves', 'Surface Styling': 'NA', 'Transparency': 'Opaque', 'Type': 'A-Line', 'Wash Care': 'Machine Wash', 'Weave Type': 'Knitted', 'taxMaterial': 'NA'}"
2357270,Roadster Women Olive Green Printed Top,Top,999.0,Olive,Roadster,http://assets.myntassets.com/assets/images/2357270/2018/6/8/23277d7f-067d-4e4e-a88e-7b8ed7538feb1528457228542-Roadster-Women-Tops-9081528457226496-1.jpg,664.0,4.115963855421687,"Olive Green printed woven regular top, has a round neck, long sleeves50% Cotton, 50% Viscose<br>Machine-washThe model (height 5'8"") is wearing a size S","{'Body Shape ID': '443,333,424', 'Body or Garment Size': 'To-Fit Denotes Body Measurements in', 'Closure': 'NA', 'Fabric': 'Cotton Blend', 'Fabric Type': 'NA', 'Length': 'Regular', 'Lining': 'NA', 'Main Trend': 'Typography or Slogan Print', 'Neck': 'Round Neck', 'Occasion': 'Casual', 'Pattern': 'Printed', 'Print or Pattern Type': 'Typography', 'Sleeve Length': 'Long Sleeves', 'Sleeve Styling': 'Regular Sleeves', 'Surface Styling': 'NA', 'Transparency': 'Opaque', 'Type': 'Regular', 'Wash Care': 'Machine Wash', 'Weave Type': 'Woven', 'taxMaterial': 'NA'}"
2352294,Harpa Women Maroon Solid Top,Top,1199.0,Maroon,Harpa,http://assets.myntassets.com/assets/images/2352294/2017/12/19/11513682820556-na-2601513682820411-1.jpg,70.0,3.442857142857143,"Maroon solid woven regular top, has a round neck, short sleeves, button closurePolyester <br> Hand-washThe model (height 5'8"") is wearing a size S","{'Body Shape ID': '443,333,424', 'Body or Garment Size': 'To-Fit Denotes Body Measurements in', 'Closure': 'Button', 'Fabric': 'Polyester', 'Fabric Type': 'NA', 'Length': 'Regular', 'Lining': 'NA', 'Main Trend': 'New Basics', 'Neck': 'Round Neck', 'Occasion': 'Casual', 'Pattern': 'Solid', 'Print or Pattern Type': 'Solid', 'Sleeve Length': 'Short Sleeves', 'Sleeve Styling': 'Flutter Sleeves', 'Surface Styling': 'NA', 'Transparency': 'Opaque', 'Type': 'Regular', 'Wash Care': 'Hand Wash', 'Weave Type': 'Woven', 'taxMaterial': 'NA'}"
1583367,Cottinfab Women Black Printed Kaftan Top,Kaftan Top,1199.0,Black,Cottinfab,http://assets.myntassets.com/assets/images/1583367/2016/10/13/11476351623692-Cottinfab-Women-Tops-7501476351623505-1.jpg,708.0,3.937853107344633,"Black printed woven kaftan top, has a round neck, three-quarter sleevesThe model (height 5'8'') is wearing a size SViscose <br> Hand-wash","{'Body or Garment Size': 'To-Fit Denotes Body Measurements in', 'Center Front Open': 'No', 'Character': 'NA', 'Closure': 'NA', 'Fabric': 'Viscose Rayon', 'Fabric Type': 'NA', 'Length': 'Regular', 'Lining': 'NA', 'Main Trend': 'Ethnic Print', 'Multipack Set': 'NA', 'Neck': 'Round Neck', 'Occasion': 'Ethnic', 'Pattern': 'Printed', 'Print or Pattern Type': 'Floral', 'Sleeve Length': 'Three-Quarter Sleeves', 'Sleeve Styling': 'Kimono Sleeves', 'Surface Styling': 'NA', 'Sustainable': 'Regular', 'Transparency': 'Opaque', 'Type': 'Kaftan', 'Wash Care': 'Hand Wash', 'Weave Type': 'Woven', 'taxMaterial': 'NA'}"
9442199,Cation Maroon Pleated Maxi Top,"Top, Maxi Top",2599.0,Maroon,Cation,http://assets.myntassets.com/assets/images/9442199/2019/4/29/2357bc0f-e1ac-4ce2-8f5a-aba7bfefdeba1556526873400-Cation-Maroon-4841556526872014-1.jpg,431.0,3.77262180974478,"Maroon solid woven maxi top, has a round neck, long sleeves, button closureRegular Fit<br> The model (height 5'8"") is wearing a size SPolyester<br>Hand-wash","{'Body or Garment Size': 'To-Fit Denotes Body Measurements in', 'Center Front Open': 'No', 'Character': 'NA', 'Closure': 'Button', 'Fabric Type': 'NA', 'Length': 'Longline', 'Lining': 'NA', 'Main Trend': 'New Basics', 'Multipack Set': 'NA', 'Neck': 'Round Neck', 'Occasion': 'Casual', 'Pattern': 'Solid', 'Print or Pattern Type': 'Solid', 'Sleeve Length': 'Long Sleeves', 'Sleeve Styling': 'Regular Sleeves', 'Surface Styling': 'Gathered or Pleated', 'Sustainable': 'Regular', 'Transparency': 'Opaque', 'Type': 'Maxi', 'Wash Care': 'Hand Wash', 'Weave Type': 'Woven', 'taxMaterial': 'NA'}"
7766093,Berrylush Pink Front Twist Top,Top,1299.0,Pink,Berrylush,http://assets.myntassets.com/assets/images/7766093/2019/4/22/45b126f2-f440-41a3-a06f-354ef81e38891555920747460-Berrylush-Women-Tops-4891555920746014-1.jpg,567.0,4.294532627865961,"Pink solid woven regular top, has a tie-up neck, short sleeves,Polyester<br>Machine-washThe model (height 5'8"") is wearing a size S","{'Body Shape ID': '324,424', 'Body or Garment Size': 'Garment Measurements in', 'Center Front Open': 'No', 'Character': 'NA', 'Closure': 'NA', 'Fabric Type': 'Crepe', 'Length': 'Regular', 'Lining': 'NA', 'Main Trend': 'New Basics', 'Multipack Set': 'NA', 'Neck': 'Tie-Up Neck', 'Occasion': 'Formal', 'Pattern': 'Solid', 'Print or Pattern Type': 'Solid', 'Sleeve Length': 'Short Sleeves', 'Sleeve Styling': 'Flutter Sleeves', 'Surface Styling': 'Tie-Ups', 'Sustainable': 'Regular', 'Transparency': 'Opaque', 'Type': 'Regular', 'Wash Care': 'Machine Wash', 'Weave Type': 'Woven', 'taxMaterial': 'NA'}"
9964029,DODO & MOA Women White Solid A-Line Top,"Top, A-Line",1790.0,White,DODO & MOA,http://assets.myntassets.com/assets/images/9964029/2019/6/14/18af75a0-e20b-424d-92d8-c3d79d301ef51560497620039-DODO--MOA-Women-Tops-4071560497619076-1.jpg,18.0,3.0,"White solid woven A-line top with crochet detail, has a round neck, and sleevelessViscose Rayon<br>Machine-washRegular Fit<br> The model (height 5'8"") is wearing a size S","{'Body Shape ID': '443,333,424', 'Body or Garment Size': 'Garment Measurements in', 'Closure': 'NA', 'Fabric': 'Viscose Rayon', 'Fabric Type': 'NA', 'Length': 'Regular', 'Lining': 'NA', 'Main Trend': 'Lace Frills Bows and Ruffles', 'Neck': 'Round Neck', 'Occasion': 'Casual', 'Pattern': 'Solid', 'Print or Pattern Type': 'Solid', 'Sleeve Length': 'Sleeveless', 'Sleeve Styling': 'No Sleeves', 'Surface Styling': 'Lace Inserts', 'Transparency': 'Opaque', 'Type': 'A-Line', 'Wash Care': 'Machine Wash', 'Weave Type': 'Woven', 'taxMaterial': 'NA'}"
10074641,Vishudh Women Green Embroidered Top,Top,1449.0,Green,Vishudh,http://assets.myntassets.com/assets/images/productimage/2019/6/18/89e446fe-13d9-47d1-9e12-6b6cc5e76a831560853063297-1.jpg,425.0,3.945882352941176,"Green embroidered woven regular top, has a round neck, three-quarter puff sleeves, and button closureThe model (height 5'8"") is wearing a size SViscose Rayon<br> Machine-wash","{'Body Shape ID': '443,333,424', 'Body or Garment Size': 'Garment Measurements in', 'Center Front Open': 'No', 'Character': 'NA', 'Closure': 'Button', 'Fabric': 'Viscose Rayon', 'Fabric Type': 'NA', 'Length': 'Regular', 'Lining': 'NA', 'Main Trend': 'Floral Print', 'Multipack Set': 'NA', 'Neck': 'Round Neck', 'Occasion': 'Ethnic', 'Pattern': 'Embellished', 'Print or Pattern Type': 'Floral', 'Sleeve Length': 'Three-Quarter Sleeves', 'Sleeve Styling': 'Puff Sleeves', 'Surface Styling': 'Embroidered', 'Sustainable': 'Regular', 'Transparency': 'Opaque', 'Type': 'Regular', 'Wash Care': 'Machine Wash', 'Weave Type': 'Woven', 'taxMaterial': 'NA'}"
8985933,Harpa Women Aubergine Solid Top,Top,1199.0,Purple,Harpa,http://assets.myntassets.com/assets/images/8985933/2019/3/14/84d8c9aa-98a1-4e46-8ece-0d85bd32bab61552564053418-Harpa-Women-Tops-8031552564052384-1.jpg,520.0,4.042307692307692,"Aubergine solid woven regular top, has a stylised square neck, long bell sleevesThe model (height 5'8"") is wearing a size SPolyester<br> Hand-wash","{'Body Shape ID': '443,324,424', 'Body or Garment Size': 'To-Fit Denotes Body Measurements in', 'Closure': 'NA', 'Fabric': 'Polyester', 'Fabric Type': 'NA', 'Length': 'Regular', 'Lining': 'NA', 'Main Trend': 'New Basics', 'Neck': 'Square Neck', 'Occasion': 'Casual', 'Pattern': 'Solid', 'Print or Pattern Type': 'Solid', 'Sleeve Length': 'Long Sleeves', 'Sleeve Styling': 'Bell Sleeves', 'Surface Styling': 'NA', 'Transparency': 'Opaque', 'Type': 'Regular', 'Wash Care': 'Hand Wash', 'Weave Type': 'Woven', 'taxMaterial': 'NA'}"
9200375,INDYA Women Green Printed Fitted Crop Top,Crop Top,1200.0,Green,INDYA,http://assets.myntassets.com/assets/images/productimage/2019/4/5/9b0055a0-4d57-4966-bbc6-295f498596751554456205964-1.jpg,121.0,4.429752066115703,"Green printed woven fitted crop top, has shoulder straps, concealed zip closure100%Polyester<br>Hand-washFitted<br> The model (height 5'8"") is wearing a size S","{'Body Shape ID': '424', 'Body or Garment Size': 'To-Fit Denotes Body Measurements in', 'Center Front Open': 'No', 'Character': 'NA', 'Closure': 'Concealed Zip', 'Fabric': 'Polyester', 'Fabric Type': 'Georgette', 'Length': 'Crop', 'Lining': 'Has a lining', 'Main Trend': 'Ethnic Print', 'Multipack Set': 'NA', 'Neck': 'Shoulder Straps', 'Occasion': 'Ethnic', 'Pattern': 'Printed', 'Print or Pattern Type': 'Ethnic Motifs', 'Sleeve Length': 'Short Sleeves', 'Sleeve Styling': 'Shoulder Straps', 'Surface Styling': 'NA', 'Sustainable': 'Regular', 'Transparency': 'Opaque', 'Type': 'Fitted', 'Wash Care': 'Hand Wash', 'Weave Type': 'Woven', 'taxMaterial': 'NA'}"
10054519,Veni Vidi Vici Women Black Solid Crop Top,Crop Top,1170.0,Black,Veni Vidi Vici,http://assets.myntassets.com/assets/images/10054519/2019/7/3/1b4e9553-7eef-442f-bd77-ab2166e9c2b81562152808103-Veni-Vidi-Vici-Women-Black-Solid-Fitted-Top-6141562152806291-1.jpg,493.0,3.699797160243408,"Black solid knitted crop top with waist tie-ups, has shoulder strapsFitted<br> The model (height 5'8"") is wearing a size S95% polyester, 5% elastane<br>Machine-wash","{'Body Shape ID': '424', 'Body or Garment Size': 'To-Fit Denotes Body Measurements in', 'Closure': 'NA', 'Fabric': 'Polyester', 'Fabric Type': 'NA', 'Length': 'Crop', 'Lining': 'NA', 'Main Trend': 'New Basics', 'Neck': 'Shoulder Straps', 'Occasion': 'Casual', 'Pattern': 'Solid', 'Print or Pattern Type': 'Solid', 'Sleeve Styling': 'Shoulder Straps', 'Surface Styling': 'Waist Tie-Ups', 'Transparency': 'Opaque', 'Type': 'Fitted', 'Wash Care': 'Machine Wash', 'Weave Type': 'Knitted', 'taxMaterial': 'NA'}"
8474043,Berrylush Women Green Solid Blouson Top,Blouson Top,1290.0,Green,Berrylush,http://assets.myntassets.com/assets/images/productimage/2019/1/11/60652210-7945-4159-a95b-86780339f0e21547188867529-1.jpg,365.0,4.18082191780822,"Green solid woven blouson top, has an off-shoulder neck,,Loose Fit<br> The model (height 5'8"") is wearing a size SPolyester<br>Machine-wash","{'Body Shape ID': '333,424', 'Body or Garment Size': 'Garment Measurements in', 'Closure': 'NA', 'Fabric': 'Polyester', 'Fabric Type': 'Crepe', 'Length': 'Crop', 'Lining': 'NA', 'Main Trend': 'New Basics', 'Neck': 'Off-Shoulder', 'Occasion': 'Casual', 'Pattern': 'Solid', 'Print or Pattern Type': 'Solid', 'Sleeve Styling': 'No Sleeves', 'Surface Styling': 'Ruffles', 'Transparency': 'Opaque', 'Type': 'Blouson', 'Wash Care': 'Machine Wash', 'Weave Type': 'Woven', 'taxMaterial': 'NA'}"
10074595,Vishudh Women Peach-Coloured Embroidered Top,Top,1699.0,Peach,Vishudh,http://assets.myntassets.com/assets/images/productimage/2019/6/18/2e805398-987e-4250-93ea-3d91a96c64cb1560852822225-1.jpg,227.0,3.995594713656388,"Peach-Coloured Embroidered woven regular top, has a tie-up neck, and three-quarter puff sleevesViscose Rayon<br>Machine-washThe model (height 5'8"") is wearing a size S","{'Body Shape ID': '324,424', 'Body or Garment Size': 'Garment Measurements in', 'Center Front Open': 'No', 'Character': 'NA', 'Closure': 'NA', 'Fabric': 'Viscose Rayon', 'Fabric Type': 'NA', 'Length': 'Regular', 'Lining': 'NA', 'Main Trend': 'New Basics', 'Multipack Set': 'NA', 'Neck': 'Tie-Up Neck', 'Occasion': 'Ethnic', 'Pattern': 'Embellished', 'Print or Pattern Type': 'Tribal', 'Sleeve Length': 'Three-Quarter Sleeves', 'Sleeve Styling': 'Puff Sleeves', 'Surface Styling': 'Embroidered', 'Sustainable': 'Regular', 'Transparency': 'Opaque', 'Type': 'Regular', 'Wash Care': 'Machine Wash', 'Weave Type': 'Woven', 'taxMaterial': 'NA'}"
710857,Harpa Women Navy Printed Top,Top,1099.0,Navy Blue,Harpa,http://assets.myntassets.com/v1/image/style/properties/710857/Harpa-Women-Tops_1_2d64f1538e4f72cb8260217ae3ba6277.jpg,246.0,3.963414634146341,"Navy woven printed top, has a round neck with pleats below, long sleeves with roll-up tab features, smocking along the hem<p>Georgette<br>Hand wash</p><p>Regular fit<br>The model (height 5'8'' and chest 33'') is wearing a size S</p>","{'Body Shape ID': '443,333,424', 'Body or Garment Size': 'To-Fit Denotes Body Measurements in', 'Closure': 'NA', 'Fabric Type': 'NA', 'Length': 'Regular', 'Lining': 'NA', 'Main Trend': 'New Basics', 'Neck': 'Round Neck', 'Occasion': 'Casual', 'Pattern': 'Printed', 'Print or Pattern Type': 'Floral', 'Sleeve Length': 'Three-Quarter Sleeves', 'Sleeve Styling': 'Roll-Up Sleeves', 'Surface Styling': 'Gathered or Pleated', 'Transparency': 'Sheer', 'Type': 'Regular', 'Wash Care': 'Machine Wash', 'Weave Type': 'Woven', 'taxMaterial': 'NA'}"
1605551,Kanvin Nude-Coloured Thermal Top,Thermal Top,799.0,Nude,Kanvin,http://assets.myntassets.com/assets/images/1605551/2016/11/9/11478690490102-Kanvin-Nude-Coloured-Thermal-Top-6891478690489858-1.jpg,564.0,4.381205673758865,"Nude-coloured knitted thermal top in a patterned weave, has a round neck, long sleevesThe model (height 5'8'' and chest 33"") is wearing a size S50% polyester, 30% modal, 20% cotton<br>Hand-wash","{'Body or Garment Size': 'Garment Measurements in', 'Fabric': 'Cotton', 'Multipack Set': 'Single', 'Neck': 'Round Neck', 'Sleeve Length': 'Long Sleeves', 'Wash Care': 'Hand Wash'}"
1760293,Harpa Mustard Yellow Cold Shoulder Top,Top,999.0,Mustard,Harpa,http://assets.myntassets.com/assets/images/1760293/2017/2/10/11486731162527-Harpa-Women-Tops-4491486731162328-1.jpg,211.0,3.895734597156398,"Mustard yellow top, has a round neck, three-quarter flared cold shoulder sleeves with slit detail100% polyester<br>Hand-washThe model (height 5'8) is wearing a size S","{'Body Shape ID': '443,333,424', 'Body or Garment Size': 'To-Fit Denotes Body Measurements in', 'Closure': 'NA', 'Fabric': 'Polyester', 'Fabric Type': 'NA', 'Length': 'Regular', 'Lining': 'NA', 'Main Trend': 'New Basics', 'Neck': 'Round Neck', 'Occasion': 'Casual', 'Pattern': 'Solid', 'Print or Pattern Type': 'Solid', 'Sleeve Length': 'Three-Quarter Sleeves', 'Sleeve Styling': 'Cold-Shoulder Sleeves', 'Surface Styling': 'Cut Out', 'Transparency': 'Opaque', 'Type': 'Regular', 'Wash Care': 'Hand Wash', 'Weave Type': 'Woven', 'taxMaterial': 'NA'}"
8985943,Harpa Women Navy Blue Printed Wrap Top,Wrap Top,1199.0,Navy Blue,Harpa,http://assets.myntassets.com/assets/images/8985943/2019/3/14/f7bbda3a-f6e7-4b26-832e-391e5409e2fc1552554614491-Harpa-Women-Tops-3401552554613174-1.jpg,75.0,4.026666666666666,"Navy Blue and white printed woven wrap top with tie-up, has a V-neck, short sleevesRegular Fit<br> The model (height 5'8"") is wearing a size SPolyester<br>Machine-wash","{'Body Shape ID': '443,333,324,424', 'Body or Garment Size': 'To-Fit Denotes Body Measurements in', 'Closure': 'NA', 'Fabric': 'Polyester', 'Fabric Type': 'NA', 'Length': 'Regular', 'Lining': 'NA', 'Main Trend': 'Geometric Print', 'Neck': 'V-Neck', 'Occasion': 'Casual', 'Pattern': 'Printed', 'Print or Pattern Type': 'Geometric', 'Sleeve Length': 'Short Sleeves', 'Sleeve Styling': 'Bell Sleeves', 'Surface Styling': 'Waist Tie-Ups', 'Transparency': 'Opaque', 'Type': 'Wrap', 'Wash Care': 'Machine Wash', 'Weave Type': 'Woven', 'taxMaterial': 'NA'}"
7216023,Tokyo Talkies Women Navy Blue & White Striped Top,Top,1049.0,Navy Blue,Tokyo Talkies,http://assets.myntassets.com/assets/images/7216023/2019/4/1/854dac74-5c43-48a6-990c-64ffbb44f9361554121977668-Tokyo-Talkies-Women-Navy-Blue-Striped-Top-6091554121975873-1.jpg,218.0,4.123853211009174,"Navy Blue and white striped woven regular top with embroidery detail, has a round neck, long sleeves100% polyester<br>Hand-washThe model (height 5'8"") is wearing a size S","{'Body Shape ID': '443,333,424', 'Body or Garment Size': 'To-Fit Denotes Body Measurements in', 'Closure': 'NA', 'Fabric': 'Polyester', 'Fabric Type': 'Satin', 'Length': 'Regular', 'Lining': 'NA', 'Main Trend': 'New Basics', 'Neck': 'Round Neck', 'Occasion': 'Casual', 'Pattern': 'Striped', 'Print or Pattern Type': 'Vertical Stripes', 'Sleeve Length': 'Long Sleeves', 'Sleeve Styling': 'Bell Sleeves', 'Surface Styling': 'Embroidered', 'Transparency': 'Opaque', 'Type': 'Regular', 'Wash Care': 'Hand Wash', 'Weave Type': 'Woven', 'taxMaterial': 'NA'}"
7424095,StyleStone Women Maroon Solid Wrap Top,Wrap Top,1349.0,Maroon,StyleStone,http://assets.myntassets.com/assets/images/7424095/2018/9/18/81e3b88f-6cec-4583-8427-d7e94ccd17ee1537264568512-StyleStone-Womens-Polyester-Maroon-Wrap-Top-6211537264568289-1.jpg,51.0,3.980392156862745,"Maroon solid woven wrap top, has a V-neck, three-quarter sleeves,Regular Fit<br> The model (height 5'8"") is wearing a size SPolyester<br>Machine-wash","{'Body Shape ID': '443,333,324,424', 'Body or Garment Size': 'To-Fit Denotes Body Measurements in', 'Closure': 'NA', 'Fabric': 'Polyester', 'Fabric Type': 'NA', 'Length': 'Regular', 'Lining': 'NA', 'Main Trend': 'New Basics', 'Neck': 'V-Neck', 'Occasion': 'Casual', 'Pattern': 'Solid', 'Print or Pattern Type': 'Solid', 'Sleeve Length': 'Three-Quarter Sleeves', 'Sleeve Styling': 'Regular Sleeves', 'Surface Styling': 'NA', 'Transparency': 'Opaque', 'Type': 'Wrap', 'Wash Care': 'Machine Wash', 'Weave Type': 'Woven', 'taxMaterial': 'NA'}"
1114640,Miss Chase White Lace Top,Top,1349.0,White,Miss Chase,http://assets.myntassets.com/assets/images/1114640/2015/12/9/11449650252533-Miss-Chase-Women-Tops-631449650252122-1.jpg,42.0,4.285714285714286,"White&nbsp;lace top, has a round neck, sheer short&nbsp;sleeves<br>Polyester<br>Machine-washThe model (height 5'8"" and chest 33"") is wearing a size S<br>","{'Body Shape ID': '443,333,424', 'Body or Garment Size': 'To-Fit Denotes Body Measurements in', 'Closure': 'NA', 'Fabric': 'Polyester', 'Fabric Type': 'NA', 'Length': 'Regular', 'Lining': 'NA', 'Main Trend': 'New Basics', 'Neck': 'Round Neck', 'Occasion': 'Party', 'Pattern': 'Self Design', 'Print or Pattern Type': 'Self Design', 'Sleeve Length': 'Short Sleeves', 'Sleeve Styling': 'Regular Sleeves', 'Surface Styling': 'NA', 'Transparency': 'Opaque', 'Type': 'Regular', 'Wash Care': 'Machine Wash', 'Weave Type': 'Woven', 'taxMaterial': 'NA'}"
2322605,Roadster Time Travlr Women Blue Boyfriend Fit Mid-Rise Low Distress Jeans,Jeans,2299.0,Blue,Roadster,http://assets.myntassets.com/assets/images/2322605/2018/4/9/11523268542217-Roadster-Women-Blue-Boyfriend-Fit-Mid-Rise-Low-Distress-Jeans-3491523268541931-1.jpg,1103.0,3.936536718041705,"Blue medium wash 5-pocket mid-rise jeans, mildly distress with light fade, has a button and zip closure, waistband with belt loops100% cotton<br>Machine-washBoyfriend fit<br>The model (height 5'8"") is wearing a size 28","{'Add-Ons': 'NA', 'Body or Garment Size': 'To-Fit Denotes Body Measurements in', 'Brand Fit Name': 'NA', 'Closure': 'Button and Zip', 'Distress': 'Mildly Distressed', 'Effects': 'Whiskers and Chevrons', 'Fabric': 'Cotton', 'Fabric 2': 'NA', 'Fabric 3': 'NA', 'Fade': 'Light Fade', 'Features': 'NA', 'Fit': 'Boyfriend Fit', 'Length': 'Cropped', 'Number of Pockets': '5', 'Occasion': 'Casual', 'Reversible': 'No', 'Shade': 'Medium', 'Stretch': 'Non Stretchable', 'Type of Distress': 'Ripped', 'Waist Rise': 'Mid-Rise', 'Waistband': 'With belt loops', 'Wash Care': 'Machine Wash'}"
9552603,SASSAFRAS Women Black Slim Fit Mid-Rise Clean Look Stretchable Cropped Jeans,Jeans,1999.0,Black,SASSAFRAS,http://assets.myntassets.com/assets/images/9552603/2022/5/20/a5b42476-d64a-49a4-a95c-54853b8148981653026711165-SASSAFRAS-Women-Black-Slim-Fit-Mid-Rise-Clean-Look-Stretchab-4.jpg,7252.0,4.096662989520133,"Black solid 5-pocket mid-rise cropped jeans, clean look with no fade, has a slip-on closure, waistband with belt loops.Slim fit<br>The model (height 5""8') is wearing a size 2896% cotton, 4% spandex<br>Machine-wash","{'Add-Ons': 'NA', 'Brand Fit Name': 'NA', 'Character': 'NA', 'Closure': 'Button and Zip', 'Distress': 'Clean Look', 'Effects': 'None', 'Fabric': 'Cotton', 'Fabric 2': 'Elastane', 'Fabric 3': 'NA', 'Fade': 'No Fade', 'Features': 'NA', 'Fit': 'Slim Fit', 'Length': 'Cropped', 'Main Trend': 'NA', 'Number of Pockets': '5', 'Occasion': 'Casual', 'Reversible': 'No', 'Shade': 'Dark', 'Stretch': 'Stretchable', 'Sustainable': 'Regular', 'Type of Distress': 'NA', 'Waist Rise': 'Mid-Rise', 'Waistband': 'With belt loops', 'Wash Care': 'Machine Wash'}"
2319517,Roadster Women Blue Skinny Fit Mid-Rise Clean Look Stretchable Cropped Jeans,Jeans,1699.0,Blue,Roadster,http://assets.myntassets.com/assets/images/2319517/2019/8/14/eece7b2c-15ed-46b1-aacb-d03946fdfc5e1565787025422-Roadster-Women-Blue-Skinny-Fit-Mid-Rise-Clean-Look-Stretchab-1.jpg,2706.0,4.144863266814486,"Blue medium wash 5-pocket mid-rise jeans, clean look with light fade, has a button and zip closure, waistband with belt loops98.5% cotton, 1.5% elastane<br>Machine-washSkinny Fit<br>  Stretchable<br> The model (height 5'8"") is wearing a size 28","{'Add-Ons': 'NA', 'Body or Garment Size': 'To-Fit Denotes Body Measurements in', 'Brand Fit Name': 'NA', 'Closure': 'Button and Zip', 'Distress': 'Clean Look', 'Effects': 'Whiskers and Chevrons', 'Fabric': 'Cotton', 'Fabric 2': 'Elastane', 'Fabric 3': 'NA', 'Fade': 'Light Fade', 'Features': 'NA', 'Fit': 'Skinny Fit', 'Length': 'Cropped', 'Number of Pockets': '5', 'Occasion': 'Casual', 'Reversible': 'No', 'Shade': 'Medium', 'Stretch': 'Stretchable', 'Type of Distress': 'NA', 'Waist Rise': 'Mid-Rise', 'Waistband': 'With belt loops', 'Wash Care': 'Machine Wash'}"
10196239,Miss Chase Women Black Skinny Fit High-Rise Clean Look Stretchable Jeans,Jeans,2299.0,Black,Miss Chase,http://assets.myntassets.com/assets/images/productimage/2019/7/4/f72e1f99-4e1b-4f80-97d8-dc20c5de612d1562221950490-1.jpg,3750.0,4.226133333333333,"Black dark wash 5-pocket high-rise jeans, clean look, no fade, has a button and zip closure, and waistband with belt loops78% Cotton, 21% Polyester and 1% Elastane<br>Machine-washSkinny Fit<br>Stretchable<br>The model (height 5'8"") is wearing a size 28","{'Add-Ons': 'NA', 'Brand Fit Name': 'NA', 'Closure': 'Button and Zip', 'Distress': 'Clean Look', 'Effects': 'None', 'Fabric': 'Cotton', 'Fabric 2': 'Polyester', 'Fabric 3': 'Elastane', 'Fade': 'No Fade', 'Features': 'NA', 'Fit': 'Skinny Fit', 'Length': 'Cropped', 'Number of Pockets': '5', 'Occasion': 'Casual', 'Reversible': 'No', 'Shade': 'Dark', 'Stretch': 'Stretchable', 'Sustainable': 'Regular', 'Type of Distress': 'NA', 'Waist Rise': 'High-Rise', 'Waistband': 'With belt loops', 'Wash Care': 'Machine Wash'}"
8803831,Roadster Women Navy Blue Skinny Fit Mid-Rise Clean Look Stretchable Cropped Jeans,Jeans,1699.0,Navy Blue,Roadster,http://assets.myntassets.com/assets/images/8803831/2022/4/18/e1de8672-e154-4478-9000-22e045163e661650284851202RoadsterWomenNavyBlueSkinnyFitMid-RiseCleanLookStretchableCr1.jpg,3406.0,3.8223722842043455,"Navy blue medium wash 5-pocket mid-rise cropped jeans, clean look, light fade, has a button and zip closure, waistband with belt loops98.5% cotton and 1.5% elastane<br>Machine-washSkinny Fit<br>Stretchable<br>The model (height 5'8"") is wearing a size 28","{'Add-Ons': 'NA', 'Body or Garment Size': 'To-Fit Denotes Body Measurements in', 'Brand Fit Name': 'NA', 'Closure': 'Button and Zip', 'Distress': 'Clean Look', 'Effects': 'None', 'Fabric': 'Cotton', 'Fabric 2': 'Elastane', 'Fabric 3': 'NA', 'Fade': 'Light Fade', 'Features': 'NA', 'Fit': 'Skinny Fit', 'Length': 'Cropped', 'Number of Pockets': '5', 'Occasion': 'Casual', 'Reversible': 'No', 'Shade': 'Dark', 'Stretch': 'Stretchable', 'Type of Distress': 'NA', 'Waist Rise': 'Mid-Rise', 'Waistband': 'With belt loops', 'Wash Care': 'Machine Wash'}"
2319515,Roadster Women Blue Skinny Fit Mid-Rise Clean Look Stretchable Cropped Jeans,Jeans,1699.0,Blue,Roadster,http://assets.myntassets.com/assets/images/2319515/2019/12/3/49f48bf0-5f42-478e-b656-ebd248ade2951575349720717-Roadster-Women-Blue-Skinny-Fit-Mid-Rise-Clean-Look-Stretchab-1.jpg,1925.0,4.115844155844155,"Blue medium wash 5-pocket mid-rise jeans, Clean look, light fade, has a button and zip closure, waistband with belt loops, cropped length98.5% cotton, 1.5% elastane<br>Machine-washSkinny Fit<br>  Stretchable<br> The model (height 5'8"") is wearing a size 28","{'Add-Ons': 'NA', 'Body or Garment Size': 'To-Fit Denotes Body Measurements in', 'Brand Fit Name': 'NA', 'Closure': 'Button and Zip', 'Distress': 'Clean Look', 'Effects': 'None', 'Fabric': 'Cotton', 'Fabric 2': 'Elastane', 'Fabric 3': 'NA', 'Fade': 'Light Fade', 'Features': 'NA', 'Fit': 'Skinny Fit', 'Length': 'Cropped', 'Number of Pockets': '5', 'Occasion': 'Casual', 'Reversible': 'No', 'Shade': 'Medium', 'Stretch': 'Stretchable', 'Type of Distress': 'Ripped', 'Waist Rise': 'Mid-Rise', 'Waistband': 'With belt loops', 'Wash Care': 'Machine Wash'}"
10617824,DOLCE CRUDO Women White Skinny Fit High-Rise Clean Look Stretchable Jeans,Jeans,2499.0,White,DOLCE CRUDO,http://assets.myntassets.com/assets/images/productimage/2019/9/11/ac6dbded-792a-4bb8-8ed4-f4173ac1ab651568158065363-1.jpg,1368.0,3.807748538011696,"White light wash 5-pocket high-rise jeans, clean look, no fade, has a button and zip closure, and waistband with belt loops78% Cotton, 21% Polyester &amp; 1% Elastane<br>Machine-washSkinny Fit<br>Stretchable<br>The model (height 5'8"") is wearing a size 28","{'Add-Ons': 'NA', 'Body or Garment Size': 'To-Fit Denotes Body Measurements in', 'Brand Fit Name': 'NA', 'Closure': 'Button and Zip', 'Distress': 'Clean Look', 'Effects': 'None', 'Fabric': 'Cotton', 'Fabric 2': 'Polyester', 'Fabric 3': 'Elastane', 'Fade': 'No Fade', 'Features': 'NA', 'Fit': 'Skinny Fit', 'Length': 'Cropped', 'Number of Pockets': '5', 'Occasion': 'Casual', 'Reversible': 'No', 'Shade': 'Light', 'Stretch': 'Stretchable', 'Type of Distress': 'NA', 'Waist Rise': 'High-Rise', 'Waistband': 'With belt loops', 'Wash Care': 'Machine Wash'}"
10696608,DOLCE CRUDO Women Navy Blue Skinny Fit High-Rise Clean Look Stretchable Cropped Jeans,Jeans,2399.0,Navy Blue,DOLCE CRUDO,http://assets.myntassets.com/assets/images/10696608/2019/11/13/28df0a4d-b6c0-4e70-aea5-491fdb8c60231573648047566-DOLCE-CRUDO-Women-Navy-Blue-Skinny-Fit-High-Rise-Clean-Look--1.jpg,1057.0,4.300851466414381,"Navy Blue dark wash 5-pocket high-rise jeans, clean look, no fade, has a button and zip closure, and waistband with belt loops78% Cotton, 21% Polyester &amp; 1% Elastane<br>Machine-washSkinny Fit<br>Stretchable<br>The model (height 5'8"") is wearing a size 28","{'Add-Ons': 'NA', 'Body or Garment Size': 'To-Fit Denotes Body Measurements in', 'Brand Fit Name': 'NA', 'Closure': 'Button and Zip', 'Distress': 'Clean Look', 'Effects': 'None', 'Fabric': 'Cotton', 'Fabric 2': 'Polyester', 'Fabric 3': 'Elastane', 'Fade': 'No Fade', 'Features': 'NA', 'Fit': 'Skinny Fit', 'Length': 'Regular', 'Number of Pockets': '5', 'Occasion': 'Casual', 'Reversible': 'No', 'Shade': 'Dark', 'Stretch': 'Stretchable', 'Type of Distress': 'NA', 'Waist Rise': 'High-Rise', 'Waistband': 'With belt loops', 'Wash Care': 'Machine Wash'}"
1802098,ether Women Black Skinny Fit Low-Rise Clean Look Jeans,Jeans,1899.0,Black,ether,http://assets.myntassets.com/assets/images/1802098/2017/7/14/11500028821591-ether-Women-Black-Skinny-Fit-Low-Rise-Clean-Look-Jeans-9561500028821374-1.jpg,1024.0,3.818359375,"Black 5-pocket mid-rise stretchable jeans, clean look, has a button and zip closure, waistband with belt loopsSkinny Fit <br>The model (height 5'8"") is wearing a size 28Cotton, polyester and elastane blend <br>Machine-wash","{'Add-Ons': 'NA', 'Body or Garment Size': 'To-Fit Denotes Body Measurements in', 'Brand Fit Name': 'NA', 'Closure': 'NA', 'Distress': 'Clean Look', 'Effects': 'None', 'Fabric': 'Cotton', 'Fabric 2': 'Polyester', 'Fabric 3': 'Elastane', 'Fade': 'No Fade', 'Features': 'NA', 'Fit': 'Skinny Fit', 'Length': 'Regular', 'Number of Pockets': '5', 'Occasion': 'Casual', 'Reversible': 'No', 'Shade': 'Dark', 'Stretch': 'Stretchable', 'Type of Distress': 'NA', 'Waist Rise': 'Low-Rise', 'Waistband': 'With belt loops', 'Wash Care': 'Machine Wash'}"
8070243,High Star Women White Slim Fit High-Rise Clean Look Stretchable Jeans,Jeans,2299.0,White,High Star,http://assets.myntassets.com/assets/images/8070243/2018/12/4/56603b21-d74a-4d45-856c-3af860681a431543914601747-High-Star-Women-White-Slim-Fit-High-Rise-Clean-Look-Stretchable-Jeans-6131543914600280-1.jpg,419.0,4.3389021479713605,"White light wash 5-pocket high-rise jeans, clean look with no fade, has a button and zip closure, waistband with belt loopsSlim fit<br>Stretchable<br>The model (height 5'8"") is wearing a size 28Cotton, polyester and elastane<br>Machine-wash","{'Add-Ons': 'NA', 'Body or Garment Size': 'To-Fit Denotes Body Measurements in', 'Brand Fit Name': 'NA', 'Closure': 'Button and Zip', 'Distress': 'Clean Look', 'Effects': 'None', 'Fabric': 'Cotton', 'Fabric 2': 'Polyester', 'Fabric 3': 'Elastane', 'Fade': 'No Fade', 'Features': 'NA', 'Fit': 'Slim Fit', 'Length': 'Regular', 'Number of Pockets': '5', 'Occasion': 'Casual', 'Reversible': 'No', 'Shade': 'Light', 'Stretch': 'Stretchable', 'Type of Distress': 'NA', 'Waist Rise': 'High-Rise', 'Waistband': 'With belt loops', 'Wash Care': 'Machine Wash'}"
8670529,Roadster Fast and Furious Women Charcoal Grey Acid Wash Cropped Stretchable Jeans,Jeans,2099.0,Charcoal,Roadster Fast and Furious,http://assets.myntassets.com/assets/images/8670529/2019/6/6/daa563ae-0caf-468f-aba3-4dac8dfda08b1559825866849-Roadster-Fast-and-Furious-Women-Jeans-7941559825865429-1.jpg,294.0,3.9149659863945576,"Charcoal dark wash 5-pocket mid-rise jeans, low distress with light fade, has a button and zip closure, waistband with belt loops98% cotton and 2% elastane<br>Machine-washSkinny Fit<br>Stretchable<br>The model (height 5'8"") is wearing a size 28","{'Add-Ons': 'NA', 'Body Shape ID': '424', 'Body or Garment Size': 'To-Fit Denotes Body Measurements in', 'Brand Fit Name': 'NA', 'Closure': 'Button and Zip', 'Distress': 'Low Distress', 'Effects': 'None', 'Fabric': 'Cotton', 'Fabric 2': 'Elastane', 'Fabric 3': 'NA', 'Fade': 'Light Fade', 'Features': 'Acid Wash', 'Fit': 'Skinny Fit', 'Length': 'Cropped', 'Number of Pockets': '5', 'Occasion': 'Casual', 'Reversible': 'No', 'Shade': 'Dark', 'Stretch': 'Stretchable', 'Type of Distress': 'Ripped', 'Waist Rise': 'Mid-Rise', 'Waistband': 'With belt loops', 'Wash Care': 'Machine Wash'}"
7243714,High Star Women Blue Slim Fit High-Rise Clean Look Stretchable Jeans,Jeans,2059.0,Blue,High Star,http://assets.myntassets.com/assets/images/7243714/2021/11/18/dda4572b-3fda-49a5-a9fd-72ada17138031637231371671-High-Star-Women-Blue-Slim-Fit-High-Rise-Clean-Look-Stretchab-1.jpg,2056.0,4.249513618677042,"Blue medium wash 5-pocket high-rise jeans, clean look with light fade, has a button and zip closure, waistband with belt loopsSlim fit<br>Stretchable<br>The model (height 5'8"") is wearing a size 28Polyester and elastane<br>Machine-wash","{'Add-Ons': 'NA', 'Body or Garment Size': 'To-Fit Denotes Body Measurements in', 'Brand Fit Name': 'NA', 'Closure': 'Button and Zip', 'Distress': 'Clean Look', 'Effects': 'Whiskers and Chevrons', 'Fabric': 'Cotton', 'Fabric 2': 'Polyester', 'Fabric 3': 'Elastane', 'Fade': 'Light Fade', 'Features': 'NA', 'Fit': 'Slim Fit', 'Length': 'Cropped', 'Number of Pockets': '5', 'Occasion': 'Casual', 'Reversible': 'No', 'Shade': 'Medium', 'Stretch': 'Stretchable', 'Type of Distress': 'NA', 'Waist Rise': 'High-Rise', 'Waistband': 'With belt loops', 'Wash Care': 'Machine Wash'}"
8195013,Tokyo Talkies Women Blue Super Skinny Fit Mid-Rise Clean Look Stretchable Jeans,Jeans,1899.0,Blue,Tokyo Talkies,http://assets.myntassets.com/assets/images/productimage/2018/12/12/9afe9582-5684-4dea-8383-d42771e606f71544633397595-1.jpg,998.0,3.908817635270541,"Blue light wash 5-pocket mid-rise jeans, clean look with no fade, has a button and zip closure, waistband with belt loopsSuper Skinny Fit<br>Stretchable<br>The model (height 5'8"") is wearing a size 2898% Cotton 2% Lycra<br>Machine-wash","{'Add-Ons': 'NA', 'Body or Garment Size': 'To-Fit Denotes Body Measurements in', 'Brand Fit Name': 'NA', 'Closure': 'Button and Zip', 'Distress': 'Clean Look', 'Effects': 'None', 'Fabric': 'Cotton', 'Fabric 2': 'Elastane', 'Fabric 3': 'NA', 'Fade': 'No Fade', 'Features': 'NA', 'Fit': 'Super Skinny Fit', 'Length': 'Cropped', 'Number of Pockets': '5', 'Occasion': 'Casual', 'Reversible': 'No', 'Shade': 'Light', 'Stretch': 'Stretchable', 'Type of Distress': 'NA', 'Waist Rise': 'Mid-Rise', 'Waistband': 'With belt loops', 'Wash Care': 'Machine Wash'}"
10343535,High Star Women Blue Slim Fit High-Rise Clean Look Stretchable Jeans,Jeans,1799.0,Blue,High Star,http://assets.myntassets.com/assets/images/10343535/2019/8/22/f0713459-7f66-4ee4-a0e8-98717eeb1ec21566464068180-High-Star-Women-Jeans-7631566464066693-1.jpg,1186.0,4.334738617200674,"Blue dark wash 5-pocket high-rise jeans, clean look, light fade, has a button and zip closure, and waistband with belt loopsSlim fit<br>Stretchable<br>The model (height 5'8"") is wearing a size 2880% cotton, 17% polyester and 3% elastane<br>Machine-wash","{'Add-Ons': 'NA', 'Body or Garment Size': 'To-Fit Denotes Body Measurements in', 'Brand Fit Name': 'NA', 'Closure': 'Button and Zip', 'Distress': 'Clean Look', 'Effects': 'None', 'Fabric': 'Cotton', 'Fabric 2': 'Polyester', 'Fabric 3': 'Elastane', 'Fade': 'Light Fade', 'Features': 'NA', 'Fit': 'Slim Fit', 'Length': 'Regular', 'Number of Pockets': '5', 'Occasion': 'Casual', 'Reversible': 'No', 'Shade': 'Dark', 'Stretch': 'Stretchable', 'Type of Distress': 'NA', 'Waist Rise': 'High-Rise', 'Waistband': 'With belt loops', 'Wash Care': 'Machine Wash'}"
4451422,Roadster Women Black Regular Fit Mid-Rise Clean Look Stretchable Jeans,Jeans,2099.0,Black,Roadster,http://assets.myntassets.com/assets/images/4451422/2018/7/4/206e8043-8647-47ae-a52c-38e103efd6041530702610422-Roadster-Women-Black-Regular-Fit-Mid-Rise-Clean-Look-Stretch-1.jpg,664.0,3.8463855421686746,"Black dark wash 5-pocket mid-rise jeans, clean look with no fade, has a button and zip closure, waistband with belt loopsCotton and elastane<br>Machine-washRegular Fit<br>Stretchable<br>The model (height 5'8"") is wearing a size 28","{'Add-Ons': 'NA', 'Body or Garment Size': 'To-Fit Denotes Body Measurements in', 'Brand Fit Name': 'NA', 'Closure': 'Button and Zip', 'Distress': 'Clean Look', 'Effects': 'None', 'Fabric': 'Cotton', 'Fabric 2': 'Elastane', 'Fabric 3': 'NA', 'Fade': 'No Fade', 'Features': 'NA', 'Fit': 'Regular Fit', 'Length': 'Regular', 'Number of Pockets': '5', 'Occasion': 'Casual', 'Reversible': 'No', 'Shade': 'Dark', 'Stretch': 'Stretchable', 'Type of Distress': 'NA', 'Waist Rise': 'Mid-Rise', 'Waistband': 'With belt loops', 'Wash Care': 'Machine Wash'}"
8002223,Tokyo Talkies Women Blue Super Skinny Fit Mid-Rise Clean Look Stretchable Jeans,Jeans,1899.0,Blue,Tokyo Talkies,http://assets.myntassets.com/assets/images/8002223/2019/5/31/282ab79f-6dba-4bb9-8e9c-77af72b96d101559294944612-Tokyo-Talkies-Women-Blue-Super-Skinny-Fit-Mid-Rise-Clean-Loo-1.jpg,1672.0,3.930622009569378,"Blue medium wash 5-pocket mid-rise jeans, clean look with light fade, has a button and zip closure, waistband with belt loops98% cotton, 2% elastane<br>Machine-washSuper Skinny Fit<br>Stretchable<br>The model (height 5'8"") is wearing a size 28","{'Add-Ons': 'NA', 'Body or Garment Size': 'Garment Measurements in', 'Brand Fit Name': 'NA', 'Closure': 'Button and Zip', 'Distress': 'Clean Look', 'Effects': 'Whiskers and Chevrons', 'Fabric': 'Cotton', 'Fabric 2': 'Elastane', 'Fabric 3': 'NA', 'Fade': 'Light Fade', 'Features': 'NA', 'Fit': 'Super Skinny Fit', 'Length': 'Cropped', 'Number of Pockets': '5', 'Occasion': 'Casual', 'Reversible': 'No', 'Shade': 'Medium', 'Stretch': 'Stretchable', 'Type of Distress': 'NA', 'Waist Rise': 'Mid-Rise', 'Waistband': 'With belt loops', 'Wash Care': 'Machine Wash'}"
7743971,High Star Women Black Slim Fit High-Rise Clean Look Stretchable Jeans,Jeans,2299.0,Black,High Star,http://assets.myntassets.com/assets/images/7743971/2018/11/6/408b9628-9d75-4559-ad95-8a33a010cc581541497754263-HSWDFPR111826-1621541497754127-1.jpg,1257.0,4.424025457438345,"Black dark wash 5-pocket high-rise jeans, clean look with no fade, has a button and zip closure, waistband with belt loopsSlim fit<br>Stretchable<br>The model (height 5'8"") is wearing a size 28Cotton, polyester and elastane<br>Machine-wash","{'Add-Ons': 'NA', 'Body or Garment Size': 'To-Fit Denotes Body Measurements in', 'Brand Fit Name': 'NA', 'Closure': 'Button and Zip', 'Distress': 'Clean Look', 'Effects': 'None', 'Fabric': 'Cotton', 'Fabric 2': 'Polyester', 'Fabric 3': 'Elastane', 'Fade': 'No Fade', 'Features': 'NA', 'Fit': 'Slim Fit', 'Length': 'Regular', 'Number of Pockets': '5', 'Occasion': 'Casual', 'Reversible': 'No', 'Shade': 'Dark', 'Stretch': 'Stretchable', 'Type of Distress': 'NA', 'Waist Rise': 'High-Rise', 'Waistband': 'With belt loops', 'Wash Care': 'Machine Wash'}"
10666988,DOLCE CRUDO Women Blue Skinny Fit High-Rise Clean Look Stretchable Denim Jeans,Jeans,2299.0,Blue,DOLCE CRUDO,http://assets.myntassets.com/assets/images/10666988/2021/10/28/75058de2-cf8a-4011-950b-97fb092cc0211635392987583-DOLCE-CRUDO-Women-Blue-Skinny-Fit-High-Rise-Clean-Look-Stret-1.jpg,699.0,4.005722460658083,"Blue light wash 5-pocket high-rise jeans, clean look, no fade, has a button and zip closure, and waistband with belt loopsSkinny Fit<br>Stretchable<br>The model (height 5'8"") is wearing a size 2878% Cotton, 21% Polyester &amp; 1% Elastane<br>Machine-wash","{'Add-Ons': 'NA', 'Body or Garment Size': 'To-Fit Denotes Body Measurements in', 'Brand Fit Name': 'NA', 'Closure': 'Button and Zip', 'Distress': 'Clean Look', 'Effects': 'None', 'Fabric': 'Cotton', 'Fabric 2': 'Polyester', 'Fabric 3': 'Elastane', 'Fade': 'No Fade', 'Features': 'NA', 'Fit': 'Skinny Fit', 'Length': 'Regular', 'Number of Pockets': '5', 'Occasion': 'Casual', 'Reversible': 'No', 'Shade': 'Light', 'Stretch': 'Stretchable', 'Type of Distress': 'NA', 'Waist Rise': 'High-Rise', 'Waistband': 'With belt loops', 'Wash Care': 'Machine Wash'}"
8514289,Miss Chase Women Blue Skinny Fit High-Rise Clean Look Jeans,Jeans,1899.0,Blue,Miss Chase,http://assets.myntassets.com/assets/images/8514289/2022/3/15/a9f201b7-2042-4aed-97cd-530733f1dde11647328484685-Miss-Chase-Women-Blue-Skinny-Fit-High-Rise-Clean-Look-Jeans--1.jpg,726.0,4.0440771349862255,"Blue medium wash 5-pocket high-rise jeans, clean look with no fade, has a button and zip closure, waistband with belt loopsSkinny Fit<br>The model (height 5'8"") is wearing a size 28Cotton<br> Machine-wash","{'Add-Ons': 'NA', 'Body or Garment Size': 'To-Fit Denotes Body Measurements in', 'Brand Fit Name': 'NA', 'Closure': 'Button and Zip', 'Distress': 'Clean Look', 'Effects': 'None', 'Fabric': 'Cotton', 'Fabric 2': 'NA', 'Fabric 3': 'NA', 'Fade': 'No Fade', 'Features': 'NA', 'Fit': 'Skinny Fit', 'Length': 'Regular', 'Number of Pockets': '5', 'Occasion': 'Casual', 'Reversible': 'No', 'Shade': 'Medium', 'Stretch': 'Stretchable', 'Type of Distress': 'NA', 'Waist Rise': 'High-Rise', 'Waistband': 'With belt loops', 'Wash Care': 'Machine Wash'}"
8083191,Tokyo Talkies Women Blue Super Skinny Fit Mid-Rise Clean Look Stretchable Jeans,Jeans,1899.0,Blue,Tokyo Talkies,http://assets.myntassets.com/assets/images/8083191/2018/12/17/4b85a7e3-09bd-4fc2-b15c-78d55e71794d1545050004425-Tokyo-Talkies-Women-Blue-Super-Skinny-Fit-Mid-Rise-Clean-Loo-1.jpg,838.0,3.959427207637232,"Blue medium wash 5-pocket mid-rise jeans, clean look with light fade, has a button and zip closure, waistband with belt loopsSuper Skinny Fit<br>Stretchable<br>The model (height 5'8"") is wearing a size 2898% cotton, 2% elastane<br>Machine-wash","{'Add-Ons': 'NA', 'Body or Garment Size': 'To-Fit Denotes Body Measurements in', 'Brand Fit Name': 'NA', 'Closure': 'Button and Zip', 'Distress': 'Clean Look', 'Effects': 'Whiskers and Chevrons', 'Fabric': 'Cotton', 'Fabric 2': 'Elastane', 'Fabric 3': 'NA', 'Fade': 'Light Fade', 'Features': 'NA', 'Fit': 'Super Skinny Fit', 'Length': 'Regular', 'Number of Pockets': '5', 'Occasion': 'Casual', 'Reversible': 'No', 'Shade': 'Medium', 'Stretch': 'Stretchable', 'Type of Distress': 'NA', 'Waist Rise': 'Mid-Rise', 'Waistband': 'With belt loops', 'Wash Care': 'Machine Wash'}"
9660675,High Star Women Grey Slim Fit Mid-Rise Clean Look Stretchable Jeans,Jeans,2299.0,Grey,High Star,http://assets.myntassets.com/assets/images/productimage/2019/5/14/6d101da8-6c72-47c5-ab61-609e41d6d15f1557773821380-1.jpg,408.0,4.272058823529412,"Grey medium wash 5-pocket mid-rise jeans, clean look with no fade, has a button and zip closure, waistband with belt loopsSlim fit<br>Stretchable<br>The model (height 5'8"") is wearing a size 28Cotton, polyester and elastane<br>Machine-wash","{'Add-Ons': 'Comes with a belt', 'Body or Garment Size': 'To-Fit Denotes Body Measurements in', 'Brand Fit Name': 'NA', 'Closure': 'Button and Zip', 'Distress': 'Clean Look', 'Effects': 'None', 'Fabric': 'Cotton', 'Fabric 2': 'Polyester', 'Fabric 3': 'Elastane', 'Fade': 'No Fade', 'Features': 'NA', 'Fit': 'Slim Fit', 'Length': 'Regular', 'Number of Pockets': '5', 'Occasion': 'Casual', 'Reversible': 'No', 'Shade': 'Medium', 'Stretch': 'Stretchable', 'Type of Distress': 'NA', 'Waist Rise': 'Mid-Rise', 'Waistband': 'With belt loops', 'Wash Care': 'Machine Wash'}"
8319213,Roadster Women Grey Skinny Fit Mid-Rise Clean Look Stretchable Cropped Jeans,Jeans,1599.0,Grey,Roadster,http://assets.myntassets.com/assets/images/8319213/2020/12/17/e0a4f8a9-697f-4144-83f4-79bd9f7cb3511608205910924-Roadster-Women-Grey-Skinny-Fit-Mid-Rise-Clean-Look-Stretchab-1.jpg,1097.0,4.010938924339107,"Grey medium wash 5-pocket mid-rise cropped jeans, clean look with light fade, has a button and zip closure, waistband with belt loops98.5% cotton, 1.5% elastane<br>Machine-washSkinny Fit<br>Stretchable<br>The model (height 5'8"") is wearing a size 28","{'Add-Ons': 'NA', 'Body or Garment Size': 'To-Fit Denotes Body Measurements in', 'Brand Fit Name': 'NA', 'Closure': 'Button and Zip', 'Distress': 'Clean Look', 'Effects': 'None', 'Fabric': 'Cotton', 'Fabric 2': 'Elastane', 'Fabric 3': 'NA', 'Fade': 'Light Fade', 'Features': 'NA', 'Fit': 'Skinny Fit', 'Length': 'Cropped', 'Number of Pockets': '5', 'Occasion': 'Casual', 'Reversible': 'No', 'Shade': 'Medium', 'Stretch': 'Stretchable', 'Sustainable': 'Regular', 'Type of Distress': 'NA', 'Waist Rise': 'Mid-Rise', 'Waistband': 'With belt loops', 'Wash Care': 'Machine Wash'}"
10365227,DressBerry Women Black Skinny Fit Mid-Rise Clean Look Cropped Stretchable Jeans,"Jeans, Skinny Fit, Mid-Rise, Clean Look, Cropped, Stretchable",1699.0,Black,DressBerry,http://assets.myntassets.com/assets/images/10365227/2019/9/26/6f6ca08a-7698-464a-8360-68db7963a69d1569491842134-DressBerry-Women-Jeans-7941569491840726-1.jpg,387.0,3.89922480620155,"Black dark wash 5-pocket mid-rise cropped jeans, clean look, no fade, has a button and zip closure, and waistband with belt loopsSkinny Fit<br>Stretchable<br>The model (height 5'8"") is wearing a size 2873% cotton, 25.5% polyester and 1.5% spandex<br>Machine-wash","{'Add-Ons': 'NA', 'Body or Garment Size': 'To-Fit Denotes Body Measurements in', 'Brand Fit Name': 'NA', 'Closure': 'Button and Zip', 'Distress': 'Clean Look', 'Effects': 'None', 'Fabric': 'Cotton', 'Fabric 2': 'Polyester', 'Fabric 3': 'Elastane', 'Fade': 'No Fade', 'Features': 'NA', 'Fit': 'Skinny Fit', 'Length': 'Cropped', 'Number of Pockets': '5', 'Occasion': 'Casual', 'Reversible': 'No', 'Shade': 'Dark', 'Stretch': 'Stretchable', 'Type of Distress': 'NA', 'Waist Rise': 'Mid-Rise', 'Waistband': 'With belt loops', 'Wash Care': 'Machine Wash'}"
9043347,High Star Women White Slim Fit High-Rise Clean Look Stretchable Jeans,Jeans,2299.0,White,High Star,http://assets.myntassets.com/assets/images/productimage/2019/3/15/098cbfcb-a3c1-4c2d-9ff6-f463b1acb09f1552654263788-1.jpg,364.0,4.304945054945055,"White light wash 5-pocket high-rise jeans, clean look with no fade, has a button and zip closure, waistband with belt loopsSlim fit<br>Stretchable<br>The model (height 5'8"") is wearing a size 28Cotton, polyester and elastane<br>Machine-wash","{'Add-Ons': 'NA', 'Body or Garment Size': 'To-Fit Denotes Body Measurements in', 'Brand Fit Name': 'NA', 'Closure': 'Button and Zip', 'Distress': 'Clean Look', 'Effects': 'None', 'Fabric': 'Cotton', 'Fabric 2': 'Polyester', 'Fabric 3': 'Elastane', 'Fade': 'No Fade', 'Features': 'NA', 'Fit': 'Slim Fit', 'Length': 'Regular', 'Number of Pockets': '5', 'Occasion': 'Casual', 'Reversible': 'No', 'Shade': 'Light', 'Stretch': 'Stretchable', 'Type of Distress': 'NA', 'Waist Rise': 'High-Rise', 'Waistband': 'With belt loops', 'Wash Care': 'Machine Wash'}"
9660683,High Star Women Grey Slim Fit Mid-Rise Clean Look Stretchable Jeans,Jeans,2299.0,Grey,High Star,http://assets.myntassets.com/assets/images/productimage/2019/5/14/2d4c9205-a313-43fd-a869-069723094a2e1557774751432-1.jpg,353.0,4.308781869688385,"Grey medium wash 5-pocket mid-rise jeans, clean look with no fade, has a button and zip closure, waistband with belt loopsCotton, polyester and elastane<br>Machine-washSlim fit<br>Stretchable<br>The model (height 5'8"") is wearing a size 28","{'Add-Ons': 'NA', 'Body or Garment Size': 'To-Fit Denotes Body Measurements in', 'Brand Fit Name': 'NA', 'Closure': 'Button and Zip', 'Distress': 'Clean Look', 'Effects': 'None', 'Fabric': 'Cotton', 'Fabric 2': 'Polyester', 'Fabric 3': 'Elastane', 'Fade': 'No Fade', 'Features': 'NA', 'Fit': 'Slim Fit', 'Length': 'Regular', 'Number of Pockets': '5', 'Occasion': 'Casual', 'Reversible': 'No', 'Shade': 'Medium', 'Stretch': 'Stretchable', 'Type of Distress': 'NA', 'Waist Rise': 'Mid-Rise', 'Waistband': 'With belt loops', 'Wash Care': 'Machine Wash'}"
10831740,Miss Chase Women White Skinny Fit High-Rise Clean Look Stretchable Jeans,Jeans,2399.0,White,Miss Chase,http://assets.myntassets.com/assets/images/productimage/2019/10/17/c017dbea-7eb5-48c6-8475-a59bb2b6aee71571271917498-1.jpg,265.0,3.637735849056604,"White light wash 5-pocket high-rise jeans, clean look, no fade, has a button and zip closure, and waistband with belt loopsSkinny Fit<br>Stretchable<br>The model (height 5'8"") is wearing a size 2878% Cotton, 21% Polyester, 1% Elastane<br>Machine-wash","{'Add-Ons': 'NA', 'Body or Garment Size': 'To-Fit Denotes Body Measurements in', 'Brand Fit Name': 'NA', 'Closure': 'Button and Zip', 'Distress': 'Clean Look', 'Effects': 'None', 'Fabric': 'Cotton', 'Fabric 2': 'Polyester', 'Fabric 3': 'Elastane', 'Fade': 'No Fade', 'Features': 'NA', 'Fit': 'Skinny Fit', 'Length': 'Regular', 'Number of Pockets': '5', 'Occasion': 'Casual', 'Reversible': 'No', 'Shade': 'Light', 'Stretch': 'Stretchable', 'Type of Distress': 'NA', 'Waist Rise': 'High-Rise', 'Waistband': 'With belt loops', 'Wash Care': 'Machine Wash'}"
4320171,High Star Women White Slim Fit Mid-Rise Clean Look Stretchable Jeans,Jeans,2299.0,White,High Star,http://assets.myntassets.com/assets/images/4320171/2018/3/21/11521633392478-High-Star-Women-White-Slim-Fit-Mid-Rise-Clean-Look-Stretchable-Jeans-7721521633392284-1.jpg,94.0,4.202127659574468,"White light wash 5-pocket mid-rise jeans, clean look with no fade, has a button and zip closure, waistband with belt loopsCotton &amp; Lycra<br>Machine-washSlim fit<br>  Stretchable<br> The model (height 5'8"") is wearing a size 28","{'Add-Ons': 'NA', 'Body or Garment Size': 'To-Fit Denotes Body Measurements in', 'Brand Fit Name': 'NA', 'Closure': 'Button and Zip', 'Distress': 'Clean Look', 'Effects': 'None', 'Fabric': 'Cotton', 'Fabric 2': 'NA', 'Fabric 3': 'NA', 'Fade': 'No Fade', 'Features': 'NA', 'Fit': 'Slim Fit', 'Length': 'Regular', 'Number of Pockets': '5', 'Occasion': 'Casual', 'Reversible': 'No', 'Shade': 'Light', 'Stretch': 'Stretchable', 'Type of Distress': 'NA', 'Waist Rise': 'Mid-Rise', 'Waistband': 'With belt loops', 'Wash Care': 'Machine Wash'}"
1642952,Pepe Jeans Women Navy Blue Slim Fit Mid-Rise Clean Look Stretchable Jeans,Jeans,2299.0,Navy Blue,Pepe Jeans,http://assets.myntassets.com/assets/images/1642952/2020/7/15/5e756834-ef86-4a76-b108-12211a9b89041594802876158-Pepe-Jeans-Women-Navy-Blue-Slim-Fit-Mid-Rise-Clean-Look-Stre-1.jpg,29.0,3.0,"Navy Blue dark wash 5-pocket mid-rise jeans, clean look, no fade, has a button and zip closure, and waistband with belt loopsSlim Fit<br>Stretchable<br>The model (height 5'8"") is wearing a size 2875% cotton, 24% polyester and 1% elastane<br>Machine-wash","{'Add-Ons': 'NA', 'Body or Garment Size': 'To-Fit Denotes Body Measurements in', 'Brand Fit Name': 'Lean', 'Closure': 'Button and Zip', 'Distress': 'Clean Look', 'Effects': 'None', 'Fabric': 'Cotton', 'Fabric 2': 'Elastane', 'Fabric 3': 'NA', 'Fade': 'No Fade', 'Features': 'NA', 'Fit': 'Slim Fit', 'Length': 'Regular', 'Number of Pockets': '5', 'Occasion': 'Casual', 'Reversible': 'No', 'Shade': 'Dark', 'Stretch': 'Stretchable', 'Type of Distress': 'NA', 'Waist Rise': 'Mid-Rise', 'Waistband': 'With belt loops', 'Wash Care': 'Machine Wash'}"
8963467,The Roadster Lifestyle Co Women Navy Blue Skinny Fit Mid-Rise Mildly Distressed Stretchable Cropped Jeans,Jeans,1999.0,Navy Blue,Roadster,http://assets.myntassets.com/assets/images/8963467/2019/4/9/f3eb3f22-e2ad-41c6-a598-2ec4cdde06391554793096448-Roadster-Women-Blue-Skinny-Fit-Mid-Rise-Mildly-Distressed-St-1.jpg,397.0,4.2191435768261965,"Blue medium wash 5-pocket mid-rise cropped jeans, mildly distressed with light fade, has a button and zip closure, waistband with belt loopsSkinny Fit<br>Stretchable<br>The model (height 5'8"") is wearing a size 2898% cotton, 2% elastane<br>Machine-wash","{'Add-Ons': 'NA', 'Body or Garment Size': 'To-Fit Denotes Body Measurements in', 'Brand Fit Name': 'NA', 'Closure': 'Button and Zip', 'Distress': 'Mildly Distressed', 'Effects': 'Whiskers and Chevrons', 'Fabric': 'Cotton', 'Fabric 2': 'Elastane', 'Fabric 3': 'NA', 'Fade': 'Light Fade', 'Features': 'NA', 'Fit': 'Skinny Fit', 'Length': 'Cropped', 'Number of Pockets': '5', 'Occasion': 'Casual', 'Reversible': 'No', 'Shade': 'Medium', 'Stretch': 'Stretchable', 'Type of Distress': 'Cat Scratches', 'Waist Rise': 'Mid-Rise', 'Waistband': 'With belt loops', 'Wash Care': 'Machine Wash'}"
10075727,Miss Chase Women Black Skinny Fit High-Rise Clean Look Jeans,Jeans,2299.0,Black,Miss Chase,http://assets.myntassets.com/assets/images/productimage/2019/6/18/34fc7d14-e1eb-48a3-a75f-7dbd6d77c8691560849480256-1.jpg,810.0,4.149382716049383,"Black dark wash 5-pocket high-rise jeans, clean look, no fade, has a button fly closure, and waistband with belt loopsCotton<br>Machine-washSkinny Fit<br>The model (height 5'8"") is wearing a size 28","{'Add-Ons': 'NA', 'Brand Fit Name': 'NA', 'Closure': 'Button Fly', 'Distress': 'Clean Look', 'Effects': 'None', 'Fabric': 'Cotton', 'Fabric 2': 'NA', 'Fabric 3': 'NA', 'Fade': 'No Fade', 'Features': 'NA', 'Fit': 'Skinny Fit', 'Length': 'Cropped', 'Number of Pockets': '5', 'Occasion': 'Casual', 'Reversible': 'No', 'Shade': 'Dark', 'Stretch': 'Stretchable', 'Type of Distress': 'NA', 'Waist Rise': 'High-Rise', 'Waistband': 'With belt loops', 'Wash Care': 'Machine Wash'}"
10728892,DOLCE CRUDO Women Blue Skinny Fit High-Rise Clean Look Stretchable Cropped Jeans,Jeans,2349.0,Blue,DOLCE CRUDO,http://assets.myntassets.com/assets/images/10728892/2019/11/13/7d22c58b-5d2e-4e82-8a9a-10bad445c5811573647940423-DOLCE-CRUDO-Women-Blue-Skinny-Fit-High-Rise-Clean-Look-Stret-1.jpg,271.0,4.088560885608856,"Blue medium wash 5-pocket high-rise jeans, clean look, heavy fade, has a button and zip closure, and waistband with belt loops78% Cotton, 21% Polyester &amp; 1% Elastane<br>Machine-washSkinny Fit<br>Stretchable<br>The model (height 5'8"") is wearing a size 28","{'Add-Ons': 'NA', 'Body Shape ID': '424', 'Body or Garment Size': 'To-Fit Denotes Body Measurements in', 'Brand Fit Name': 'NA', 'Closure': 'Button and Zip', 'Distress': 'Clean Look', 'Effects': 'None', 'Fabric': 'Cotton', 'Fabric 2': 'Polyester', 'Fabric 3': 'Elastane', 'Fade': 'Heavy Fade', 'Features': 'Zip', 'Fit': 'Skinny Fit', 'Length': 'Cropped', 'Number of Pockets': '5', 'Occasion': 'Casual', 'Reversible': 'No', 'Shade': 'Medium', 'Stretch': 'Stretchable', 'Type of Distress': 'NA', 'Waist Rise': 'High-Rise', 'Waistband': 'With belt loops', 'Wash Care': 'Machine Wash'}"
8801173,Roadster Women Blue Contrast High-Rise Crop Boyfriend Fit Clean Look Stretchable Jeans,Jeans,2499.0,Blue,Roadster,http://assets.myntassets.com/assets/images/8801173/2021/9/7/70b2ba96-f2bd-49ec-8ab7-1058b10b8bd41631013405389-Roadster-Women-Blue-Contrast-High-Rise-Crop-Boyfriend-Fit-Cl-1.jpg,633.0,4.116903633491312,"Blue medium wash 5-pocket high-rise cropped jeans, clean look with no fade, has a button and zip closure, waistband with belt loopsBoyfriend Fit<br>Stretchable<br>The model (height 5'8"") is wearing a size 2899% cotton 1% elastane<br>Machine-wash","{'Add-Ons': 'NA', 'Body or Garment Size': 'To-Fit Denotes Body Measurements in', 'Brand Fit Name': 'NA', 'Character': 'NA', 'Closure': 'Button and Zip', 'Distress': 'Clean Look', 'Effects': 'None', 'Fabric': 'Cotton', 'Fabric 2': 'Elastane', 'Fabric 3': 'NA', 'Fade': 'No Fade', 'Features': 'NA', 'Fit': 'Boyfriend Fit', 'Length': 'Cropped', 'Main Trend': 'Frayed Denim', 'Number of Pockets': '5', 'Occasion': 'Casual', 'Reversible': 'No', 'Shade': 'Medium', 'Stretch': 'Stretchable', 'Sustainable': 'Regular', 'Type of Distress': 'NA', 'Waist Rise': 'High-Rise', 'Waistband': 'With belt loops', 'Wash Care': 'Machine Wash'}"
7243701,High Star Women Blue Slim Fit High-Rise Clean Look Stretchable Jeans,Jeans,2059.0,Blue,High Star,http://assets.myntassets.com/assets/images/7243701/2018/8/29/3d75ee70-d17f-4e22-8318-27e94896b46f1535551110161-HSWDFPR11530-6171535551109894-1.jpg,668.0,4.206586826347305,"Blue dark wash 5-pocket high-rise jeans, clean look with light fade, has a button and zip closure, waistband with belt loopsPolyester and elastane<br>Machine-washSlim fit<br>Stretchable<br>The model (height 5'8"") is wearing a size 28","{'Add-Ons': 'NA', 'Body or Garment Size': 'To-Fit Denotes Body Measurements in', 'Brand Fit Name': 'NA', 'Closure': 'Button and Zip', 'Distress': 'Clean Look', 'Effects': 'Whiskers and Chevrons', 'Fabric': 'Cotton', 'Fabric 2': 'Polyester', 'Fabric 3': 'Elastane', 'Fade': 'Light Fade', 'Features': 'NA', 'Fit': 'Slim Fit', 'Length': 'Cropped', 'Number of Pockets': '5', 'Occasion': 'Casual', 'Reversible': 'No', 'Shade': 'Dark', 'Stretch': 'Stretchable', 'Type of Distress': 'NA', 'Waist Rise': 'High-Rise', 'Waistband': 'With belt loops', 'Wash Care': 'Machine Wash'}"
7463810,High Star Women White Slim Fit High-Rise Clean Look Stretchable Jeans,Jeans,2299.0,White,High Star,http://assets.myntassets.com/assets/images/7463810/2018/9/22/e7c5bef1-f3ce-407b-b31f-cbe3e5389f841537596282102-HSWDFPR12928-8441537596281869-1.jpg,180.0,4.322222222222222,"White light wash 5-pocket high-rise jeans, clean look with no fade, has a button and zip closure, waistband with belt loopsSlim fit<br>Stretchable<br>The model (height 5'8"") is wearing a size 28Cotton, polyester and elastane<br>Machine-wash","{'Add-Ons': 'NA', 'Body or Garment Size': 'To-Fit Denotes Body Measurements in', 'Brand Fit Name': 'NA', 'Closure': 'Button and Zip', 'Distress': 'Clean Look', 'Effects': 'None', 'Fabric': 'Cotton', 'Fabric 2': 'Polyester', 'Fabric 3': 'Elastane', 'Fade': 'No Fade', 'Features': 'NA', 'Fit': 'Slim Fit', 'Length': 'Regular', 'Number of Pockets': '5', 'Occasion': 'Casual', 'Reversible': 'No', 'Shade': 'Light', 'Stretch': 'Stretchable', 'Type of Distress': 'NA', 'Waist Rise': 'High-Rise', 'Waistband': 'With belt loops', 'Wash Care': 'Machine Wash'}"
9656695,Tokyo Talkies Women Blue Skinny Fit Mid-Rise Clean Look Stretchable Jeans,Jeans,1899.0,Blue,Tokyo Talkies,http://assets.myntassets.com/assets/images/9656695/2019/8/5/8e9c2fd7-fd1d-495e-aae8-850e257d049f1564985883505-Tokyo-Talkies-Women-Blue-Skinny-Fit-Mid-Rise-Clean-Look-Stre-1.jpg,577.0,3.8925476603119584,"Blue medium wash 5-pocket mid-rise jeans, clean look with light fade, has a button and zip closure, waistband with belt loopsSkinny Fit<br>Stretchable<br>The model (height 5'8"") is wearing a size 2897% Cotton 2.5% Polyester 0.5% Elastane<br>Machine-wash","{'Add-Ons': 'NA', 'Body or Garment Size': 'To-Fit Denotes Body Measurements in', 'Brand Fit Name': 'NA', 'Closure': 'Button and Zip', 'Distress': 'Clean Look', 'Effects': 'Whiskers and Chevrons', 'Fabric': 'Cotton', 'Fabric 2': 'Polyester', 'Fabric 3': 'Elastane', 'Fade': 'Light Fade', 'Features': 'NA', 'Fit': 'Skinny Fit', 'Length': 'Cropped', 'Number of Pockets': '5', 'Occasion': 'Casual', 'Reversible': 'No', 'Shade': 'Medium', 'Stretch': 'Stretchable', 'Type of Distress': 'NA', 'Waist Rise': 'Mid-Rise', 'Waistband': 'With belt loops', 'Wash Care': 'Machine Wash'}"
10668230,Miss Chase Women Blue Skinny Fit High-Rise Slash Knee Stretchable Jeans,Jeans,2299.0,Blue,Miss Chase,http://assets.myntassets.com/assets/images/productimage/2019/9/18/c4a19bd6-7950-4c0d-95a8-0809001849251568829220508-1.jpg,153.0,4.117647058823529,"Blue medium wash 5-pocket high-rise jeans, slash knee, no fade, has a button and zip closure, and waistband with belt loopsSkinny Fit<br>Stretchable<br>The model (height 5'8"") is wearing a size 2878% Cotton, 21% Polyester &amp; 1% Elastane<br>Machine-wash","{'Add-Ons': 'NA', 'Body or Garment Size': 'To-Fit Denotes Body Measurements in', 'Brand Fit Name': 'NA', 'Closure': 'Button and Zip', 'Distress': 'Slash Knee', 'Effects': 'None', 'Fabric': 'Cotton', 'Fabric 2': 'Polyester', 'Fabric 3': 'Elastane', 'Fade': 'No Fade', 'Features': 'NA', 'Fit': 'Skinny Fit', 'Length': 'Regular', 'Number of Pockets': '5', 'Occasion': 'Casual', 'Reversible': 'No', 'Shade': 'Medium', 'Stretch': 'Stretchable', 'Type of Distress': 'NA', 'Waist Rise': 'High-Rise', 'Waistband': 'With belt loops', 'Wash Care': 'Machine Wash'}"
2283055,High Star Women Black Slim Fit Mid-Rise Clean Look Stretchable Jeans,Jeans,2299.0,Black,High Star,http://assets.myntassets.com/assets/images/2283055/2017/11/27/11511764579168-High-Star-Women-Black-Slim-Fit-Mid-Rise-Clean-Look-Stretchable-Jeans-601511764579018-1.jpg,75.0,4.28,"Black dark wash 5-pocket mid-rise jeans, clean look with no fade, has a button and zip closure, waistband with belt loopsSlim fit<br>  Stretchable<br> The model (height 5'8"") is wearing a size 28Cotton and elastane <br> Machine-wash","{'Add-Ons': 'NA', 'Body or Garment Size': 'To-Fit Denotes Body Measurements in', 'Brand Fit Name': 'NA', 'Closure': 'Button and Zip', 'Distress': 'Clean Look', 'Effects': 'None', 'Fabric': 'Cotton', 'Fabric 2': 'Elastane', 'Fabric 3': 'NA', 'Fade': 'No Fade', 'Features': 'NA', 'Fit': 'Slim Fit', 'Length': 'Regular', 'Number of Pockets': '5', 'Occasion': 'Casual', 'Reversible': 'No', 'Shade': 'Dark', 'Stretch': 'Stretchable', 'Type of Distress': 'NA', 'Waist Rise': 'Mid-Rise', 'Waistband': 'With belt loops', 'Wash Care': 'Machine Wash'}"
9441627,Miss Chase Women Black Skinny Fit High-Rise Clean Look Jeans,Jeans,1899.0,Black,Miss Chase,http://assets.myntassets.com/assets/images/9441627/2019/4/29/89734f3b-9cc5-4204-be92-7d7394c85c011556523970845-Miss-Chase-Women-Black-Skinny-Fit-Jeans-9441556523969113-2.jpg,3.0,4.666666666666667,"Black dark wash 5-pocket high-rise jeans, clean look with no fade, has a button and zip closure, waistband with belt loopsCotton<br> Machine-washSkinny Fit<br>The model (height 5'8"") is wearing a size 28","{'Add-Ons': 'NA', 'Body or Garment Size': 'To-Fit Denotes Body Measurements in', 'Brand Fit Name': 'NA', 'Closure': 'Button and Zip', 'Distress': 'Clean Look', 'Effects': 'None', 'Fabric': 'Cotton', 'Fabric 2': 'NA', 'Fabric 3': 'NA', 'Fade': 'No Fade', 'Features': 'NA', 'Fit': 'Skinny Fit', 'Length': 'Cropped', 'Number of Pockets': '5', 'Occasion': 'Casual', 'Reversible': 'No', 'Shade': 'Dark', 'Stretch': 'Stretchable', 'Type of Distress': 'NA', 'Waist Rise': 'High-Rise', 'Waistband': 'With belt loops', 'Wash Care': 'Machine Wash'}"
8935405,Miss Chase Women Navy Blue Skinny Fit Mid-Rise Clean Look Jeans,Jeans,1899.0,Navy Blue,Miss Chase,http://assets.myntassets.com/assets/images/productimage/2019/2/28/e207219d-0179-44b3-93a4-7cc371a22c2b1551355125341-1.jpg,135.0,3.977777777777778,"Navy Blue dark wash 5-pocket mid-rise jeans, clean look with no fade, has a button and zip closure, waistband with belt loopsCotton<br>Machine-washSkinny Fit<br>The model (height 5'8"") is wearing a size 28","{'Add-Ons': 'NA', 'Body or Garment Size': 'To-Fit Denotes Body Measurements in', 'Brand Fit Name': 'NA', 'Closure': 'Button and Zip', 'Distress': 'Clean Look', 'Effects': 'None', 'Fabric': 'Cotton', 'Fabric 2': 'NA', 'Fabric 3': 'NA', 'Fade': 'No Fade', 'Features': 'NA', 'Fit': 'Skinny Fit', 'Length': 'Regular', 'Number of Pockets': '5', 'Occasion': 'Casual', 'Reversible': 'No', 'Shade': 'Dark', 'Stretch': 'Non Stretchable', 'Type of Distress': 'NA', 'Waist Rise': 'Mid-Rise', 'Waistband': 'With belt loops', 'Wash Care': 'Machine Wash'}"
7289169,High Star Women Black Slim Fit High-Rise Clean Look Stretchable Jeans,Jeans,2299.0,Black,High Star,http://assets.myntassets.com/assets/images/7289169/2018/9/6/17a79035-b81e-41b1-a634-551a9b2a5fd81536224454434-WDFPR12730-8831536224454197-1.jpg,135.0,3.837037037037037,"Black dark wash 5-pocket high-rise jeans, clean look with no fade, has a button and zip closure, waistband with belt loopsSlim fit<br>Stretchable<br>The model (height 5'8"") is wearing a size 28Cotton, polyester and elastane<br>Machine-wash","{'Add-Ons': 'NA', 'Body or Garment Size': 'To-Fit Denotes Body Measurements in', 'Brand Fit Name': 'NA', 'Closure': 'Button and Zip', 'Distress': 'Clean Look', 'Effects': 'None', 'Fabric': 'Cotton', 'Fabric 2': 'Polyester', 'Fabric 3': 'Elastane', 'Fade': 'No Fade', 'Features': 'NA', 'Fit': 'Slim Fit', 'Length': 'Cropped', 'Number of Pockets': '5', 'Occasion': 'Casual', 'Reversible': 'No', 'Shade': 'Dark', 'Stretch': 'Stretchable', 'Type of Distress': 'NA', 'Waist Rise': 'High-Rise', 'Waistband': 'With belt loops', 'Wash Care': 'Machine Wash'}"
9334839,Miss Chase Women Blue Skinny Fit High-Rise Clean Look Jeans,Jeans,1999.0,Blue,Miss Chase,http://assets.myntassets.com/assets/images/9334839/2019/4/17/041ea2be-84f6-4048-aee7-34ae47486dcb1555490023792-Miss-Chase-Women-Blue-Skinny-Fit-Jeans-6111555490022774-1.jpg,20.0,4.2,"Blue light wash 5-pocket high-rise jeans, clean look with no fade, has a button and zip closure, waistband with belt loopsCotton<br>Machine-washSkinny Fit<br>The model (height 5'8"") is wearing a size 28","{'Add-Ons': 'NA', 'Body or Garment Size': 'To-Fit Denotes Body Measurements in', 'Brand Fit Name': 'NA', 'Closure': 'Button and Zip', 'Distress': 'Clean Look', 'Effects': 'None', 'Fabric': 'Cotton', 'Fabric 2': 'NA', 'Fabric 3': 'NA', 'Fade': 'No Fade', 'Features': 'NA', 'Fit': 'Skinny Fit', 'Length': 'Regular', 'Number of Pockets': '5', 'Occasion': 'Casual', 'Reversible': 'No', 'Shade': 'Light', 'Stretch': 'Stretchable', 'Type of Distress': 'NA', 'Waist Rise': 'High-Rise', 'Waistband': 'With belt loops', 'Wash Care': 'Machine Wash'}"
10497436,Miss Chase Women Black Slim Fit Mid-Rise Slash Knee Jeans,Jeans,2399.0,Black,Miss Chase,http://assets.myntassets.com/assets/images/productimage/2019/8/21/60571a57-652f-4854-b57b-8f05980597071566379547432-1.jpg,33.0,4.0606060606060606,"Black dark wash 5-pocket mid-rise jeans, slash knee, no fade, has a button and zip closure, and waistband with belt loopsSlim Fit<br>The model (height 5'8"") is wearing a size 28Cotton<br>Machine-wash","{'Add-Ons': 'NA', 'Body or Garment Size': 'To-Fit Denotes Body Measurements in', 'Brand Fit Name': 'NA', 'Closure': 'Button and Zip', 'Distress': 'Slash Knee', 'Effects': 'None', 'Fabric': 'Cotton', 'Fabric 2': 'NA', 'Fabric 3': 'NA', 'Fade': 'No Fade', 'Features': 'NA', 'Fit': 'Slim Fit', 'Length': 'Cropped', 'Number of Pockets': '5', 'Occasion': 'Casual', 'Reversible': 'No', 'Shade': 'Dark', 'Stretch': 'Non Stretchable', 'Type of Distress': 'NA', 'Waist Rise': 'Mid-Rise', 'Waistband': 'With belt loops', 'Wash Care': 'Machine Wash'}"
10696602,DOLCE CRUDO Women Black Slim Fit High-Rise Clean Look Stretchable Jeans,Jeans,2399.0,Black,DOLCE CRUDO,http://assets.myntassets.com/assets/images/productimage/2019/9/21/f3b661e7-854b-4b39-ad1c-fb5d1107c1ca1569025325099-1.jpg,33.0,4.181818181818182,"Black dark wash 5-pocket high-rise jeans, clean look, no fade, has a button and zip closure, and waistband with belt loopsSlim fit<br>Stretchable<br>The model (height 5'8"") is wearing a size 2878% Cotton, 21% Polyester &amp; 1% Elastane<br>Machine-wash","{'Add-Ons': 'Comes with a belt', 'Body or Garment Size': 'To-Fit Denotes Body Measurements in', 'Brand Fit Name': 'NA', 'Closure': 'Button and Zip', 'Distress': 'Clean Look', 'Effects': 'None', 'Fabric': 'Cotton', 'Fabric 2': 'Polyester', 'Fabric 3': 'Elastane', 'Fade': 'No Fade', 'Features': 'NA', 'Fit': 'Slim Fit', 'Length': 'Regular', 'Number of Pockets': '5', 'Occasion': 'Casual', 'Reversible': 'No', 'Shade': 'Dark', 'Stretch': 'Stretchable', 'Type of Distress': 'NA', 'Waist Rise': 'High-Rise', 'Waistband': 'With belt loops', 'Wash Care': 'Machine Wash'}"
10520402,Miss Chase Women Black Regular Fit High-Rise Clean Look Jeans,Jeans,2399.0,Black,Miss Chase,http://assets.myntassets.com/assets/images/productimage/2019/8/26/8b4f85bf-ee3e-4982-a028-55f85093eb4c1566808979812-1.jpg,44.0,4.204545454545454,"Black dark wash 5-pocket high-rise jeans, clean look, no fade, has a button and zip closure, applique details, waistband with belt loopsRegular Fit<br>The model (height 5'8"") is wearing a size 28Cotton<br>Machine-wash","{'Add-Ons': 'NA', 'Body Shape ID': '443,333,324,424', 'Body or Garment Size': 'To-Fit Denotes Body Measurements in', 'Brand Fit Name': 'NA', 'Closure': 'Button and Zip', 'Distress': 'Clean Look', 'Effects': 'None', 'Fabric': 'Cotton', 'Fabric 2': 'NA', 'Fabric 3': 'NA', 'Fade': 'No Fade', 'Features': 'Applique', 'Fit': 'Regular Fit', 'Length': 'Regular', 'Number of Pockets': '5', 'Occasion': 'Casual', 'Reversible': 'No', 'Shade': 'Dark', 'Stretch': 'Stretchable', 'Type of Distress': 'NA', 'Waist Rise': 'High-Rise', 'Waistband': 'With belt loops', 'Wash Care': 'Machine Wash'}"
1642962,Pepe Jeans Women Navy Regular Fit Mid-Rise Clean Look Stretchable Jeans,Jeans,2399.0,Navy Blue,Pepe Jeans,http://assets.myntassets.com/assets/images/1642962/2018/9/15/b7fe6287-0dca-4924-afd1-2c7c503acd2f1536992920714-Pepe-Jeans-Women-Navy-Regular-Fit-Mid-Rise-Clean-Look-Stretc-1.jpg,16.0,3.5,"Navy blue dark wash 5-pocket mid-rise jeans, clean look with no fade, has a button and zip closure, waistband with belt loopsRegular fit<br>Stretchable67% cotton, 32% polyester and 1% elastane<br>Machine-wash cold","{'Add-Ons': 'NA', 'Body or Garment Size': 'To-Fit Denotes Body Measurements in', 'Brand Fit Name': 'NA', 'Closure': 'Button and Zip', 'Distress': 'Clean Look', 'Effects': 'None', 'Fabric': 'Cotton', 'Fabric 2': 'Polyester', 'Fabric 3': 'Elastane', 'Fade': 'No Fade', 'Features': 'NA', 'Fit': 'Regular Fit', 'Length': 'Regular', 'Number of Pockets': '5', 'Occasion': 'Casual', 'Reversible': 'No', 'Shade': 'Dark', 'Stretch': 'Stretchable', 'Type of Distress': 'NA', 'Waist Rise': 'Mid-Rise', 'Waistband': 'With belt loops', 'Wash Care': 'Machine Wash'}"
10566358,Miss Chase Women Navy Blue Skinny Fit Mid-Rise Clean Look Stretchable Jeans,Jeans,2249.0,Navy Blue,Miss Chase,http://assets.myntassets.com/assets/images/10566358/2019/10/23/ce7d0c73-7831-4df2-9c6d-01388f7d92171571826503628-Miss-Chase-Women-Navy-Blue-Skinny-Fit-Mid-Rise-Clean-Look-St-1.jpg,24.0,3.875,"Navy Blue dark wash 5-pocket mid-rise jeans, clean look, no fade, has a button and zip closure, and waistband with belt loopsSkinny Fit<br>Stretchable<br>The model (height 5'8"") is wearing a size 2878% Cotton, 21% Polyester &amp; 1% Elastane<br>Machine-wash","{'Add-Ons': 'NA', 'Body or Garment Size': 'To-Fit Denotes Body Measurements in', 'Brand Fit Name': 'NA', 'Closure': 'Button and Zip', 'Distress': 'Clean Look', 'Effects': 'None', 'Fabric': 'Cotton', 'Fabric 2': 'Polyester', 'Fabric 3': 'Elastane', 'Fade': 'No Fade', 'Features': 'NA', 'Fit': 'Skinny Fit', 'Length': 'Regular', 'Number of Pockets': '5', 'Occasion': 'Casual', 'Reversible': 'No', 'Shade': 'Dark', 'Stretch': 'Stretchable', 'Type of Distress': 'NA', 'Waist Rise': 'Mid-Rise', 'Waistband': 'With belt loops', 'Wash Care': 'Machine Wash'}"
10647208,Miss Chase Women Black Slim Fit High-Rise Clean Look Stretchable Jeans,Jeans,2249.0,Black,Miss Chase,http://assets.myntassets.com/assets/images/productimage/2019/9/15/b0e64ed6-fb2e-4c84-94b9-9fe0cadc7c5a1568522368253-1.jpg,114.0,4.026315789473684,"Black dark wash 5-pocket high-rise jeans, clean look, no fade, has a button and zip closure, and waistband with belt loops78% Cotton, 21% Polyester &amp; 1% Elastane<br>Machine-washSlim fit<br>Stretchable<br>The model (height 5'8"") is wearing a size 28","{'Add-Ons': 'NA', 'Body or Garment Size': 'To-Fit Denotes Body Measurements in', 'Brand Fit Name': 'NA', 'Closure': 'Button and Zip', 'Distress': 'Clean Look', 'Effects': 'None', 'Fabric': 'Cotton', 'Fabric 2': 'Polyester', 'Fabric 3': 'Elastane', 'Fade': 'No Fade', 'Features': 'NA', 'Fit': 'Slim Fit', 'Length': 'Cropped', 'Number of Pockets': '5', 'Occasion': 'Casual', 'Reversible': 'No', 'Shade': 'Dark', 'Stretch': 'Stretchable', 'Type of Distress': 'NA', 'Waist Rise': 'High-Rise', 'Waistband': 'With belt loops', 'Wash Care': 'Machine Wash'}"
10647216,Miss Chase Women Black Slim Fit High-Rise Clean Look Stretchable Jeans,Jeans,2349.0,Black,Miss Chase,http://assets.myntassets.com/assets/images/productimage/2019/9/15/c52e2c9d-454b-442a-8ec7-794ade33184c1568496322890-1.jpg,25.0,4.04,"Black dark wash 5-pocket high-rise jeans, clean look, no fade, has a button and zip closure, and waistband with belt loops78% Cotton, 21% Polyester &amp; 1% Elastane<br>Machine-washSlim fit<br>Stretchable<br>The model (height 5'8"") is wearing a size 28","{'Add-Ons': 'NA', 'Body or Garment Size': 'To-Fit Denotes Body Measurements in', 'Brand Fit Name': 'NA', 'Closure': 'Button and Zip', 'Distress': 'Clean Look', 'Effects': 'None', 'Fabric': 'Cotton', 'Fabric 2': 'Polyester', 'Fabric 3': 'Elastane', 'Fade': 'No Fade', 'Features': 'NA', 'Fit': 'Slim Fit', 'Length': 'Regular', 'Number of Pockets': '5', 'Occasion': 'Casual', 'Reversible': 'No', 'Shade': 'Dark', 'Stretch': 'Stretchable', 'Type of Distress': 'NA', 'Waist Rise': 'High-Rise', 'Waistband': 'With belt loops', 'Wash Care': 'Machine Wash'}"
2302791,High Star Women Grey Slim Fit Mid-Rise Clean Look Stretchable Jeans,Jeans,2599.0,Grey,High Star,http://assets.myntassets.com/assets/images/2302791/2018/5/21/583f238b-d4e2-4dc6-8f06-911c27bf9e041526902852712-High-Star-Women-Grey-Slim-Fit-Mid-Rise-Clean-Look-Stretchable-Jeans-3331526902852574-1.jpg,88.0,4.2727272727272725,"Grey dark wash 5-pocket mid-rise jeans, clean look with no fade, has a button and zip closure, waistband with belt loopsCotton and elastane <br> Machine-washSlim fit<br>  Stretchable<br> The model (height 5'8"") is wearing a size 28","{'Add-Ons': 'NA', 'Body or Garment Size': 'To-Fit Denotes Body Measurements in', 'Brand Fit Name': 'NA', 'Closure': 'Button and Zip', 'Distress': 'Clean Look', 'Effects': 'None', 'Fabric': 'Cotton', 'Fabric 2': 'Elastane', 'Fabric 3': 'NA', 'Fade': 'No Fade', 'Features': 'NA', 'Fit': 'Slim Fit', 'Length': 'Regular', 'Number of Pockets': '5', 'Occasion': 'Casual', 'Reversible': 'No', 'Shade': 'Dark', 'Stretch': 'Stretchable', 'Type of Distress': 'NA', 'Waist Rise': 'Mid-Rise', 'Waistband': 'With belt loops', 'Wash Care': 'Machine Wash'}"
1324851,Pepe Jeans Women Black Slim Pixie Fit Low-Rise Clean Look Stretchable Jeans,Jeans,2599.0,Black,Pepe Jeans,http://assets.myntassets.com/assets/images/1324851/2018/4/7/11523079899567-Pepe-Jeans-Women-Black-Slim-Fit-Low-Rise-Clean-Look-Stretchable-Jeans-5031523079899449-1.jpg,,,"Black dark wash 4-pocket low-rise jeans, clean look with no fade, has a button and zip closure, waistband with belt loopsCotton Lycra<br>Machine-washSlim fit<br>  Stretchable<br> The model (height 5'8"") is wearing a size 28","{'Add-Ons': 'NA', 'Body or Garment Size': 'To-Fit Denotes Body Measurements in', 'Brand Fit Name': 'Pixie', 'Closure': 'Button and Zip', 'Distress': 'Clean Look', 'Effects': 'None', 'Fabric': 'Cotton', 'Fabric 2': 'Elastane', 'Fabric 3': 'NA', 'Fade': 'No Fade', 'Features': 'NA', 'Fit': 'Slim Fit', 'Length': 'Regular', 'Number of Pockets': '4', 'Occasion': 'Casual', 'Reversible': 'No', 'Shade': 'Dark', 'Stretch': 'Stretchable', 'Type of Distress': 'NA', 'Waist Rise': 'Low-Rise', 'Waistband': 'With belt loops', 'Wash Care': 'Machine Wash'}"
10524138,Miss Chase Women Black Slim Fit High-Rise Clean Look Stretchable Jeans,Jeans,2349.0,Black,Miss Chase,http://assets.myntassets.com/assets/images/productimage/2019/8/26/4de6ef95-1884-4b26-b372-a25219f0d8f11566811327742-1.jpg,52.0,4.038461538461538,"Black dark wash 5-pocket high-rise jeans, clean look, no fade, has a button and zip closure, and waistband with belt loopsSlim fit<br>Stretchable<br>The model (height 5'8"") is wearing a size 2878% Cotton, 21% Polyester &amp; 1% Elastane<br>Machine-wash","{'Add-Ons': 'NA', 'Body or Garment Size': 'To-Fit Denotes Body Measurements in', 'Brand Fit Name': 'NA', 'Closure': 'Button and Zip', 'Distress': 'Clean Look', 'Effects': 'None', 'Fabric': 'Cotton', 'Fabric 2': 'Polyester', 'Fabric 3': 'Elastane', 'Fade': 'No Fade', 'Features': 'NA', 'Fit': 'Slim Fit', 'Length': 'Regular', 'Number of Pockets': '5', 'Occasion': 'Casual', 'Reversible': 'No', 'Shade': 'Dark', 'Stretch': 'Stretchable', 'Type of Distress': 'NA', 'Waist Rise': 'High-Rise', 'Waistband': 'With belt loops', 'Wash Care': 'Machine Wash'}"
10705482,DOLCE CRUDO Women Black Slim Fit High-Rise Clean Look Stretchable Jeans,Jeans,2299.0,Black,DOLCE CRUDO,http://assets.myntassets.com/assets/images/productimage/2019/9/22/0589b897-818e-4aaa-8abb-da9ff13330c31569102281440-1.jpg,24.0,4.25,"Black dark wash 5-pocket high-rise jeans, clean look, no fade, has a button and zip closure, and waistband with belt loopsSlim fit<br>Stretchable<br>The model (height 5'8"") is wearing a size 2878% Cotton, 21% Polyester &amp; 1% Elastane<br>Machine wash cold with like colors, wash inside out, Do not Tumble Dry, Do not Bleach.","{'Add-Ons': 'NA', 'Body or Garment Size': 'To-Fit Denotes Body Measurements in', 'Brand Fit Name': 'NA', 'Closure': 'Button and Zip', 'Distress': 'Clean Look', 'Effects': 'None', 'Fabric': 'Cotton', 'Fabric 2': 'Polyester', 'Fabric 3': 'Elastane', 'Fade': 'No Fade', 'Features': 'NA', 'Fit': 'Slim Fit', 'Length': 'Regular', 'Number of Pockets': '5', 'Occasion': 'Casual', 'Reversible': 'No', 'Shade': 'Dark', 'Stretch': 'Stretchable', 'Type of Distress': 'NA', 'Waist Rise': 'High-Rise', 'Waistband': 'With belt loops', 'Wash Care': 'Machine Wash'}"
10728886,DOLCE CRUDO Women Blue Slim Fit High-Rise Clean Look Stretchable Jeans,Jeans,2299.0,Blue,DOLCE CRUDO,http://assets.myntassets.com/assets/images/productimage/2019/9/26/65e41e55-0642-44ab-9a69-8928958ea9fe1569446358862-1.jpg,34.0,3.9705882352941178,"Blue medium wash 5-pocket high-rise jeans, clean look, heavy fade, has a button and zip closure, and waistband with belt loops78% Cotton, 21% Polyester &amp; 1% Elastane<br>Machine-washSlim fit<br>Stretchable<br>The model (height 5'8"") is wearing a size 28","{'Add-Ons': 'NA', 'Body Shape ID': '443,424', 'Body or Garment Size': 'To-Fit Denotes Body Measurements in', 'Brand Fit Name': 'NA', 'Closure': 'Button and Zip', 'Distress': 'Clean Look', 'Effects': 'None', 'Fabric': 'Cotton', 'Fabric 2': 'Polyester', 'Fabric 3': 'Elastane', 'Fade': 'Heavy Fade', 'Features': 'Zip', 'Fit': 'Slim Fit', 'Length': 'Cropped', 'Number of Pockets': '5', 'Occasion': 'Casual', 'Reversible': 'No', 'Shade': 'Medium', 'Stretch': 'Stretchable', 'Type of Distress': 'NA', 'Waist Rise': 'High-Rise', 'Waistband': 'With belt loops', 'Wash Care': 'Machine Wash'}"
10721942,High Star Women Blue Slim Fit Mid-Rise Clean Look Stretchable Jeans,Jeans,999.0,Blue,High Star,http://assets.myntassets.com/assets/images/productimage/2019/9/24/38796354-909a-4428-b95d-6eb1c3f133111569314693291-1.jpg,13.0,3.8461538461538463,"Blue medium wash 5-pocket mid-rise jeans, clean look, heavy fade, has a button and zip closure, and waistband with belt loopsSlim fit<br>Stretchable<br>The model (height 5'8"") is wearing a size 2880% Cotton 17%Polyester 3%Spandex<br>Machine wash","{'Add-Ons': 'NA', 'Body or Garment Size': 'To-Fit Denotes Body Measurements in', 'Brand Fit Name': 'NA', 'Closure': 'Button and Zip', 'Distress': 'Clean Look', 'Effects': 'None', 'Fabric': 'Cotton', 'Fabric 2': 'Polyester', 'Fabric 3': 'Elastane', 'Fade': 'Heavy Fade', 'Features': 'NA', 'Fit': 'Slim Fit', 'Length': 'Regular', 'Number of Pockets': '5', 'Occasion': 'Casual', 'Reversible': 'No', 'Shade': 'Medium', 'Stretch': 'Stretchable', 'Type of Distress': 'NA', 'Waist Rise': 'Mid-Rise', 'Waistband': 'With belt loops', 'Wash Care': 'Machine Wash'}"
1189173,Pepe Jeans Navy Frisky Fit Jeans,Jeans,2599.0,Navy Blue,Pepe Jeans,http://assets.myntassets.com/assets/images/1189173/2016/2/3/11454499379679-Pepe-Jeans-Blue-Frisky-Fit-Jeans-7331454499375814-1.jpg,7.0,3.0,"<p>A pair of navy 5-pocket low-rise jeans in a patterned weave, has a zip fly with a button closure and a waistband with belt loops</p><p>Frisky fit: slim fit, low-rise<br>The model (height 5'8"" and waist 25.5"") is wearing a size 28<br></p><p>Cotton and&nbsp;Lycra blend<br>Machine-wash cold</p>","{'Add-Ons': 'NA', 'Body or Garment Size': 'To-Fit Denotes Body Measurements in', 'Brand Fit Name': 'Frisky', 'Closure': 'Button and Zip', 'Distress': 'Clean Look', 'Fabric': 'Cotton', 'Fabric 2': 'Elastane', 'Fabric 3': 'NA', 'Features': 'NA', 'Fit': 'Slim Fit', 'Occasion': 'Casual', 'Shade': 'Dark', 'Waist Rise': 'Low-Rise', 'Waistband': 'With belt loops'}"
2611773,SCORPIUS Women Blue Slim Fit Low-Rise Mildly Distressed Stretchable Jeans,Jeans,2299.0,Blue,SCORPIUS,http://assets.myntassets.com/assets/images/2611773/2018/3/2/11519981853384-na-6731519981853187-1.jpg,,,"Blue dark wash 5-pocket low-rise jeans, mildly distressed with light fade, has a button and zip closure, waistband with belt loopsSlim fit<br>  Stretchable<br> The model (height 5'8"") is wearing a size 28Cotton and elastane <br> Machine-wash","{'Add-Ons': 'NA', 'Body or Garment Size': 'To-Fit Denotes Body Measurements in', 'Brand Fit Name': 'Smart', 'Closure': 'Button and Zip', 'Distress': 'Mildly Distressed', 'Effects': 'None', 'Fabric': 'Cotton', 'Fabric 2': 'Elastane', 'Fabric 3': 'NA', 'Fade': 'Light Fade', 'Features': 'NA', 'Fit': 'Slim Fit', 'Length': 'Regular', 'Number of Pockets': '5', 'Occasion': 'Casual', 'Reversible': 'No', 'Shade': 'Dark', 'Stretch': 'Stretchable', 'Type of Distress': 'Ripped', 'Waist Rise': 'Low-Rise', 'Waistband': 'With belt loops', 'Wash Care': 'Machine Wash'}"
8367805,Miss Chase Women Black Skinny Fit High-Rise Clean Look Jeans,Jeans,1899.0,Black,Miss Chase,http://assets.myntassets.com/assets/images/productimage/2018/12/29/e1b29c0e-ed4f-4941-a7ab-70740f1f7c5d1546081085530-2.jpg,65.0,4.430769230769231,"Black dark wash 5-pocket high-rise jeans, clean look with no fade, has a button and zip closure, waistband with belt loopsSkinny Fit<br>The model (height 5'8"") is wearing a size 28Cotton<br>Machine-wash","{'Add-Ons': 'NA', 'Body or Garment Size': 'To-Fit Denotes Body Measurements in', 'Brand Fit Name': 'NA', 'Closure': 'Button and Zip', 'Distress': 'Clean Look', 'Effects': 'None', 'Fabric': 'Cotton', 'Fabric 2': 'NA', 'Fabric 3': 'NA', 'Fade': 'No Fade', 'Features': 'NA', 'Fit': 'Skinny Fit', 'Length': 'Cropped', 'Number of Pockets': '5', 'Occasion': 'Casual', 'Reversible': 'No', 'Shade': 'Dark', 'Stretch': 'Stretchable', 'Type of Distress': 'NA', 'Waist Rise': 'High-Rise', 'Waistband': 'With belt loops', 'Wash Care': 'Machine Wash'}"
9660677,High Star Women Blue Slim Fit Mid-Rise Clean Look Stretchable Jeans,Jeans,2299.0,Blue,High Star,http://assets.myntassets.com/assets/images/productimage/2019/5/13/f53506c8-ecc0-4ce2-a8fc-bfdc94eb2a011557771300420-1.jpg,144.0,4.298611111111111,"Blue medium wash 5-pocket mid-rise jeans, clean look with no fade, has a button and zip closure, waistband with belt loopsSlim fit<br>Stretchable<br>The model (height 5'8"") is wearing a size 28Cotton, polyester and elastane<br>Machine-wash","{'Add-Ons': 'NA', 'Body or Garment Size': 'To-Fit Denotes Body Measurements in', 'Brand Fit Name': 'NA', 'Closure': 'Button and Zip', 'Distress': 'Clean Look', 'Effects': 'None', 'Fabric': 'Cotton', 'Fabric 2': 'Polyester', 'Fabric 3': 'Elastane', 'Fade': 'No Fade', 'Features': 'NA', 'Fit': 'Slim Fit', 'Length': 'Regular', 'Number of Pockets': '5', 'Occasion': 'Casual', 'Reversible': 'No', 'Shade': 'Medium', 'Stretch': 'Stretchable', 'Type of Distress': 'NA', 'Waist Rise': 'Mid-Rise', 'Waistband': 'With belt loops', 'Wash Care': 'Machine Wash'}"
6941495,High Star Women Blue Slim Fit High-Rise Clean Look Stretchable Jeans,Jeans,1999.0,Blue,High Star,http://assets.myntassets.com/assets/images/6941495/2018/7/13/40a3229d-e58c-441c-998e-3c1ef9fe072a1531463327613-HSWFPR11728-1721531463327420-1.jpg,88.0,4.386363636363637,"Blue dark wash 5-pocket high-rise jeans, clean look with light fade, has a button and zip closure, waistband with belt loopsCotton<br>Machine-washSlim fit<br>Stretchable<br>The model (height 5'8"") is wearing a size 28","{'Add-Ons': 'NA', 'Body or Garment Size': 'To-Fit Denotes Body Measurements in', 'Brand Fit Name': 'NA', 'Closure': 'Button and Zip', 'Distress': 'Clean Look', 'Effects': 'None', 'Fabric': 'Cotton', 'Fabric 2': 'NA', 'Fabric 3': 'Elastane', 'Fade': 'Light Fade', 'Features': 'NA', 'Fit': 'Slim Fit', 'Length': 'Regular', 'Number of Pockets': '5', 'Occasion': 'Casual', 'Reversible': 'No', 'Shade': 'Dark', 'Stretch': 'Stretchable', 'Type of Distress': 'NA', 'Waist Rise': 'High-Rise', 'Waistband': 'With belt loops', 'Wash Care': 'Machine Wash'}"
8169305,Mode by Red Tape Women Navy Blue Skinny Fit Mid-Rise Clean Look Jeans,Jeans,4499.0,Navy Blue,Mode by Red Tape,http://assets.myntassets.com/assets/images/8169305/2018/12/11/c19e8ef1-6b59-4378-acaf-50cf6f3089191544521048168-NA-1761544521047035-1.jpg,6.0,4.0,"Navy Blue dark wash 5-pocket mid-rise jeans, clean look with no fade, has a button and zip closure, waistband with belt loopsSkinny Fit<br>The model (height 5'8"") is wearing a size 28Cotton<br> Machine-wash","{'Add-Ons': 'NA', 'Body or Garment Size': 'To-Fit Denotes Body Measurements in', 'Brand Fit Name': 'NA', 'Closure': 'Button and Zip', 'Distress': 'Clean Look', 'Effects': 'None', 'Fabric': 'Cotton', 'Fabric 2': 'NA', 'Fabric 3': 'NA', 'Fade': 'No Fade', 'Features': 'NA', 'Fit': 'Skinny Fit', 'Length': 'Cropped', 'Number of Pockets': '5', 'Occasion': 'Casual', 'Reversible': 'No', 'Shade': 'Dark', 'Stretch': 'Stretchable', 'Type of Distress': 'NA', 'Waist Rise': 'Mid-Rise', 'Waistband': 'With belt loops', 'Wash Care': 'Machine Wash'}"
8159185,StyleStone Women Blue Flared Mid-Rise Clean Look Stretchable Jeans,Jeans,1999.0,Blue,StyleStone,http://assets.myntassets.com/assets/images/8159185/2018/12/10/dc787139-9e10-4d67-8b91-9a1f1c5a276e1544427740277-StyleStone-Womens-Bootcut-Denim-Jeans-with-Pocket-detail-423-1.jpg,,,"Blue medium wash 4-pocket mid-rise jeans, clean look with heavy fade, has a button and zip closure, waistband with belt loopsFlared<br>Stretchable<br>The model (height 5'8"") is wearing a size 28Cotton and elastane<br>Machine-wash","{'Add-Ons': 'NA', 'Body or Garment Size': 'To-Fit Denotes Body Measurements in', 'Brand Fit Name': 'NA', 'Closure': 'Button and Zip', 'Distress': 'Clean Look', 'Effects': 'None', 'Fabric': 'Cotton', 'Fabric 2': 'Elastane', 'Fabric 3': 'NA', 'Fade': 'Heavy Fade', 'Features': 'NA', 'Fit': 'Flared', 'Length': 'Regular', 'Number of Pockets': '4', 'Occasion': 'Casual', 'Reversible': 'No', 'Shade': 'Medium', 'Stretch': 'Stretchable', 'Type of Distress': 'NA', 'Waist Rise': 'Mid-Rise', 'Waistband': 'With belt loops', 'Wash Care': 'Machine Wash'}"
2611771,SCORPIUS Women Blue Slim Fit Low-Rise Mildly Distressed Stretchable Jeans,Jeans,2299.0,Blue,SCORPIUS,http://assets.myntassets.com/assets/images/2611771/2018/3/2/11519981843695-na-6701519981843483-1.jpg,4.0,3.75,"Blue dark wash 5-pocket low-rise jeans, mildly distressed with light fade, has a button and zip closure, waistband with belt loopsCotton and elastane <br> Machine-washSlim fit<br>  Stretchable<br> The model (height 5'8"") is wearing a size 28","{'Add-Ons': 'NA', 'Body or Garment Size': 'To-Fit Denotes Body Measurements in', 'Brand Fit Name': 'Smart', 'Closure': 'Button and Zip', 'Distress': 'Mildly Distressed', 'Effects': 'Whiskers and Chevrons', 'Fabric': 'Cotton', 'Fabric 2': 'Elastane', 'Fabric 3': 'NA', 'Fade': 'Light Fade', 'Features': 'NA', 'Fit': 'Slim Fit', 'Length': 'Regular', 'Number of Pockets': '5', 'Occasion': 'Casual', 'Reversible': 'No', 'Shade': 'Dark', 'Stretch': 'Stretchable', 'Type of Distress': 'Ripped', 'Waist Rise': 'Low-Rise', 'Waistband': 'With belt loops', 'Wash Care': 'Machine Wash'}"
6838014,Miss Chase Women Blue Skinny Fit High-Rise Mildly Distressed Jeans,Jeans,2199.0,Blue,Miss Chase,http://assets.myntassets.com/assets/images/6838014/2018/7/3/78f39e05-bcc5-41fa-b544-2f75428985a21530603016700-Check-list-lace-patch-jeans-8571530603016193-1.jpg,8.0,4.875,"Blue medium wash 5-pocket high-rise jeans with patchwork detail, mildly distressed with light fade, has a button and zip closure, waistband with belt loopsCotton<br> Machine-washSkinny Fit<br>The model (height 5'8"") is wearing a size 28","{'Add-Ons': 'NA', 'Body Shape ID': '424', 'Body or Garment Size': 'To-Fit Denotes Body Measurements in', 'Brand Fit Name': 'NA', 'Closure': 'Button and Zip', 'Distress': 'Mildly Distressed', 'Effects': 'None', 'Fabric': 'Cotton', 'Fabric 2': 'NA', 'Fabric 3': 'NA', 'Fade': 'Light Fade', 'Features': 'Applique', 'Fit': 'Skinny Fit', 'Length': 'Regular', 'Number of Pockets': '5', 'Occasion': 'Casual', 'Reversible': 'No', 'Shade': 'Medium', 'Stretch': 'Non Stretchable', 'Type of Distress': 'Ripped', 'Waist Rise': 'High-Rise', 'Waistband': 'With belt loops', 'Wash Care': 'Machine Wash'}"
7474226,Miss Chase Women Navy Blue Skinny Fit Mid-Rise Clean Look Jeans,Jeans,1899.0,Navy Blue,Miss Chase,http://assets.myntassets.com/assets/images/7474226/2018/9/25/1129f8d6-2a6e-4f73-8c63-5430eb01f52c1537871252223-Pass-It-on-Slim-Midrise-Jeans-9821537871252010-1.jpg,,,"Navy Blue medium wash 4-pocket mid-rise jeans, clean look with no fade, has a button and zip closure, waistband with belt loopsSkinny Fit<br>The model (height 5'8"") is wearing a size 28Cotton<br>Machine-wash","{'Add-Ons': 'NA', 'Body or Garment Size': 'To-Fit Denotes Body Measurements in', 'Brand Fit Name': 'NA', 'Closure': 'Button and Zip', 'Distress': 'Clean Look', 'Effects': 'None', 'Fabric': 'Cotton', 'Fabric 2': 'NA', 'Fabric 3': 'NA', 'Fade': 'No Fade', 'Features': 'NA', 'Fit': 'Skinny Fit', 'Length': 'Regular', 'Number of Pockets': '4', 'Occasion': 'Casual', 'Reversible': 'No', 'Shade': 'Dark', 'Stretch': 'Stretchable', 'Type of Distress': 'NA', 'Waist Rise': 'Mid-Rise', 'Waistband': 'With belt loops', 'Wash Care': 'Machine Wash'}"
7231611,Miss Chase Women Black Slim Fit High-Rise Clean Look Jeans,Jeans,2249.0,Black,Miss Chase,http://assets.myntassets.com/assets/images/7231611/2019/3/14/ec2d19d9-a972-4fcc-9556-9517e93f0c4e1552544197009-Miss-Chase-Women-Black-Slim-Fit-High-Rise-Clean-Look-Jeans-6-1.jpg,,,"Black dark wash 5-pocket high-rise jeans with striped detail, clean look with no fade, has a button and zip closure, waistband with belt loopsCotton<br>Machine-washSlim Fit<br>The model (height 5'8"") is wearing a size 28","{'Add-Ons': 'NA', 'Body or Garment Size': 'To-Fit Denotes Body Measurements in', 'Brand Fit Name': 'NA', 'Closure': 'Button and Zip', 'Distress': 'Clean Look', 'Effects': 'None', 'Fabric': 'Cotton', 'Fabric 2': 'NA', 'Fabric 3': 'NA', 'Fade': 'No Fade', 'Features': 'NA', 'Fit': 'Slim Fit', 'Length': 'Regular', 'Number of Pockets': '5', 'Occasion': 'Casual', 'Reversible': 'No', 'Shade': 'Dark', 'Stretch': 'Non Stretchable', 'Type of Distress': 'NA', 'Waist Rise': 'High-Rise', 'Waistband': 'With belt loops', 'Wash Care': 'Machine Wash'}"
2145113,Park Avenue Women Black Power Skinny Fit Mid-Rise Clean Look Stretchable Jeans,Jeans,1899.0,Black,Park Avenue,http://assets.myntassets.com/assets/images/2145113/2018/8/14/05cc1712-004d-4b77-adcb-785706f6ceb71534235895953-Park-Avenue-Women-Black-Skinny-Fit-Mid-Rise-Clean-Look-Stretchable-Jeans-2971534235895757-1.jpg,3.0,1.6666666666666667,"Black dark wash 5-pocket mid-rise jeans, clean look with no fade, has a button and zip closure, waistband with belt loopsPower skinny fit<br>Stretchable<br>The model (height 5'8"") is wearing a size 2876% cotton, 22% polyester,&nbsp;2% elastane<br>Machine-wash","{'Add-Ons': 'NA', 'Body or Garment Size': 'To-Fit Denotes Body Measurements in', 'Brand Fit Name': 'Power', 'Closure': 'Button and Zip', 'Distress': 'Clean Look', 'Effects': 'None', 'Fabric': 'Cotton', 'Fabric 2': 'Elastane', 'Fabric 3': 'NA', 'Fade': 'No Fade', 'Features': 'NA', 'Fit': 'Skinny Fit', 'Length': 'Regular', 'Number of Pockets': '5', 'Occasion': 'Casual', 'Reversible': 'No', 'Shade': 'Dark', 'Stretch': 'Stretchable', 'Type of Distress': 'NA', 'Waist Rise': 'Mid-Rise', 'Waistband': 'With belt loops', 'Wash Care': 'Machine Wash'}"
1324776,Pepe Jeans Navy Frisky Fit Jeans,Jeans,2599.0,Navy Blue,Pepe Jeans,http://assets.myntassets.com/assets/images/1324776/2016/8/4/11470305777597-Pepe-Jeans-Women-Jeans-9771470305777327-1.jpg,,,"A pair of navy 5-pocket mid-rise jeans, has a zip fly with a button closure and a waistband with belt loops<br><br><br><br><br><br>Frisky-fit, mid-rise<br>The model (height 5'8"" and waist 28"") is wearing a size 28Cotton and Lyrca blend<br>Machine-wash warm","{'Add-Ons': 'NA', 'Body or Garment Size': 'To-Fit Denotes Body Measurements in', 'Brand Fit Name': 'Frisky', 'Closure': 'Button and Zip', 'Distress': 'Clean Look', 'Effects': 'None', 'Fabric': 'Cotton', 'Fabric 2': 'NA', 'Fabric 3': 'NA', 'Fade': 'No Fade', 'Features': 'NA', 'Fit': 'Regular Fit', 'Length': 'Regular', 'Number of Pockets': '5', 'Occasion': 'Casual', 'Reversible': 'No', 'Shade': 'Dark', 'Stretch': 'Stretchable', 'Type of Distress': 'NA', 'Waist Rise': 'Mid-Rise', 'Waistband': 'With belt loops', 'Wash Care': 'Machine Wash'}"
1189174,Pepe Jeans Grey Frisky Fit Jeans,Jeans,2399.0,Grey,Pepe Jeans,http://assets.myntassets.com/assets/images/1189174/2016/5/30/11464597856341-Pepe-Jeans-Grey-Low-Rise-Frisky-Slim-Fit-Jeans-8631464597856016-1.jpg,2.0,4.0,"A pair of grey 5-pocket low-rise jeans, lightly washed,&nbsp;has a zip fly with a button closure and&nbsp;a waistband with belt loops<p>Cotton and Lycra blend<br>Machine-wash cold</p><p>Frisky fit: low-rise, slim fit, skinny leg<br>The model (height 5'6"" and waist 25"") is wearing a size 28<br></p>","{'Add-Ons': 'NA', 'Body or Garment Size': 'To-Fit Denotes Body Measurements in', 'Closure': 'Button and Zip', 'Distress': 'Clean Look', 'Effects': 'None', 'Fabric': 'Cotton', 'Fabric 2': 'Elastane', 'Fabric 3': 'NA', 'Fade': 'Light Fade', 'Features': 'NA', 'Fit': 'Slim Fit', 'Length': 'Regular', 'Number of Pockets': '5', 'Occasion': 'Casual', 'Reversible': 'No', 'Shade': 'Dark', 'Stretch': 'Stretchable', 'Type of Distress': 'NA', 'Waist Rise': 'Low-Rise', 'Waistband': 'With belt loops', 'Wash Care': 'Machine Wash'}"
1192989,Tokyo Talkies Blue Acid Wash Jeans,Jeans,2099.0,Blue,Tokyo Talkies,http://assets.myntassets.com/assets/images/1192989/2016/2/17/11455686254119-Tokyo-Talkies-Women-Jeans-2351455686252428-1.jpg,,,"A pair of blue 5-pocket mid-rise jeans, acid wash, has a zip fly and button closure, a waistband with belt loopsThe model (height 5'8"" and waist 28"") is wearing a size 28Cotton and Lycra blend<br>Machine-wash warm","{'Add-Ons': 'NA', 'Body Shape ID': '443,424', 'Body or Garment Size': 'To-Fit Denotes Body Measurements in', 'Brand Fit Name': 'NA', 'Closure': 'Button and Zip', 'Distress': 'Clean Look', 'Effects': 'None', 'Fabric': 'Cotton', 'Fabric 2': 'Elastane', 'Fabric 3': 'NA', 'Fade': 'Heavy Fade', 'Features': 'Acid Wash', 'Fit': 'Slim Fit', 'Length': 'Regular', 'Number of Pockets': '5', 'Occasion': 'Casual', 'Reversible': 'No', 'Shade': 'Dark', 'Stretch': 'Stretchable', 'Type of Distress': 'NA', 'Waist Rise': 'Mid-Rise', 'Waistband': 'With belt loops', 'Wash Care': 'Machine Wash'}"
10388213,Roadster Women Grey Skinny Fit Mid-Rise Low Distress Stretchable Jeans,Jeans,2499.0,Grey,Roadster,http://assets.myntassets.com/assets/images/10388213/2019/10/10/d1e91246-7176-4abb-b154-203ad0575af21570682645014-Roadster-Women-Jeans-6011570682642985-1.jpg,539.0,4.163265306122449,"Grey light wash 5-pocket mid-rise jeans, low distress, light fade, has a button and zip closure, and waistband with belt loopsSkinny Fit<br>Stretchable<br>The model (height 5'8"") is wearing a size 2898.4% cotton, 1.6% elastane<br>Machine-wash","{'Add-Ons': 'NA', 'Body or Garment Size': 'To-Fit Denotes Body Measurements in', 'Brand Fit Name': 'NA', 'Closure': 'Button and Zip', 'Distress': 'Low Distress', 'Effects': 'Whiskers and Chevrons', 'Fabric': 'Cotton', 'Fabric 2': 'Elastane', 'Fabric 3': 'NA', 'Fade': 'Light Fade', 'Features': 'NA', 'Fit': 'Skinny Fit', 'Length': 'Cropped', 'Number of Pockets': '5', 'Occasion': 'Casual', 'Reversible': 'No', 'Shade': 'Light', 'Stretch': 'Stretchable', 'Type of Distress': 'Ripped', 'Waist Rise': 'Mid-Rise', 'Waistband': 'With belt loops', 'Wash Care': 'Machine Wash'}"
9018025,The Roadster Lifestyle Co Women Blue Skinny Fit Mid-Rise Mildly Distressed Stretchable Cropped Jeans,Jeans,2199.0,Blue,Roadster,http://assets.myntassets.com/assets/images/9018025/2019/7/8/7237615e-34e4-4d3e-80e4-24b50732dbdf1562586246766-Roadster-Women-Jeans-9331562586244882-1.jpg,447.0,4.046979865771812,"Blue medium wash 5-pocket mid-rise cropped jeans, mildly distressed, light fade, has a button and zip closure, and waistband with belt loops98.5% cotton, 1.5% elastane<br>Machine-washSkinny Fit<br>Stretchable<br>The model (height 5'8"") is wearing a size 28","{'Add-Ons': 'NA', 'Body or Garment Size': 'To-Fit Denotes Body Measurements in', 'Brand Fit Name': 'NA', 'Closure': 'Button and Zip', 'Distress': 'Mildly Distressed', 'Effects': 'Whiskers and Chevrons', 'Fabric': 'Cotton', 'Fabric 2': 'Elastane', 'Fabric 3': 'NA', 'Fade': 'Light Fade', 'Features': 'NA', 'Fit': 'Skinny Fit', 'Length': 'Cropped', 'Number of Pockets': '5', 'Occasion': 'Casual', 'Reversible': 'No', 'Shade': 'Medium', 'Stretch': 'Stretchable', 'Type of Distress': 'Ripped', 'Waist Rise': 'Mid-Rise', 'Waistband': 'With belt loops', 'Wash Care': 'Machine Wash'}"
7780973,Tokyo Talkies Women Blue Super Skinny Fit Mid-Rise Clean Look Stretchable Jeans,Jeans,1899.0,Blue,Tokyo Talkies,http://assets.myntassets.com/assets/images/7780973/2018/11/14/d6f600f7-866f-411c-88c9-10ad127509d91542187472502-Tokyo-Talkies-Women-Blue-Super-Skinny-Fit-Mid-Rise-Clean-Look-Stretchable-Jeans-21542187472308-1.jpg,1448.0,3.905386740331492,"Blue light wash 5-pocket mid-rise jeans, clean look with light fade, has a button and zip closure,Super Skinny Fit<br>Stretchable<br>The model (height 5'8"") is wearing a size 2898% Cotton and 2% Lycra<br>Machine-wash","{'Add-Ons': 'NA', 'Body or Garment Size': 'To-Fit Denotes Body Measurements in', 'Brand Fit Name': 'NA', 'Closure': 'Button and Zip', 'Distress': 'Clean Look', 'Effects': 'None', 'Fabric': 'Cotton', 'Fabric 2': 'Elastane', 'Fabric 3': 'NA', 'Fade': 'Light Fade', 'Features': 'NA', 'Fit': 'Super Skinny Fit', 'Length': 'Regular', 'Number of Pockets': '5', 'Occasion': 'Casual', 'Reversible': 'No', 'Shade': 'Light', 'Stretch': 'Stretchable', 'Type of Distress': 'NA', 'Waist Rise': 'Mid-Rise', 'Waistband': 'NA', 'Wash Care': 'Machine Wash'}"
9440729,Tokyo Talkies Women Black Skinny Fit Mid-Rise Clean Look Stretchable Jeans,Jeans,1899.0,Black,Tokyo Talkies,http://assets.myntassets.com/assets/images/9440729/2019/4/27/9c928e22-553b-40be-bf25-314cbe29b0fc1556348299942-Tokyo-Talkies-Black-4651556348298625-1.jpg,554.0,3.974729241877256,"Black dark wash 5-pocket mid-rise jeans, clean look with no fade, has a button and zip closure, waistband with belt loops97% Cotton, 2.5% Polyester, 0.5% Elastane<br>Machine-washSkinny Fit<br>Stretchable<br>The model (height 5'8"") is wearing a size 28","{'Add-Ons': 'NA', 'Body or Garment Size': 'To-Fit Denotes Body Measurements in', 'Brand Fit Name': 'NA', 'Closure': 'Button and Zip', 'Distress': 'Clean Look', 'Effects': 'None', 'Fabric': 'Cotton', 'Fabric 2': 'Polyester', 'Fabric 3': 'Elastane', 'Fade': 'No Fade', 'Features': 'NA', 'Fit': 'Skinny Fit', 'Length': 'Cropped', 'Number of Pockets': '5', 'Occasion': 'Casual', 'Reversible': 'No', 'Shade': 'Dark', 'Stretch': 'Stretchable', 'Type of Distress': 'NA', 'Waist Rise': 'Mid-Rise', 'Waistband': 'With belt loops', 'Wash Care': 'Machine Wash'}"
2150904,ether Women Black Regular Fit Mid-Rise Clean Look Stretchable Jeans,Jeans,1299.0,Black,ether,http://assets.myntassets.com/assets/images/2150904/2017/11/21/11511254561862-ether-Women-Black-Regular-Fit-Mid-Rise-Clean-Look-Stretchable-Jeans-4751511254561736-1.jpg,399.0,4.155388471177945,"Black dark wash 5-pocket mid-rise jeans, clean look with no fade, has a button and zip closure, waistband with belt loopsCotton, polyester and elastane blend&nbsp;<br>Machine-washRegular Fit<br>  Stretchable<br> The model (height 5'8"") is wearing a size 28","{'Add-Ons': 'NA', 'Body or Garment Size': 'To-Fit Denotes Body Measurements in', 'Brand Fit Name': 'NA', 'Closure': 'Button and Zip', 'Distress': 'Clean Look', 'Effects': 'None', 'Fabric': 'Cotton', 'Fabric 2': 'Polyester', 'Fabric 3': 'Elastane', 'Fade': 'No Fade', 'Features': 'NA', 'Fit': 'Regular Fit', 'Length': 'Regular', 'Number of Pockets': '5', 'Occasion': 'Casual', 'Reversible': 'No', 'Shade': 'Dark', 'Stretch': 'Stretchable', 'Type of Distress': 'NA', 'Waist Rise': 'Mid-Rise', 'Waistband': 'With belt loops', 'Wash Care': 'Machine Wash'}"
7211114,Tokyo Talkies Women Navy Blue Super Skinny Fit Mid-Rise Clean Look Stretchable Jeans,Jeans,2149.0,Navy Blue,Tokyo Talkies,http://assets.myntassets.com/assets/images/7211114/2018/8/23/5328c38d-fbae-4988-846a-4a5dacd5062d1535008452116-na-7971535008451884-1.jpg,,,"Navy blue dark wash 5-pocket mid-rise jeans, clean look with light fade, has a button and zip closure, waistband with belt loopsSuper Skinny Fit<br>Stretchable<br>The model (height 5'8"") is wearing a size 2898% cotton, 2% Lycra<br>Machine-wash","{'Add-Ons': 'NA', 'Body or Garment Size': 'To-Fit Denotes Body Measurements in', 'Brand Fit Name': 'NA', 'Closure': 'Button and Zip', 'Distress': 'Clean Look', 'Effects': 'None', 'Fabric': 'Cotton', 'Fabric 2': 'Elastane', 'Fabric 3': 'NA', 'Fade': 'Light Fade', 'Features': 'NA', 'Fit': 'Super Skinny Fit', 'Length': 'Cropped', 'Number of Pockets': '5', 'Occasion': 'Casual', 'Reversible': 'No', 'Shade': 'Dark', 'Stretch': 'Stretchable', 'Type of Distress': 'NA', 'Waist Rise': 'Mid-Rise', 'Waistband': 'With belt loops', 'Wash Care': 'Machine Wash'}"
2073169,Pepe Jeans Women Blue Frisky Skinny Fit Low-Rise Clean Look Stretchable Jeans,Jeans,2599.0,Blue,Pepe Jeans,http://assets.myntassets.com/assets/images/2073169/2017/10/25/11508940207551-Pepe-Jeans-Women-Blue-Skinny-Fit-Low-Rise-Clean-Look-Stretchable-Jeans-8801508940207403-1.jpg,7.0,3.7142857142857135,"Blue medium wash 5-pocket low-rise jeans, clean look with light fade, has a zip fly closure, waistband with belt loops98% cotton and 2% elastane<br>Machine-washLola fit: skinny fit<br>Stretchable<br>The model (height 5'8"") is wearing a size 28","{'Add-Ons': 'NA', 'Body or Garment Size': 'To-Fit Denotes Body Measurements in', 'Brand Fit Name': 'Frisky', 'Closure': 'Zip Fly', 'Distress': 'Clean Look', 'Effects': 'Whiskers and Chevrons', 'Fabric': 'Cotton', 'Fabric 2': 'Elastane', 'Fabric 3': 'NA', 'Fade': 'Light Fade', 'Features': 'NA', 'Fit': 'Skinny Fit', 'Length': 'Regular', 'Number of Pockets': '5', 'Occasion': 'Casual', 'Reversible': 'No', 'Shade': 'Medium', 'Stretch': 'Stretchable', 'Type of Distress': 'NA', 'Waist Rise': 'Low-Rise', 'Waistband': 'With belt loops', 'Wash Care': 'Machine Wash'}"
70166,Pepe Jeans Black Frisky Slim Fit Jeans,Jeans,2599.0,Black,Pepe Jeans,http://assets.myntassets.com/v1/images/style/properties/Pepe-Jeans-Women-Jeans_823fe3c61a30b1b3ce1688380ffe959a_images.jpg,,,"Black 5 pocket jeans, stretchable,  zip fly and buttoned closure in front, belt loops at waistband with brand patch at back, 2 scoop pockets in front with a brand embroidered coin pocket  inside the right  pocket, 2 patch pockets at the back with stitch detailingCotton and Lycra blend<br> Machine washFrisky fit: slim fit, low rise, skinny leg<br> The model (height 5' 8"" and waist 28"") is wearing a size 28","{'Add-Ons': 'NA', 'Body or Garment Size': 'To-Fit Denotes Body Measurements in', 'Brand Fit Name': 'Frisky', 'Closure': 'Button and Zip', 'Distress': 'Clean Look', 'Effects': 'None', 'Fabric': 'Cotton', 'Fabric 2': 'Elastane', 'Fabric 3': 'NA', 'Fade': 'No Fade', 'Features': 'NA', 'Fit': 'Slim Fit', 'Length': 'Regular', 'Number of Pockets': '5', 'Occasion': 'Casual', 'Reversible': 'No', 'Shade': 'Dark', 'Stretch': 'Stretchable', 'Type of Distress': 'NA', 'Waist Rise': 'Low-Rise', 'Waistband': 'With belt loops', 'Wash Care': 'Machine Wash'}"
2243366,Tokyo Talkies Women Blue Super Skinny Fit Mid-Rise Clean Look Stretchable Jeans,Jeans,2349.0,Blue,Tokyo Talkies,http://assets.myntassets.com/assets/images/2243366/2017/11/13/11510555961785-na-7391510555961587-1.jpg,17.0,4.235294117647059,"Blue light wash 5-pocket mid-rise jeans, clean look with no fade, has a button and zip closure, waistband with belt loopsSuper Skinny Fit<br>  Stretchable<br> The model (height 5'8"") is wearing a size 28Cotton and Lycra<br>Machine-wash","{'Add-Ons': 'NA', 'Body or Garment Size': 'To-Fit Denotes Body Measurements in', 'Brand Fit Name': 'NA', 'Closure': 'Button and Zip', 'Distress': 'Clean Look', 'Effects': 'None', 'Fabric': 'Cotton', 'Fabric 2': 'Elastane', 'Fabric 3': 'NA', 'Fade': 'No Fade', 'Features': 'NA', 'Fit': 'Super Skinny Fit', 'Length': 'Regular', 'Number of Pockets': '5', 'Occasion': 'Casual', 'Reversible': 'No', 'Shade': 'Light', 'Stretch': 'Stretchable', 'Type of Distress': 'NA', 'Waist Rise': 'Mid-Rise', 'Waistband': 'With belt loops', 'Wash Care': 'Machine Wash'}"
10668670,American Crew Women Grey Slim Fit Mid-Rise Clean Look Stretchable Jeans,Jeans,2999.0,Grey,American Crew,http://assets.myntassets.com/assets/images/10668670/2019/9/27/9abd0c7d-5027-4fb6-baf0-1193b46be47c1569583505441-American-Crew-Women-Jeans-21569583503862-1.jpg,14.0,4.071428571428571,"Grey light wash 5-pocket mid-rise jeans, clean look, no fade, has a button and zip closure, and waistband with belt loopsSlim fit<br>Stretchable<br>The model (height 5'8"") is wearing a size 2876% Cotton, 22% polyester and 2% elastane<br>Machine-wash","{'Add-Ons': 'NA', 'Body or Garment Size': 'To-Fit Denotes Body Measurements in', 'Brand Fit Name': 'NA', 'Closure': 'Button and Zip', 'Distress': 'Clean Look', 'Effects': 'None', 'Fabric': 'Cotton', 'Fabric 2': 'Polyester', 'Fabric 3': 'Elastane', 'Fade': 'No Fade', 'Features': 'NA', 'Fit': 'Slim Fit', 'Length': 'Regular', 'Number of Pockets': '5', 'Occasion': 'Casual', 'Reversible': 'No', 'Shade': 'Light', 'Stretch': 'Stretchable', 'Type of Distress': 'NA', 'Waist Rise': 'Mid-Rise', 'Waistband': 'With belt loops', 'Wash Care': 'Machine Wash'}"
7582828,United Colors of Benetton Women Blue Skinny Fit Mid-Rise Clean Look Jeans,Jeans,4999.0,Blue,United Colors of Benetton,http://assets.myntassets.com/assets/images/7582828/2018/12/19/16aefcfd-b05c-4de9-9a4a-f37a68b0e0c71545224069000-United-Colors-of-Benetton-Women-Jeans-4621545224067806-1.jpg,15.0,4.0,"Blue light wash 5-pocket mid-rise jeans, clean look with light fade, has a zip fly closure, waistband with belt loopsCotton<br>Machine-washSkinny Fit<br>The model (height 5'8"") is wearing a size 28","{'Add-Ons': 'NA', 'Body or Garment Size': 'To-Fit Denotes Body Measurements in', 'Brand Fit Name': 'NA', 'Closure': 'Zip Fly', 'Distress': 'Clean Look', 'Effects': 'Whiskers and Chevrons', 'Fabric': 'Cotton', 'Fabric 2': 'NA', 'Fabric 3': 'NA', 'Fade': 'Light Fade', 'Features': 'NA', 'Fit': 'Skinny Fit', 'Length': 'Regular', 'Number of Pockets': '5', 'Occasion': 'Casual', 'Reversible': 'No', 'Shade': 'Light', 'Stretch': 'Non Stretchable', 'Type of Distress': 'NA', 'Waist Rise': 'Mid-Rise', 'Waistband': 'With belt loops', 'Wash Care': 'Machine Wash'}"
1324799,Pepe Jeans Women Blue Slim Fit Low-Rise Clean Look Jeans,Jeans,2399.0,Blue,Pepe Jeans,http://assets.myntassets.com/assets/images/1324799/2016/8/4/11470309516544-Pepe-Jeans-Women-Jeans-8241470309516309-1.jpg,3.0,4.666666666666667,"Blue medium wash low-rise 5-pocket jeans, clean look light fade, has a zip fly with a button closure,&nbsp;a waistband with belt loopsCotton<br> Machine-washSlim fit<br>The model (height 5'6"" and waist 26"") is wearing a size 28","{'Add-Ons': 'NA', 'Body or Garment Size': 'To-Fit Denotes Body Measurements in', 'Brand Fit Name': 'Frisky', 'Closure': 'Button and Zip', 'Distress': 'Clean Look', 'Effects': 'Whiskers and Chevrons', 'Fabric': 'Cotton', 'Fabric 2': 'Elastane', 'Fabric 3': 'NA', 'Fade': 'Light Fade', 'Features': 'NA', 'Fit': 'Slim Fit', 'Length': 'Regular', 'Number of Pockets': '5', 'Occasion': 'Casual', 'Reversible': 'No', 'Shade': 'Medium', 'Stretch': 'Non Stretchable', 'Type of Distress': 'NA', 'Waist Rise': 'Low-Rise', 'Waistband': 'With belt loops', 'Wash Care': 'Machine Wash'}"
1324825,Pepe Jeans Black Frisky Slim Fit Jeans,Jeans,2399.0,Black,Pepe Jeans,http://assets.myntassets.com/assets/images/1324825/2016/8/4/11470314811313-Pepe-Jeans-Black-Frisky-Fit-Jeans-2701470314811062-1.jpg,,,"A pair of black 5-pocket mid-rise&nbsp;jeans,&nbsp;lightly washed, a zip fly with double button closure, a waistband with belt loops<br><p>Frisky fit<br>The model (height 5'6"" and waist 25"") is wearing a size 28</p><p>Cotton Lycra<br>Machine-wash warm</p>","{'Add-Ons': 'NA', 'Body or Garment Size': 'To-Fit Denotes Body Measurements in', 'Closure': 'Button and Zip', 'Distress': 'Clean Look', 'Effects': 'None', 'Fabric': 'Cotton', 'Fabric 2': 'Elastane', 'Fabric 3': 'NA', 'Fade': 'Light Fade', 'Features': 'NA', 'Fit': 'Regular Fit', 'Length': 'Regular', 'Number of Pockets': '5', 'Occasion': 'Casual', 'Reversible': 'No', 'Shade': 'Dark', 'Stretch': 'Stretchable', 'Type of Distress': 'NA', 'Waist Rise': 'Mid-Rise', 'Waistband': 'With belt loops', 'Wash Care': 'Machine Wash'}"
2359211,HERE&NOW Women Black Skinny Fit Mid-Rise Clean Look Stretchable Cropped Jeans,Jeans,1999.0,Black,HERE&NOW,http://assets.myntassets.com/assets/images/2359211/2022/4/18/3c15d048-6679-4d1b-abe4-9dd694967d511650284987131HERENOWWomenBlackSkinnyFitMid-RiseCleanLookStretchableCroppe1.jpg,3527.0,4.071732350439467,"Black dark wash 5-pocket mid-rise jeans, clean look with no fade, has a button and zip closure, waistband with belt loops74.1% cotton, 28.3% polyester, 2.1% elastane<br>Machine-washSkinny fit<br>Stretchable<br>The model (height 5'8"") is wearing a size 28","{'Add-Ons': 'NA', 'Body or Garment Size': 'To-Fit Denotes Body Measurements in', 'Brand Fit Name': 'NA', 'Closure': 'Button and Zip', 'Distress': 'Clean Look', 'Effects': 'Whiskers and Chevrons', 'Fabric': 'Cotton', 'Fabric 2': 'Polyester', 'Fabric 3': 'Elastane', 'Fade': 'No Fade', 'Features': 'NA', 'Fit': 'Skinny Fit', 'Length': 'Regular', 'Number of Pockets': '5', 'Occasion': 'Casual', 'Reversible': 'No', 'Shade': 'Dark', 'Stretch': 'Stretchable', 'Type of Distress': 'NA', 'Waist Rise': 'Mid-Rise', 'Waistband': 'With belt loops', 'Wash Care': 'Machine Wash'}"
7329814,Mast & Harbour Women Blue Skinny Fit Mildly Distressed Light Fade Stretchable Jeans,Jeans,1899.0,Blue,Mast & Harbour,http://assets.myntassets.com/assets/images/7329814/2021/5/17/85360a9d-e330-43bb-a6db-a251ae89e5ce1621235050441MastHarbourWomenBlueSkinnyFitMid-RiseLowDistressStretchableC1.jpg,3312.0,3.922705314009662,<ul><li>Medium light fade blue jeans</li><li>Skinny fit</li><li>Mid-rise</li><li>Mildly distressed</li><li>Stretchable</li><li>5 pockets</li><li>Length: cropped</li></ul>99% cotton and 1% elastane<br>Machine washFit: Skinny Fit<br>Stretchable<br>The model (height 5'8) is wearing a size 28,"{'Add-Ons': 'NA', 'Body or Garment Size': 'To-Fit Denotes Body Measurements in', 'Brand Fit Name': 'NA', 'Character': 'NA', 'Closure': 'Button and Zip', 'Distress': 'Mildly Distressed', 'Effects': 'Whiskers and Chevrons', 'Fabric': 'Cotton', 'Fabric 2': 'Elastane', 'Fabric 3': 'NA', 'Fade': 'Light Fade', 'Features': 'NA', 'Fit': 'Skinny Fit', 'Length': 'Cropped', 'Main Trend': 'NA', 'Number of Pockets': '5', 'Occasion': 'Casual', 'Reversible': 'No', 'Shade': 'Medium', 'Stretch': 'Stretchable', 'Sustainable': 'Regular', 'Type of Distress': 'Cat Scratches', 'Waist Rise': 'Mid-Rise', 'Waistband': 'With belt loops', 'Wash Care': 'Machine Wash'}"
1800330,Moda Rapido Women Ankle Length Skinny Fit Blue Mildly Distressed Stretchable Jeans,Jeans,2099.0,Blue,Moda Rapido,http://assets.myntassets.com/assets/images/1800330/2019/6/10/f972c4ea-50b7-4f4a-93da-5e3b213f5af21560150438332-Moda-Rapido-Women-Ankle-Length-Skinny-Fit-Blue-Mildly-Distre-1.jpg,660.0,4.1454545454545455,"Blue medium wash 5-pocket mid-rise ankle-length stretchable jeans, mildly distressed with light fade, has button and zip closures, whiskers, waistband with belt loopsSkinny fit, ankle-length<br>The model (height 5'8'') is wearing a size 2883.4% cotton, 15.1% polyester, 1.5% elastane<br>Stretchable<br>Machine-wash","{'Add-Ons': 'NA', 'Body or Garment Size': 'To-Fit Denotes Body Measurements in', 'Brand Fit Name': 'NA', 'Closure': 'Button and Zip', 'Distress': 'Mildly Distressed', 'Effects': 'Whiskers and Chevrons', 'Fabric': 'Cotton', 'Fabric 2': 'Elastane', 'Fabric 3': 'NA', 'Fade': 'Light Fade', 'Features': 'NA', 'Fit': 'Skinny Fit', 'Length': 'Regular', 'Number of Pockets': '5', 'Occasion': 'Casual', 'Reversible': 'No', 'Shade': 'Medium', 'Stretch': 'Stretchable', 'Type of Distress': 'Ripped', 'Waist Rise': 'Mid-Rise', 'Waistband': 'With belt loops', 'Wash Care': 'Machine Wash'}"
6995096,Roadster Women Blue Skinny Fit Mid-Rise Clean Look Stretchable Jeans,Jeans,1699.0,Blue,Roadster,http://assets.myntassets.com/assets/images/6995096/2018/8/31/3198d1ac-5319-4777-959d-12a8ba1ad6031535715018704-Roadster-Women-Blue-Skinny-Fit-Mid-Rise-Clean-Look-Stretchab-1.jpg,1924.0,3.9475051975051976,"Blue medium wash 5-pocket mid-rise jeans, clean look with no fade, has a button and zip closure, waistband with belt loopsCotton, polyester and elastane<br>Machine-washSkinny Fit<br>Stretchable<br>The model (height 5'8"") is wearing a size 28","{'Add-Ons': 'NA', 'Body or Garment Size': 'To-Fit Denotes Body Measurements in', 'Brand Fit Name': 'NA', 'Closure': 'Button and Zip', 'Distress': 'Clean Look', 'Effects': 'None', 'Fabric': 'Cotton', 'Fabric 2': 'Polyester', 'Fabric 3': 'Elastane', 'Fade': 'No Fade', 'Features': 'NA', 'Fit': 'Skinny Fit', 'Length': 'Regular', 'Number of Pockets': '5', 'Occasion': 'Casual', 'Reversible': 'No', 'Shade': 'Medium', 'Stretch': 'Stretchable', 'Type of Distress': 'NA', 'Waist Rise': 'Mid-Rise', 'Waistband': 'With belt loops', 'Wash Care': 'Machine Wash'}"
8317561,Chemistry Blue Denim A-Line Skirt,Skirt,1699.0,Blue,Chemistry,http://assets.myntassets.com/assets/images/8317561/2019/9/9/a3518d10-0b33-45ce-b330-588a1a2c03c41568021360067-Chemistry-Women-Blue-Solid-Denim-A-Line-Skirt-17215680213588-1.jpg,900.0,4.314444444444445,"Blue&nbsp;solid knitted midi denim A-line skirt, has a button closure with zip fly, two pockets, straight hemlineThe model (height 5'8"") is wearing a size 2898% cotton, 2% elastane<br>Machine-wash","{'Add-Ons': 'NA', 'Body Shape ID': '443,324,333,424', 'Body or Garment Size': 'To-Fit Denotes Body Measurements in', 'Character': 'NA', 'Closure': 'Button', 'Fabric Type': 'Denim', 'Hemline': 'Flared', 'Knit or Woven': 'Knitted', 'Length': 'Midi', 'Lining': 'NA', 'Main Trend': 'Indigo', 'Number of Pockets': 'NA', 'Occasion': 'Casual', 'Pattern': 'Solid', 'Print or Pattern Type': 'Solid', 'Slit Detail': 'No Slit', 'Sub Trend': 'Indigo', 'Surface Styling': 'NA', 'Sustainable': 'Regular', 'Transparency': 'Opaque', 'Type': 'A-Line', 'Wash Care': 'Machine Wash'}"
1294879,Purple Feather Black Pencil Skirt With Back Slit,Pencil Skirt,1499.0,Black,Purple Feather,http://assets.myntassets.com/assets/images/1294879/2016/4/6/11459942588510-Purple-Feather-Black-Pencil-Skirt-6751459942587971-1.jpg,2536.0,4.206230283911672,"Black pencil skirt, has a zip closure and slit on the back97% polyester, 3% spandex<br>Machine-washThe model (height 5'8'') is wearing a size 28","{'Add-Ons': 'NA', 'Body Shape ID': '424', 'Body or Garment Size': 'To-Fit Denotes Body Measurements in', 'Character': 'NA', 'Closure': 'Zip', 'Fabric Type': 'NA', 'Hemline': 'Straight', 'Knit or Woven': 'Knitted and Woven', 'Length': 'Knee Length', 'Lining': 'NA', 'Main Trend': 'New Basics', 'Number of Pockets': 'NA', 'Occasion': 'Formal', 'Pattern': 'Solid', 'Print or Pattern Type': 'Solid', 'Slit Detail': 'Back Slit', 'Sub Trend': 'New Basics', 'Surface Styling': 'NA', 'Sustainable': 'Regular', 'Transparency': 'Opaque', 'Type': 'Pencil', 'Wash Care': 'Machine Wash'}"
8506567,Chemistry Blue Denim A-Line Pure Cotton Skirt,Skirt,1699.0,Blue,Chemistry,http://assets.myntassets.com/assets/images/8506567/2019/12/24/78bbdbb2-f661-48e8-894f-35e1ff0482381577181974255-Chemistry-Women-Blue-Solid-Denim-A-Line-Skirt-94157718197146-1.jpg,897.0,4.132664437012263,"Blue solid denim skirt, has an elasticated waistband with a button closure, straight hemThe model (height 5'8) is wearing a size 28100% cotton<br>Machine Wash","{'Add-Ons': 'NA', 'Body Shape ID': '443,324,333,424', 'Body or Garment Size': 'To-Fit Denotes Body Measurements in', 'Character': 'NA', 'Closure': 'Button', 'Fabric Type': 'Denim', 'Hemline': 'Asymmetric', 'Knit or Woven': 'Woven', 'Length': 'Knee Length', 'Lining': 'NA', 'Main Trend': 'New Basics', 'Number of Pockets': 'NA', 'Occasion': 'Casual', 'Pattern': 'Solid', 'Print or Pattern Type': 'Solid', 'Slit Detail': 'NA', 'Sub Trend': 'New Basics', 'Surface Styling': 'NA', 'Sustainable': 'Regular', 'Transparency': 'Opaque', 'Type': 'A-Line', 'Wash Care': 'Machine Wash'}"
7687291,SASSAFRAS Blue Denim Midi A-Line Pure Cotton Skirt,Skirt,2199.0,Blue,SASSAFRAS,http://assets.myntassets.com/assets/images/7687291/2019/10/15/178ef6f0-a990-4138-bcbe-15b777d0ae7c1571124808865-SASSAFRAS-Women-Blue-Denim-Solid-Midi-A-Line-Skirt-525157112-1.jpg,577.0,4.214904679376083,"Blue denim solid midi woven A-line skirt, has a partially elasticated waistband with full button placket, front slit, flared hem100% cotton<br>Machine-washThe model (height 5'8'') is wearing a size 28","{'Add-Ons': 'NA', 'Body Shape ID': '443,324,333,424', 'Body or Garment Size': 'To-Fit Denotes Body Measurements in', 'Character': 'NA', 'Closure': 'Button', 'Fabric Type': 'Denim', 'Hemline': 'Flared', 'Knit or Woven': 'Woven', 'Length': 'Midi', 'Lining': 'NA', 'Main Trend': 'Indigo', 'Number of Pockets': 'NA', 'Occasion': 'Casual', 'Pattern': 'Solid', 'Print or Pattern Type': 'Solid', 'Slit Detail': 'Front Slit', 'Sub Trend': 'Indigo', 'Surface Styling': 'NA', 'Sustainable': 'Regular', 'Transparency': 'Opaque', 'Type': 'A-Line', 'Wash Care': 'Machine Wash'}"
10833328,SASSAFRAS Pink & Rust Red Printed A-Line Panelled Skirt,Skirt,1499.0,Pink,SASSAFRAS,http://assets.myntassets.com/assets/images/10833328/2022/3/15/533531f4-906d-476c-8afe-75b347fe80b61647328493683-SASSAFRAS-Pink--Rust-Red-Printed-A-Line-Panelled-Skirt-10216-1.jpg,1266.0,4.423380726698262,"Pink and rust red printed A-line panelled skirt,&nbsp;has a partially elasticated waistband, button detail on the front, flared hem, and attached liningThe model (height 5'8"") is wearing a size 28100% Polyester<br>Machine wash","{'Add-Ons': 'NA', 'Body Shape ID': '443,324,333,424', 'Body or Garment Size': 'To-Fit Denotes Body Measurements in', 'Character': 'NA', 'Closure': 'Slip-On', 'Fabric Type': 'Georgette', 'Hemline': 'Flared', 'Knit or Woven': 'Woven', 'Length': 'Midi', 'Lining': 'Has a lining', 'Main Trend': 'Floral Print', 'Number of Pockets': 'NA', 'Occasion': 'Casual', 'Pattern': 'Printed', 'Print or Pattern Type': 'Floral', 'Slit Detail': 'Front Slit', 'Sub Trend': 'Floral Print', 'Surface Styling': 'Sheer', 'Sustainable': 'Regular', 'Transparency': 'Semi Sheer', 'Type': 'A-Line', 'Wash Care': 'Machine Wash'}"
7215785,Mayra Black Pencil Skirt With Back Slit,Pencil Skirt,1195.0,Black,Mayra,http://assets.myntassets.com/assets/images/7215785/2022/4/7/a673ec56-c60b-49c8-a716-dfede1c9683d1649328688808MayraBlackPencilSkirtWithBackSlit1.jpg,346.0,3.919075144508671,"Black pencil skirt, has a waistband with a concealed zip closure, back slitPolyester<br>Hand-washThe model (height 5'8'') is wearing a size 28","{'Add-Ons': 'NA', 'Body Shape ID': '424', 'Body or Garment Size': 'To-Fit Denotes Body Measurements in', 'Character': 'NA', 'Closure': 'Zip', 'Fabric Type': 'NA', 'Hemline': 'Straight', 'Knit or Woven': 'Woven', 'Length': 'Knee Length', 'Lining': 'NA', 'Main Trend': 'New Basics', 'Number of Pockets': 'NA', 'Occasion': 'Casual', 'Pattern': 'Solid', 'Print or Pattern Type': 'Solid', 'Slit Detail': 'Back Slit', 'Sub Trend': 'New Basics', 'Surface Styling': 'NA', 'Sustainable': 'Regular', 'Transparency': 'Opaque', 'Type': 'Pencil', 'Wash Care': 'Machine Wash'}"
5865436,Chemistry Women Blue Denim Knee Length A-Line Pure Cotton Skirt,Skirt,1799.0,Blue,Chemistry,http://assets.myntassets.com/assets/images/5865436/2018/9/6/f024673c-95c2-4c64-98c9-a2393c3243b31536215881679-Chemistry-Women-Skirts-4851536215880356-1.jpg,304.0,4.305921052631579,"Blue denim knee length A-Line skirt, has button closure and 2 pockets100% cotton<br>machine washThe model (height 5'8"") is wearing a size 30<br>","{'Add-Ons': 'NA', 'Body Shape ID': '443,324,333,424', 'Body or Garment Size': 'To-Fit Denotes Body Measurements in', 'Character': 'NA', 'Closure': 'Button', 'Fabric': 'Pure Cotton', 'Fabric Type': 'Denim', 'Hemline': 'Flared', 'Knit or Woven': 'Woven', 'Length': 'Knee Length', 'Lining': 'NA', 'Main Trend': 'Indigo', 'Number of Pockets': 'NA', 'Occasion': 'Casual', 'Pattern': 'Solid', 'Print or Pattern Type': 'Solid', 'Slit Detail': 'Front Slit', 'Sub Trend': 'Indigo', 'Surface Styling': 'NA', 'Sustainable': 'Regular', 'Transparency': 'Opaque', 'Type': 'A-Line', 'Wash Care': 'Machine Wash'}"
10604482,SASSAFRAS Blue Washed Midi Denim Pure Cotton A-Line Skirt,Skirt,1999.0,Blue,SASSAFRAS,http://assets.myntassets.com/assets/images/10604482/2019/9/12/b3b00e71-b440-4b13-ad4d-ce8d4db4d5d51568286366081-SASSAFRAS-Women-Skirts-991568286364390-1.jpg,632.0,4.143987341772152,"Blue washed midi denim A-line skirt, has a partially elasticated waistband with button closure, straight hem with front slit, and button placket on the frontThe model (height 5'8"") is wearing size 28100% cotton<br>Machine-wash","{'Add-Ons': 'NA', 'Body Shape ID': '443,324,333,424', 'Body or Garment Size': 'To-Fit Denotes Body Measurements in', 'Character': 'NA', 'Closure': 'Button', 'Fabric Type': 'Denim', 'Hemline': 'Straight', 'Knit or Woven': 'Woven', 'Length': 'Midi', 'Lining': 'NA', 'Main Trend': 'Indigo', 'Number of Pockets': 'NA', 'Occasion': 'Casual', 'Pattern': 'Washed', 'Print or Pattern Type': 'Washed', 'Slit Detail': 'Front Slit', 'Sub Trend': 'Indigo', 'Surface Styling': 'NA', 'Sustainable': 'Regular', 'Transparency': 'Opaque', 'Type': 'A-Line', 'Wash Care': 'Machine Wash'}"
10440474,DressBerry Black & Off White Floral Printed Midi A-Line Skirt,"Skirt, Midi Skirt, A-Line Skirt",1599.0,Black,DressBerry,http://assets.myntassets.com/assets/images/10440474/2019/9/16/4a502595-36ac-4312-8f10-40ca73d3ff571568630338489-DressBerry-Women-Black--Off-White-Printed-Front-Slit-Flared--1.jpg,262.0,4.057251908396947,"Black and off-white printed woven midi A-line skirt with front button detail, has a partially elasticated waistband, two pockets, front slitThe model (height 5'8"") is wearing a size 28100% viscose<br>Hand-wash","{'Add-Ons': 'NA', 'Body Shape ID': '443,324,333,424', 'Body or Garment Size': 'To-Fit Denotes Body Measurements in', 'Character': 'NA', 'Closure': 'Slip-On', 'Fabric Type': 'NA', 'Hemline': 'Flared', 'Knit or Woven': 'Woven', 'Length': 'Midi', 'Lining': 'NA', 'Main Trend': 'Floral Print', 'Number of Pockets': 'NA', 'Occasion': 'Casual', 'Pattern': 'Printed', 'Print or Pattern Type': 'Floral', 'Slit Detail': 'Front Slit', 'Sub Trend': 'Floral Print', 'Surface Styling': 'NA', 'Sustainable': 'Regular', 'Transparency': 'Opaque', 'Type': 'A-Line', 'Wash Care': 'Machine Wash'}"
9621439,WISSTLER Women Blue Printed Regular Fit Regular Shorts,Shorts,799.0,Blue,WISSTLER,http://assets.myntassets.com/assets/images/9621439/2019/7/10/7cbec1e1-5079-4139-9fcb-dca9d12faa2a1562737104245-WISSTLER-Women-Blue-Printed-Regular-Fit-Regular-Shorts-12515-1.jpg,250.0,4.26,"Blue and white printed casual mid-rise regular shorts, has a drawstring closureRegular Fit<br> The model (height 5'8"") is wearing a size 28Polycrepe<br>Hand-wash","{'Body or Garment Size': 'To-Fit Denotes Body Measurements in', 'Closure': 'Drawstring', 'Fabric': 'Polyester', 'Fabric 2': 'NA', 'Fit': 'Regular Fit', 'Knit or Woven': 'Woven', 'Length': 'Above Knee', 'Main Trend': 'Geometric Print', 'Number of Pockets': 'NA', 'Occasion': 'Casual', 'Pattern': 'Printed', 'Print or Pattern Type': 'Geometric', 'Sport': 'NA', 'Surface Styling': 'NA', 'Technology': 'NA', 'Type': 'Regular Shorts', 'Waist Rise': 'Mid-Rise', 'Wash Care': 'Hand Wash'}"
9689107,FableStreet Navy Blue A-Line Skirt With Back Slit,A-Line Skirt,2395.0,Navy Blue,FableStreet,http://assets.myntassets.com/assets/images/9689107/2019/5/15/73b223ac-bc1e-4065-8627-c8af1be581141557914907387-FableStreet-Blue-9931557914906469-1.jpg,11.0,3.4545454545454546,"<p>Navy blue solid A-line skirt, has a waistband, side zipper closure, straight hem, back slit, two pockets.</p><p>100% polyester<br> hand wash</p><p>The model(height 5'8"") is wearing size S</p>","{'Add-Ons': 'NA', 'Body Shape ID': '443,324,333,424', 'Body or Garment Size': 'To-Fit Denotes Body Measurements in', 'Character': 'NA', 'Closure': 'Zip', 'Fabric Type': 'NA', 'Hemline': 'Straight', 'Knit or Woven': 'Woven', 'Length': 'Knee Length', 'Lining': 'NA', 'Main Trend': 'New Basics', 'Number of Pockets': 'NA', 'Occasion': 'Casual', 'Pattern': 'Solid', 'Print or Pattern Type': 'Solid', 'Slit Detail': 'Back Slit', 'Sub Trend': 'New Basics', 'Surface Styling': 'NA', 'Sustainable': 'Regular', 'Transparency': 'Opaque', 'Type': 'A-Line', 'Wash Care': 'Hand Wash'}"
7985973,United Colors of Benetton Women Blue & Maroon Checked Mini Pure Cotton Skirt,Skirt,2499.0,Blue,United Colors of Benetton,http://assets.myntassets.com/assets/images/7985973/2018/12/11/9710ff6e-15c0-4daf-a25a-4d390fc4b9ec1544521696041-Multi-Printed-A-Line-Skirt-8181544521694516-1.jpg,,,"Blue and maroon checked mini skirt, has a waistband with belt loops, two pockets, button closureThe model (height 5'8'') is wearing a size 28100% cotton<br>Machine Wash","{'Add-Ons': 'NA', 'Body Shape ID': '443,333,424', 'Body or Garment Size': 'To-Fit Denotes Body Measurements in', 'Character': 'NA', 'Closure': 'Button', 'Fabric': 'Pure Cotton', 'Fabric Type': 'NA', 'Hemline': 'Straight', 'Knit or Woven': 'Woven', 'Length': 'Mini', 'Lining': 'NA', 'Main Trend': 'New Basics', 'Number of Pockets': 'NA', 'Occasion': 'Casual', 'Pattern': 'Printed', 'Print or Pattern Type': 'Self Design', 'Slit Detail': 'Front Slit', 'Sub Trend': 'New Basics', 'Surface Styling': 'NA', 'Sustainable': 'Regular', 'Transparency': 'Opaque', 'Type': 'A-Line', 'Wash Care': 'Machine Wash'}"
7761648,RARE Women Maroon & Navy Blue Striped A-Line Maxi Skirt,Maxi Skirt,1699.0,Maroon,RARE,http://assets.myntassets.com/assets/images/7761648/2018/11/10/8f082b92-04cf-473f-a6e5-0933a2f3cf441541829047541-RARE-Women-Maroon--Navy-Blue-Striped-A-Line-Maxi-Skirt-9011541829047322-1.jpg,159.0,4.2578616352201255,"Maroon and navy blue striped A-line maxi skirt, has two pockets, a waistband with belt loops, striaght hem, multiple slits<br>Comes with a belt<p>Polyester Crepe<br>Machine wash</p>The model (height 5' 8"") is wearing size 28","{'Add-Ons': 'Comes with a belt', 'Body Shape ID': '324,333,424', 'Body or Garment Size': 'To-Fit Denotes Body Measurements in', 'Closure': 'Slip-On', 'Fabric': 'Polyester', 'Fabric Type': 'Crepe', 'Hemline': 'Straight', 'Knit or Woven': 'Woven', 'Length': 'Maxi', 'Lining': 'Has a lining', 'Main Trend': 'New Basics', 'Occasion': 'Casual', 'Pattern': 'Striped', 'Print or Pattern Type': 'Striped', 'Slit Detail': 'Multiple Slits', 'Sub Trend': 'New Basics', 'Surface Styling': 'NA', 'Transparency': 'Opaque', 'Type': 'A-Line', 'Wash Care': 'Machine Wash'}"
1718761,SOUNDARYA Purple Ethnic Print Wrap-Around Maxi Skirt,Maxi Skirt,999.0,Purple,SOUNDARYA,http://assets.myntassets.com/assets/images/1718761/2017/1/13/11484286851147-SOUNDARYA-Purple-Ethnic-Print-Wrap-Around-Maxi-Skirt-9651484286850908-1.jpg,29.0,3.793103448275862,"Purple ethnic print maxi skirt, has a waistband with tie-up detail, flared hem<br>Disclaimer: The product might have slight shade variation and print variation as all our products are hand dyed and printed<p>The model (height 5'8"" and waist 28"") is wearing a free size</p><p>Cotton<br>Hand-wash</p>","{'Body Shape ID': '324,333,424', 'Body or Garment Size': 'To-Fit Denotes Body Measurements in', 'Fabric': 'Cotton Blend', 'Hemline': 'Flared', 'Knit or Woven': 'Woven', 'Length': 'Maxi', 'Main Trend': 'Ethnic Print', 'Occasion': 'Ethnic', 'Pattern': 'Printed', 'Sub Trend': 'Ethnic Print', 'Surface Styling': 'Tie-Ups', 'Type': 'Wrap', 'Wash Care': 'Hand Wash'}"
1718757,SOUNDARYA Navy & Red Ethnic Print Wrap-Around Maxi Skirt,Maxi Skirt,999.0,Navy Blue,SOUNDARYA,http://assets.myntassets.com/assets/images/1718757/2017/1/13/11484286824937-SOUNDARYA-Navy--Red-Ethnic-Print-Wrap-Around-Maxi-Skirt-8431484286824682-1.jpg,27.0,4.444444444444445,"Navy blue and red ethnic print maxi skirt, has a waistband with tie-up detail, flared hem<br>Disclaimer: The product might have slight shade variation and print variation as all our products are hand dyed and printed<p>Cotton<br>Hand-wash</p>The model (height 5'8'') is wearing a free size","{'Body Shape ID': '324,333,424', 'Body or Garment Size': 'To-Fit Denotes Body Measurements in', 'Fabric': 'Cotton Blend', 'Hemline': 'Flared', 'Knit or Woven': 'Woven', 'Length': 'Maxi', 'Main Trend': 'Ethnic Print', 'Occasion': 'Ethnic', 'Pattern': 'Printed', 'Sub Trend': 'Ethnic Print', 'Surface Styling': 'Tie-Ups', 'Type': 'Wrap', 'Wash Care': 'Hand Wash'}"
10847838,Tokyo Talkies Women Green Knee-Length Solid Straight Skirt,Skirt,3149.0,Green,Tokyo Talkies,http://assets.myntassets.com/assets/images/productimage/2019/10/22/9b4d109d-9f9a-4efc-801d-37f33be565ec1571683926970-1.jpg,7.0,4.571428571428571,"Green solid woven straight knee-length skirt, has an elasticated waistband with button closure, has a full button placket and two pockets<p>Polyester<br>Machine wash</p><p>The model (height 5'8"") is wearing a size 28</p>","{'Add-Ons': 'NA', 'Body Shape ID': '443,324,424', 'Body or Garment Size': 'Garment Measurements in', 'Closure': 'Button', 'Fabric': 'Polyester', 'Fabric Type': 'NA', 'Hemline': 'Straight', 'Knit or Woven': 'Woven', 'Length': 'Midi', 'Lining': 'NA', 'Main Trend': 'New Basics', 'Occasion': 'Casual', 'Pattern': 'Solid', 'Print or Pattern Type': 'Solid', 'Slit Detail': 'NA', 'Sub Trend': 'New Basics', 'Surface Styling': 'NA', 'Transparency': 'Opaque', 'Type': 'Straight', 'Wash Care': 'Machine Wash'}"
7200121,Varanga Black  Printed Maxi Pure Cotton Skirt,Skirt,2299.0,Black,Varanga,http://assets.myntassets.com/assets/images/7200121/2018/8/21/96e1c5d8-a615-4988-bcf2-10fbcd3714f81534841056972-Varanga-Women-Black-Cotton-Printed-Maxi-Skirt-4751534841056739-1.jpg,153.0,3.738562091503268,"Black printed mid rise maxi skirt, has a waistband with drawstring closure<p>The model (height 5'8"")is wearing a size S</p>Pure cotton<br>Hand-wash","{'Add-Ons': 'NA', 'Body Shape ID': '324,333,424', 'Body or Garment Size': 'To-Fit Denotes Body Measurements in', 'Character': 'NA', 'Closure': 'Drawstring', 'Fabric Type': 'NA', 'Hemline': 'Flared', 'Knit or Woven': 'Woven', 'Length': 'Maxi', 'Lining': 'NA', 'Main Trend': 'Ethnic Print', 'Number of Pockets': 'NA', 'Occasion': 'Ethnic', 'Pattern': 'Printed', 'Print or Pattern Type': 'Geometric', 'Slit Detail': 'NA', 'Sub Trend': 'Ethnic Print', 'Surface Styling': 'Tie-Ups', 'Sustainable': 'Regular', 'Transparency': 'Opaque', 'Type': 'Flared', 'Wash Care': 'Hand Wash'}"
6829054,Bitz Women Pack of 2 Red Solid Regular Fit Biker Shorts,Biker Shorts,699.0,Red,Bitz,http://assets.myntassets.com/assets/images/6829054/2018/7/17/2b7a0a22-816a-4192-b285-9072829c78981531809668851-Bitz-Women-Shorts-4401531809668719-1.jpg,114.0,4.254385964912281,"Pack of two solid mid-rise biker shorts in red, each has a slip-on closure100% organic cotton<br>Machine-washThe model (height 5'8"") is wearing a size 28","{'Body or Garment Size': 'To-Fit Denotes Body Measurements in', 'Character': 'NA', 'Closure': 'Slip-On', 'Fabric': 'Cotton', 'Fabric 2': 'NA', 'Fit': 'Regular Fit', 'Knit or Woven': 'Woven', 'Length': 'Above Knee', 'Main Trend': 'New Basics', 'Multipack Set': 'NA', 'Number of Pockets': 'NA', 'Occasion': 'Sports', 'Pattern': 'Solid', 'Print or Pattern Type': 'Solid', 'Sport': 'Cycling', 'Surface Styling': 'NA', 'Sustainable': 'Regular', 'Technology': 'NA', 'Type': 'Biker Shorts', 'Waist Rise': 'Mid-Rise', 'Wash Care': 'Machine Wash'}"
5293906,Veni Vidi Vici Women Red Solid Trumpet Skirt,Skirt,1170.0,Red,Veni Vidi Vici,http://assets.myntassets.com/assets/images/5293906/2018/7/12/cd57f459-4550-4415-90ae-efc5f14137901531396927325-Veni-Vidi-Vici-Women-Red-Solid-Trumpet-Skirt-9211531396927146-1.jpg,,,"Red solid knitted trumpet skirt, has an elasticated waistband, slip-on closureThe model (height 5'8'') is wearing a size 2795% polyester, 5% elastane<br>Machine-wash","{'Add-Ons': 'NA', 'Body Shape ID': '443,333,424', 'Body or Garment Size': 'To-Fit Denotes Body Measurements in', 'Closure': 'Slip-On', 'Fabric': 'Polyester', 'Fabric Type': 'NA', 'Hemline': 'Straight', 'Knit or Woven': 'Knitted', 'Length': 'Mini', 'Lining': 'NA', 'Main Trend': 'New Basics', 'Occasion': 'Casual', 'Pattern': 'Solid', 'Print or Pattern Type': 'Solid', 'Slit Detail': 'No Slit', 'Sub Trend': 'New Basics', 'Surface Styling': 'Gathered or Pleated', 'Transparency': 'Opaque', 'Type': 'Trumpet', 'Wash Care': 'Machine Wash'}"
10035883,Sera Women Black Solid Loose Fit Regular Shorts,Shorts,1099.0,Black,Sera,http://assets.myntassets.com/assets/images/productimage/2019/6/14/d826bb1e-f3be-426d-8548-ba85ed9527f41560491152771-1.jpg,10.0,3.7,"Black solid mid-rise regular shorts, has two pockets, a button closureViscose Rayon<br> Machine-washLoose Fit<br> The model (height 5'8"") is wearing a size 28","{'Body or Garment Size': 'To-Fit Denotes Body Measurements in', 'Closure': 'Button', 'Fabric': 'Viscose Rayon', 'Fabric 2': 'NA', 'Fit': 'Loose Fit', 'Knit or Woven': 'Woven', 'Length': 'Above Knee', 'Main Trend': 'New Basics', 'Number of Pockets': '2', 'Occasion': 'Casual', 'Pattern': 'Solid', 'Print or Pattern Type': 'Solid', 'Sport': 'NA', 'Surface Styling': 'NA', 'Technology': 'NA', 'Type': 'Regular Shorts', 'Waist Rise': 'Mid-Rise', 'Wash Care': 'Machine Wash'}"
10259681,N-Gal Women Peach Solid Flared Mini Skirt,Skirt,799.0,Peach,N-Gal,http://assets.myntassets.com/assets/images/productimage/2019/7/15/0b7ef657-3bad-4726-bcd6-ffb049c09ceb1563180039860-1.jpg,6.0,4.166666666666667,"Peach solid flared mini skirt, has an elasticated waistband, slip-on closure, flared hemPolyester<br>Machine washThe model (height 5'8"") is wearing size S","{'Add-Ons': 'NA', 'Body Shape ID': '443,333,424', 'Closure': 'Slip-On', 'Fabric': 'Polyester', 'Fabric Type': 'NA', 'Hemline': 'Straight', 'Knit or Woven': 'Knitted', 'Length': 'Mini', 'Lining': 'NA', 'Main Trend': 'New Basics', 'Occasion': 'Casual', 'Pattern': 'Solid', 'Print or Pattern Type': 'Solid', 'Slit Detail': 'No Slit', 'Sub Trend': 'New Basics', 'Surface Styling': 'NA', 'Transparency': 'Opaque', 'Type': 'Flared', 'Wash Care': 'Machine Wash'}"
10263019,Ira Soleil Women Gold-Toned Printed Reversible Flared Maxi Skirt,Maxi Skirt,2899.0,Gold,Ira Soleil,http://assets.myntassets.com/assets/images/10263019/2019/7/30/e11b6682-f45c-47d6-88fd-2df2c79ec4c11564463514876-Ira-Soleil-Women-Skirts-7701564463512901-1.jpg,11.0,4.454545454545454,"Gold-Toned floral printed flared reversible maxi skirt, has a slip on closure with drawstring, flared hemThe model (height 5'8"") is wearing a size 28100% polyester<br>Machine wash","{'Add-Ons': 'NA', 'Body Shape ID': '324,333,424', 'Body or Garment Size': 'To-Fit Denotes Body Measurements in', 'Closure': 'Drawstring', 'Fabric': 'Polyester', 'Fabric Type': 'NA', 'Hemline': 'Flared', 'Knit or Woven': 'Woven', 'Length': 'Maxi', 'Lining': 'NA', 'Main Trend': 'Floral Print', 'Occasion': 'Ethnic', 'Pattern': 'Printed', 'Print or Pattern Type': 'Floral', 'Slit Detail': 'No Slit', 'Sub Trend': 'Floral Print', 'Surface Styling': 'Layered', 'Transparency': 'Opaque', 'Type': 'Flared', 'Wash Care': 'Hand Wash'}"
10496030,Sera Women Black Solid Loose Fit Regular Shorts,Shorts,1094.0,Black,Sera,http://assets.myntassets.com/assets/images/productimage/2019/8/21/770ce87e-98fd-430b-b797-35d20beced821566377794277-1.jpg,13.0,4.0,"Black solid mid-rise regular shorts, has 2 pockets, and button closureLoose Fit<br> The model (height 5'8"") is wearing a size 28Viscose Rayon<br>Machine-wash","{'Body or Garment Size': 'To-Fit Denotes Body Measurements in', 'Closure': 'Button', 'Fabric': 'Viscose Rayon', 'Fabric 2': 'NA', 'Fit': 'Loose Fit', 'Knit or Woven': 'Woven', 'Length': 'Above Knee', 'Main Trend': 'New Basics', 'Number of Pockets': '2', 'Occasion': 'Casual', 'Pattern': 'Solid', 'Print or Pattern Type': 'Solid', 'Sport': 'Outdoor', 'Surface Styling': 'NA', 'Technology': 'NA', 'Type': 'Regular Shorts', 'Waist Rise': 'Mid-Rise', 'Wash Care': 'Machine Wash'}"
10466122,Clora Creation Women Maroon Solid Flared Maxi Skirt,Maxi Skirt,1299.0,Maroon,Clora Creation,http://assets.myntassets.com/assets/images/productimage/2019/8/16/fbad44b1-9582-4016-8484-a1d926a123161565936201705-1.jpg,8.0,4.125,"<p> Maroon solid flared maxi skirt, has an elasticated waistband, drawstring closure, flared hem</p><p>The model (height 5'8"") is wearing a size S</p><p>Viscose rayon<br>Hand wash</p>","{'Add-Ons': 'NA', 'Body Shape ID': '324,333,424', 'Body or Garment Size': 'Garment Measurements in', 'Closure': 'Drawstring', 'Fabric': 'Viscose Rayon', 'Fabric Type': 'NA', 'Hemline': 'Flared', 'Knit or Woven': 'Woven', 'Length': 'Maxi', 'Lining': 'NA', 'Main Trend': 'New Basics', 'Occasion': 'Ethnic', 'Pattern': 'Solid', 'Print or Pattern Type': 'Solid', 'Slit Detail': 'NA', 'Sub Trend': 'New Basics', 'Surface Styling': 'NA', 'Transparency': 'Opaque', 'Type': 'Flared', 'Wash Care': 'Hand Wash'}"
10282883,WISSTLER Women Navy Blue & White Striped Regular Fit Shorts,Shorts,799.0,Navy Blue,WISSTLER,http://assets.myntassets.com/assets/images/10282883/2019/8/2/6b28dbd2-9117-4536-a050-3e80cfedfbce1564729588758-WISSTLER-Women-Shorts-5931564729585512-1.jpg,131.0,3.7709923664122136,"Navy blue, white and red striped mid-rise regular shorts, has a waistband with&nbsp;slip-on closure, two pockets<br>Comes with a beltRegular fit<br>The model (height 5'8"") is wearing a size 28Poly crepe<br>Hand-wash","{'Body or Garment Size': 'To-Fit Denotes Body Measurements in', 'Closure': 'Slip-On', 'Fabric': 'Polyester', 'Fabric 2': 'NA', 'Fit': 'Regular Fit', 'Knit or Woven': 'Woven', 'Length': 'Above Knee', 'Main Trend': 'Nautical', 'Number of Pockets': '2', 'Occasion': 'Casual', 'Pattern': 'Striped', 'Print or Pattern Type': 'Striped', 'Sport': 'NA', 'Surface Styling': 'NA', 'Technology': 'NA', 'Type': 'Regular Shorts', 'Waist Rise': 'Mid-Rise', 'Wash Care': 'Hand Wash'}"
10597826,Alsace Lorraine Paris Women Navy & Pink Printed Regular Shorts,Shorts,999.0,Navy Blue,Alsace Lorraine Paris,http://assets.myntassets.com/assets/images/10597826/2019/9/17/80169d93-24b0-4f1a-8077-81ef2d6d30231568700606959-Alsace-Lorraine-Paris-Women-Shorts-3851568700605641-1.jpg,8.0,3.5,"Navy and pink printed mid-rise regular shorts, has drawstring closureRegular Fit<br> The model (height 5'8"") is wearing a size 28Polyester<br> Machine-wash","{'Body or Garment Size': 'To-Fit Denotes Body Measurements in', 'Closure': 'Drawstring', 'Fabric': 'Polyester', 'Fabric 2': 'NA', 'Fit': 'Regular Fit', 'Knit or Woven': 'Woven', 'Length': 'Above Knee', 'Main Trend': 'Floral Print', 'Number of Pockets': 'NA', 'Occasion': 'Casual', 'Pattern': 'Printed', 'Print or Pattern Type': 'Floral', 'Sport': 'NA', 'Surface Styling': 'NA', 'Technology': 'NA', 'Type': 'Regular Shorts', 'Waist Rise': 'Mid-Rise', 'Wash Care': 'Machine Wash'}"
8417803,Wishful by W Women Golden & Navy Blue Woven Design Maxi Flared Skirt,Maxi Flared Skirt,6999.0,Gold,W,http://assets.myntassets.com/assets/images/8417803/2019/3/1/bef71eb0-8b94-4adb-ae2a-57923bb2804f1551429069962-W-Women-Golden--Navy-Blue-Woven-Design-Maxi-Flared-Skirt-242-1.jpg,136.0,3.941176470588236,"Golden, navy blue and red woven design maxi flared skirt, has a partially elasticated waistband, concealed zip closure on the side, flared hem and an attached liningThe model (height 5'8"") is wearing a size 2895% man-made fibre, 5% zari<br>Hand-wash","{'Add-Ons': 'NA', 'Body Shape ID': '324,333,424', 'Body or Garment Size': 'To-Fit Denotes Body Measurements in', 'Closure': 'Zip', 'Fabric': 'Polyester', 'Fabric Type': 'NA', 'Hemline': 'Flared', 'Knit or Woven': 'Woven', 'Length': 'Maxi', 'Lining': 'Has a lining', 'Main Trend': 'Ethnic Print', 'Occasion': 'Ethnic', 'Pattern': 'Self Design', 'Print or Pattern Type': 'Floral', 'Slit Detail': 'NA', 'Sub Trend': 'Ethnic Print', 'Surface Styling': 'NA', 'Transparency': 'Opaque', 'Type': 'Flared', 'Wash Care': 'Dry Clean'}"
9571497,FableStreet Women Maroon Solid A-Line Skirt,A-Line Skirt,2395.0,Maroon,FableStreet,http://assets.myntassets.com/assets/images/9571497/2019/7/11/ab6fcd98-e82b-495f-85c1-47d431cd79821562840651858--FableStreet-Women-Maroon-Solid-A-Line-Skirt-985156284065091-1.jpg,,,"Maroon solid A-line skirt, has a waistband, slip-on closure, curved hem and two front pockets<br>The model (height 5'8"") is wearing size SCotton Blend <br>Machine Wash","{'Add-Ons': 'NA', 'Body Shape ID': '443,324,333,424', 'Body or Garment Size': 'To-Fit Denotes Body Measurements in', 'Closure': 'Zip', 'Fabric': 'Cotton Blend', 'Fabric Type': 'NA', 'Hemline': 'Curved', 'Knit or Woven': 'Woven', 'Length': 'Knee Length', 'Lining': 'NA', 'Main Trend': 'New Basics', 'Occasion': 'Casual', 'Pattern': 'Solid', 'Print or Pattern Type': 'Solid', 'Slit Detail': 'No Slit', 'Sub Trend': 'New Basics', 'Surface Styling': 'NA', 'Transparency': 'Opaque', 'Type': 'A-Line', 'Wash Care': 'Machine Wash'}"
8825727,FOREVER 21 Women Kendall + Kylie Gold-Toned A-Line Skirt,A-Line Skirt,3199.0,Gold,FOREVER 21,http://assets.myntassets.com/assets/images/8825727/2019/3/5/bb7b0f20-cafb-48b0-904f-54a92fdfb1ea1551790035925-FOREVER-21-Women-Gold-Toned-A-Line-Skirt-6021551790033130-1.jpg,,,"Gold-toned A-line flared skirt, has an elasticated waistaband100% polyester&nbsp;<br>Machine-washThe model (height 5'8"") is wearing a size S","{'Add-Ons': 'NA', 'Body Shape ID': '443,324,333,424', 'Body or Garment Size': 'To-Fit Denotes Body Measurements in', 'Closure': 'Slip-On', 'Fabric': 'Polyester', 'Fabric Type': 'NA', 'Hemline': 'Flared', 'Knit or Woven': 'Woven', 'Length': 'Knee Length', 'Lining': 'NA', 'Main Trend': 'New Basics', 'Occasion': 'Casual', 'Pattern': 'Solid', 'Print or Pattern Type': 'Solid', 'Slit Detail': 'NA', 'Sub Trend': 'New Basics', 'Surface Styling': 'NA', 'Transparency': 'Opaque', 'Type': 'A-Line', 'Wash Care': 'Hand Wash'}"
9803441,Clora Creation Women Off White Printed Flared Maxi Skirt,Maxi Skirt,1599.0,Off White,Clora Creation,http://assets.myntassets.com/assets/images/productimage/2019/5/24/ea846522-0fd0-46aa-bb27-d81ff672f94e1558719946402-1.jpg,7.0,4.142857142857143,"Off white printed flared maxi skirt, has an elasticated waistband, drawstring closure<p>Viscose Rayon<br>Hand Wash</p><p>The model (height 5'8"") is wearing a size S</p>","{'Add-Ons': 'NA', 'Body Shape ID': '324,333,424', 'Body or Garment Size': 'To-Fit Denotes Body Measurements in', 'Closure': 'Drawstring', 'Fabric': 'Viscose Rayon', 'Fabric Type': 'NA', 'Hemline': 'Curved', 'Knit or Woven': 'Woven', 'Length': 'Maxi', 'Lining': 'NA', 'Main Trend': 'Floral Print', 'Occasion': 'Ethnic', 'Pattern': 'Printed', 'Print or Pattern Type': 'Floral', 'Slit Detail': 'No Slit', 'Sub Trend': 'Floral Print', 'Surface Styling': 'NA', 'Transparency': 'Opaque', 'Type': 'Flared', 'Wash Care': 'Hand Wash'}"
1753301,Amante Women Black Sports Shorts,Sports Shorts,1495.0,Black,Amante,http://assets.myntassets.com/assets/images/1753301/2022/3/11/2d1407e3-5378-4e1e-af43-393ce32787991646982788079-Amante-Women-Black-Sports-Shorts-2281646982787958-6.jpg,9.0,4.444444444444445,"Black solid high-rise sports shorts, has an elasticated waistband85% nylon, 15% elastane <br>Machine-wash coldThe model (height 5'7"") is wearing a size 28","{'Body or Garment Size': 'To-Fit Denotes Body Measurements in', 'Closure': 'Slip-On', 'Fabric': 'Polyester', 'Fabric 2': 'Elastane', 'Fit': 'Regular Fit', 'Knit or Woven': 'Knitted', 'Length': 'Above Knee', 'Main Trend': 'New Basics', 'Occasion': 'Sports', 'Pattern': 'Solid', 'Print or Pattern Type': 'Solid', 'Surface Styling': 'NA', 'Type': 'Sports Shorts', 'Waist Rise': 'High-Rise', 'Wash Care': 'Machine Wash'}"
1454592,Mast & Harbour Women Black Formal Trousers,Formal Trousers,2199.0,Black,Mast & Harbour,http://assets.myntassets.com/assets/images/1454592/2017/5/19/11495171710748-Mast--Harbour-Women-Black-Regular-Fit-Solid-Formal-Trousers-7341495171710369-1.jpg,1581.0,3.93168880455408,"Black solid mid-rise formal trousers, has a hook and bar closure, two pockets on the front and two mock pockets at the back65% polyester, 35% rayon<br>Machine-washThe model (height 5'8"") is wearing a size 28","{'Add-Ons': 'NA', 'Body Shape ID': '443,333,424', 'Body or Garment Size': 'To-Fit Denotes Body Measurements in', 'Brand Fit Name': 'NA', 'Character': 'NA', 'Closure': 'Hook and Bar', 'Fabric 2': 'Viscose Rayon', 'Features': 'Plain', 'Fit': 'Regular Fit', 'Fly Type': 'Zip', 'Length': 'Regular', 'Main Trend': 'New Basics', 'Multipack Set': 'NA', 'Number of Pockets': '2', 'Occasion': 'Formal', 'Pattern': 'Solid', 'Print or Pattern Type': 'Solid', 'Sustainable': 'Regular', 'Type': 'Formal Trousers', 'Type of Pleat': 'Pleated', 'Waist Rise': 'Mid-Rise', 'Wash Care': 'Machine Wash', 'Weave Type': 'Woven'}"
10440556,DressBerry Women Olive Green Regular Fit Solid Regular Mid-Rise Trousers,Trousers,1699.0,Olive,DressBerry,http://assets.myntassets.com/assets/images/10440556/2019/9/27/cb831ae0-b517-43b6-a51c-4110f0526d0c1569573323950-DressBerry-Women-Trousers-8731569573322934-1.jpg,192.0,4.104166666666667,"Olive green solid mid-rise trousers, slip-on closure, and 2 pocketsRegular Fit<br>The model (height 5'8"") is wearing a size 2895% polyester, 5% spandex<br>Machine-wash","{'Add-Ons': 'Comes with a belt', 'Body Shape ID': '443,333,424', 'Body or Garment Size': 'To-Fit Denotes Body Measurements in', 'Brand Fit Name': 'NA', 'Closure': 'Slip-On', 'Fabric': 'Polyester', 'Fabric 2': 'Elastane', 'Features': 'Plain', 'Fit': 'Regular Fit', 'Fly Type': 'No Fly', 'Length': 'Regular', 'Main Trend': 'Utility or Military Inspired', 'Number of Pockets': '2', 'Occasion': 'Casual', 'Pattern': 'Solid', 'Print or Pattern Type': 'Solid', 'Type': 'Regular Trousers', 'Type of Pleat': 'Flat-Front', 'Waist Rise': 'Mid-Rise', 'Wash Care': 'Machine Wash', 'Weave Type': 'Woven'}"
6012538,RARE Women Black Parallel Trousers,Trousers,1599.0,Black,RARE,http://assets.myntassets.com/assets/images/6012538/2018/5/17/33c419e2-48dd-4297-90f5-7cb63a3e87271526537840607-na-9861526537840407-1.jpg,933.0,3.908896034297964,"Black high-rise solid high-rise parallel trousers, has a zip closureRegular Fit <br> The model (height 5'8"") is wearing a size 28Polyester <br> Hand-wash","{'Add-Ons': 'NA', 'Body Shape ID': '424', 'Body or Garment Size': 'To-Fit Denotes Body Measurements in', 'Brand Fit Name': 'NA', 'Character': 'NA', 'Closure': 'Zip', 'Fabric 2': 'NA', 'Features': 'Plain', 'Fit': 'Regular Fit', 'Fly Type': 'No Fly', 'Length': 'Regular', 'Main Trend': 'New Basics', 'Multipack Set': 'NA', 'Number of Pockets': 'NA', 'Occasion': 'Casual', 'Pattern': 'Solid', 'Print or Pattern Type': 'Solid', 'Sustainable': 'Regular', 'Type': 'Parallel Trousers', 'Type of Pleat': 'Flat-Front', 'Waist Rise': 'High-Rise', 'Wash Care': 'Hand Wash', 'Weave Type': 'Woven'}"
8790773,Marks & Spencer Women Navy Blue Regular Fit Solid Culottes,Culottes,2499.0,Navy Blue,Marks & Spencer,http://assets.myntassets.com/assets/images/8790773/2019/3/13/ac63cf21-fa76-4359-8bcc-9a823a6f2dc31552464347280-Marks--Spencer-Women-Navy-Blue-Regular-Fit-Solid-Culottes-93-1.jpg,36.0,4.388888888888889,"Navy Blue solid mid-rise culottes, has a hook and bar closure, two pocketsRegular Fit<br>The model (height 5'8"") is wearing a size 3262% linen and 48% viscose rayon<br>Machine-wash","{'Add-Ons': 'NA', 'Body Shape ID': '333,424', 'Body or Garment Size': 'To-Fit Denotes Body Measurements in', 'Brand Fit Name': 'NA', 'Closure': 'Hook and Bar', 'Fabric': 'Linen', 'Fabric 2': 'Viscose Rayon', 'Features': 'Plain', 'Fit': 'Regular Fit', 'Fly Type': 'Zip', 'Length': 'Three-Fourth Length', 'Main Trend': 'Nautical', 'Number of Pockets': '2', 'Occasion': 'Casual', 'Pattern': 'Solid', 'Print or Pattern Type': 'Solid', 'Type': 'Culottes', 'Type of Pleat': 'Flat-Front', 'Waist Rise': 'Mid-Rise', 'Wash Care': 'Machine Wash', 'Weave Type': 'Woven'}"
6552292,Allen Solly Woman Black Slim Fit Solid Regular Trousers,Trousers,1799.0,Black,Allen Solly Woman,http://assets.myntassets.com/assets/images/6552292/2018/5/28/1edcca39-e97d-4ada-8545-56557d7f01941527491317532-NA-3571527491317296-1.jpg,64.0,3.953125,"Black solid mid-rise regular trousers, has a button closure, 4 pocketsSlim Fit<br>The model (height 5'8"") is wearing a size 2896% Cotton and 4% Elastane<br>Machine-wash","{'Add-Ons': 'NA', 'Body Shape ID': '443,424', 'Body or Garment Size': 'To-Fit Denotes Body Measurements in', 'Brand Fit Name': 'NA', 'Closure': 'Button', 'Fabric': 'Cotton', 'Fabric 2': 'Elastane', 'Features': 'Plain', 'Fit': 'Slim Fit', 'Fly Type': 'Zip', 'Length': 'Regular', 'Main Trend': 'New Basics', 'Number of Pockets': '4', 'Occasion': 'Casual', 'Pattern': 'Solid', 'Print or Pattern Type': 'Solid', 'Type': 'Regular Trousers', 'Type of Pleat': 'Flat-Front', 'Waist Rise': 'Mid-Rise', 'Wash Care': 'Machine Wash', 'Weave Type': 'Woven'}"
10529174,Juniper Women Off-White Smart Slim Fit Cropped Cigarette Trousers,Trousers,1799.0,Off White,Juniper,http://assets.myntassets.com/assets/images/10529174/2019/9/9/323df338-6370-4616-b6ec-5566af99feda1568013356356-Juniper-Ivory-Rayon-Solid-Cigarette-Pants-7381568013355018-1.jpg,372.0,3.868279569892473,"Black solid mid-rise cropped cigarette trousers, has a partially elasticated waistband with inner drawstring fastening, 2 pockets85% viscose, 15% linen<br>Machine-washSmart Slim Fit<br>The model (height 5'8"") is wearing a size 28","{'Add-Ons': 'NA', 'Body Shape ID': '443,424', 'Body or Garment Size': 'To-Fit Denotes Body Measurements in', 'Brand Fit Name': 'Smart', 'Character': 'NA', 'Closure': 'Slip-On', 'Fabric 2': 'Linen', 'Features': 'Plain', 'Fit': 'Slim Fit', 'Fly Type': 'No Fly', 'Length': 'Cropped', 'Main Trend': 'New Basics', 'Multipack Set': 'NA', 'Number of Pockets': '1', 'Occasion': 'Casual', 'Pattern': 'Solid', 'Print or Pattern Type': 'Solid', 'Sustainable': 'Regular', 'Type': 'Cigarette Trousers', 'Type of Pleat': 'Flat-Front', 'Waist Rise': 'Mid-Rise', 'Wash Care': 'Machine Wash', 'Weave Type': 'Woven'}"
7414866,Zastraa Women Black Parallel Trousers,Trousers,2299.0,Black,Zastraa,http://assets.myntassets.com/assets/images/7414866/2018/9/17/a87c8dfe-48e9-478c-9c68-63a9da64c1ec1537168862836-NA-1291537168862621-1.jpg,732.0,4.144808743169399,"<p>Black solid mid-rise parallel trousers, has a slip-on closure, two pockets<br>Comes with a belt</p><p>Regular Fit<br>The model (height 5'8"") is wearing a size 28</p><p>100% polyester<br> Machine-wash</p>","{'Add-Ons': 'Comes with a belt', 'Body Shape ID': '443,333,424', 'Body or Garment Size': 'To-Fit Denotes Body Measurements in', 'Brand Fit Name': 'NA', 'Character': 'NA', 'Closure': 'Slip-On', 'Fabric 2': 'NA', 'Features': 'Plain', 'Fit': 'Regular Fit', 'Fly Type': 'No Fly', 'Length': 'Regular', 'Main Trend': 'New Basics', 'Multipack Set': 'NA', 'Number of Pockets': '2', 'Occasion': 'Casual', 'Pattern': 'Solid', 'Print or Pattern Type': 'Solid', 'Sustainable': 'Regular', 'Type': 'Parallel Trousers', 'Type of Pleat': 'Pleated', 'Waist Rise': 'Mid-Rise', 'Wash Care': 'Machine Wash', 'Weave Type': 'Woven'}"
10483708,plusS Women Burgundy Regular Fit Solid Bootcut Trousers,Trousers,1790.0,Burgundy,plusS,http://assets.myntassets.com/assets/images/10483708/2019/8/23/5c7c6e65-31a3-4b6d-9028-0157f65197891566545895732-plusS-Women-Palazzos-511566545894379-1.jpg,846.0,4.414893617021277,"Burgundy solid mid-rise trousers with front slits, slip-on closureRegular Fit<br>The model (height 5'8"") is wearing a size 28Polyester<br>Machine-wash","{'Add-Ons': 'NA', 'Body Shape ID': '333,424', 'Body or Garment Size': 'To-Fit Denotes Body Measurements in', 'Brand Fit Name': 'NA', 'Closure': 'Slip-On', 'Fabric': 'Polyester', 'Fabric 2': 'NA', 'Features': 'Plain', 'Fit': 'Regular Fit', 'Fly Type': 'No Fly', 'Length': 'Regular', 'Main Trend': 'New Basics', 'Number of Pockets': 'NA', 'Occasion': 'Casual', 'Pattern': 'Solid', 'Print or Pattern Type': 'Solid', 'Type': 'Bootcut Trousers', 'Type of Pleat': 'Flat-Front', 'Waist Rise': 'Mid-Rise', 'Wash Care': 'Machine Wash', 'Weave Type': 'Woven'}"
8100649,Zastraa Women Grey Straight Fit Peg Trousers,Trousers,2899.0,Grey,Zastraa,http://assets.myntassets.com/assets/images/productimage/2018/12/5/7e19c641-fa81-4f18-ad15-d711cf8cfa2d1544009025165-1.jpg,1540.0,3.764935064935065,"Grey solid high-rise peg trousers, has a button closure, four pocketsStraight Fit<br>The model (height 5'8"") is wearing a size 28Polyester<br>Hand-wash","{'Add-Ons': 'Comes with a belt', 'Body Shape ID': '324,424', 'Body or Garment Size': 'To-Fit Denotes Body Measurements in', 'Brand Fit Name': 'NA', 'Character': 'NA', 'Closure': 'Button', 'Fabric 2': 'NA', 'Features': 'Plain', 'Fit': 'Straight Fit', 'Fly Type': 'Zip', 'Length': 'Cropped', 'Main Trend': 'New Basics', 'Multipack Set': 'NA', 'Number of Pockets': '4', 'Occasion': 'Casual', 'Pattern': 'Solid', 'Print or Pattern Type': 'Solid', 'Sustainable': 'Regular', 'Type': 'Peg Trousers', 'Type of Pleat': 'Pleated', 'Waist Rise': 'High-Rise', 'Wash Care': 'Hand Wash', 'Weave Type': 'Woven'}"
9436011,Jaipur Kurti Women Green Regular Fit Solid Trousers,Trousers,1299.0,Green,Jaipur Kurti,http://assets.myntassets.com/assets/images/9436011/2019/5/8/3199428e-750a-4db5-9cef-20df37de9b811557324215449-Jaipur-Kurti-Women-Bottle-Green-Solid-Straight-Cotton-Slub-P-1.jpg,327.0,4.244648318042813,"Green solid mid-rise regular trousers, has a slip-on closure, two pocketsCotton<br>Hand-washRegular Fit<br>The model (height 5'8"") is wearing a size 28","{'Add-Ons': 'NA', 'Body Shape ID': '443,333,424', 'Body or Garment Size': 'To-Fit Denotes Body Measurements in', 'Brand Fit Name': 'NA', 'Closure': 'Slip-On', 'Fabric': 'Cotton', 'Fabric 2': 'NA', 'Features': 'Plain', 'Fit': 'Regular Fit', 'Fly Type': 'No Fly', 'Length': 'Regular', 'Main Trend': 'New Basics', 'Number of Pockets': '2', 'Occasion': 'Casual', 'Pattern': 'Solid', 'Print or Pattern Type': 'Solid', 'Type': 'Regular Trousers', 'Type of Pleat': 'Pleated', 'Waist Rise': 'Mid-Rise', 'Wash Care': 'Hand Wash', 'Weave Type': 'Woven'}"
2339837,Jaipur Kurti Women Olive Green Solid Trousers,Trousers,1299.0,Olive,Jaipur Kurti,http://assets.myntassets.com/assets/images/2339837/2018/1/9/11515491213721-Jaipur-Kurti-Women-Trousers-4391515491213657-1.jpg,701.0,4.241084165477889,"Olive green solid mid-rise trousers, has a slip-on closure, 2 pockets<br>The product might have slight shade, print and embroidery variation as all our products are hand dyed, printed and handwork. Mangalgiri and handloom south cotton came with natural slubs and weave irregularities.Cotton<br> Hand-washRegular Fit <br> The model (height 5'8"") is wearing a size 28","{'Add-Ons': 'NA', 'Body Shape ID': '443,333,424', 'Body or Garment Size': 'To-Fit Denotes Body Measurements in', 'Brand Fit Name': 'NA', 'Closure': 'Slip-On', 'Fabric': 'Cotton', 'Fabric 2': 'NA', 'Features': 'Plain', 'Fit': 'Regular Fit', 'Fly Type': 'No Fly', 'Length': 'Regular', 'Main Trend': 'Utility or Military Inspired', 'Number of Pockets': '2', 'Occasion': 'Casual', 'Pattern': 'Solid', 'Print or Pattern Type': 'Solid', 'Type': 'Regular Trousers', 'Type of Pleat': 'Pleated', 'Waist Rise': 'Mid-Rise', 'Wash Care': 'Hand Wash', 'Weave Type': 'Woven'}"
10300807,Melange by Lifestyle Women White Regular Fit Solid Regular Trousers,Trousers,699.0,White,Melange by Lifestyle,http://assets.myntassets.com/assets/images/productimage/2019/7/19/f93d40f9-ee11-4f5f-91dd-bf3e1a7e66b51563517627951-1.jpg,372.0,4.252688172043011,"White solid mid-rise trousers and slip-on closureRegular Fit<br>The model (height 5'8"") is wearing a size 28Cotton<br>Machine-wash","{'Add-Ons': 'NA', 'Body Shape ID': '443,333,424', 'Body or Garment Size': 'To-Fit Denotes Body Measurements in', 'Brand Fit Name': 'NA', 'Closure': 'Slip-On', 'Fabric': 'Cotton', 'Fabric 2': 'NA', 'Features': 'Plain', 'Fit': 'Regular Fit', 'Fly Type': 'No Fly', 'Length': 'Three-Fourth Length', 'Main Trend': 'New Basics', 'Number of Pockets': 'NA', 'Occasion': 'Casual', 'Pattern': 'Solid', 'Print or Pattern Type': 'Solid', 'Type': 'Regular Trousers', 'Type of Pleat': 'Pleated', 'Waist Rise': 'Mid-Rise', 'Wash Care': 'Machine Wash', 'Weave Type': 'Woven'}"
8514185,Miss Chase Women Blue Flared Solid Culottes,Culottes,2099.0,Blue,Miss Chase,http://assets.myntassets.com/assets/images/productimage/2019/1/17/9130d39f-5c20-4bdf-9656-bd57a5ade99d1547707485204-1.jpg,88.0,3.8068181818181817,"Blue solid high-rise culottes, has a button closure, two pocketsFlared<br>The model (height 5'8"") is wearing a size 28Denim<br> Machine-wash","{'Add-Ons': 'NA', 'Body Shape ID': '324,424', 'Body or Garment Size': 'To-Fit Denotes Body Measurements in', 'Brand Fit Name': 'NA', 'Closure': 'Button', 'Fabric': 'Denim', 'Fabric 2': 'NA', 'Features': 'Plain', 'Fit': 'Flared', 'Fly Type': 'Zip', 'Length': 'Regular', 'Main Trend': 'Indigo', 'Number of Pockets': '2', 'Occasion': 'Casual', 'Pattern': 'Solid', 'Print or Pattern Type': 'Solid', 'Type': 'Culottes', 'Type of Pleat': 'Flat-Front', 'Waist Rise': 'High-Rise', 'Wash Care': 'Machine Wash', 'Weave Type': 'Denim'}"
2339841,Jaipur Kurti Women Turquoise Blue Casual Trousers,Trousers,1299.0,Turquoise Blue,Jaipur Kurti,http://assets.myntassets.com/assets/images/2339841/2018/1/9/11515492994017-Jaipur-Kurti-Women-Trousers-2601515492993877-1.jpg,347.0,4.216138328530259,"Turquoise blue solid mid-rise ankle-length casual trousers, has a slip-on closure, 2 pockets<br>The product might have slight shade, print and embroidery variation as all our products are hand dyed, printed and handworked. Mangalgiri and handloom south cotton came with natural slubs and weave irregularities.The model (height 5'8"") is wearing a size 28Cotton<br> Hand-wash","{'Add-Ons': 'NA', 'Body Shape ID': '443,333,424', 'Body or Garment Size': 'To-Fit Denotes Body Measurements in', 'Brand Fit Name': 'NA', 'Closure': 'Slip-On', 'Fabric': 'Cotton', 'Fabric 2': 'NA', 'Features': 'Plain', 'Fit': 'Regular Fit', 'Fly Type': 'No Fly', 'Length': 'Regular', 'Main Trend': 'New Basics', 'Number of Pockets': '2', 'Occasion': 'Casual', 'Pattern': 'Solid', 'Print or Pattern Type': 'Solid', 'Type': 'Regular Trousers', 'Type of Pleat': 'Pleated', 'Waist Rise': 'Mid-Rise', 'Wash Care': 'Hand Wash', 'Weave Type': 'Woven'}"
2039873,Jaipur Kurti Women Blue Solid Trousers,Trousers,1299.0,Blue,Jaipur Kurti,http://assets.myntassets.com/assets/images/2039873/2017/8/21/11503320490153-Jaipur-Kurti-Women-Blue-Regular-Fit-Solid-Regular-Trousers-1251503320489936-1.jpg,262.0,4.301526717557252,"Blue solid mid-rise trousers, has a slip-on closure, 2 pocketsCotton <br> Hand-washThe model (height 5'8"") is wearing a size 28","{'Add-Ons': 'NA', 'Body Shape ID': '443,333,424', 'Body or Garment Size': 'To-Fit Denotes Body Measurements in', 'Brand Fit Name': 'NA', 'Closure': 'Slip-On', 'Fabric': 'Cotton', 'Fabric 2': 'NA', 'Features': 'Plain', 'Fit': 'Regular Fit', 'Fly Type': 'No Fly', 'Length': 'Regular', 'Main Trend': 'New Basics', 'Number of Pockets': '2', 'Occasion': 'Casual', 'Pattern': 'Solid', 'Print or Pattern Type': 'Solid', 'Type': 'Regular Trousers', 'Type of Pleat': 'Pleated', 'Waist Rise': 'Mid-Rise', 'Wash Care': 'Hand Wash', 'Weave Type': 'Woven'}"
2339842,Jaipur Kurti Women Cream-Coloured Casual Trousers,Trousers,1299.0,Cream,Jaipur Kurti,http://assets.myntassets.com/assets/images/2339842/2018/1/9/11515493859364-Jaipur-Kurti-Women-Trousers-6941515493859161-1.jpg,231.0,4.259740259740259,"Cream-coloured solid mid-rise ankle-length casual trousers, has a slip-on closure, 2 pockets<br>The product might have slight shade, print and embroidery variation as all our products are hand dyed, printed and handworked. Mangalgiri and handloom south cotton came with natural slubs and weave irregularities.The model (height 5'8"") is wearing a size 28Cotton <br> Hand-wash","{'Add-Ons': 'NA', 'Body Shape ID': '443,333,424', 'Body or Garment Size': 'To-Fit Denotes Body Measurements in', 'Brand Fit Name': 'NA', 'Closure': 'Slip-On', 'Fabric': 'Cotton', 'Fabric 2': 'NA', 'Features': 'Plain', 'Fit': 'Regular Fit', 'Fly Type': 'No Fly', 'Length': 'Regular', 'Main Trend': 'New Basics', 'Number of Pockets': '2', 'Occasion': 'Casual', 'Pattern': 'Solid', 'Print or Pattern Type': 'Solid', 'Type': 'Regular Trousers', 'Type of Pleat': 'Pleated', 'Waist Rise': 'Mid-Rise', 'Wash Care': 'Hand Wash', 'Weave Type': 'Woven'}"
2039877,Jaipur Kurti Women Yellow Solid Regular Trousers,Trousers,1299.0,Yellow,Jaipur Kurti,http://assets.myntassets.com/assets/images/2039877/2017/8/21/11503320770818-Jaipur-Kurti-Women-Yellow-Regular-Fit-Solid-Regular-Trousers-9481503320770351-1.jpg,313.0,4.274760383386582,"Yellow solid mid-rise regular trousers, has a slip-on closure, 2 pocketsCotton <br> Hand-washThe model (height 5'8"") is wearing a size 28","{'Add-Ons': 'NA', 'Body Shape ID': '443,333,424', 'Body or Garment Size': 'To-Fit Denotes Body Measurements in', 'Brand Fit Name': 'NA', 'Closure': 'Slip-On', 'Fabric': 'Cotton', 'Fabric 2': 'NA', 'Features': 'Plain', 'Fit': 'Regular Fit', 'Fly Type': 'No Fly', 'Length': 'Regular', 'Main Trend': 'New Basics', 'Number of Pockets': '2', 'Occasion': 'Casual', 'Pattern': 'Solid', 'Print or Pattern Type': 'Solid', 'Type': 'Regular Trousers', 'Type of Pleat': 'Pleated', 'Waist Rise': 'Mid-Rise', 'Wash Care': 'Hand Wash', 'Weave Type': 'Woven'}"
8999489,Bitterlime Women Grey Relaxed Peg Trousers,Trousers,1199.0,Grey,Bitterlime,http://assets.myntassets.com/assets/images/productimage/2019/3/9/8dd1d08b-22c4-44ab-af8b-7531471c1d8d1552107194872-1.jpg,727.0,3.7606602475928472,"Grey solid mid-rise peg trousers, has a drawstring closure, two pocketsRelaxed Regular Fit<br>The model (height 5'8"") is wearing a size 28Polyester<br> Machine-wash","{'Add-Ons': 'NA', 'Body Shape ID': '443,333,424', 'Body or Garment Size': 'To-Fit Denotes Body Measurements in', 'Brand Fit Name': 'Relaxed', 'Character': 'NA', 'Closure': 'Drawstring', 'Fabric 2': 'NA', 'Features': 'Plain', 'Fit': 'Regular Fit', 'Fly Type': 'No Fly', 'Length': 'Cropped', 'Main Trend': 'New Basics', 'Multipack Set': 'NA', 'Number of Pockets': '2', 'Occasion': 'Casual', 'Pattern': 'Solid', 'Print or Pattern Type': 'Solid', 'Sustainable': 'Regular', 'Type': 'Peg Trousers', 'Type of Pleat': 'Pleated', 'Waist Rise': 'Mid-Rise', 'Wash Care': 'Machine Wash', 'Weave Type': 'Woven'}"
8654177,Janasya Women Black Cropped Cigarette Trousers,"Cropped Trousers, Cigarette Trousers",1198.0,Black,Janasya,http://assets.myntassets.com/assets/images/productimage/2019/1/29/615d2445-ddf1-4033-b7a3-28a481409ad91548707169892-1.jpg,868.0,3.641705069124424,"Black solid mid-rise cropped cigarette trousers, has a slip-on closure, two pocketsCrop<br>Regular Fit<br>The model (height 5'8"") is wearing a size 28Cotton<br> Hand-wash","{'Add-Ons': 'NA', 'Body Shape ID': '443,424', 'Body or Garment Size': 'To-Fit Denotes Body Measurements in', 'Brand Fit Name': 'NA', 'Character': 'NA', 'Closure': 'Slip-On', 'Fabric 2': 'NA', 'Features': 'Plain', 'Fit': 'Regular Fit', 'Fly Type': 'No Fly', 'Length': 'Cropped', 'Main Trend': 'New Basics', 'Multipack Set': 'NA', 'Number of Pockets': '2', 'Occasion': 'Casual', 'Pattern': 'Solid', 'Print or Pattern Type': 'Solid', 'Sustainable': 'Regular', 'Type': 'Cigarette Trousers', 'Type of Pleat': 'Flat-Front', 'Waist Rise': 'Mid-Rise', 'Wash Care': 'Hand Wash', 'Weave Type': 'Knitted'}"
1537596,W Women Lime Green Solid Cropped Trousers,Cropped Trousers,1699.0,Lime Green,W,http://assets.myntassets.com/assets/images/1537596/2018/11/13/3adccef7-ad15-4456-bce2-f46d45452a011542113734346-W-Women-Lime-Green-Solid-Cropped-Trousers-8851542113732749-1.jpg,29.0,4.0,"Lime green solid casual mid-rise&nbsp;cropped trousers, has a waistband elasticated on the back, a&nbsp;concealed zip fly and button closureMid-rise <br>The model (height 5'8'') is wearing a size 28100% polyester <br>Hand-wash","{'Body or Garment Size': 'To-Fit Denotes Body Measurements in', 'Brand Fit Name': 'NA', 'Fabric': 'Polyester', 'Fabric 2': 'NA', 'Fit': 'Regular Fit', 'Main Trend': 'New Basics', 'Occasion': 'Casual', 'Pattern': 'Solid', 'Print or Pattern Type': 'Solid', 'Waist Rise': 'Mid-Rise', 'Wash Care': 'Hand Wash'}"
2339839,Jaipur Kurti Women Blue Solid Trousers,Trousers,1299.0,Blue,Jaipur Kurti,http://assets.myntassets.com/assets/images/2339839/2018/1/9/11515488930295-Jaipur-Kurti-Women-Trousers-1121515488930233-1.jpg,163.0,4.337423312883436,"Blue solid mid-rise trousers, has a slip-on closure, 2 pockets<br>The product might have slight shade, print and embroidery variation as all our products are hand dyed, printed and handwork. Mangalgiri and handloom south cotton came with natural slubs and weave irregularities.Cotton <br> Hand-washRegular Fit <br> The model (height 5'8"") is wearing a size 28","{'Add-Ons': 'NA', 'Body Shape ID': '443,333,424', 'Body or Garment Size': 'To-Fit Denotes Body Measurements in', 'Brand Fit Name': 'NA', 'Closure': 'Slip-On', 'Fabric': 'Cotton', 'Fabric 2': 'NA', 'Features': 'Plain', 'Fit': 'Regular Fit', 'Fly Type': 'No Fly', 'Length': 'Regular', 'Main Trend': 'New Basics', 'Number of Pockets': '2', 'Occasion': 'Casual', 'Pattern': 'Solid', 'Print or Pattern Type': 'Solid', 'Type': 'Regular Trousers', 'Type of Pleat': 'Pleated', 'Waist Rise': 'Mid-Rise', 'Wash Care': 'Hand Wash', 'Weave Type': 'Woven'}"
8999463,Bitterlime Women Grey Relaxed Regular Fit Self Design Peg Trousers,Peg Trousers,1199.0,Grey,Bitterlime,http://assets.myntassets.com/assets/images/productimage/2019/3/9/50a057dd-b0e1-4420-b467-2af5e79e36bc1552114833119-1.jpg,581.0,3.762478485370052,"Grey self-design mid-rise peg trousers, has a drawstring closure, two pocketsRelaxed Regular Fit<br>The model (height 5'8"") is wearing a size 28Polyester<br>Machine-wash","{'Add-Ons': 'NA', 'Body Shape ID': '443,333,424', 'Body or Garment Size': 'To-Fit Denotes Body Measurements in', 'Brand Fit Name': 'Relaxed', 'Closure': 'Drawstring', 'Fabric': 'Polyester', 'Fabric 2': 'NA', 'Features': 'Plain', 'Fit': 'Regular Fit', 'Fly Type': 'No Fly', 'Length': 'Cropped', 'Main Trend': 'New Basics', 'Number of Pockets': '2', 'Occasion': 'Casual', 'Pattern': 'Self Design', 'Print or Pattern Type': 'Textured', 'Type': 'Peg Trousers', 'Type of Pleat': 'Pleated', 'Waist Rise': 'Mid-Rise', 'Wash Care': 'Machine Wash', 'Weave Type': 'Woven'}"
7161750,Aujjessa Women Off-White Regular Fit Solid Trousers,Trousers,1199.0,Off White,Aujjessa,http://assets.myntassets.com/assets/images/7161750/2018/8/28/84f1bb06-067c-4a4c-8720-25d84b3006201535453668976-Aujjessa-Women-Cream-Solid-Trousers-5911535453668814-1.jpg,747.0,3.8848728246318607,"Off-White solid mid-rise trousers, has a hook and bar closure, one pocketViscose Rayon<br>Hand-washRegular Fit<br>The model (height 5'8"") is wearing a size 28","{'Add-Ons': 'NA', 'Body Shape ID': '443,333,424', 'Body or Garment Size': 'To-Fit Denotes Body Measurements in', 'Brand Fit Name': 'NA', 'Closure': 'Hook and Bar', 'Fabric': 'Viscose Rayon', 'Fabric 2': 'NA', 'Features': 'Plain', 'Fit': 'Regular Fit', 'Fly Type': 'No Fly', 'Length': 'Regular', 'Main Trend': 'New Basics', 'Number of Pockets': '1', 'Occasion': 'Casual', 'Pattern': 'Solid', 'Print or Pattern Type': 'Solid', 'Type': 'Regular Trousers', 'Type of Pleat': 'Flat-Front', 'Waist Rise': 'Mid-Rise', 'Wash Care': 'Hand Wash', 'Weave Type': 'Woven'}"
7243861,RARE Women Black Regular Fit Solid Culottes,Culottes,1599.0,Black,RARE,http://assets.myntassets.com/assets/images/7243861/2018/8/29/0ecf4fcd-3719-4e89-8b5a-36ddffcb219d1535523773497-NA-1181535523772793-1.jpg,7.0,4.285714285714286,"Black high-rise solid high-rise culottes, has a zip closureRegular Fit<br>The model (height 5'8"") is wearing a size 28Polyester<br> Hand-wash","{'Add-Ons': 'NA', 'Body Shape ID': '424', 'Body or Garment Size': 'To-Fit Denotes Body Measurements in', 'Brand Fit Name': 'NA', 'Closure': 'Zip', 'Fabric': 'Polyester', 'Fabric 2': 'NA', 'Features': 'Plain', 'Fit': 'Regular Fit', 'Fly Type': 'No Fly', 'Length': 'Cropped', 'Main Trend': 'New Basics', 'Number of Pockets': 'NA', 'Occasion': 'Casual', 'Pattern': 'Solid', 'Print or Pattern Type': 'Solid', 'Type': 'Culottes', 'Type of Pleat': 'Flat-Front', 'Waist Rise': 'High-Rise', 'Wash Care': 'Hand Wash', 'Weave Type': 'Woven'}"
7197283,Go Colors Women Red Tapered Fit Solid Cropped Regular Trousers,Trousers,799.0,Red,Go Colors,http://assets.myntassets.com/assets/images/7197283/2018/9/28/b709c1f8-86ab-4c64-8a26-d64eeedf9ffc1538137287735-Go-Colors-Women-Red-Regular-Fit-Solid-Regular-Trousers-25015-1.jpg,34.0,4.088235294117647,"Red mid-rise solid mid-rise cropped regular trousers, has a slip-on closureModal<br>Machine-washTapered Fit<br>The model (height 5'8"") is wearing a size 28","{'Add-Ons': 'NA', 'Body Shape ID': '443,333,424', 'Body or Garment Size': 'To-Fit Denotes Body Measurements in', 'Brand Fit Name': 'NA', 'Closure': 'Slip-On', 'Fabric': 'Modal', 'Fabric 2': 'NA', 'Features': 'Plain', 'Fit': 'Tapered Fit', 'Fly Type': 'No Fly', 'Length': 'Cropped', 'Main Trend': 'New Basics', 'Number of Pockets': 'NA', 'Occasion': 'Party', 'Pattern': 'Solid', 'Print or Pattern Type': 'Solid', 'Sustainable': 'Regular', 'Type': 'Regular Trousers', 'Type of Pleat': 'Flat-Front', 'Waist Rise': 'Mid-Rise', 'Wash Care': 'Machine Wash', 'Weave Type': 'Woven'}"
2703379,Go Colors Women Navy Blue Solid Relaxed Fit Casual Trousers,Trousers,699.0,Navy Blue,Go Colors,http://assets.myntassets.com/assets/images/2703379/2018/3/14/11521028514742-Go-Colors-Casual-Pants-6731521028514578-1.jpg,81.0,4.172839506172839,"Navy blue solid mid-rise trousers, has a drawstring closureRelaxed Fit<br>The model (height 5'8"") is wearing a size 27100% viscose<br>Machine-wash","{'Add-Ons': 'NA', 'Body Shape ID': '324', 'Body or Garment Size': 'To-Fit Denotes Body Measurements in', 'Brand Fit Name': 'Relaxed', 'Closure': 'Drawstring', 'Fabric': 'Viscose Rayon', 'Fabric 2': 'NA', 'Features': 'Plain', 'Fit': 'Loose Fit', 'Fly Type': 'No Fly', 'Length': 'Regular', 'Main Trend': 'New Basics', 'Number of Pockets': '2', 'Occasion': 'Casual', 'Pattern': 'Solid', 'Print or Pattern Type': 'Solid', 'Sustainable': 'Regular', 'Type': 'Regular Trousers', 'Type of Pleat': 'Flat-Front', 'Waist Rise': 'Mid-Rise', 'Wash Care': 'Machine Wash', 'Weave Type': 'Woven'}"
4424167,Miss Chase Women Blue Regular Fit Solid Joggers,Joggers,2249.0,Blue,Miss Chase,http://assets.myntassets.com/assets/images/4424167/2018/3/30/11522405957147-Miss-Chase-Women-Blue-Regular-Fit-Solid-Joggers-341522405956996-1.jpg,91.0,4.274725274725275,"Blue solid mid-rise joggers, has a drawstring closure, 4 pocketsDenim <br> Machine-washRegular Fit <br> The model (height 5'8"") is wearing a size 28","{'Add-Ons': 'NA', 'Body Shape ID': '333,424', 'Body or Garment Size': 'To-Fit Denotes Body Measurements in', 'Brand Fit Name': 'NA', 'Closure': 'Drawstring', 'Fabric': 'Denim', 'Fabric 2': 'NA', 'Features': 'Plain', 'Fit': 'Regular Fit', 'Fly Type': 'No Fly', 'Length': 'Regular', 'Main Trend': 'Indigo', 'Number of Pockets': '4', 'Occasion': 'Casual', 'Pattern': 'Solid', 'Print or Pattern Type': 'Solid', 'Type': 'Joggers', 'Type of Pleat': 'Flat-Front', 'Waist Rise': 'Mid-Rise', 'Wash Care': 'Machine Wash', 'Weave Type': 'Denim'}"
8231209,Bitterlime Women Green Relaxed Loose Fit Solid Parallel Trousers,Trousers,1099.0,Green,Bitterlime,http://assets.myntassets.com/assets/images/productimage/2018/12/16/54a6dd70-c423-48eb-af01-576ce4638aff1544955942199-1.jpg,166.0,4.048192771084337,"Green mid-rise solid mid-rise parallel trousers with tie-up detail, has a button closurePolyester<br> Machine-washRelaxed Loose Fit<br>The model (height 5'8"") is wearing a size 28","{'Add-Ons': 'Comes with a belt', 'Body Shape ID': '324', 'Body or Garment Size': 'To-Fit Denotes Body Measurements in', 'Brand Fit Name': 'Relaxed', 'Closure': 'Button', 'Fabric': 'Polyester', 'Fabric 2': 'NA', 'Features': 'Easy Wash', 'Fit': 'Loose Fit', 'Fly Type': 'Zip', 'Length': 'Cropped', 'Main Trend': 'New Basics', 'Number of Pockets': 'NA', 'Occasion': 'Casual', 'Pattern': 'Solid', 'Print or Pattern Type': 'Solid', 'Type': 'Parallel Trousers', 'Type of Pleat': 'Pleated', 'Waist Rise': 'Mid-Rise', 'Wash Care': 'Machine Wash', 'Weave Type': 'Woven'}"
7798017,Go Colors Women Beige Regular Fit Solid Cotton Trousers,Trousers,799.0,Beige,Go Colors,http://assets.myntassets.com/assets/images/7798017/2018/12/11/fb894b9d-fb54-43f7-bd9e-3dfe8dfb14d11544513483111-Go-Colors-Women-Trousers-1451544513482085-1.jpg,70.0,3.914285714285714,"Beige solid mid-rise light weight and breathable regular trousers, has a drawstring closure, two pocketsCotton<br>Machine-washRegular Fit<br>The model (height 5'8"") is wearing a size 27","{'Add-Ons': 'NA', 'Body Shape ID': '443,333,424', 'Body or Garment Size': 'To-Fit Denotes Body Measurements in', 'Brand Fit Name': 'NA', 'Closure': 'Drawstring', 'Fabric': 'Cotton', 'Fabric 2': 'NA', 'Features': 'Plain', 'Fit': 'Regular Fit', 'Fly Type': 'No Fly', 'Length': 'Regular', 'Main Trend': 'New Basics', 'Number of Pockets': '2', 'Occasion': 'Casual', 'Pattern': 'Solid', 'Print or Pattern Type': 'Solid', 'Sustainable': 'Regular', 'Type': 'Regular Trousers', 'Type of Pleat': 'Flat-Front', 'Waist Rise': 'Mid-Rise', 'Wash Care': 'Machine Wash', 'Weave Type': 'Woven'}"
8102519,her by invictus Women Navy Blue Regular Fit Solid Culottes,Culottes,2099.0,Navy Blue,her by invictus,http://assets.myntassets.com/assets/images/8102519/2022/1/13/7452da59-13cc-4674-9bd6-924dbf59976f1642069222769-her-by-invictus-Women-Navy-Blue-Regular-Fit-Solid-Culottes-8-1.jpg,,,"Navy Blue solid mid-rise culottes, has a zip closure, two pocketsPolyester<br>Machine-washRegular Fit<br>The model (height 5'8"") is wearing a size 28","{'Add-Ons': 'NA', 'Body Shape ID': '333,424', 'Body or Garment Size': 'To-Fit Denotes Body Measurements in', 'Brand Fit Name': 'NA', 'Character': 'NA', 'Closure': 'Zip', 'Fabric': 'Polyester', 'Fabric 2': 'NA', 'Features': 'Plain', 'Fit': 'Regular Fit', 'Fly Type': 'No Fly', 'Length': 'Cropped', 'Main Trend': 'Nautical', 'Multipack Set': 'NA', 'Number of Pockets': '2', 'Occasion': 'Casual', 'Pattern': 'Solid', 'Print or Pattern Type': 'Solid', 'Sustainable': 'Regular', 'Type': 'Culottes', 'Type of Pleat': 'Flat-Front', 'Waist Rise': 'Mid-Rise', 'Wash Care': 'Machine Wash', 'Weave Type': 'Woven'}"
10496658,Clora Creation Women White Regular Fit Solid Culottes,Culottes,999.0,White,Clora Creation,http://assets.myntassets.com/assets/images/productimage/2019/8/21/3562e931-5a66-4aad-bd4c-f9d6393906ac1566379189062-1.jpg,15.0,4.0,"White solid mid-rise trousers, slip-on closure, and 2 pocketsRegular Fit<br>The model (height 5'8"") is wearing a size 28Viscose Rayon<br> Hand-wash","{'Add-Ons': 'NA', 'Body Shape ID': '333,424', 'Body or Garment Size': 'To-Fit Denotes Body Measurements in', 'Brand Fit Name': 'NA', 'Closure': 'Slip-On', 'Fabric': 'Viscose Rayon', 'Fabric 2': 'NA', 'Features': 'Easy Wash', 'Fit': 'Regular Fit', 'Fly Type': 'No Fly', 'Length': 'Cropped', 'Main Trend': 'New Basics', 'Number of Pockets': '2', 'Occasion': 'Casual', 'Pattern': 'Solid', 'Print or Pattern Type': 'Solid', 'Type': 'Culottes', 'Type of Pleat': 'Flat-Front', 'Waist Rise': 'Mid-Rise', 'Wash Care': 'Hand Wash', 'Weave Type': 'Woven'}"
10234537,W Women Navy Blue Regular Fit Solid Cropped Drop Crotch Trousers,Trousers,2999.0,Navy Blue,W,http://assets.myntassets.com/assets/images/10234537/2019/9/19/64c5bf2e-babe-4f44-9ba6-a749c7d367851568876927211-W-Women-Trousers-3961568876924891-1.jpg,26.0,4.307692307692308,"Navy blue solid mid-rise pleated cropped drop-crotch trousers with sequinned detail, has a slip-on closureRegular Fit<br>The model (height 5'8"") is wearing a size 2960% cotton, 40% tencel<br>Hand-wash","{'Add-Ons': 'NA', 'Body or Garment Size': 'To-Fit Denotes Body Measurements in', 'Brand Fit Name': 'NA', 'Closure': 'Slip-On', 'Fabric': 'Cotton', 'Fabric 2': 'Viscose Rayon', 'Features': 'Plain', 'Fit': 'Regular Fit', 'Fly Type': 'No Fly', 'Length': 'Cropped', 'Main Trend': 'New Basics', 'Number of Pockets': 'NA', 'Occasion': 'Casual', 'Pattern': 'Solid', 'Print or Pattern Type': 'Solid', 'Type': 'Drop Crotch Trousers', 'Type of Pleat': 'Pleated', 'Waist Rise': 'Mid-Rise', 'Wash Care': 'Hand Wash', 'Weave Type': 'Woven'}"
10380849,Tokyo Talkies Women Green & White Regular Fit Striped Culottes,Culottes,999.0,Green,Tokyo Talkies,http://assets.myntassets.com/assets/images/productimage/2019/8/4/b2c85956-f71a-4c24-bd86-0a9b4e984ace1564875288962-1.jpg,9.0,3.7777777777777777,"Green and White striped  trousers and drawstring closure<p>Polyester Machine wash</p>Regular Fit<br>The model (height 5'8"") is wearing a size 28","{'Add-Ons': 'NA', 'Body Shape ID': '333,424', 'Body or Garment Size': 'To-Fit Denotes Body Measurements in', 'Brand Fit Name': 'NA', 'Closure': 'Drawstring', 'Fabric': 'Polyester', 'Fabric 2': 'NA', 'Features': 'Plain', 'Fit': 'Regular Fit', 'Fly Type': 'No Fly', 'Length': 'Regular', 'Main Trend': 'New Basics', 'Number of Pockets': '2', 'Occasion': 'Casual', 'Pattern': 'Striped', 'Print or Pattern Type': 'Striped', 'Type': 'Culottes', 'Type of Pleat': 'Flat-Front', 'Waist Rise': 'Mid-Rise', 'Wash Care': 'Machine Wash', 'Weave Type': 'Woven'}"
2403583,WISHFUL by W Women Coral Orange Regular Fit Self Design Parallel Trousers,Trousers,2499.0,Coral,WISHFUL,http://assets.myntassets.com/assets/images/2403583/2018/3/13/11520917242121-W-Women-Trousers-9011520917241818-1.jpg,11.0,3.636363636363636,"Coral orange self-design mid-rise parallel trousers, has a button closureViscose&nbsp;<br>Hand-washRegular Fit<br>The model (height 5'8"") is wearing a size 29","{'Add-Ons': 'NA', 'Body Shape ID': '443,333,424', 'Body or Garment Size': 'To-Fit Denotes Body Measurements in', 'Brand Fit Name': 'NA', 'Closure': 'Button', 'Fabric': 'Viscose Rayon', 'Fabric 2': 'NA', 'Features': 'Plain', 'Fit': 'Regular Fit', 'Fly Type': 'Zip', 'Length': 'Regular', 'Main Trend': 'Ethnic Print', 'Occasion': 'Formal', 'Pattern': 'Self Design', 'Print or Pattern Type': 'Ethnic Motifs', 'Type': 'Parallel Trousers', 'Type of Pleat': 'Flat-Front', 'Waist Rise': 'Mid-Rise', 'Wash Care': 'Hand Wash', 'Weave Type': 'Woven'}"
5803888,RARE Women Maroon & White Regular Fit Striped Trousers,Trousers,1499.0,Maroon,RARE,http://assets.myntassets.com/assets/images/5803888/2018/5/10/8cf9dbcd-29ee-4a5e-b9cf-f9650ae582781525933878853-RARE-Women-Maroon--White-Regular-Fit-Striped-Regular-Trousers-8421525933878392-1.jpg,78.0,4.089743589743589,"Maroon and white striped mid-rise regular trousers, has a drawstring closure, 2 pocketsPolyester <br> Hand-washRegular Fit <br> The model (height 5'8"") is wearing a size 28","{'Add-Ons': 'Comes with a belt', 'Body Shape ID': '443,333,424', 'Body or Garment Size': 'To-Fit Denotes Body Measurements in', 'Brand Fit Name': 'NA', 'Closure': 'Drawstring', 'Fabric': 'Polyester', 'Fabric 2': 'NA', 'Features': 'Plain', 'Fit': 'Regular Fit', 'Fly Type': 'No Fly', 'Length': 'Regular', 'Main Trend': 'New Basics', 'Number of Pockets': '2', 'Occasion': 'Casual', 'Pattern': 'Striped', 'Print or Pattern Type': 'Striped', 'Type': 'Regular Trousers', 'Type of Pleat': 'Pleated', 'Waist Rise': 'Mid-Rise', 'Wash Care': 'Hand Wash', 'Weave Type': 'Woven'}"
9686441,RIVI Women White Regular Fit Solid Regular Trousers,Trousers,2350.0,White,RIVI,http://assets.myntassets.com/assets/images/productimage/2019/5/15/32027779-f59a-4629-8447-64be348d14a01557904661228-1.jpg,22.0,3.954545454545455,"White solid mid-rise regular trousers, has a slip-on closure, two pockets, gathered and pleated detailsCotton<br> Hand-washRegular Fit<br>The model (height 5'8"") is wearing a size 28","{'Add-Ons': 'NA', 'Body Shape ID': '443,333,424', 'Body or Garment Size': 'To-Fit Denotes Body Measurements in', 'Brand Fit Name': 'NA', 'Closure': 'Slip-On', 'Fabric': 'Cotton', 'Fabric 2': 'NA', 'Features': 'Plain', 'Fit': 'Regular Fit', 'Fly Type': 'No Fly', 'Length': 'Regular', 'Main Trend': 'New Basics', 'Number of Pockets': '2', 'Occasion': 'Casual', 'Pattern': 'Solid', 'Print or Pattern Type': 'Solid', 'Type': 'Regular Trousers', 'Type of Pleat': 'Flat-Front', 'Waist Rise': 'Mid-Rise', 'Wash Care': 'Hand Wash', 'Weave Type': 'Knitted'}"
9686425,RIVI Women Pink Regular Fit Solid Regular Trousers,Trousers,2350.0,Pink,RIVI,http://assets.myntassets.com/assets/images/productimage/2019/5/15/7c6288fe-b72b-44b5-9489-9d14b3849a681557913503746-1.jpg,,,"Pink solid low-rise regular trousers, has a slip-on closure, two pocketsRegular Fit<br>The model (height 5'8"") is wearing a size 28Cotton<br>Hand-wash","{'Add-Ons': 'NA', 'Body Shape ID': '333,424', 'Body or Garment Size': 'To-Fit Denotes Body Measurements in', 'Brand Fit Name': 'NA', 'Closure': 'Slip-On', 'Fabric': 'Cotton', 'Fabric 2': 'NA', 'Features': 'Plain', 'Fit': 'Regular Fit', 'Fly Type': 'No Fly', 'Length': 'Regular', 'Main Trend': 'New Basics', 'Number of Pockets': '2', 'Occasion': 'Casual', 'Pattern': 'Solid', 'Print or Pattern Type': 'Solid', 'Type': 'Regular Trousers', 'Type of Pleat': 'Flat-Front', 'Waist Rise': 'Low-Rise', 'Wash Care': 'Hand Wash', 'Weave Type': 'Knitted'}"
6539733,Sera Women Maroon Solid Cropped Regular Trousers,Trousers,1594.0,Maroon,Sera,http://assets.myntassets.com/assets/images/6539733/2018/6/8/62b08510-c88d-4808-be9e-ce9f96ab1db31528462926910-Sera-Women-Maroon-Wide-Leg-Solid-Palazzos-2241528462926686-1.jpg,12.0,3.333333333333333,"A pair of maroon solid woven solid trousers, has a partially elasticated waistband<br>Comes with a beltThe model (height 5'8"") is wearing a size 28100% rayon<br>Hand-wash","{'Add-Ons': 'Comes with a belt', 'Body Shape ID': '443,333,424', 'Brand Fit Name': 'NA', 'Closure': 'Slip-On', 'Fabric': 'Viscose Rayon', 'Fabric 2': 'NA', 'Features': 'Plain', 'Fit': 'Regular Fit', 'Fly Type': 'No Fly', 'Length': 'Cropped', 'Main Trend': 'New Basics', 'Number of Pockets': 'NA', 'Occasion': 'Casual', 'Pattern': 'Solid', 'Print or Pattern Type': 'Solid', 'Type': 'Regular Trousers', 'Type of Pleat': 'Flat-Front', 'Waist Rise': 'Mid-Rise', 'Wash Care': 'Hand Wash', 'Weave Type': 'Woven'}"
6705745,RARE Women Maroon Original Regular Fit Striped Parallel Trousers,Trousers,1599.0,Maroon,RARE,http://assets.myntassets.com/assets/images/6705745/2018/6/11/dda039f4-5fbf-4c03-939c-1d0ea2153dd31528709584958-NA-6581528709584711-1.jpg,12.0,4.25,"Maroon high-rise striped high-rise parallel trousers, has a slip-on closureOriginal Regular Fit<br>The model (height 5'8"") is wearing a size 28Polyester<br>Machine-wash","{'Add-Ons': 'NA', 'Body Shape ID': '424', 'Body or Garment Size': 'To-Fit Denotes Body Measurements in', 'Brand Fit Name': 'Original', 'Closure': 'Slip-On', 'Fabric': 'Polyester', 'Fabric 2': 'NA', 'Features': 'Plain', 'Fit': 'Regular Fit', 'Fly Type': 'No Fly', 'Length': 'Regular', 'Main Trend': 'Multi or Variegated Stripes', 'Number of Pockets': 'NA', 'Occasion': 'Casual', 'Pattern': 'Striped', 'Print or Pattern Type': 'Striped', 'Type': 'Parallel Trousers', 'Type of Pleat': 'Flat-Front', 'Waist Rise': 'High-Rise', 'Wash Care': 'Machine Wash', 'Weave Type': 'Woven'}"
10438284,RIVI Women Navy Blue Relaxed Fit Solid Regular Trousers with Lace Inserts,Trousers,3250.0,Navy Blue,RIVI,http://assets.myntassets.com/assets/images/productimage/2019/8/12/1f09ccbc-8504-4120-b00e-cfaffbbac7b61565589856888-1.jpg,4.0,4.25,"Navy Blue&nbsp;solid mid-rise regular trousers with lace inserts, has a slip-on closure with partially elasticated waistband, two pocketsRelaxed Regular Fit<br>The model (height 5'8"") is wearing a size 28Cotton<br> Hand-wash","{'Add-Ons': 'NA', 'Body Shape ID': '443,333,424', 'Body or Garment Size': 'To-Fit Denotes Body Measurements in', 'Brand Fit Name': 'Relaxed', 'Closure': 'Slip-On', 'Fabric': 'Cotton', 'Fabric 2': 'NA', 'Features': 'Plain', 'Fit': 'Regular Fit', 'Fly Type': 'No Fly', 'Length': 'Regular', 'Main Trend': 'New Basics', 'Number of Pockets': 'NA', 'Occasion': 'Casual', 'Pattern': 'Solid', 'Print or Pattern Type': 'Solid', 'Type': 'Regular Trousers', 'Type of Pleat': 'Flat-Front', 'Waist Rise': 'Mid-Rise', 'Wash Care': 'Hand Wash', 'Weave Type': 'Woven'}"
7272029,Nayo Women Red Regular Fit Solid Dhoti Pants,Dhoti Pants,1499.0,Red,Nayo,http://assets.myntassets.com/assets/images/7272029/2018/9/7/821ae4f3-0285-4ecd-948d-c711e19c1a901536299637926-Solid-Maroon-ankle-length-cotton-tulip-pant-531536299637752-1.jpg,,,"Red solid mid-rise dhoti pants with layered detail, has partially elasticated waistband with slip-on closureRegular Fit<br>The model (height 5'8"") is wearing a size 28Cotton<br>Hand-wash","{'Add-Ons': 'NA', 'Body Shape ID': '443,333,424', 'Body or Garment Size': 'To-Fit Denotes Body Measurements in', 'Brand Fit Name': 'NA', 'Closure': 'Slip-On', 'Fabric': 'Cotton', 'Fabric 2': 'NA', 'Features': 'Plain', 'Fit': 'Regular Fit', 'Fly Type': 'No Fly', 'Length': 'Regular', 'Main Trend': 'New Basics', 'Number of Pockets': 'NA', 'Occasion': 'Casual', 'Pattern': 'Solid', 'Print or Pattern Type': 'Solid', 'Type': 'Regular Trousers', 'Type of Pleat': 'Flat-Front', 'Waist Rise': 'Mid-Rise', 'Wash Care': 'Hand Wash', 'Weave Type': 'Woven'}"
1986896,Indibelle Turquoise Blue Peg Leg Slim Fit Peg Trousers,Peg Trousers,1199.0,Turquoise Blue,Indibelle,http://assets.myntassets.com/assets/images/1986896/2017/7/11/11499753565745-Indibelle-Turquoise-Slim-Fit-Trouser-4961499753565490-1.jpg,88.0,3.613636363636364,"Turquoise blue mid-rise peg trousers, has a button closure, 2 , waistband with belt loopsCotton <br>Hand-washSlim fit <br>The model (height 5'8"") is wearing a size 28","{'Add-Ons': 'NA', 'Body Shape ID': '443,424', 'Body or Garment Size': 'To-Fit Denotes Body Measurements in', 'Brand Fit Name': 'Peg Leg', 'Closure': 'Button', 'Fabric': 'Cotton', 'Fabric 2': 'NA', 'Features': 'Plain', 'Fit': 'Slim Fit', 'Fly Type': 'Zip', 'Length': 'Cropped', 'Main Trend': 'New Basics', 'Number of Pockets': '2', 'Occasion': 'Casual', 'Pattern': 'Solid', 'Print or Pattern Type': 'Solid', 'Type': 'Peg Trousers', 'Type of Pleat': 'Pleated', 'Waist Rise': 'Mid-Rise', 'Wash Care': 'Hand Wash', 'Weave Type': 'Woven'}"
1901152,SASSAFRAS Women Grey Solid Semi-Sheer Trousers,Trousers,899.0,Grey,SASSAFRAS,http://assets.myntassets.com/assets/images/1901152/2019/11/30/3ed2a995-9bb0-4de1-bdc4-4f8682aada131575115734924-SASSAFRAS-Women-Grey-Solid-Trousers-9011575115733879-1.jpg,36.0,2.6944444444444446,"Grey solid high-rise semi-sheer trousers, has an elasticated waistbandThe model (height 5'8"") is wearing a size 28Cotton <br> Machine-wash","{'Add-Ons': 'NA', 'Body or Garment Size': 'To-Fit Denotes Body Measurements in', 'Brand Fit Name': 'Smart', 'Closure': 'Slip-On', 'Fabric': 'Cotton', 'Fabric 2': 'NA', 'Features': 'Plain', 'Fit': 'Regular Fit', 'Fly Type': 'No Fly', 'Length': 'Regular', 'Main Trend': 'New Basics', 'Number of Pockets': 'NA', 'Occasion': 'Casual', 'Pattern': 'Solid', 'Print or Pattern Type': 'Solid', 'Type': 'Jodhpuris', 'Type of Pleat': 'Flat-Front', 'Waist Rise': 'High-Rise', 'Wash Care': 'Machine Wash', 'Weave Type': 'Woven'}"
4029388,Columbia Women Black Anytime Casual Pull On Active Fit Outdoor Trousers,Trousers,3499.0,Black,Columbia,http://assets.myntassets.com/assets/images/4029388/2018/3/29/11522306452305-Columbia-Women-Trousers-4241522306452120-1.jpg,,,"Always look great even if conditions conspire against you. Built with Comfort Stretch, Omni-Shield stain repellent and Omni-Shade sun protection, the Women?s Anytime Casual Pull On Pant will quickly become your go-to pant.<br>Omni-Shield advanced repellency<br>Omni-Shade UPF 50 sun protection<br>Comfort stretch<br>Mid rise<br>Straight leg<br>Imported<br>Uses: Trail<br><br>Warranty: 1 month<br>Warranty provided by brand/manufacturerActive Fit<br>The model (height 5'8"") is wearing a size 28<br><br>Columbia runs a size bigger. Pick one size smaller for a more comfortable fit<br><br>Columbia runs a size bigger. Pick one size smaller for a more comfortable fit.Omni-Shield Summiteer Lite 96% nylon / 4% elastane <br>Machine-wash","{'Add-Ons': 'NA', 'Body Shape ID': '443,333,424', 'Body or Garment Size': 'To-Fit Denotes Body Measurements in', 'Brand Fit Name': 'NA', 'Character': 'NA', 'Closure': 'Slip-On', 'Fabric': 'Polyester', 'Fabric 2': 'Elastane', 'Features': 'Stain Resistant', 'Fit': 'Regular Fit', 'Fly Type': 'No Fly', 'Length': 'Regular', 'Main Trend': 'New Basics', 'Multipack Set': 'NA', 'Number of Pockets': '2', 'Occasion': 'Casual', 'Pattern': 'Solid', 'Print or Pattern Type': 'Solid', 'Sustainable': 'Regular', 'Type': 'Regular Trousers', 'Type of Pleat': 'Flat-Front', 'Waist Rise': 'Mid-Rise', 'Wash Care': 'Machine Wash', 'Weave Type': 'Knitted'}"
9723027,Miss Chase Women Blue Regular Fit Striped Regular Trousers,Trousers,1749.0,Blue,Miss Chase,http://assets.myntassets.com/assets/images/9723027/2019/5/17/ce5c3fe3-8cc0-402a-9c2d-0bc1f41417741558086880160-Miss-Chase-Women-Blue-Regular-Fit-Striped-Regular-Trousers-4-1.jpg,80.0,3.925,"Blue striped high-rise regular trousers, has a drawstring closure, four pocketsDenim and cotton<br>Machine-washRegular Fit<br>The model (height 5'8"") is wearing a size 28","{'Add-Ons': 'NA', 'Body Shape ID': '424', 'Body or Garment Size': 'To-Fit Denotes Body Measurements in', 'Brand Fit Name': 'NA', 'Closure': 'Drawstring', 'Fabric': 'Denim', 'Fabric 2': 'Cotton', 'Features': 'Plain', 'Fit': 'Regular Fit', 'Fly Type': 'No Fly', 'Length': 'Cropped', 'Main Trend': 'New Basics', 'Number of Pockets': '4', 'Occasion': 'Casual', 'Pattern': 'Striped', 'Print or Pattern Type': 'Striped', 'Type': 'Regular Trousers', 'Type of Pleat': 'Flat-Front', 'Waist Rise': 'High-Rise', 'Wash Care': 'Machine Wash', 'Weave Type': 'Denim'}"
9377903,Miss Chase Women Blue Regular Fit Solid Joggers,Joggers,2299.0,Blue,Miss Chase,http://assets.myntassets.com/assets/images/productimage/2019/4/23/0ae0fc3b-f558-4511-b3b0-a22c993fd2f91555970483292-1.jpg,,,"Blue solid mid-rise joggers, has a drawstring closure, four pockets, has printed side stripesDenim<br>Machine-washRegular Fit<br>The model (height 5'8"") is wearing a size 28","{'Add-Ons': 'NA', 'Body Shape ID': '333,424', 'Body or Garment Size': 'To-Fit Denotes Body Measurements in', 'Brand Fit Name': 'NA', 'Closure': 'Drawstring', 'Fabric': 'Denim', 'Fabric 2': 'NA', 'Features': 'Plain', 'Fit': 'Regular Fit', 'Fly Type': 'Zip', 'Length': 'Regular', 'Main Trend': 'New Basics', 'Number of Pockets': '4', 'Occasion': 'Casual', 'Pattern': 'Solid', 'Print or Pattern Type': 'Solid', 'Type': 'Joggers', 'Type of Pleat': 'Flat-Front', 'Waist Rise': 'Mid-Rise', 'Wash Care': 'Machine Wash', 'Weave Type': 'Denim'}"
7474233,Miss Chase Women Black Regular Fit Solid Culottes,Culottes,1649.0,Black,Miss Chase,http://assets.myntassets.com/assets/images/7474233/2018/9/25/1b60867b-0ede-49c7-9d8a-466b661973f31537856421646-Shed-A-Light-Belted-Culottes-621537856421425-1.jpg,,,"Black solid mid-rise culottes, has a slip-on closure, two pockets<br>Comes with a matching fabric beltPolyester<br>Hand-washRegular Fit<br>The model (height 5'8"") is wearing a size 28","{'Add-Ons': 'Comes with a belt', 'Body Shape ID': '333,424', 'Body or Garment Size': 'To-Fit Denotes Body Measurements in', 'Brand Fit Name': 'NA', 'Closure': 'Slip-On', 'Fabric': 'Polyester', 'Fabric 2': 'NA', 'Features': 'Plain', 'Fit': 'Regular Fit', 'Fly Type': 'No Fly', 'Length': 'Cropped', 'Main Trend': 'New Basics', 'Number of Pockets': '2', 'Occasion': 'Casual', 'Pattern': 'Solid', 'Print or Pattern Type': 'Solid', 'Type': 'Culottes', 'Type of Pleat': 'Flat-Front', 'Waist Rise': 'Mid-Rise', 'Wash Care': 'Hand Wash', 'Weave Type': 'Woven'}"
7867873,Miss Chase Women Blue Regular Fit Faded Joggers,Joggers,2249.0,Blue,Miss Chase,http://assets.myntassets.com/assets/images/productimage/2018/11/23/8905539e-ac10-4728-9933-aa5d479ac8691542966094718-1.jpg,13.0,3.923076923076923,"Blue faded mid-rise joggers, has a drawstring closure, four pocketsPolyester<br>Machine-washRegular Fit<br>The model (height 5'8"") is wearing a size 28","{'Add-Ons': 'NA', 'Body Shape ID': '333,424', 'Body or Garment Size': 'To-Fit Denotes Body Measurements in', 'Brand Fit Name': 'NA', 'Closure': 'Drawstring', 'Fabric': 'Polyester', 'Fabric 2': 'NA', 'Features': 'Plain', 'Fit': 'Regular Fit', 'Fly Type': 'No Fly', 'Length': 'Cropped', 'Main Trend': 'Indigo', 'Number of Pockets': '4', 'Occasion': 'Casual', 'Pattern': 'Faded', 'Print or Pattern Type': 'Solid', 'Type': 'Joggers', 'Type of Pleat': 'Flat-Front', 'Waist Rise': 'Mid-Rise', 'Wash Care': 'Machine Wash', 'Weave Type': 'Denim'}"
8897195,Camey Women Maroon Straight Fit Solid Culottes,Culottes,899.0,Maroon,Camey,http://assets.myntassets.com/assets/images/productimage/2019/2/23/e06a9526-52e3-4e1f-9e10-aa7d64dfc6f61550877579153-1.jpg,4.0,3.75,"Maroon solid mid-rise pleated culottes with cut-out detail, has a drawstring closurePolyester<br>Hand-washStraight Fit<br>The model (height 5'8"") is wearing a free size","{'Add-Ons': 'NA', 'Body Shape ID': '333,324,424', 'Body or Garment Size': 'To-Fit Denotes Body Measurements in', 'Brand Fit Name': 'NA', 'Closure': 'Drawstring', 'Fabric': 'Polyester', 'Fabric 2': 'NA', 'Features': 'Plain', 'Fit': 'Straight Fit', 'Fly Type': 'No Fly', 'Length': 'Cropped', 'Main Trend': 'New Basics', 'Number of Pockets': 'NA', 'Occasion': 'Casual', 'Pattern': 'Solid', 'Print or Pattern Type': 'Solid', 'Type': 'Culottes', 'Type of Pleat': 'Pleated', 'Waist Rise': 'Mid-Rise', 'Wash Care': 'Hand Wash', 'Weave Type': 'Woven'}"
4317793,Miss Chase Women Navy Blue Denim Regular Fit Solid Joggers,Joggers,2349.0,Navy Blue,Miss Chase,http://assets.myntassets.com/assets/images/4317793/2022/7/28/89a9b138-f5b4-47b7-ba6f-00e4a6847cb21658982983223MissChaseWomenNavyBlueDenimRegularFitSolidJoggers1.jpg,115.0,3.765217391304348,"Navy blue solid mid-rise joggers, has a drawstring closure, 5 pocketsDenim <br> Machine-washRegular Fit <br> The model (height 5'8"") is wearing a size 28","{'Add-Ons': 'NA', 'Body Shape ID': '333,424', 'Body or Garment Size': 'To-Fit Denotes Body Measurements in', 'Brand Fit Name': 'NA', 'Closure': 'Drawstring', 'Fabric': 'Denim', 'Fabric 2': 'NA', 'Features': 'Plain', 'Fit': 'Regular Fit', 'Fly Type': 'No Fly', 'Length': 'Regular', 'Main Trend': 'Indigo', 'Number of Pockets': '5', 'Occasion': 'Casual', 'Pattern': 'Solid', 'Print or Pattern Type': 'Solid', 'Type': 'Joggers', 'Type of Pleat': 'Flat-Front', 'Waist Rise': 'Mid-Rise', 'Wash Care': 'Machine Wash', 'Weave Type': 'Woven'}"
1773200,W Black Palazzos,Palazzos,1699.0,Black,W,http://assets.myntassets.com/assets/images/1773200/2019/11/12/c920f95b-f4f7-46c4-82c5-bc0d3f11a5e71573542581054-W-Black-Palazzos-5901573542577981-1.jpg,55.0,4.6,"A pair of black woven palazzos, has a semi-elasticated waistband, a short zip with hook-and-bar closureThe model (height 5'8'') is wearing a size 30100% viscose<br>Machine-wash","{'Body or Garment Size': 'To-Fit Denotes Body Measurements in', 'Closure': 'Hook and Eye', 'Fabric': 'Viscose Rayon', 'Fabric 2': 'NA', 'Fit': 'Flared', 'Length': 'Regular', 'Number of Pockets': 'NA', 'Occasion': 'Western', 'Pattern': 'Solid', 'Print or Pattern Type': 'Solid', 'Transparency': 'Opaque', 'Waistband': 'Partially Elasticated', 'Wash Care': 'Machine Wash', 'Weave Type': 'Woven'}"
1801703,W Yellow Palazzos,Palazzos,1699.0,Yellow,W,http://assets.myntassets.com/assets/images/1801703/2017/3/27/11490610538592-W-Yellow-Palazzos-661490610538239-1.jpg,,,"A pair of yellow woven mid-rise palazzos with pleated detail, has two pockets, a zip fly with a button closure, and a partially elasticated waistband with belt loops100% viscose<br>Hand-wash coldMid-rise<br>The model (height 5'8'') is wearing a size 28","{'Body or Garment Size': 'To-Fit Denotes Body Measurements in', 'Closure': 'Button', 'Fabric': 'Viscose Rayon', 'Fabric 2': 'NA', 'Fit': 'Wide Leg', 'Length': 'Regular', 'Number of Pockets': '2', 'Occasion': 'Western', 'Pattern': 'Solid', 'Print or Pattern Type': 'Solid', 'Transparency': 'Opaque', 'Waistband': 'Partially Elasticated', 'Wash Care': 'Hand Wash', 'Weave Type': 'Woven'}"
4914116,HERE&NOW Sartorial Elegance Paisley Tiered Maxi Skirt,Maxi Skirt,1799.0,Maroon,HERE&NOW,http://assets.myntassets.com/assets/images/4914116/2018/6/15/9f8ba228-2cfa-4bd5-b896-bdc5887dc8a01529050239909-HERENOW-Women-Skirts-3641529050239746-1.jpg,866.0,3.983833718244804,"A combination of complex techniques and feminine detailing is a brand signature. Decorated with a modern paisley print. They're cut from lightweight viscose and have a shirred waistband with a tassel tie-up detail.<br>&nbsp;<ul><li>Color: maroon with&nbsp;beige accents</li><li>Smocking wide waistband</li><li>Tie-up tassel side</li><li>Tiered flared skirt</li><li>Contrast frill hemline</li><li>Maxi-length</li><li>Woven, non-stretchable</li><li>100% viscose, machine-wash</li><li>he model (height 5'8"") is wearing a size 28</li></ul><ul></ul>","{'Add-Ons': 'NA', 'Body Shape ID': '324,333,424', 'Body or Garment Size': 'To-Fit Denotes Body Measurements in', 'Character': 'NA', 'Closure': 'Slip-On', 'Fabric': 'Viscose Rayon', 'Fabric Type': 'NA', 'Hemline': 'Flared', 'Knit or Woven': 'Woven', 'Length': 'Maxi', 'Lining': 'NA', 'Main Trend': 'Ethnic Print', 'Number of Pockets': 'NA', 'Occasion': 'Ethnic', 'Pattern': 'Printed', 'Print or Pattern Type': 'Floral', 'Slit Detail': 'NA', 'Sub Trend': 'Ethnic Print', 'Surface Styling': 'Gathered or Pleated', 'Sustainable': 'Regular', 'Transparency': 'Opaque', 'Type': 'Flared', 'Wash Care': 'Machine Wash'}"
9791977,Clora Creation Women White Embroidered Straight Palazzos,Palazzos,999.0,White,Clora Creation,http://assets.myntassets.com/assets/images/productimage/2019/5/24/6b99ab79-f1a8-4347-8f75-3085c4dfd1671558686596258-1.jpg,1066.0,4.128517823639775,"A pair of white embroidered woven straight palazzosThe model (height 5'8"") is wearing a size 28Viscose Rayon<br>Hand-wash","{'Body or Garment Size': 'To-Fit Denotes Body Measurements in', 'Closure': 'Drawstring', 'Fabric': 'Viscose Rayon', 'Fabric 2': 'NA', 'Fit': 'Straight', 'Length': 'Regular', 'Number of Pockets': 'NA', 'Occasion': 'Ethnic', 'Pattern': 'Embroidered', 'Print or Pattern Type': 'Floral', 'Transparency': 'Opaque', 'Waistband': 'NA', 'Wash Care': 'Hand Wash', 'Weave Type': 'Woven'}"
7467729,Sera Black & Off-White Printed Flared Skirt,Skirt,1294.0,Black,Sera,http://assets.myntassets.com/assets/images/7467729/2018/10/3/4b386f61-3bf0-4752-b06f-2abbe792ddf71538558868371-Sera-Women-Skirts-531538558868203-1.jpg,1191.0,4.19983207388749,"Black, off-white and peach-coloured printed flared skirt, has zip closure, attached lining100% polyester<br>Machine-washThe model (height 5'8"") is wearing a size 28","{'Add-Ons': 'NA', 'Body Shape ID': '443,333,424', 'Body or Garment Size': 'To-Fit Denotes Body Measurements in', 'Character': 'NA', 'Closure': 'Zip', 'Fabric Type': 'NA', 'Hemline': 'Flared', 'Knit or Woven': 'Woven', 'Length': 'Mini', 'Lining': 'Has a lining', 'Main Trend': 'Floral Print', 'Number of Pockets': 'NA', 'Occasion': 'Casual', 'Pattern': 'Printed', 'Print or Pattern Type': 'Floral', 'Slit Detail': 'NA', 'Sub Trend': 'Floral Print', 'Surface Styling': 'NA', 'Sustainable': 'Regular', 'Transparency': 'Opaque', 'Type': 'Flared', 'Wash Care': 'Machine Wash'}"
9660071,N-Gal Black Flared Mini Skirt,Skirt,799.0,Black,N-Gal,http://assets.myntassets.com/assets/images/productimage/2019/5/13/a68385ef-569d-4e92-a6e7-7600fbe6cbbd1557751138790-1.jpg,2305.0,4.427331887201736,"<p>Black solid flared mini skirt, has an elasticated waistband, slip-on closure, flared hem.</p><p>Polyester<br>Machine wash</p><p>The model (height 5'8"") is wearing size S</p>","{'Add-Ons': 'NA', 'Body Shape ID': '443,333,424', 'Body or Garment Size': 'To-Fit Denotes Body Measurements in', 'Character': 'NA', 'Closure': 'Slip-On', 'Fabric Type': 'NA', 'Hemline': 'Straight', 'Knit or Woven': 'Knitted', 'Length': 'Mini', 'Lining': 'NA', 'Main Trend': 'New Basics', 'Number of Pockets': 'NA', 'Occasion': 'Casual', 'Pattern': 'Solid', 'Print or Pattern Type': 'Solid', 'Slit Detail': 'No Slit', 'Sub Trend': 'New Basics', 'Surface Styling': 'NA', 'Sustainable': 'Regular', 'Transparency': 'Opaque', 'Type': 'Flared', 'Wash Care': 'Machine Wash'}"
10393147,Berrylush Layered Drama Pant & Maxi Skirt,"Pant, Maxi Skirt",2100.0,Green,Berrylush,http://assets.myntassets.com/assets/images/productimage/2019/8/7/15422b8f-ed93-4246-b9ef-92fa8c6e87011565154946076-1.jpg,1833.0,4.200218221494818,"Heading to the meeting or a local market to grab<br>lunch. Cut from lightweight fabric, it's decorated<br>with a retro floral print and has a generous front<br>split that traces all the way up to the partially<br>elasticated waistband. Accompanying drama with<br>ruffle trims as you walk the streets.<br><br>#Top tip: Accessorize with sandals and a tote.<br><br><b>Details</b><ul><li>Color: Hint of mint</li><li>Layered pant skirt</li><li>Elasticated back waistband</li><li>Self-tie up belt</li><li>Ruffle trims on layer hem</li><li>Maxi-length</li></ul><br><b>Fabric Note</b><br>Fluid and soft touch to the skin.<br>Machine-wash is applicable.<br><br>Material:&nbsp;Polyester<br><br><b>Size &amp; Fit</b><br>Non-Stretchable<br>The model(height 5'8"") is wearing size S<br><br>","{'Add-Ons': 'NA', 'Body Shape ID': '324,333,424', 'Body or Garment Size': 'To-Fit Denotes Body Measurements in', 'Closure': 'Slip-On', 'Fabric': 'Polyester', 'Fabric Type': 'Crepe', 'Hemline': 'Flared', 'Knit or Woven': 'Woven', 'Length': 'Maxi', 'Lining': 'NA', 'Main Trend': 'New Basics', 'Occasion': 'Casual', 'Pattern': 'Printed', 'Print or Pattern Type': 'Floral', 'Slit Detail': 'NA', 'Sub Trend': 'New Basics', 'Surface Styling': 'NA', 'Transparency': 'Opaque', 'Type': 'Flared', 'Wash Care': 'Machine Wash'}"
9791971,Clora Creation Women Off-White Solid Straight Palazzos,Palazzos,999.0,Off White,Clora Creation,http://assets.myntassets.com/assets/images/productimage/2019/5/24/0a21f3b1-3d60-4db6-b29f-189e5a7dd60d1558672327469-1.jpg,243.0,4.279835390946502,"A pair of off-white solid woven straight palazzosThe model (height 5'8"") is wearing a size 28Viscose Rayon<br>Hand-wash","{'Body or Garment Size': 'To-Fit Denotes Body Measurements in', 'Closure': 'Slip-On', 'Fabric': 'Viscose Rayon', 'Fabric 2': 'NA', 'Fit': 'Straight', 'Length': 'Regular', 'Number of Pockets': 'NA', 'Occasion': 'Ethnic', 'Pattern': 'Solid', 'Print or Pattern Type': 'Solid', 'Transparency': 'Opaque', 'Waistband': 'Elasticated', 'Wash Care': 'Hand Wash', 'Weave Type': 'Woven'}"
9552849,SASSAFRAS Black & White Striped Pencil Skirt,Pencil Skirt,1399.0,Black,SASSAFRAS,http://assets.myntassets.com/assets/images/9552849/2019/5/13/b3e26928-6264-4833-9db9-cbf49d2c27e01557723994056-SASSAFRAS-Women-Skirts-2571557723992714-1.jpg,871.0,4.531572904707233,"Black and white striped knitted pencil skirt, has an elasticated waistband, side on the slitThe model (height 5'8'') is wearing a size 2896% cotton, 4% spandex<br>Machine-wash","{'Add-Ons': 'NA', 'Body Shape ID': '424', 'Body or Garment Size': 'To-Fit Denotes Body Measurements in', 'Character': 'NA', 'Closure': 'Slip-On', 'Fabric Type': 'NA', 'Hemline': 'Straight', 'Knit or Woven': 'Knitted', 'Length': 'Midi', 'Lining': 'NA', 'Main Trend': 'Monochrome', 'Number of Pockets': 'NA', 'Occasion': 'Casual', 'Pattern': 'Striped', 'Print or Pattern Type': 'Striped', 'Slit Detail': 'Side Slit', 'Sub Trend': 'Monochrome', 'Surface Styling': 'NA', 'Sustainable': 'Regular', 'Transparency': 'Opaque', 'Type': 'Pencil', 'Wash Care': 'Machine Wash'}"
8224951,Bitterlime Black Midi A-line Skirt,"Midi Skirt, A-line Skirt",999.0,Black,Bitterlime,http://assets.myntassets.com/assets/images/8224951/2018/12/17/824ec6b1-28e1-428a-a1d3-80a7d4434f901545045032638-Bitterlime-Women-Black-A-Line-With-Front-Slit-Skirt-88215450-1.jpg,1328.0,3.8132530120481927,"Black solid midi A-line skirt, has a elasticated waistband with tie-up, two pockets, front slit, slightly flared hemPoly crepe<br>Hand-washThe model (height 5'8"") is wearing a size 28","{'Add-Ons': 'NA', 'Body Shape ID': '443,324,333,424', 'Body or Garment Size': 'To-Fit Denotes Body Measurements in', 'Character': 'NA', 'Closure': 'Slip-On', 'Fabric Type': 'NA', 'Hemline': 'Flared', 'Knit or Woven': 'Woven', 'Length': 'Midi', 'Lining': 'Has a lining', 'Main Trend': 'New Basics', 'Number of Pockets': 'NA', 'Occasion': 'Casual', 'Pattern': 'Solid', 'Print or Pattern Type': 'Solid', 'Slit Detail': 'Front Slit', 'Sub Trend': 'New Basics', 'Surface Styling': 'NA', 'Sustainable': 'Regular', 'Transparency': 'Opaque', 'Type': 'Flared', 'Wash Care': 'Hand Wash'}"
10167165,Karmic Vision Black Midi A-Line Skirt,Midi A-Line Skirt,1799.0,Black,Karmic Vision,http://assets.myntassets.com/assets/images/10167165/2019/7/10/4adfe8e4-a37e-4157-bf44-d5e6c46a46191562759771642-Karmic-Vision-Women-Black-Solid-A-Line-Skirt-711156275976886-1.jpg,144.0,3.923611111111111,"Black solid woven A-line skirt with panelled detail, has a partially elasticated waistband with belt loops and concealed zip closure, high-low hem, an attached lining<br>Comes with a beltPoly georgette<br>Machine-washThe model (height 5'8"") is wearing a size 34","{'Add-Ons': 'Comes with a belt', 'Body Shape ID': '443,324,333,424', 'Body or Garment Size': 'To-Fit Denotes Body Measurements in', 'Character': 'NA', 'Closure': 'Zip', 'Fabric Type': 'Georgette', 'Hemline': 'High-Low', 'Knit or Woven': 'Woven', 'Length': 'Midi', 'Lining': 'Has a lining', 'Main Trend': 'New Basics', 'Number of Pockets': 'NA', 'Occasion': 'Casual', 'Pattern': 'Solid', 'Print or Pattern Type': 'Solid', 'Slit Detail': 'No Slit', 'Sub Trend': 'New Basics', 'Surface Styling': 'NA', 'Sustainable': 'Regular', 'Transparency': 'Opaque', 'Type': 'A-Line', 'Wash Care': 'Machine Wash'}"
9781829,STREET 9 Blue Denim Pleated Mini A-Line Pure Cotton Skirt,Skirt,1399.0,Blue,STREET 9,http://assets.myntassets.com/assets/images/9781829/2019/5/29/37b7921b-3ac7-45cc-a27d-a34e382402671559133425000-STREET-9-Women-Skirts-751559133423642-1.jpg,209.0,4.215311004784689,"Blue solid denim pleated woven mini A-line skirt with lace-up detail, has a concealed zip and hook-and-eye closure, straight hem100% cotton<br>Machine-washThe model (height 5'8) is wearing a size 28","{'Add-Ons': 'NA', 'Body Shape ID': '443,333,424', 'Body or Garment Size': 'To-Fit Denotes Body Measurements in', 'Character': 'NA', 'Closure': 'Zip', 'Fabric Type': 'Denim', 'Hemline': 'Straight', 'Knit or Woven': 'Woven', 'Length': 'Mini', 'Lining': 'NA', 'Main Trend': 'Indigo', 'Number of Pockets': 'NA', 'Occasion': 'Casual', 'Pattern': 'Solid', 'Print or Pattern Type': 'Solid', 'Slit Detail': 'NA', 'Sub Trend': 'Indigo', 'Surface Styling': 'Gathered or Pleated', 'Sustainable': 'Regular', 'Transparency': 'Opaque', 'Type': 'A-Line', 'Wash Care': 'Machine Wash'}"
10074615,Vishudh Women Navy Blue Checked Straight Palazzos,Palazzos,1049.0,Navy Blue,Vishudh,http://assets.myntassets.com/assets/images/productimage/2019/6/18/fa96bc5c-3665-40fb-bbde-4c470ba496d31560853213564-1.jpg,516.0,3.924418604651162,"A pair of Navy Blue checked woven straight fit Palazzos, opaque, 2 pockets, and slip-on closureThe model (height 5'8"") is wearing a size 28Cotton<br> Machine-wash","{'Body or Garment Size': 'Garment Measurements in', 'Closure': 'Slip-On', 'Fabric': 'Cotton', 'Fabric 2': 'NA', 'Fit': 'Straight', 'Length': 'Regular', 'Number of Pockets': '2', 'Occasion': 'Western', 'Pattern': 'Checked', 'Print or Pattern Type': 'Checked', 'Transparency': 'Opaque', 'Waistband': 'Elasticated', 'Wash Care': 'Machine Wash', 'Weave Type': 'Woven'}"
10428804,Clora Creation Women White Embroidered Straight Palazzos,Palazzos,1399.0,White,Clora Creation,http://assets.myntassets.com/assets/images/productimage/2019/8/10/1173ccb9-33f0-4cfd-ab1c-b914399bfc1a1565378108491-1.jpg,113.0,4.36283185840708,"A pair of White embroidered woven straight fit Palazzos, opaque, and drawstring closureViscose Rayon<br> Hand-washThe model (height 5'8"") is wearing a size 28","{'Body or Garment Size': 'To-Fit Denotes Body Measurements in', 'Closure': 'Drawstring', 'Fabric': 'Viscose Rayon', 'Fabric 2': 'NA', 'Fit': 'Straight', 'Length': 'Regular', 'Number of Pockets': 'NA', 'Occasion': 'Western', 'Pattern': 'Embroidered', 'Print or Pattern Type': 'Floral', 'Transparency': 'Opaque', 'Waistband': 'Elasticated', 'Wash Care': 'Hand Wash', 'Weave Type': 'Woven'}"
7080706,ROVING MODE Women Solid Black Flared Semi Sheer Midi Skirt,Skirt,2090.0,Black,ROVING MODE,http://assets.myntassets.com/assets/images/7080706/2022/4/7/7a793b0a-656e-41ca-89f6-adf2086069d31649328789268ROVINGMODEWomenSolidBlackFlaredSemiSheerMidiSkirt1.jpg,63.0,4.142857142857143,"Black woven midi skirt, has a flared hem, zip closure, inner lining100% Polyester<br>Hand-washThe model (height 5'8"") is wearing a size 27","{'Add-Ons': 'NA', 'Body Shape ID': '443,324,333,424', 'Body or Garment Size': 'To-Fit Denotes Body Measurements in', 'Closure': 'Zip', 'Fabric': 'Polyester', 'Fabric Type': 'Net', 'Hemline': 'Flared', 'Knit or Woven': 'Woven', 'Length': 'Midi', 'Lining': 'Has a lining', 'Main Trend': 'New Basics', 'Occasion': 'Casual', 'Pattern': 'Solid', 'Print or Pattern Type': 'Solid', 'Slit Detail': 'No Slit', 'Sub Trend': 'New Basics', 'Surface Styling': 'NA', 'Transparency': 'Semi Sheer', 'Type': 'A-Line', 'Wash Care': 'Hand Wash'}"
7080705,ROVING MODE Women Solid White Flared Semi Sheer Midi Skirt,Skirt,2090.0,White,ROVING MODE,http://assets.myntassets.com/assets/images/7080705/2018/8/10/9f061078-87db-4180-a41e-64928cb8b8b01533892030681-ROVING-MODE-Women-Skirts-4771533892028669-1.jpg,58.0,4.086206896551724,"White woven midi skirt, has a flared hem, zip closure, inner lining100% Polyester<br>Hand washThe model (height 5'8"") is wearing a size 27","{'Add-Ons': 'NA', 'Body Shape ID': '443,324,333,424', 'Body or Garment Size': 'To-Fit Denotes Body Measurements in', 'Closure': 'Zip', 'Fabric': 'Polyester', 'Fabric Type': 'Net', 'Hemline': 'Flared', 'Knit or Woven': 'Woven', 'Length': 'Midi', 'Lining': 'Has a lining', 'Main Trend': 'Sheer', 'Occasion': 'Casual', 'Pattern': 'Solid', 'Print or Pattern Type': 'Solid', 'Slit Detail': 'No Slit', 'Sub Trend': 'Sheer', 'Surface Styling': 'NA', 'Transparency': 'Semi Sheer', 'Type': 'A-Line', 'Wash Care': 'Hand Wash'}"
10562082,Sangria Women Navy Blue & Golden Printed Wide Leg Palazzos,Palazzos,1099.0,Navy Blue,Sangria,http://assets.myntassets.com/assets/images/10562082/2020/1/9/a8db5cdd-dd06-4bfc-afc6-f7d5be5b22781578571384678-Sangria-Women-Navy-Blue--Golden-Printed-Wide-Leg-Palazzos-65-1.jpg,450.0,4.362222222222222,"A pair of Navy Blue and Golden printed woven wide leg Palazzos,has a partially elasticated waistband, 2 pockets, and drawstring closureMaterial: Rayon<br>Hand WashThe model (height 5'8"") is wearing a size 28","{'Body or Garment Size': 'To-Fit Denotes Body Measurements in', 'Closure': 'Drawstring', 'Fabric': 'Viscose Rayon', 'Fabric 2': 'NA', 'Fit': 'Wide Leg', 'Length': 'Regular', 'Main Trend': 'NA', 'Multipack Set': 'Single', 'Number of Pockets': '2', 'Occasion': 'Ethnic', 'Pattern': 'Printed', 'Print or Pattern Type': 'Geometric', 'Sustainable': 'Regular', 'Transparency': 'Opaque', 'Waistband': 'Partially Elasticated', 'Wash Care': 'Hand Wash', 'Weave Type': 'Woven'}"
1440853,W Coral Red Polyester Palazzo Trousers,Palazzo Trousers,1999.0,Coral,W,http://assets.myntassets.com/assets/images/1440853/2016/7/27/11469610885447-W-Coral-Red-Polyester-Palazzo-Trousers-1971469610881263-1.jpg,22.0,4.0,"A pair of coral red mid-rise palazzo trousers, has an elasticated back waistband with gathers, and a concealed zip with a button closure on the left side<br><p>100% polyester<br>Machine-wash cold</p><p>Mid-rise<br>The model (height 5'8'' and waist 28'') is wearing a size 28</p>","{'Body or Garment Size': 'To-Fit Denotes Body Measurements in', 'Closure': 'Slip-On', 'Fabric': 'Polyester', 'Fabric 2': 'NA', 'Fit': 'Wide Leg', 'Length': 'Regular', 'Occasion': 'Western', 'Pattern': 'Solid', 'Print or Pattern Type': 'Solid', 'Transparency': 'Opaque', 'Wash Care': 'Machine Wash', 'Weave Type': 'Woven'}"
10353799,Vastraa Fusion Women Off-White Hem Design Straight Palazzos,Palazzos,1999.0,Off White,Vastraa Fusion,http://assets.myntassets.com/assets/images/10353799/2019/8/9/6acb1e9c-91f5-42f7-96de-2b8ac36a220e1565325779165-Vastraa-Fusion-Women-Off-White-Hem-Design-Straight-Palazzos--1.jpg,95.0,4.010526315789473,"A pair of Off-white hem design woven straight fit palazzos, has an elasticated waistband with drawstring closureThe model (height 5'8"") is wearing a size onesizeCotton<br> Hand-wash","{'Body or Garment Size': 'To-Fit Denotes Body Measurements in', 'Closure': 'Drawstring', 'Fabric': 'Cotton', 'Fabric 2': 'NA', 'Fit': 'Straight', 'Length': 'Regular', 'Number of Pockets': 'NA', 'Occasion': 'Ethnic', 'Pattern': 'Hem Design', 'Print or Pattern Type': 'Geometric', 'Transparency': 'Opaque', 'Waistband': 'Elasticated', 'Wash Care': 'Hand Wash', 'Weave Type': 'Woven'}"
6629440,Rigo Black Solid Knee-Length Pencil Skirt,Skirt,999.0,Black,Rigo,http://assets.myntassets.com/assets/images/6629440/2018/6/5/c0ce5887-a7c5-4ec7-8464-07c617e4d87e1528188426433-RIGO-Solid-Black-Bodycon-Skirt-6471528188424637-1.jpg,181.0,3.4972375690607733,"Black solid knee-length pencil skirt, straight hem100% Cotton<br>Machine-washThe model (height 5'8'') is wearing a size 28","{'Add-Ons': 'NA', 'Body Shape ID': '424', 'Body or Garment Size': 'To-Fit Denotes Body Measurements in', 'Closure': 'Slip-On', 'Fabric': 'Cotton Blend', 'Fabric Type': 'NA', 'Hemline': 'Straight', 'Knit or Woven': 'Knitted', 'Length': 'Knee Length', 'Lining': 'NA', 'Main Trend': 'New Basics', 'Occasion': 'Casual', 'Pattern': 'Solid', 'Print or Pattern Type': 'Solid', 'Slit Detail': 'NA', 'Sub Trend': 'New Basics', 'Surface Styling': 'NA', 'Transparency': 'Opaque', 'Type': 'Pencil', 'Wash Care': 'Machine Wash'}"
10698576,anayna Cream-Coloured & Red Printed Flared Maxi Skirt,Maxi Skirt,1699.0,Cream,anayna,http://assets.myntassets.com/assets/images/10698576/2019/10/4/740c0c61-3e56-4e96-98cd-7b7b2a9ef9c21570173453935-Anayna-Womens-Printed--A-Line-Skirt-3981570173452305-1.jpg,165.0,4.1454545454545455,"Cream-coloured and red printed flared maxi skirt with gathered detail, has a elasticated waistband with drawstring closure, flared hemThe model (height 5'8"") is wearing a size 26100% rayon<br>Hand-wash","{'Add-Ons': 'NA', 'Body Shape ID': '324,333,424', 'Body or Garment Size': 'To-Fit Denotes Body Measurements in', 'Character': 'NA', 'Closure': 'Drawstring', 'Fabric Type': 'Liva', 'Hemline': 'Flared', 'Knit or Woven': 'Woven', 'Length': 'Maxi', 'Lining': 'NA', 'Main Trend': 'Ethnic Print', 'Number of Pockets': 'NA', 'Occasion': 'Ethnic', 'Pattern': 'Printed', 'Print or Pattern Type': 'Geometric', 'Slit Detail': 'No Slit', 'Sub Trend': 'Ethnic Print', 'Surface Styling': 'Gathered or Pleated', 'Sustainable': 'Regular', 'Transparency': 'Opaque', 'Type': 'Flared', 'Wash Care': 'Hand Wash'}"
7463455,Ojjasvi Women Black Solid Flared Palazzos,Palazzos,999.0,Black,Ojjasvi,http://assets.myntassets.com/assets/images/7463455/2018/9/24/f1e79ab5-a231-454f-a6d8-1d68ee99bd741537780783994-na-5301537780783793-1.jpg,37.0,4.378378378378378,"A pair of black solid woven flared palazzos, opaque, has one pockets, button, partially elasticated waistbandViscose Rayon<br>Dry-cleanThe model (height 5'8"") is wearing a size 28","{'Body or Garment Size': 'To-Fit Denotes Body Measurements in', 'Closure': 'Button', 'Fabric': 'Viscose Rayon', 'Fabric 2': 'NA', 'Fit': 'Flared', 'Length': 'Regular', 'Number of Pockets': '1', 'Occasion': 'Western', 'Pattern': 'Solid', 'Print or Pattern Type': 'Solid', 'Transparency': 'Opaque', 'Waistband': 'Partially Elasticated', 'Wash Care': 'Dry Clean', 'Weave Type': 'Woven'}"
9791943,Clora Creation Women Black Straight Embroidered Palazzos,Palazzos,1399.0,Black,Clora Creation,http://assets.myntassets.com/assets/images/productimage/2019/5/24/514a28ea-cfd0-4dfd-991e-9e27cbb010011558650271651-1.jpg,54.0,4.203703703703703,"A pair of black embroidered woven straight palazzosThe model (height 5'8"") is wearing a size 28Viscose Rayon<br>Hand-wash","{'Body or Garment Size': 'To-Fit Denotes Body Measurements in', 'Closure': 'Slip-On', 'Fabric': 'Viscose Rayon', 'Fabric 2': 'NA', 'Fit': 'Straight', 'Length': 'Regular', 'Number of Pockets': 'NA', 'Occasion': 'Ethnic', 'Pattern': 'Embroidered', 'Print or Pattern Type': 'Floral', 'Transparency': 'Opaque', 'Waistband': 'Elasticated', 'Wash Care': 'Hand Wash', 'Weave Type': 'Woven'}"
8326469,Tokyo Talkies Women Grey Wide Leg Checked Palazzos,Palazzos,1949.0,Grey,Tokyo Talkies,http://assets.myntassets.com/assets/images/productimage/2018/12/26/49bec26b-c0b9-488c-a97d-7b90a0a906131545801402918-1.jpg,,,"A pair of grey checked woven wide leg palazzosThe model (height 5'8"") is wearing a size 28Polyester<br>Machine-wash","{'Body or Garment Size': 'To-Fit Denotes Body Measurements in', 'Closure': 'Zip', 'Fabric': 'Polyester', 'Fabric 2': 'NA', 'Fit': 'Wide Leg', 'Length': 'Regular', 'Number of Pockets': 'NA', 'Occasion': 'Western', 'Pattern': 'Checked', 'Print or Pattern Type': 'Checked', 'Transparency': 'Opaque', 'Waistband': 'NA', 'Wash Care': 'Machine Wash', 'Weave Type': 'Woven'}"
1992591,Varanga Orange Gold Pure Cotton Skirt,Skirt,1999.0,Orange,Varanga,http://assets.myntassets.com/assets/images/1992591/2017/7/18/11500356836507-Varanga-Orange-Pure-Cotton-Gold--Skirts-VAR21031-9201500356836306-1.jpg,14.0,4.0,"Orange flared maxi skirt with crinkled effect and printed detail, has an elasticated waistband with drawstring fastening, flared hemlineThe model (height 5'8"") is wearing a size 28Pure cotton<br>Hand-wash","{'Add-Ons': 'NA', 'Body Shape ID': '324,333,424', 'Body or Garment Size': 'To-Fit Denotes Body Measurements in', 'Character': 'NA', 'Closure': 'Drawstring', 'Fabric': 'Pure Cotton', 'Fabric Type': 'NA', 'Hemline': 'Flared', 'Knit or Woven': 'Woven', 'Length': 'Maxi', 'Lining': 'NA', 'Main Trend': 'New Basics', 'Number of Pockets': 'NA', 'Occasion': 'Casual', 'Pattern': 'Solid', 'Print or Pattern Type': 'Solid', 'Slit Detail': 'No Slit', 'Sub Trend': 'New Basics', 'Surface Styling': 'Gathered or Pleated', 'Sustainable': 'Regular', 'Transparency': 'Opaque', 'Type': 'Flared', 'Wash Care': 'Hand Wash'}"
1718753,SOUNDARYA Blue Ethnic Print Wrap-Around Maxi Skirt,Maxi Skirt,999.0,Blue,SOUNDARYA,http://assets.myntassets.com/assets/images/1718753/2017/1/13/11484286797902-SOUNDARYA-Blue-Ethnic-Print-Wrap-Around-Maxi-Skirt-3371484286797673-1.jpg,78.0,4.1923076923076925,"Blue ethnic print maxi skirt, has a waistband with tie-up detail, flared hem<br>Disclaimer: The product might have slight shade variation and print variation as all our products are hand dyed and printedThe model (height 5'8'') is wearing a free size<p>Cotton<br>Hand-wash</p>","{'Add-Ons': 'NA', 'Body Shape ID': '324,333,424', 'Body or Garment Size': 'To-Fit Denotes Body Measurements in', 'Character': 'NA', 'Closure': 'Drawstring', 'Fabric Type': 'NA', 'Hemline': 'Flared', 'Knit or Woven': 'Woven', 'Length': 'Maxi', 'Lining': 'NA', 'Main Trend': 'Ethnic Print', 'Number of Pockets': 'NA', 'Occasion': 'Ethnic', 'Pattern': 'Printed', 'Print or Pattern Type': 'Floral', 'Slit Detail': 'NA', 'Sub Trend': 'Ethnic Print', 'Surface Styling': 'Tie-Ups', 'Sustainable': 'Regular', 'Transparency': 'Opaque', 'Type': 'Wrap', 'Wash Care': 'Hand Wash'}"
10847836,Tokyo Talkies Women Beige Flared Knee-Length Solid A-Line Skirt,Skirt,3299.0,Beige,Tokyo Talkies,http://assets.myntassets.com/assets/images/productimage/2019/10/22/50af4088-a2a6-4a60-b816-49bcff2bc7e91571698025796-1.jpg,22.0,4.590909090909091,"Beige solid woven flared knee-length A-Line&nbsp;skirt, has an elasticated waistband, flared hem and comes with a belt<p>Polyester<br>Machine wash</p><p>The model (height 5'8"") is wearing a size 28</p>","{'Add-Ons': 'NA', 'Body Shape ID': '443,324,424', 'Body or Garment Size': 'Garment Measurements in', 'Closure': 'Slip-On', 'Fabric': 'Polyester', 'Fabric Type': 'NA', 'Hemline': 'Flared', 'Knit or Woven': 'Woven', 'Length': 'Midi', 'Lining': 'NA', 'Main Trend': 'New Basics', 'Occasion': 'Casual', 'Pattern': 'Solid', 'Print or Pattern Type': 'Solid', 'Slit Detail': 'NA', 'Sub Trend': 'New Basics', 'Surface Styling': 'NA', 'Transparency': 'Opaque', 'Type': 'Straight', 'Wash Care': 'Machine Wash'}"
10428828,Clora Creation Women White Printed Wide Leg Palazzos,Palazzos,999.0,White,Clora Creation,http://assets.myntassets.com/assets/images/productimage/2019/8/10/0035811e-5eac-4d72-a140-c655c8d080ee1565378093509-1.jpg,48.0,3.8958333333333335,"A pair of White printed woven wide leg fit Palazzos, opaque, and drawstring closureViscose Rayon<br>Hand-washThe model (height 5'8"") is wearing a size 28","{'Body or Garment Size': 'To-Fit Denotes Body Measurements in', 'Closure': 'Drawstring', 'Fabric': 'Viscose Rayon', 'Fabric 2': 'NA', 'Fit': 'Wide Leg', 'Length': 'Regular', 'Number of Pockets': 'NA', 'Occasion': 'Ethnic', 'Pattern': 'Printed', 'Print or Pattern Type': 'Floral', 'Transparency': 'Opaque', 'Waistband': 'Elasticated', 'Wash Care': 'Hand Wash', 'Weave Type': 'Woven'}"
8206973,Tokyo Talkies Women Olive Green Wide Leg Solid Palazzos,Palazzos,1799.0,Olive,Tokyo Talkies,http://assets.myntassets.com/assets/images/8206973/2018/12/14/5075ff85-6273-48ab-8ca1-51ebd3ae88421544783590517-Tokyo-Talkies-Women-Olive-Green-Wide-Leg-Solid-Palazzos-5391-1.jpg,,,"A pair of olive green solid woven wide leg palazzosThe model (height 5'8"") is wearing a size 28Polyester<br> Machine-wash","{'Body or Garment Size': 'To-Fit Denotes Body Measurements in', 'Closure': 'Zip', 'Fabric': 'Polyester', 'Fabric 2': 'NA', 'Fit': 'Wide Leg', 'Length': 'Regular', 'Number of Pockets': 'NA', 'Occasion': 'Western', 'Pattern': 'Solid', 'Print or Pattern Type': 'Solid', 'Transparency': 'Opaque', 'Waistband': 'NA', 'Wash Care': 'Machine Wash', 'Weave Type': 'Woven'}"
9791951,Clora Creation Women Beige Embroidered Straight Palazzos,Palazzos,999.0,Beige,Clora Creation,http://assets.myntassets.com/assets/images/productimage/2019/5/24/071f917f-8370-4dac-bb91-679cda6965f11558677106849-1.jpg,30.0,4.266666666666667,"A pair of beige embroidered woven straight palazzosViscose Rayon<br>Hand-washThe model (height 5'8"") is wearing a size 28","{'Body or Garment Size': 'To-Fit Denotes Body Measurements in', 'Closure': 'Drawstring', 'Fabric': 'Viscose Rayon', 'Fabric 2': 'NA', 'Fit': 'Straight', 'Length': 'Regular', 'Number of Pockets': 'NA', 'Occasion': 'Ethnic', 'Pattern': 'Embroidered', 'Print or Pattern Type': 'Floral', 'Transparency': 'Opaque', 'Waistband': 'NA', 'Wash Care': 'Hand Wash', 'Weave Type': 'Woven'}"
2703324,Go Colors Women Blue Solid Denim Wide Leg Palazzos,Palazzos,1299.0,Blue,Go Colors,http://assets.myntassets.com/assets/images/2703324/2018/3/14/11521020795610-Go-Colors-Palazzo-Denim-3131521020795383-1.jpg,11.0,4.363636363636363,"A pair of blue solid denim straight palazzos, has an&nbsp;elasticated waistband&nbsp;with a drawstring closure and 2 pockets.Cotton<br>Machine-washThe model (height 5'8"") is wearing a size 28","{'Body or Garment Size': 'To-Fit Denotes Body Measurements in', 'Closure': 'Drawstring', 'Fabric': 'Cotton', 'Fabric 2': 'NA', 'Fit': 'Wide Leg', 'Length': 'Regular', 'Number of Pockets': '2', 'Occasion': 'Western', 'Pattern': 'Solid', 'Print or Pattern Type': 'Solid', 'Transparency': 'Opaque', 'Waistband': 'Elasticated', 'Wash Care': 'Machine Wash', 'Weave Type': 'Woven'}"
2320500,Nayo Women Brown Printed Straight Palazzos,Palazzos,1299.0,Brown,Nayo,http://assets.myntassets.com/assets/images/2320500/2017/12/8/11512733846444-Brown-printed-ankle-length-cotton-palazzo-9981512733846245-1.jpg,,,"A pair of brown printed woven straight palazzosThe model (height 5'8"") is wearing a size 28Cotton <br> Hand-wash","{'Body or Garment Size': 'To-Fit Denotes Body Measurements in', 'Closure': 'Slip-On', 'Fabric': 'Cotton', 'Fabric 2': 'NA', 'Fit': 'Straight', 'Length': 'Regular', 'Occasion': 'Ethnic', 'Pattern': 'Printed', 'Print or Pattern Type': 'Abstract', 'Transparency': 'Opaque', 'Waistband': 'Elasticated', 'Wash Care': 'Hand Wash', 'Weave Type': 'Woven'}"
7414862,Zastraa Black Flared A-Line Skirt,Skirt,1999.0,Black,Zastraa,http://assets.myntassets.com/assets/images/7414862/2018/9/17/84ac4b53-25d9-4df1-a719-d532aad5a9df1537182763528-NA-2271537182763366-1.jpg,7.0,3.142857142857143,"Black woven A-line mini&nbsp;skirt, has a waistband with a zip closure, flared hem100% Viscose<br>Hand-washThe model (height 5'8"") is wearing a size 28","{'Add-Ons': 'NA', 'Body Shape ID': '443,333,424', 'Body or Garment Size': 'To-Fit Denotes Body Measurements in', 'Closure': 'Drawstring', 'Fabric': 'Viscose Rayon', 'Fabric Type': 'NA', 'Hemline': 'Flared', 'Knit or Woven': 'Woven', 'Length': 'Mini', 'Lining': 'NA', 'Main Trend': 'New Basics', 'Occasion': 'Casual', 'Pattern': 'Solid', 'Print or Pattern Type': 'Solid', 'Slit Detail': 'No Slit', 'Sub Trend': 'New Basics', 'Surface Styling': 'Gathered or Pleated', 'Transparency': 'Opaque', 'Type': 'Flared', 'Wash Care': 'Hand Wash'}"
2184770,W Women Navy Wide Leg Solid Palazzos,Palazzos,1799.0,Navy Blue,W,http://assets.myntassets.com/assets/images/2184770/2017/11/1/11509535691900-W-Women-Navy-Blue-Wide-Leg-Solid-Palazzos-8531509535691722-1.jpg,21.0,4.619047619047619,"A pair of navy blue solid knitted wide leg palazzos, has a hook-and-bar and concealed zip closureThe model (height 5'8"") is wearing a size 28Acrylic <br> Dry-clean","{'Body or Garment Size': 'To-Fit Denotes Body Measurements in', 'Closure': 'Zip', 'Fabric': 'Acrylic', 'Fabric 2': 'NA', 'Fit': 'Wide Leg', 'Length': 'Regular', 'Occasion': 'Western', 'Pattern': 'Solid', 'Print or Pattern Type': 'Solid', 'Transparency': 'Opaque', 'Waistband': 'Partially Elasticated', 'Wash Care': 'Dry Clean', 'Weave Type': 'Knitted'}"
5812131,Go Colors Women Red Solid Wrinkle Resistant Wide Leg Palazzos,Palazzos,899.0,Red,Go Colors,http://assets.myntassets.com/assets/images/5812131/2018/5/18/360c1b63-8468-4de3-8b50-93ab42ae56c21526648398662-Go-Colors-Women-Red-Solid-Wide-Leg-Palazzos-9771526648398484-1.jpg,45.0,4.622222222222222,"A pair of red solid&nbsp;knitted wide leg wrinkle resistant palazzos, has elasticated waistband with slip-on closureThe model (height 5'8"") is wearing a size 2895% viscose rayon, 5% elastane<br>Machine-wash","{'Body or Garment Size': 'To-Fit Denotes Body Measurements in', 'Closure': 'Drawstring', 'Fabric': 'Viscose Rayon', 'Fabric 2': 'Elastane', 'Fit': 'Wide Leg', 'Length': 'Regular', 'Number of Pockets': 'NA', 'Occasion': 'Western', 'Pattern': 'Solid', 'Print or Pattern Type': 'Solid', 'Transparency': 'Opaque', 'Waistband': 'Elasticated', 'Wash Care': 'Machine Wash', 'Weave Type': 'Knitted'}"
10648318,Clora Creation Women Coffee Brown Solid Flared Palazzos,Palazzos,999.0,Coffee Brown,Clora Creation,http://assets.myntassets.com/assets/images/productimage/2019/9/15/3bd815ed-ceca-40fe-ad6c-d76ab101e4b41568522062879-1.jpg,71.0,4.197183098591549,"A pair of Coffee Brown solid woven flared fit Palazzos, opaque, 2 pockets, and drawstring closureViscose Rayon<br>Hand-washThe model (height 5'8"") is wearing a size 28","{'Body or Garment Size': 'To-Fit Denotes Body Measurements in', 'Closure': 'Drawstring', 'Fabric': 'Viscose Rayon', 'Fabric 2': 'NA', 'Fit': 'Flared', 'Length': 'Regular', 'Number of Pockets': '2', 'Occasion': 'Ethnic', 'Pattern': 'Solid', 'Print or Pattern Type': 'Solid', 'Transparency': 'Opaque', 'Waistband': 'Elasticated', 'Wash Care': 'Hand Wash', 'Weave Type': 'Woven'}"
10737498,Varanga Women Orange & Black Phulkari Printed Flared Maxi Skirt,Maxi Skirt,2199.0,Orange,Varanga,http://assets.myntassets.com/assets/images/10737498/2019/10/10/ebb3add0-93e5-4e88-8e4a-b2dc78fa48a71570691655066-varanga-multi-color-phulkari-printed-tiered-long-skirt-with--1.jpg,18.0,4.222222222222222,"Orange and black printed flared maxi skirt with tiered detail, has an elasticated waistband with drawstring closure, flared hemCotton Blend<br>Hand-washThe model (height 5'8"") is wearing a size 26","{'Add-Ons': 'NA', 'Body Shape ID': '324,333,424', 'Body or Garment Size': 'To-Fit Denotes Body Measurements in', 'Closure': 'Drawstring', 'Fabric': 'Cotton Blend', 'Fabric Type': 'NA', 'Hemline': 'Flared', 'Knit or Woven': 'Woven', 'Length': 'Maxi', 'Lining': 'NA', 'Main Trend': 'Ethnic Print', 'Occasion': 'Ethnic', 'Pattern': 'Printed', 'Print or Pattern Type': 'Geometric', 'Slit Detail': 'NA', 'Sub Trend': 'Geometric Print', 'Surface Styling': 'Gathered or Pleated', 'Transparency': 'Opaque', 'Type': 'Flared', 'Wash Care': 'Hand Wash'}"
2369587,Bitterlime Women Peach-Coloured Solid Flared Palazzos,Palazzos,899.0,Peach,Bitterlime,http://assets.myntassets.com/assets/images/2369587/2017/12/29/11514539961188-Women-Solid-Pink-Rayon-Flared-Palazzo-6201514539961085-1.jpg,34.0,3.882352941176471,"A pair of peach-coloured solid woven flared palazzosViscose Rayon<br> Hand-washThe model (height 5'8"") is wearing a size 28","{'Body or Garment Size': 'To-Fit Denotes Body Measurements in', 'Closure': 'Slip-On', 'Fabric': 'Viscose Rayon', 'Fabric 2': 'NA', 'Fit': 'Flared', 'Length': 'Regular', 'Occasion': 'Ethnic', 'Pattern': 'Solid', 'Print or Pattern Type': 'Solid', 'Transparency': 'Opaque', 'Waistband': 'Elasticated', 'Wash Care': 'Hand Wash', 'Weave Type': 'Woven'}"
9792039,Clora Creation Women Beige Flared Printed Palazzos,Palazzos,999.0,Beige,Clora Creation,http://assets.myntassets.com/assets/images/productimage/2019/5/24/a9c61c0b-5c47-43f8-9799-1fcdabcaec2d1558649781522-1.jpg,10.0,3.9,"A pair of beige printed woven flared palazzosViscose Rayon<br> Hand-washThe model (height 5'8"") is wearing a size 28","{'Body or Garment Size': 'To-Fit Denotes Body Measurements in', 'Closure': 'Drawstring', 'Fabric': 'Viscose Rayon', 'Fabric 2': 'NA', 'Fit': 'Flared', 'Length': 'Regular', 'Number of Pockets': 'NA', 'Occasion': 'Ethnic', 'Pattern': 'Printed', 'Print or Pattern Type': 'Floral', 'Transparency': 'Opaque', 'Waistband': 'NA', 'Wash Care': 'Hand Wash', 'Weave Type': 'Woven'}"
3736591,SCORPIUS White Solid Flared Maxi Skirt,Maxi Skirt,1999.0,White,SCORPIUS,http://assets.myntassets.com/assets/images/3736591/2018/3/12/11520838448383-na-9891520838448187-1.jpg,37.0,3.891891891891892,"White floral flared maxi skirt, has a slip-on closureThe model (height 5'8'') is wearing a size 28Viscose rayon<br>Dry clean","{'Add-Ons': 'NA', 'Body Shape ID': '324,333,424', 'Body or Garment Size': 'To-Fit Denotes Body Measurements in', 'Closure': 'Slip-On', 'Fabric': 'Viscose Rayon', 'Fabric Type': 'NA', 'Hemline': 'Flared', 'Knit or Woven': 'Knitted', 'Length': 'Maxi', 'Lining': 'NA', 'Main Trend': 'Floral Print', 'Occasion': 'Casual', 'Pattern': 'Printed', 'Print or Pattern Type': 'Floral', 'Slit Detail': 'No Slit', 'Sub Trend': 'Floral Print', 'Surface Styling': 'Gathered or Pleated', 'Transparency': 'Opaque', 'Type': 'Flared', 'Wash Care': 'Dry Clean'}"
10466124,Clora Creation Women Black Solid Flared Maxi Skirt,Maxi Skirt,1299.0,Black,Clora Creation,http://assets.myntassets.com/assets/images/10466124/2022/4/12/53316094-1e7d-40d3-a72f-b70836b0b6051649749425087-Clora-Creation-Women-Black-Solid-Flared-Maxi-Skirt-146164974-1.jpg,23.0,3.652173913043478,"<p> Black solid flared maxi skirt, has an elasticated waistband, drawstring closure, flared hem</p><p>Viscose rayon<br>Hand wash</p><p>The model (height 5'8"") is wearing a size S</p>","{'Add-Ons': 'NA', 'Body Shape ID': '324,333,424', 'Body or Garment Size': 'Garment Measurements in', 'Closure': 'Drawstring', 'Fabric': 'Viscose Rayon', 'Fabric Type': 'NA', 'Hemline': 'Flared', 'Knit or Woven': 'Woven', 'Length': 'Maxi', 'Lining': 'NA', 'Main Trend': 'New Basics', 'Occasion': 'Ethnic', 'Pattern': 'Solid', 'Print or Pattern Type': 'Solid', 'Slit Detail': 'NA', 'Sub Trend': 'New Basics', 'Surface Styling': 'NA', 'Transparency': 'Opaque', 'Type': 'Flared', 'Wash Care': 'Hand Wash'}"
1921005,SOUNDARYA Red & Black Printed Wrap-Around Maxi Pure Cotton Skirt,"Maxi Skirt, Pure Cotton Skirt, Wrap-Around Skirt, Printed Skirt",999.0,Red,SOUNDARYA,http://assets.myntassets.com/assets/images/1921005/2017/5/24/11495610546079-SOUNDARYA-Women-Skirts-3591495610545738-1.jpg,,,"Red, black and white woven printed wrap-around maxi skirt, has a waistband with a tie-up detail, a flared hem<br>Disclaimer: The product might have slight shade variation and print variation as all our products are hand dyed and printedThe model (height 5'8"") is wearing a size onesizeCotton<br>Hand-wash","{'Add-Ons': 'NA', 'Body Shape ID': '324,333,424', 'Body or Garment Size': 'To-Fit Denotes Body Measurements in', 'Character': 'NA', 'Closure': 'Drawstring', 'Fabric': 'Pure Cotton', 'Fabric Type': 'NA', 'Hemline': 'Flared', 'Knit or Woven': 'Woven', 'Length': 'Maxi', 'Lining': 'NA', 'Main Trend': 'Ethnic Print', 'Number of Pockets': 'NA', 'Occasion': 'Ethnic', 'Pattern': 'Printed', 'Print or Pattern Type': 'Self Design', 'Slit Detail': 'No Slit', 'Sub Trend': 'Ethnic Print', 'Surface Styling': 'Tie-Ups', 'Sustainable': 'Regular', 'Transparency': 'Opaque', 'Type': 'Wrap', 'Wash Care': 'Hand Wash'}"
1921003,SOUNDARYA Pink & White Ethnic Print Wrap-Around Maxi Pure Cotton Skirt,Maxi Skirt,999.0,Pink,SOUNDARYA,http://assets.myntassets.com/assets/images/1921003/2017/5/24/11495615488059-SOUNDARYA-Pink--White-Ethnic-Print-Wrap-Around-Maxi-Skirt-5631495615487838-1.jpg,26.0,4.307692307692308,"Pink and white ethnic print wrap-around maxi skirt, has a waistband with tie-up detail, a flared hem<br>Disclaimer: Please note that the product might vary slightly in shade and pattern as these are hand dyed and printed.Cotton<br>Hand-washThe model (height 5'8"") is wearing a onesize","{'Add-Ons': 'NA', 'Body Shape ID': '324,333,424', 'Body or Garment Size': 'To-Fit Denotes Body Measurements in', 'Character': 'NA', 'Closure': 'Drawstring', 'Fabric': 'Pure Cotton', 'Fabric Type': 'NA', 'Hemline': 'Flared', 'Knit or Woven': 'Woven', 'Length': 'Maxi', 'Lining': 'NA', 'Main Trend': 'Ethnic Print', 'Number of Pockets': 'NA', 'Occasion': 'Casual', 'Pattern': 'Printed', 'Print or Pattern Type': 'Self Design', 'Slit Detail': 'No Slit', 'Sub Trend': 'Ethnic Print', 'Surface Styling': 'Tie-Ups', 'Sustainable': 'Regular', 'Transparency': 'Opaque', 'Type': 'Wrap', 'Wash Care': 'Hand Wash'}"
8027069,Peppermint Girls Peach-Coloured Straight Solid Palazzos,Palazzos,1099.0,Peach,Peppermint,http://assets.myntassets.com/assets/images/8027069/2018/12/8/56b503e3-ee64-48ad-9d3e-546c8edc4e591544254530320-Peppermint-Girls-Palazzos-2011544254529789-1.jpg,15.0,4.0,A pair of peach-coloured solid woven straight palazzosPolyester<br>Machine-wash,"{'Body or Garment Size': 'To-Fit Denotes Body Measurements in', 'Closure': 'Zip', 'Fabric': 'Polyester', 'Fabric 2': 'NA', 'Fit': 'Straight', 'Length': 'Regular', 'Number of Pockets': 'NA', 'Occasion': 'Western', 'Pattern': 'Solid', 'Print or Pattern Type': 'Solid', 'Transparency': 'Opaque', 'Waistband': 'Partially Elasticated', 'Wash Care': 'Machine Wash', 'Weave Type': 'Woven'}"
10770516,Peppermint Girls Mauve Solid Straight Palazzos,Palazzos,899.0,Mauve,Peppermint,http://assets.myntassets.com/assets/images/10770516/2019/12/4/bcf2e37c-7c68-4145-a5cd-67a5f22396ba1575436974838-Peppermint-Girls-Mauve-Solid-Straight-Palazzos-7771575436973-1.jpg,21.0,4.142857142857143,"A pair of Mauve solid woven straight fit Palazzos, opaque, 2 pockets, and zip closure100% Polyester<br>Machine-wash","{'Body or Garment Size': 'To-Fit Denotes Body Measurements in', 'Closure': 'Zip', 'Fabric': 'Polyester', 'Fabric 2': 'NA', 'Fit': 'Straight', 'Length': 'Cropped', 'Number of Pockets': '2', 'Occasion': 'Western', 'Pattern': 'Solid', 'Print or Pattern Type': 'Solid', 'Transparency': 'Opaque', 'Waistband': 'Partially Elasticated', 'Wash Care': 'Machine Wash', 'Weave Type': 'Woven'}"
9783983,Clora Creation Women Black & Gold-Coloured Printed Flared Palazzos,Palazzos,1399.0,Black,Clora Creation,http://assets.myntassets.com/assets/images/9783983/2019/7/12/73dd6a9f-0eba-486f-8d02-5c81cdb66ec71562913433127-Clora-Creation-Women-Black--Gold-Coloured-Printed-Flared-Pal-1.jpg,11.0,3.090909090909091,"A pair of black and gold-toned printed woven flared palazzos, A pair of navy blue printed woven flared palazzos, has a drawstring closureViscose rayon<br>Hand-washThe model (height 5'8"") is wearing a size 28","{'Body or Garment Size': 'To-Fit Denotes Body Measurements in', 'Closure': 'Drawstring', 'Fabric': 'Viscose Rayon', 'Fabric 2': 'NA', 'Fit': 'Flared', 'Length': 'Regular', 'Number of Pockets': 'NA', 'Occasion': 'Ethnic', 'Pattern': 'Printed', 'Print or Pattern Type': 'Ethnic Motifs', 'Transparency': 'Opaque', 'Waistband': 'NA', 'Wash Care': 'Hand Wash', 'Weave Type': 'Woven'}"
10428820,Clora Creation Women Navy Blue Embroidered Chikankari Wide Leg Palazzos,Palazzos,1199.0,Navy Blue,Clora Creation,http://assets.myntassets.com/assets/images/productimage/2019/8/10/ffb886a9-f7a7-4436-9bd4-3eeff2825d091565385189680-1.jpg,20.0,4.3,"A pair of Navy Blue embroidered woven wide leg fit Palazzos, opaque, and drawstring closureThe model (height 5'8"") is wearing a size 28Viscose Rayon<br> Hand-wash","{'Body or Garment Size': 'To-Fit Denotes Body Measurements in', 'Closure': 'Drawstring', 'Fabric': 'Viscose Rayon', 'Fabric 2': 'NA', 'Fit': 'Wide Leg', 'Length': 'Regular', 'Number of Pockets': 'NA', 'Occasion': 'Ethnic', 'Pattern': 'Embroidered', 'Print or Pattern Type': 'Floral', 'Transparency': 'Opaque', 'Waistband': 'Elasticated', 'Wash Care': 'Hand Wash', 'Weave Type': 'Woven'}"
9856533,Clora Creation Women Red Solid Flared Palazzos,Palazzos,999.0,Red,Clora Creation,http://assets.myntassets.com/assets/images/9856533/2019/5/30/ba8a2582-44d4-4a91-a814-dec74bf8b9e71559210765472-Clora-Red-Solid-Rayon-Sharara-9531559210763960-1.jpg,34.0,4.0588235294117645,"A pair of red solid woven flared palazzosThe model (height 5'8"") is wearing a size 28Viscose Rayon<br> Hand-wash","{'Body or Garment Size': 'To-Fit Denotes Body Measurements in', 'Closure': 'Drawstring', 'Fabric': 'Viscose Rayon', 'Fabric 2': 'NA', 'Fit': 'Flared', 'Length': 'Regular', 'Number of Pockets': '2', 'Occasion': 'Western', 'Pattern': 'Solid', 'Print or Pattern Type': 'Solid', 'Transparency': 'Opaque', 'Waistband': 'NA', 'Wash Care': 'Hand Wash', 'Weave Type': 'Woven'}"
1973711,Sera Women Rust Orange Wide Leg Solid Palazzos,Palazzos,1699.0,Rust,Sera,http://assets.myntassets.com/assets/images/1973711/2017/10/18/11508311558979-Sera-Women-Maroon-Wide-Leg-Solid-Palazzos-7361508311558714-1.jpg,,,"A pair of rust orange solid woven wide leg mid-rise palazzos, opaque, has two pockets, a zip fly with a button closure, and a partially elasticated waistbandMid-rise<br>The model (height 5'8"") is wearing a size 28100% polyester<br>Hand-wash cold","{'Body or Garment Size': 'To-Fit Denotes Body Measurements in', 'Closure': 'Button', 'Fabric': 'Polyester', 'Fabric 2': 'NA', 'Fit': 'Wide Leg', 'Length': 'Regular', 'Number of Pockets': '2', 'Occasion': 'Western', 'Pattern': 'Solid', 'Print or Pattern Type': 'Solid', 'Transparency': 'Opaque', 'Waistband': 'Partially Elasticated', 'Wash Care': 'Hand Wash', 'Weave Type': 'Woven'}"
10428818,Clora Creation Women Off-White Solid Wide Leg Palazzos,Palazzos,1099.0,Off White,Clora Creation,http://assets.myntassets.com/assets/images/productimage/2019/8/10/e8aa83bd-5e42-4ec1-9008-b63658f3fa931565386276324-1.jpg,7.0,4.0,"A pair of Off-white solid woven wide leg fit Palazzos, opaque, 2 pockets, and slip-on closureThe model (height 5'8"") is wearing a size 28Viscose Rayon<br>Hand-wash","{'Body or Garment Size': 'To-Fit Denotes Body Measurements in', 'Closure': 'Slip-On', 'Fabric': 'Viscose Rayon', 'Fabric 2': 'NA', 'Fit': 'Wide Leg', 'Length': 'Regular', 'Number of Pockets': '2', 'Occasion': 'Western', 'Pattern': 'Solid', 'Print or Pattern Type': 'Solid', 'Transparency': 'Opaque', 'Waistband': 'Partially Elasticated', 'Wash Care': 'Hand Wash', 'Weave Type': 'Woven'}"
10770464,Peppermint Girls Off-White Printed Straight Palazzos,Palazzos,1199.0,Off White,Peppermint,http://assets.myntassets.com/assets/images/10770464/2019/12/4/cd10c94f-a04f-4107-949c-d51e2b651fc51575441200723-Peppermint-Girls-Off-White-Printed-Straight-Palazzos-1441575-1.jpg,10.0,4.0,"A pair of off-white printed woven straight fit Palazzos, opaque, and button closure, has 2 pocketsPolyester<br> Machine-wash","{'Body or Garment Size': 'To-Fit Denotes Body Measurements in', 'Closure': 'Button', 'Fabric': 'Polyester', 'Fabric 2': 'NA', 'Fit': 'Straight', 'Length': 'Regular', 'Number of Pockets': '2', 'Occasion': 'Western', 'Pattern': 'Printed', 'Print or Pattern Type': 'Polka Dots', 'Transparency': 'Opaque', 'Waistband': 'NA', 'Wash Care': 'Machine Wash', 'Weave Type': 'Woven'}"
10675122,Aayna Women Off-White Solid Flared Palazzos,Palazzos,1300.0,Off White,Aayna,http://assets.myntassets.com/assets/images/productimage/2019/9/17/97bb872d-e12c-49fc-9365-51f28f332ef51568723257062-1.jpg,41.0,4.658536585365853,"A pair of Off-white solid woven flared fit Palazzos, opaque, and slip-on closureThe model (height 5'8"") is wearing a size 28100% Cotton<br>Machine-wash","{'Body or Garment Size': 'To-Fit Denotes Body Measurements in', 'Closure': 'Slip-On', 'Fabric': 'Cotton', 'Fabric 2': 'NA', 'Fit': 'Flared', 'Length': 'Cropped', 'Number of Pockets': 'NA', 'Occasion': 'Ethnic', 'Pattern': 'Solid', 'Print or Pattern Type': 'Solid', 'Transparency': 'Opaque', 'Waistband': 'Elasticated', 'Wash Care': 'Machine Wash', 'Weave Type': 'Woven'}"
10833874,Indibelle Women Lime Green Striped Straight Palazzos,Palazzos,1299.0,Lime Green,Indibelle,http://assets.myntassets.com/assets/images/productimage/2019/10/18/dbceae9e-4fe4-44ee-89e4-2f5fb93792171571355418745-1.jpg,,,"Lime green&nbsp; striped woven straight fit palazzos, has an elasticated waistbandCotton<br>Hand-washThe model (height 5'8"") is wearing a size 28","{'Body or Garment Size': 'To-Fit Denotes Body Measurements in', 'Closure': 'Slip-On', 'Fabric': 'Cotton', 'Fabric 2': 'NA', 'Fit': 'Straight', 'Length': 'Regular', 'Number of Pockets': 'NA', 'Occasion': 'Western', 'Pattern': 'Striped', 'Print or Pattern Type': 'Striped', 'Transparency': 'Opaque', 'Waistband': 'Partially Elasticated', 'Wash Care': 'Hand Wash', 'Weave Type': 'Woven'}"
3452046,Sera Blue & Peach-Coloured Printed Playsuit,Playsuit,1494.0,Blue,Sera,http://assets.myntassets.com/assets/images/3452046/2018/3/12/11520845393470-Sera-Womens-Western-wera-Multi-color-printed-playsuit-8181520845393282-1.jpg,1011.0,4.150346191889218,"Blue printed playsuit, has shoulder straps, sleevelessPolyester<br> Machine-washThe model (height 5'8'') is wearing a size S","{'Body or Garment Size': 'To-Fit Denotes Body Measurements in', 'Fabric': 'Polyester', 'Neck': 'Shoulder Straps', 'Number of Pockets': 'NA', 'Pattern': 'Printed', 'Sleeve Length': 'Sleeveless', 'Surface Styling': 'Gathers', 'Type': 'Playsuit', 'Wash Care': 'Machine Wash'}"
2046268,SASSAFRAS Navy Blue Solid Basic Jumpsuit,Jumpsuit,2199.0,Navy Blue,SASSAFRAS,http://assets.myntassets.com/assets/images/2046268/2019/4/17/0ee3bd9c-0544-4632-a12b-807ce6709ea01555481704202-SASSAFRAS-Navy-Blue-Solid-Basic-Jumpsuit-3691555481703639-1.jpg,419.0,4.3031026252983295,"Navy blue solid basic jumpsuit with lace detail, has a round neck, sleeveless, 2 pockets, concealed zip closureThe model (height 5'8'') is wearing a size SPolyester<br>Machine-wash","{'Body or Garment Size': 'To-Fit Denotes Body Measurements in', 'Closure': 'Concealed Zip', 'Fabric': 'Polyester', 'Neck': 'V-Neck', 'Number of Pockets': '2', 'Pattern': 'Solid', 'Sleeve Length': 'Sleeveless', 'Surface Styling': 'Lace Inserts', 'Type': 'Basic Jumpsuit', 'Wash Care': 'Machine Wash'}"
10783332,Sera Women Off-White & Pink Printed Basic Jumpsuit,Jumpsuit,1894.0,Off White,Sera,http://assets.myntassets.com/assets/images/productimage/2019/10/9/19e28e57-c9dd-4bb0-9d00-3e0c7c19930d1570620835730-1.jpg,459.0,3.991285403050109,"Off-White printed basic jumpsuit, has a round neck, sleevelessThe model (height 5'8'') is wearing a size SViscose Rayon<br> Machine-wash","{'Body or Garment Size': 'To-Fit Denotes Body Measurements in', 'Closure': 'Concealed Zip', 'Fabric': 'Viscose Rayon', 'Neck': 'Round Neck', 'Number of Pockets': 'NA', 'Pattern': 'Printed', 'Sleeve Length': 'Sleeveless', 'Surface Styling': 'Gathers', 'Type': 'Basic Jumpsuit', 'Wash Care': 'Machine Wash'}"
10308583,SASSAFRAS Women Maroon Solid Basic Jumpsuit,Jumpsuit,1499.0,Maroon,SASSAFRAS,http://assets.myntassets.com/assets/images/10308583/2019/7/29/8c2cb068-5deb-42bc-879d-194cfb7838801564395449672-SASSAFRAS-Women-Jumpsuit-1481564395448748-1.jpg,3026.0,4.048248512888302,"Maroon solid basic jumpsuit wit waist tie-ups and gathered detail, has a round neck, three-quarter sleeves, hook and eye with concealed zip closure, two pocketsPolyester<br>Dry-cleanThe model (height 5'8'') is wearing a size S","{'Body or Garment Size': 'To-Fit Denotes Body Measurements in', 'Closure': 'Hook', 'Fabric': 'Polyester', 'Neck': 'Round Neck', 'Number of Pockets': '2', 'Pattern': 'Solid', 'Sleeve Length': 'Three-Quarter Sleeves', 'Surface Styling': 'Waist Tie-Ups', 'Type': 'Basic Jumpsuit', 'Wash Care': 'Dry Clean'}"
10764066,Tokyo Talkies Women Black & White Striped Basic Jumpsuit,Jumpsuit,1899.0,Black,Tokyo Talkies,http://assets.myntassets.com/assets/images/productimage/2019/10/2/253565b3-3a22-431c-87aa-15e4adeba6891569959237353-1.jpg,402.0,4.325870646766169,"Black striped basic jumpsuit, has a round neck, sleeveless<br>Comes with a matching beltPolyester<br>Machine-washThe model (height 5'8'') is wearing a size S","{'Body or Garment Size': 'To-Fit Denotes Body Measurements in', 'Closure': 'Concealed Zip', 'Fabric': 'Polyester', 'Neck': 'Round Neck', 'Number of Pockets': '2', 'Pattern': 'Striped', 'Sleeve Length': 'Sleeveless', 'Surface Styling': 'NA', 'Type': 'Basic Jumpsuit', 'Wash Care': 'Machine Wash'}"
10579784,Deewa Women Mustard Yellow & Blue Printed Cold-Shoulder Basic Jumpsuit,Jumpsuit,1699.0,Mustard,Deewa,http://assets.myntassets.com/assets/images/10579784/2019/9/11/0b6e5e79-c94f-43f9-9802-af7ad454d1711568193468498-Deewa-Printed-Jumpsuit-1581568193467754-1.jpg,2801.0,3.946804712602642,"Mustard yellow and blue printed cold-shoulder basic jumpsuit with gathered detail, has a mandarin collar, three-quarter sleeves, button closures, two pocketsThe model (height 5'8'') is wearing a size SPolyester<br>Machine-wash","{'Body or Garment Size': 'Garment Measurements in', 'Closure': 'Concealed Zip', 'Fabric': 'Polyester', 'Neck': 'Mandarin Collar', 'Number of Pockets': '2', 'Pattern': 'Printed', 'Sleeve Length': 'Three-Quarter Sleeves', 'Surface Styling': 'Gathers', 'Type': 'Basic Jumpsuit', 'Wash Care': 'Machine Wash'}"
8643083,SASSAFRAS Mustard Yellow & Green Floral Print Wrap Playsuit,Playsuit,1499.0,Mustard,SASSAFRAS,http://assets.myntassets.com/assets/images/8643083/2019/2/5/1f6477a3-8c13-4958-ae78-713d9755aba51549345487146-SASSAFRAS-Mustard--Green-Printed-Playsuit-9021549345486159-1.jpg,259.0,4.351351351351352,"Mustard yellow and green floral print wrap playsuit, has a V-neck, single button closure, three-quarter sleeves, attached liningThe model (height 5'8'') is wearing a size S100% polyester<br>Machine-wash","{'Body or Garment Size': 'To-Fit Denotes Body Measurements in', 'Closure': 'NA', 'Fabric': 'Polyester', 'Neck': 'V-Neck', 'Number of Pockets': 'NA', 'Pattern': 'Printed', 'Sleeve Length': 'Three-Quarter Sleeves', 'Surface Styling': 'Gathers', 'Type': 'Playsuit', 'Wash Care': 'Machine Wash'}"
10418102,Uptownie Lite Women Maroon Solid Ruffled Relaxed Fit Basic Jumpsuit,Jumpsuit,2299.0,Maroon,Uptownie Lite,http://assets.myntassets.com/assets/images/10418102/2019/8/16/b0c4744e-fd39-402d-98f4-2ecfcba4ceb71565933573981-Uptownie-Lite-Womens-Crepe-Solid-Relaxed-Fit-Full-Length-Jum-1.jpg,102.0,4.333333333333333,"Maroon solid woven basic jumpsuit, has a round neck, short ruffled sleeves, concealed zip closure on the backThe model (height 5'8'') is wearing a size SPoly crepe<br>Machine-wash","{'Body or Garment Size': 'Garment Measurements in', 'Closure': 'Concealed Zip', 'Fabric': 'Polyester', 'Neck': 'Round Neck', 'Number of Pockets': 'NA', 'Pattern': 'Solid', 'Sleeve Length': 'Short Sleeves', 'Surface Styling': 'Ruffles', 'Type': 'Basic Jumpsuit', 'Wash Care': 'Machine Wash'}"
10167139,Karmic Vision Women Blue Solid Playsuit,Playsuit,2299.0,Blue,Karmic Vision,http://assets.myntassets.com/assets/images/10167139/2019/7/10/d583fcf1-c2a6-4847-b1ca-ae972c4d72b81562755684494-Karmic-Vision-Women-Jumpsuit-5661562755683102-1.jpg,36.0,4.0,"Blue solid playsuit, has a V-neck, three-quarter sleeves, two pockets, concealed zip closure on the back, an attached liningThe model (height 5'8'') is wearing a size SPoly georgette<br>Machine-wash","{'Closure': 'Concealed Zip', 'Fabric': 'Polyester', 'Neck': 'V-Neck', 'Number of Pockets': '2', 'Pattern': 'Solid', 'Sleeve Length': 'Three-Quarter Sleeves', 'Surface Styling': 'NA', 'Type': 'Playsuit', 'Wash Care': 'Machine Wash'}"
8694599,STREET 9 Green & Black Colourblocked Cold Shoulder Basic Jumpsuit,Jumpsuit,1999.0,Green,STREET 9,http://assets.myntassets.com/assets/images/8694599/2019/2/26/f497be88-e24f-4752-96e9-3aab0e8a43c21551181296804-STREET-9-Green--Black-Colourblocked-Basic-Jumpsuit-457155118-1.jpg,258.0,3.992248062015504,"Green and black colourblocked basic jumpsuit, has a V-neck, short sleeves with layered and cold shoulder detail, concealed zip closure, 2 pocketsThe model (height 5'8'') is wearing a size SPolyester<br>Machine-wash","{'Body or Garment Size': 'To-Fit Denotes Body Measurements in', 'Closure': 'Concealed Zip', 'Fabric': 'Polyester', 'Neck': 'V-Neck', 'Number of Pockets': '2', 'Pattern': 'Colourblocked', 'Sleeve Length': 'Short Sleeves', 'Surface Styling': 'Layered', 'Type': 'Basic Jumpsuit', 'Wash Care': 'Machine Wash'}"
10142341,MANGO Women Blue Solid Layered Playsuit,Playsuit,3590.0,Blue,MANGO,http://assets.myntassets.com/assets/images/10142341/2019/7/24/ce75300b-c5ea-452d-93c9-87fb519a44b91563967667599-MANGO-Women-Jumpsuit-8341563967665729-1.jpg,7.0,4.0,"Blue solid layered&nbsp;playsuit, has a notched lapel collar, short extended sleeves, conealed zip<br>Comes with a beltThe model (height 5'8'') is wearing a size SPolyester<br>Machine-wash","{'Closure': 'Concealed Zip', 'Fabric': 'Polyester', 'Neck': 'Shirt Collar', 'Number of Pockets': '2', 'Pattern': 'Solid', 'Sleeve Length': 'Short Sleeves', 'Surface Styling': 'NA', 'Type': 'Playsuit', 'Wash Care': 'Machine Wash'}"
9252077,RARE Navy Blue & White Striped Cropped Bardot Jumpsuit,Jumpsuit,2099.0,Navy Blue,RARE,http://assets.myntassets.com/assets/images/9252077/2019/4/23/7edb7e6f-39c9-42f8-8339-ba1b826428a41556010554399-RARE-Women-Jumpsuit-1881556010553351-1.jpg,100.0,4.4,"Navy blue and white striped crop basic jumpsuit with ruffle detail, has a shoulder straps, short sleeves, two pockets, concealed zip closurePolyester<br>Hand-washThe model (height 5'8'') is wearing a size S","{'Body or Garment Size': 'To-Fit Denotes Body Measurements in', 'Closure': 'Concealed Zip', 'Fabric': 'Polyester', 'Neck': 'Shoulder Straps', 'Number of Pockets': '2', 'Pattern': 'Striped', 'Sleeve Length': 'Short Sleeves', 'Surface Styling': 'Ruffles', 'Type': 'Basic Jumpsuit', 'Wash Care': 'Hand Wash'}"
1944288,Belle Fille Black Wide-Leg Jumpsuit with Ruffle Detail,Jumpsuit,1799.0,Black,Belle Fille,http://assets.myntassets.com/assets/images/1944288/2017/6/2/11496395757364-Belle-Fille-Women-Jumpsuit-9961496395757205-1.jpg,19.0,2.894736842105264,"Black woven jumpsuit with ruffled detail, has a round neck, short sleeves, straight legs, a keyhole with a button closure on the backSynthetic<br>Hand-washThe model (height 5'8"") is wearing a size S","{'Body or Garment Size': 'Garment Measurements in', 'Fabric': 'Polyester', 'Neck': 'Round Neck', 'Number of Pockets': 'NA', 'Pattern': 'Solid', 'Sleeve Length': 'Sleeveless', 'Surface Styling': 'Ruffles', 'Type': 'Culotte Jumpsuit', 'Wash Care': 'Hand Wash'}"
450220,Cottinfab Women Black Jumpsuit,Jumpsuit,2049.0,Black,Cottinfab,http://assets.myntassets.com/v1/images/style/properties/Cottinfab-Women-Black-Jumpsuit_32f37a7221fa82c205891a3f564a0033_images.jpg,27.0,4.25925925925926,"<p>Black woven jumpsuit, has a mandarin collar, short button placket, sleeveless, elasticated waistband with drawstring  fastening, a scoop pocket on either side of the waist, tapered leg</p><p>65% viscose, 35% cotton<br>Machine wash cold</p>The model (height 6') is wearing a size S","{'Body or Garment Size': 'To-Fit Denotes Body Measurements in', 'Fabric': 'Viscose Rayon', 'Neck': 'Mandarin Collar', 'Pattern': 'Solid', 'Sleeve Length': 'Sleeveless'}"
9192465,StyleStone Blue Solid Capri Jumpsuit,Capri Jumpsuit,1899.0,Blue,StyleStone,http://assets.myntassets.com/assets/images/productimage/2019/4/4/71ebce69-b200-4972-99bf-0cd9cf2b41ad1554335913421-1.jpg,,,"Blue solid capri jumpsuit, has a V-neck, sleevelessThe model (height 5'8'') is wearing a size SCotton<br> Machine-wash","{'Body or Garment Size': 'To-Fit Denotes Body Measurements in', 'Closure': 'NA', 'Fabric': 'Cotton', 'Neck': 'V-Neck', 'Number of Pockets': 'NA', 'Pattern': 'Solid', 'Sleeve Length': 'Sleeveless', 'Surface Styling': 'Ruffles', 'Type': 'Capri Jumpsuit', 'Wash Care': 'Machine Wash'}"
2266784,Miss Chase Green Off-Shoulder Layered Jumpsuit,Jumpsuit,2399.0,Green,Miss Chase,http://assets.myntassets.com/assets/images/2266784/2017/11/21/11511244263219-Go-Your-Own-Way-Bardot-Jumpsuit-8931511244263048-1.jpg,13.0,4.923076923076923,"<p>Green layered jumpsuit, has an off-shoulder with an elasticated detail, short sleeves, and belt loops<br>Comes with a fabric belt</p><p>The model (height 5'8"") is wearing a size S</p>100% polyester<br>Hand-wash","{'Body or Garment Size': 'Garment Measurements in', 'Closure': 'NA', 'Fabric': 'Polyester', 'Neck': 'Off-Shoulder', 'Number of Pockets': 'NA', 'Pattern': 'Solid', 'Sleeve Length': 'Sleeveless', 'Surface Styling': 'Ruffles', 'Type': 'Culotte Jumpsuit', 'Wash Care': 'Hand Wash'}"
2867580,Zastraa Black & White Striped Culotte Jumpsuit,"Jumpsuit, Culotte",3299.0,Black,Zastraa,http://assets.myntassets.com/assets/images/2867580/2018/3/5/11520247667564-Zastraa-Black--White-Striped-Long-Jumpsuit-6451520247667372-1.jpg,,,"Black striped culotte jumpsuit, has a shoulder straps, sleeveless<br>Manufacturer Info:&nbsp;MONARK CREATION INDIA, B-72, DR. AMBEDKAR COLONY, STREET NO. 9, 1st FLOOR, CHATTARPUR, NEW DELHI-110074<br>Country Of Origin: IndiaPolyester <br> Machine-washThe model (height 5'8'') is wearing a size S","{'Body or Garment Size': 'To-Fit Denotes Body Measurements in', 'Fabric': 'Polyester', 'Neck': 'Shoulder Straps', 'Number of Pockets': '2', 'Pattern': 'Striped', 'Sleeve Length': 'Sleeveless', 'Surface Styling': 'NA', 'Type': 'Culotte Jumpsuit', 'Wash Care': 'Machine Wash'}"
2456766,Miss Chase Women Blue Solid Bardot Culotte Jumpsuit,"Jumpsuit, Culotte",2399.0,Blue,Miss Chase,http://assets.myntassets.com/assets/images/2456766/2018/2/6/11517912029560-Go-Your-Own-Way-Bardot-Jumpsuit-5141517912029318-1.jpg,,,"Blue solid culotte jumpsuit, has a off-shoulder, sleeveless, has tie-up detail at the waistPolyester<br> Hand-washThe model (height 5'8'') is wearing a size S","{'Body or Garment Size': 'To-Fit Denotes Body Measurements in', 'Fabric': 'Polyester', 'Neck': 'Off-Shoulder', 'Number of Pockets': 'NA', 'Pattern': 'Solid', 'Sleeve Length': 'Sleeveless', 'Surface Styling': 'Ruffles', 'Type': 'Culotte Jumpsuit', 'Wash Care': 'Hand Wash'}"
9327525,Belle Fille Burgundy & Pink Printed Strapless Basic Jumpsuit,Jumpsuit,1999.0,Burgundy,Belle Fille,http://assets.myntassets.com/assets/images/9327525/2019/5/23/248c44ab-d463-4af1-b88e-f26ce23cf7401558599188306-Belle-Fille-Women-Jumpsuit-3691558599186804-1.jpg,2.0,3.5,"Burgundy, pink and blue printed basic jumpsuit with Waist Tie-Ups, strapless, two pocketsThe model (height 5'8'') is wearing a size SPolyester<br> Machine-wash","{'Body or Garment Size': 'Garment Measurements in', 'Closure': 'NA', 'Fabric': 'Polyester', 'Neck': 'Off-Shoulder', 'Number of Pockets': '2', 'Pattern': 'Printed', 'Sleeve Length': 'Sleeveless', 'Surface Styling': 'Waist Tie-Ups', 'Type': 'Basic Jumpsuit', 'Wash Care': 'Machine Wash'}"
7846795,Cottinfab Navy Blue Layered Cold-Shoulder Jumpsuit,Jumpsuit,1999.0,Navy Blue,Cottinfab,http://assets.myntassets.com/assets/images/7846795/2018/12/1/e29583ac-9de3-46c3-9740-b61af8b43ff51543640675716-Cottinfab-Women-Jumpsuit-521543640675630-1.jpg,32.0,3.75,"Navy blue cold-shoulder layered jumpsuit with tie-up detail and ruffles, has a tie-up neck, short cold-shoulder sleeves, concealed zip closureThe model (height 5'8'') is wearing a size SPolyester<br>Machine-wash","{'Body or Garment Size': 'To-Fit Denotes Body Measurements in', 'Closure': 'Concealed Zip', 'Fabric': 'Polyester', 'Neck': 'Round Neck', 'Number of Pockets': '2', 'Pattern': 'Solid', 'Sleeve Length': 'Short Sleeves', 'Surface Styling': 'Waist Tie-Ups', 'Type': 'Basic Jumpsuit', 'Wash Care': 'Machine Wash'}"
10053731,Cottinfab Women Burgundy Solid Basic Jumpsuit,Jumpsuit,2149.0,Burgundy,Cottinfab,http://assets.myntassets.com/assets/images/10053731/2019/8/7/fe71a9b4-48d0-42ca-9adb-10d04c8b72591565178550006-Cottinfab-Women-Jumpsuit-9031565178547903-1.jpg,224.0,4.107142857142857,"Burgundy solid basic jumpsuit, has a shirt collar, three-quarter roll-up sleeves, button closure, waist tie-up, two pocketsPolyester<br> Machine-washThe model (height 5'8'') is wearing a size S","{'Body or Garment Size': 'To-Fit Denotes Body Measurements in', 'Closure': 'Button', 'Fabric': 'Polyester', 'Neck': 'Shirt Collar', 'Number of Pockets': '2', 'Pattern': 'Solid', 'Sleeve Length': 'Three-Quarter Sleeves', 'Surface Styling': 'Waist Tie-Ups', 'Type': 'Basic Jumpsuit', 'Wash Care': 'Machine Wash'}"
9921271,QUIERO Women Blue Front-Open Ruffled Jumpsuit,Jumpsuit,2369.0,Blue,QUIERO,http://assets.myntassets.com/assets/images/9921271/2019/6/12/18ccda42-faa2-48f2-b708-31d276f4a0ba1560322928267-QUIERO-Women-Jumpsuit-51560322927064-1.jpg,,,"Blue solid basic jumpsuit with ruffle detail, has shoulder straps, sleeveless, two pockets, button closureThe model (height 5'8'') is wearing a size S100% polyester<br>Machine-wash","{'Body or Garment Size': 'Garment Measurements in', 'Closure': 'Button', 'Fabric': 'Polyester', 'Neck': 'Shoulder Straps', 'Number of Pockets': '2', 'Pattern': 'Solid', 'Sleeve Length': 'Sleeveless', 'Surface Styling': 'Ruffles', 'Type': 'Basic Jumpsuit', 'Wash Care': 'Machine Wash'}"
10604592,SASSAFRAS Women Burgundy Solid Basic Jumpsuit,Jumpsuit,2299.0,Burgundy,SASSAFRAS,http://assets.myntassets.com/assets/images/10604592/2019/9/11/e95c3cb6-dfd9-4a90-a4ea-0b99fdde2bcf1568205201947-SASSAFRAS-Women-Jumpsuit-8231568205200319-1.jpg,62.0,3.9193548387096775,"Burgundy solid basic jumpsuit with layered detail, has a round neck, sleeveless, concealed zip closureThe model (height 5'8'') is wearing a size S86% polyester, 14% spandex<br>Dry-clean","{'Body or Garment Size': 'To-Fit Denotes Body Measurements in', 'Closure': 'Concealed Zip', 'Fabric': 'Polyester', 'Neck': 'Round Neck', 'Number of Pockets': 'NA', 'Pattern': 'Solid', 'Sleeve Length': 'Sleeveless', 'Surface Styling': 'Layered', 'Type': 'Basic Jumpsuit', 'Wash Care': 'Dry Clean'}"
2373800,StyleStone Black Self Design Capri Jumpsuit,"Jumpsuit, Capri",2199.0,Black,StyleStone,http://assets.myntassets.com/assets/images/2373800/2018/1/3/11514979607779-StyleStone-Womens-Black-Star-Lace-Jumpsuit-7571514979607650-1.jpg,5.0,3.2,"Black self design capri jumpsuit, has a round neck, three-quarter sleevesViscose Rayon <br> Machine-washThe model (height 5'8'') is wearing a size S","{'Body or Garment Size': 'To-Fit Denotes Body Measurements in', 'Fabric': 'Viscose Rayon', 'Neck': 'Round Neck', 'Number of Pockets': '2', 'Pattern': 'Self Design', 'Sleeve Length': 'Three-Quarter Sleeves', 'Surface Styling': 'Lace Inserts', 'Type': 'Capri Jumpsuit', 'Wash Care': 'Machine Wash'}"
7416910,Cation Nude-Coloured Floral Print Playsuit,Playsuit,1999.0,Nude,Cation,http://assets.myntassets.com/assets/images/7416910/2018/9/17/2dae301a-cff0-41cf-99ec-d3797446eb3f1537174766999-NA-5931537174766732-1.jpg,,,"Nude-coloured printed playsuit, has shoulder straps, 2 pocketsNylon<br>Machine-washThe model (height 5'8'') is wearing a size S","{'Body or Garment Size': 'Garment Measurements in', 'Closure': 'NA', 'Fabric': 'Nylon', 'Neck': 'Shoulder Straps', 'Number of Pockets': '2', 'Pattern': 'Printed', 'Sleeve Length': 'Sleeveless', 'Surface Styling': 'Gathers', 'Type': 'Playsuit', 'Wash Care': 'Machine Wash'}"
7846811,Cottinfab Black Solid Cold-Shoulder Jumpsuit,Jumpsuit,1999.0,Black,Cottinfab,http://assets.myntassets.com/assets/images/7846811/2018/12/1/c6bf3c88-a674-4f04-9fe6-6dbb8c40bec01543640701585-Cottinfab-Women-Jumpsuit-2001543640700712-1.jpg,44.0,3.840909090909091,"Black solid basic jumpsuit, has a round neck, three-quarter cold-shoulder sleeves, two pockets, concealed zip closureThe model (height 5'8'') is wearing a size SPolyester<br>Machine-wash","{'Body or Garment Size': 'To-Fit Denotes Body Measurements in', 'Closure': 'Concealed Zip', 'Fabric': 'Polyester', 'Neck': 'Round Neck', 'Number of Pockets': '2', 'Pattern': 'Solid', 'Sleeve Length': 'Three-Quarter Sleeves', 'Surface Styling': 'Waist Tie-Ups', 'Type': 'Basic Jumpsuit', 'Wash Care': 'Machine Wash'}"
6619731,Kazo Women Blue Yulie Jumpsuit,Jumpsuit,3490.0,Blue,Kazo,http://assets.myntassets.com/assets/images/6619731/2018/6/4/771d648d-925a-4272-abea-2609091c7d1b1528093014662-NA-5881528093013384-1.jpg,9.0,2.888888888888889,"Blue Yulie Jumpsuit,has off-shoulder with front flap.&nbsp;<br>Long wide bottoms<p>Dry Clean</p>The model (height 5'8"") is wearing a size S","{'Body or Garment Size': 'To-Fit Denotes Body Measurements in', 'Fabric': 'Polyester', 'Neck': 'Off-Shoulder', 'Number of Pockets': 'NA', 'Pattern': 'Solid', 'Sleeve Length': 'Short Sleeves', 'Surface Styling': 'NA', 'Type': 'Basic Jumpsuit', 'Wash Care': 'Dry Clean'}"
10658338,Cottinfab Women Off-White & Blue Striped Culotte Jumpsuit,"Jumpsuit, Culotte",3199.0,Off White,Cottinfab,http://assets.myntassets.com/assets/images/10658338/2019/9/26/28a7b3a2-1f3d-423c-ba92-b28ea48010b11569471392590-Cottinfab-Womens-Striped-Jumpsuit-7681569471391910-1.jpg,13.0,3.692307692307693,"Off-White and blue striped culotte jumpsuit with Waist Tie-Ups, has a V-neck, short sleeves, two pockets, concealed zip closureCotton<br> Machine-washThe model (height 5'8'') is wearing a size S","{'Body or Garment Size': 'To-Fit Denotes Body Measurements in', 'Closure': 'Concealed Zip', 'Fabric': 'Cotton', 'Neck': 'V-Neck', 'Number of Pockets': '2', 'Pattern': 'Striped', 'Sleeve Length': 'Short Sleeves', 'Surface Styling': 'Waist Tie-Ups', 'Type': 'Culotte Jumpsuit', 'Wash Care': 'Machine Wash'}"
10075721,SASSAFRAS Brown & Black Printed Basic Jumpsuit,Jumpsuit,1599.0,Brown,SASSAFRAS,http://assets.myntassets.com/assets/images/productimage/2019/6/19/93fe646e-f4fb-4239-90a6-3c05ad6ff8261560923392046-1.jpg,10.0,4.1,"Brown printed basic jumpsuit, has a round neck, sleevelessThe model (height 5'8'') is wearing a size SPolyester<br> Machine-wash","{'Closure': 'Zip', 'Fabric': 'Polyester', 'Neck': 'Round Neck', 'Number of Pockets': 'NA', 'Pattern': 'Printed', 'Sleeve Length': 'Sleeveless', 'Surface Styling': 'NA', 'Type': 'Basic Jumpsuit', 'Wash Care': 'Machine Wash'}"
1319900,Desi Weavess Mustard Orange & Red Printed Jodhpuri Jumpsuit,Jumpsuit,1890.0,Mustard,Desi Weavess,http://assets.myntassets.com/assets/images/1319900/2016/11/7/11478518936242-Desi-Weaves-Mustard-Orange--Red-Printed-Jodhpuri-Jumpsuit-4201478518935971-1.jpg,7.0,4.714285714285714,"Mustard orange and red&nbsp;printed Jodhpuri jumpsuit, has a shirt collar with a V-neckline, sleeveless, a half button placket with a&nbsp;short zip closure, two insert pockets,&nbsp;harem pants with pleated detail, drawstring fastenings towards the hemsCotton<br>Hand-washThe model (height 5'7'') is wearing a size S","{'Body or Garment Size': 'To-Fit Denotes Body Measurements in', 'Fabric': 'Cotton', 'Neck': 'Shirt Collar', 'Pattern': 'Printed', 'Sleeve Length': 'Sleeveless', 'Wash Care': 'Hand Wash'}"
5649869,SASSAFRAS Brown Solid Layered Basic Jumpsuit,Jumpsuit,1899.0,Brown,SASSAFRAS,http://assets.myntassets.com/assets/images/5649869/2018/5/10/fa5e6686-52cb-41ec-be11-6928816d05171525955737106-SASSAFRAS-Brown-Solid-Basic-Jumpsuit-6741525955736987-1.jpg,,,"Brown solid layered basic jumpsuit, has an off-shoulder&nbsp;neck, short sleeves, concealed zip closureThe model (height 5'8'') is wearing a size SRayon<br>Hand-wash","{'Body or Garment Size': 'To-Fit Denotes Body Measurements in', 'Fabric': 'Viscose Rayon', 'Neck': 'Off-Shoulder', 'Number of Pockets': 'NA', 'Pattern': 'Solid', 'Sleeve Length': 'Short Sleeves', 'Surface Styling': 'Embroidered', 'Type': 'Basic Jumpsuit', 'Wash Care': 'Hand Wash'}"
10856238,SASSAFRAS Women Red & White Striped Culotte Jumpsuit,"Jumpsuit, Culotte",1799.0,Red,SASSAFRAS,http://assets.myntassets.com/assets/images/10856238/2019/11/6/5a2d8075-0347-4bff-a60b-1b3f4dcccf451573043107112-SASSAFRAS-Women-Jumpsuit-2701573043104071-1.jpg,219.0,3.872146118721461,"Red and white striped culotte jumpsuit with cut-out and pleated detail, has a round neck, sleeveless, concealed zip closureThe model (height 5'8'') is wearing a size S80% polyester, 20% cotton<br>Machine-wash","{'Body or Garment Size': 'To-Fit Denotes Body Measurements in', 'Closure': 'Concealed Zip', 'Fabric': 'Polyester', 'Neck': 'Round Neck', 'Number of Pockets': 'NA', 'Pattern': 'Striped', 'Sleeve Length': 'Sleeveless', 'Surface Styling': 'NA', 'Type': 'Culotte Jumpsuit', 'Wash Care': 'Machine Wash'}"
9038769,Latin Quarters Navy Blue Solid Basic Jumpsuit,Jumpsuit,2790.0,Navy Blue,Latin Quarters,http://assets.myntassets.com/assets/images/productimage/2019/3/14/3a23efeb-364c-42fd-81bc-4924fb966c511552547217007-1.jpg,11.0,3.8181818181818175,"Navy Blue solid basic jumpsuit, has a mandarin collar, short sleeves, four pocketsPolyester<br> Machine-washThe model (height 5'8'') is wearing a size S","{'Body or Garment Size': 'To-Fit Denotes Body Measurements in', 'Closure': 'Button', 'Fabric': 'Polyester', 'Neck': 'Mandarin Collar', 'Number of Pockets': 'NA', 'Pattern': 'Solid', 'Sleeve Length': 'Short Sleeves', 'Surface Styling': 'NA', 'Type': 'Basic Jumpsuit', 'Wash Care': 'Machine Wash'}"
10265479,Miss Chase Women Green Solid Basic Jumpsuit,Jumpsuit,2499.0,Green,Miss Chase,http://assets.myntassets.com/assets/images/10265479/2019/9/13/faaaf6fa-4097-468b-96b3-9e10c33f5e401568363235514-Miss-Chase-Women-Jumpsuit-6801568363234889-1.jpg,,,"Green solid basic jumpsuit, has a round neck, sleeveless100% Polyester<br>Hand-washThe model (height 5'8'') is wearing a size S","{'Body or Garment Size': 'To-Fit Denotes Body Measurements in', 'Closure': 'Zip', 'Fabric': 'Polyester', 'Neck': 'Round Neck', 'Number of Pockets': 'NA', 'Pattern': 'Solid', 'Sleeve Length': 'Sleeveless', 'Surface Styling': 'Layered', 'Type': 'Basic Jumpsuit', 'Wash Care': 'Hand Wash'}"
6703814,Sera Women Black Solid Wrap Styled Back Playsuit,Playsuit,1494.0,Black,Sera,http://assets.myntassets.com/assets/images/6703814/2020/11/6/6d2e8236-1c28-4ca7-8dfc-b67d7120d6321604638746244-Sera-Women-Jumpsuit-7131604638744524-1.jpg,,,"Black solid wrap playsuit with styled back, has a v-neck, three-quarter tie-up sleevesMaterial: Cotton<br>  Machine WashThe model (height 5'8'') is wearing a size S","{'Body or Garment Size': 'To-Fit Denotes Body Measurements in', 'Closure': 'Button', 'Fabric': 'Cotton', 'Neck': 'V-Neck', 'Number of Pockets': 'NA', 'Occasion': 'Casual', 'Pattern': 'Solid', 'Sleeve Length': 'Three-Quarter Sleeves', 'Surface Styling': 'Lace Inserts', 'Sustainable': 'Regular', 'Type': 'Playsuit', 'Wash Care': 'Machine Wash'}"
10662670,Mast & Harbour Women Pink Solid Basic Jumpsuit,Jumpsuit,1899.0,Pink,Mast & Harbour,http://assets.myntassets.com/assets/images/10662670/2020/1/20/89bd58e9-1530-4107-a9c2-214c4cf864371579513698987-Mast--Harbour-Women-Pink-Solid-Basic-Jumpsuit-46615795136972-1.jpg,58.0,3.810344827586207,"Pink solid basic jumpsuit with waist tie-ups, has a round neck, short sleeves, 2 pocketsThe model (height 5'8'') is wearing a size SMaterial: 100% Polyester<br>Machine Wash","{'Body or Garment Size': 'To-Fit Denotes Body Measurements in', 'Closure': 'Concealed Zip', 'Fabric': 'Polyester', 'Neck': 'Round Neck', 'Number of Pockets': '2', 'Pattern': 'Solid', 'Sleeve Length': 'Short Sleeves', 'Surface Styling': 'Waist Tie-Ups', 'Type': 'Basic Jumpsuit', 'Wash Care': 'Machine Wash'}"
10771682,QUIERO Women Olive Green & Black Colourblocked Halter Neck Jumpsuit,Jumpsuit,2382.0,Olive,QUIERO,http://assets.myntassets.com/assets/images/10771682/2019/10/17/f4d9fe8d-e2e2-408d-ad7c-1ed560ce4ef81571297810698-QUIERO-Women-Jumpsuit-7911571297809092-1.jpg,14.0,4.357142857142857,"Olive Green and black colourblocked basic jumpsuit with embellished detail, has a round neck, sleeveless, two pockets, button and concealed zip closurePolyester<br>Machine-washThe model (height 5'8'') is wearing a size S","{'Body or Garment Size': 'Garment Measurements in', 'Closure': 'Concealed Zip', 'Fabric': 'Polyester', 'Neck': 'Round Neck', 'Number of Pockets': '2', 'Pattern': 'Colourblocked', 'Sleeve Length': 'Sleeveless', 'Surface Styling': 'Embellished', 'Type': 'Basic Jumpsuit', 'Wash Care': 'Machine Wash'}"
9684085,FOREVER 21 Women Blue & White Printed Playsuit,Playsuit,1049.0,Blue,FOREVER 21,http://assets.myntassets.com/assets/images/9684085/2019/7/30/2cd24e13-fa77-476a-81c8-4e4a9092aa361564461736752-FOREVER-21-Women-Jumpsuit-3791564461734755-1.jpg,11.0,4.818181818181818,"Blue and white printed playsuit, has a off-shoulder, sleeveless100% cotton<br>Machine-washThe model (height 5'8'') is wearing a size M","{'Body or Garment Size': 'To-Fit Denotes Body Measurements in', 'Closure': 'NA', 'Fabric': 'Cotton', 'Neck': 'Off-Shoulder', 'Number of Pockets': 'NA', 'Pattern': 'Printed', 'Sleeve Length': 'Sleeveless', 'Surface Styling': 'Gathers', 'Type': 'Playsuit', 'Wash Care': 'Machine Wash'}"
8351027,AMERICAN EAGLE OUTFITTERS Blue Solid Chambray Culotte Jumpsuit,"Jumpsuit, Culotte",3999.0,Blue,AMERICAN EAGLE OUTFITTERS,http://assets.myntassets.com/assets/images/8351027/2019/1/31/32a857f1-9b14-4592-a4d4-1fe9b29f78551548932185143-AMERICAN-EAGLE-OUTFITTERS-Women-Dresses-101548932184086-1.jpg,5.0,3.8,"Blue solid chambray culotte jumpsuit, has a shoulder straps, sleeveless<br>comes with a fabric belt.<br>The model (height 5'8'') is wearing a size S100% cotton<br>Machine-wash","{'Body or Garment Size': 'Garment Measurements in', 'Closure': 'Zip', 'Fabric': 'Cotton', 'Neck': 'Shoulder Straps', 'Number of Pockets': '2', 'Pattern': 'Solid', 'Sleeve Length': 'Sleeveless', 'Surface Styling': 'Waist Tie-Ups', 'Type': 'Culotte Jumpsuit', 'Wash Care': 'Machine Wash'}"
9070213,SASSAFRAS Beige & Pink Printed Culotte Jumpsuit,"Jumpsuit, Culotte",1899.0,Beige,SASSAFRAS,http://assets.myntassets.com/assets/images/9070213/2019/3/29/384870fd-9c61-4d4b-9a38-b7d9ea3d11ce1553862915992-SASSAFRAS-Women-Jumpsuit-991553862914192-1.jpg,10.0,3.1,"Beige printed culotte jumpsuit, has shoulder straps, sleeveless, concealed zip closure<br>Comes with a beltThe model (height 5'8'') is wearing a size SCotton<br>Machine-wash","{'Body or Garment Size': 'To-Fit Denotes Body Measurements in', 'Closure': 'Concealed Zip', 'Fabric': 'Cotton', 'Neck': 'Shoulder Straps', 'Number of Pockets': 'NA', 'Pattern': 'Printed', 'Sleeve Length': 'Sleeveless', 'Surface Styling': 'NA', 'Type': 'Culotte Jumpsuit', 'Wash Care': 'Machine Wash'}"
9552937,SASSAFRAS Blue Solid Denim Styled Back Culotte Jumpsuit,"Jumpsuit, Culotte",2299.0,Blue,SASSAFRAS,http://assets.myntassets.com/assets/images/9552937/2019/5/13/c8aaccbc-6058-4fa9-884c-97c8777e63821557722819448-SASSAFRAS-Women-Jumpsuit-2121557722818073-1.jpg,,,"Blue solid denim culotte jumpsuit, has a round neck, sleeveless, styled backThe model (height 5'8'') is wearing a size SCotton<br>Machine-wash","{'Body or Garment Size': 'To-Fit Denotes Body Measurements in', 'Closure': 'Button', 'Fabric': 'Cotton', 'Neck': 'Round Neck', 'Number of Pockets': 'NA', 'Pattern': 'Solid', 'Sleeve Length': 'Sleeveless', 'Surface Styling': 'NA', 'Type': 'Culotte Jumpsuit', 'Wash Care': 'Machine Wash'}"
10339121,FabAlley Women Yellow & Black Striped Basic Jumpsuit,Jumpsuit,2200.0,Yellow,FabAlley,http://assets.myntassets.com/assets/images/productimage/2019/7/26/d8532082-9bc5-48b2-af11-da4c5200e53f1564133049769-1.jpg,138.0,4.442028985507246,"Yellow and black striped basic jumpsuit with waist tie-ups, has shoulder straps, sleeveless, two pocketsThe model (height 5'8'') is wearing a size S100% Polyester<br>Machine-wash","{'Body or Garment Size': 'To-Fit Denotes Body Measurements in', 'Closure': 'Concealed Zip', 'Fabric': 'Polyester', 'Neck': 'Shoulder Straps', 'Number of Pockets': '2', 'Pattern': 'Striped', 'Sleeve Length': 'Sleeveless', 'Surface Styling': 'Waist Tie-Ups', 'Type': 'Basic Jumpsuit', 'Wash Care': 'Machine Wash'}"
10053735,Cottinfab Women Pink & Black Printed Layered Playsuit,Playsuit,1899.0,Pink,Cottinfab,http://assets.myntassets.com/assets/images/10053735/2019/8/7/e84a4340-475a-4df7-ac6d-17916f735eed1565178081037-Cottinfab-Women-Jumpsuit-1571565178079748-1.jpg,39.0,3.9743589743589753,"Pink and black printed layered playsuit with waist tie-ups, has a round neck, short sleeves, two pockets, concealed zip closurePolyester<br>Machine-washThe model (height 5'8'') is wearing a size S","{'Body or Garment Size': 'To-Fit Denotes Body Measurements in', 'Closure': 'Concealed Zip', 'Fabric': 'Polyester', 'Neck': 'Round Neck', 'Number of Pockets': '2', 'Pattern': 'Printed', 'Sleeve Length': 'Short Sleeves', 'Surface Styling': 'Waist Tie-Ups', 'Type': 'Playsuit', 'Wash Care': 'Machine Wash'}"
10724858,Globus Women Blue & Red Printed Basic Jumpsuit,Jumpsuit,1699.0,Blue,Globus,http://assets.myntassets.com/assets/images/10724858/2019/11/16/ba280b59-b968-422b-9fd3-f3ae561d5b091573886401351-Globus-Women-Jumpsuit-3201573886397574-1.jpg,22.0,3.909090909090909,"Blue printed basic jumpsuit, has a round neck, short sleevesThe model (height 5'8'') is wearing a size SCotton<br>Hand-wash","{'Body or Garment Size': 'To-Fit Denotes Body Measurements in', 'Closure': 'NA', 'Fabric': 'Cotton', 'Neck': 'Round Neck', 'Number of Pockets': 'NA', 'Pattern': 'Printed', 'Sleeve Length': 'Short Sleeves', 'Surface Styling': 'NA', 'Type': 'Basic Jumpsuit', 'Wash Care': 'Hand Wash'}"
9409495,20Dresses Teal Blue Linen Solid Basic Jumpsuit,Jumpsuit,3395.0,Teal,20Dresses,http://assets.myntassets.com/assets/images/9409495/2019/5/10/a9dfe28a-b40c-44e0-a3e4-e9b817f8dfea1557477939164-20Dresses-Teal-Blue-Linen-Solid-Basic-Jumpsuit-2361557477937-1.jpg,,,"Teal blue linen solid basic jumpsuit, has a V-neck, sleeveless, two pockets, button closure, zip flyLinen<br> Machine-washThe model (height 5'8'') is wearing a size S","{'Body or Garment Size': 'To-Fit Denotes Body Measurements in', 'Closure': 'Button', 'Fabric': 'Linen', 'Neck': 'V-Neck', 'Number of Pockets': '2', 'Pattern': 'Solid', 'Sleeve Length': 'Sleeveless', 'Surface Styling': 'NA', 'Type': 'Basic Jumpsuit', 'Wash Care': 'Machine Wash'}"
10212839,Cation Women Red Solid Basic Jumpsuit,Jumpsuit,3299.0,Red,Cation,http://assets.myntassets.com/assets/images/productimage/2019/7/6/d5c0c0b8-c173-4dfc-8d23-9ea59af505481562369192550-1.jpg,,,"Red solid basic jumpsuit, has a off-shoulder, sleevelessCotton<br> Dry-cleanThe model (height 5'8'') is wearing a size S","{'Closure': 'Concealed Zip', 'Fabric': 'Cotton', 'Neck': 'Off-Shoulder', 'Number of Pockets': 'NA', 'Pattern': 'Solid', 'Sleeve Length': 'Sleeveless', 'Surface Styling': 'NA', 'Type': 'Basic Jumpsuit', 'Wash Care': 'Dry Clean'}"
10311963,Vero Moda Women Grey Solid Basic Jumpsuit,Jumpsuit,3299.0,Grey,Vero Moda,http://assets.myntassets.com/assets/images/10311963/2019/9/24/0cd6f002-b594-43eb-886e-96e233a0a5391569326279419-VM-JUTE-SL-JUMPS-Medium-Grey-Melange-L-6361569326278174-1.jpg,19.0,3.842105263157895,"Grey solid basic jumpsuit, has a round neck, sleeveless<br>Comes with a belt100% polyester<br>Machine-washThe model (height 5'8'') is wearing a size S","{'Body or Garment Size': 'Garment Measurements in', 'Closure': 'NA', 'Fabric': 'Polyester', 'Neck': 'Round Neck', 'Number of Pockets': 'NA', 'Pattern': 'Solid', 'Sleeve Length': 'Sleeveless', 'Surface Styling': 'NA', 'Type': 'Basic Jumpsuit', 'Wash Care': 'Machine Wash'}"
10627950,Magnetic Designs Women Blue Solid Basic Jumpsuit,Jumpsuit,1799.0,Blue,Magnetic Designs,http://assets.myntassets.com/assets/images/productimage/2019/9/12/578a81c8-aa89-435a-91bb-ae860d5c4c9e1568236852642-1.jpg,6.0,4.166666666666667,"Blue solid basic jumpsuit, has a V-neck, sleevelessThe model (height 5'8'') is wearing a size SPolyester<br>Hand-wash","{'Body or Garment Size': 'To-Fit Denotes Body Measurements in', 'Closure': 'Zip', 'Fabric': 'Polyester', 'Neck': 'V-Neck', 'Number of Pockets': '2', 'Pattern': 'Solid', 'Sleeve Length': 'Sleeveless', 'Surface Styling': 'NA', 'Type': 'Basic Jumpsuit', 'Wash Care': 'Hand Wash'}"
10302529,FABNEST Women Grey Solid Basic Jumpsuit,Jumpsuit,2250.0,Grey,FABNEST,http://assets.myntassets.com/assets/images/10302529/2019/11/14/4e72cb19-dd34-430c-a3f5-89a8b133435a1573714748355-FABNEST-Women-Grey-Solid-Basic-Jumpsuit-1951573714747220-1.jpg,10.0,3.6,"Grey solid basic jumpsuit, has a round neck, three-quarter sleevesThe model (height 5'8'') is wearing a size SViscose Rayon<br>Machine-wash","{'Body or Garment Size': 'Garment Measurements in', 'Closure': 'Button', 'Fabric': 'Viscose Rayon', 'Neck': 'Round Neck', 'Number of Pockets': '2', 'Pattern': 'Solid', 'Sleeve Length': 'Three-Quarter Sleeves', 'Surface Styling': 'Waist Tie-Ups', 'Type': 'Basic Jumpsuit', 'Wash Care': 'Machine Wash'}"
9684427,FOREVER 21 Women Rust & Black Printed Playsuit,Playsuit,1799.0,Rust,FOREVER 21,http://assets.myntassets.com/assets/images/9684427/2019/6/19/429283cf-01b4-4a25-a9ce-f55d0f3b731f1560939549600-FOREVER-21-Women-Jumpsuit-8551560939548210-1.jpg,7.0,4.142857142857143,"Rust printed playsuit, has a round neck, sleeveless100% Viscose Rayon<br>Hand-washThe model (height 5'8'') is wearing a size S","{'Body or Garment Size': 'To-Fit Denotes Body Measurements in', 'Closure': 'Button', 'Fabric': 'Viscose Rayon', 'Neck': 'Round Neck', 'Number of Pockets': 'NA', 'Pattern': 'Printed', 'Sleeve Length': 'Sleeveless', 'Surface Styling': 'Gathers', 'Type': 'Playsuit', 'Wash Care': 'Hand Wash'}"
9190449,Vero Moda Coral Pink Solid Basic Jumpsuit,Jumpsuit,4999.0,Coral,Vero Moda,http://assets.myntassets.com/assets/images/9190449/2019/6/21/c1b2a20b-c865-4b94-ab44-5d461523a5a71561098660835-Vero-Moda-Coral-Pink-Solid-Basic-Jumpsuit-2781561098659297-1.jpg,16.0,4.375,"Coral solid basic jumpsuit, has a round neck, sleeveless100% Polyester<br>Hand-washThe model (height 5'8'') is wearing a size S","{'Body or Garment Size': 'Garment Measurements in', 'Closure': 'Concealed Zip', 'Fabric': 'Polyester', 'Neck': 'Round Neck', 'Number of Pockets': 'NA', 'Pattern': 'Solid', 'Sleeve Length': 'Sleeveless', 'Surface Styling': 'NA', 'Type': 'Basic Jumpsuit', 'Wash Care': 'Hand Wash'}"
9070459,SASSAFRAS Blue & White Striped Culotte Jumpsuit,"Jumpsuit, Culotte",1799.0,Blue,SASSAFRAS,http://assets.myntassets.com/assets/images/9070459/2019/4/1/7fc7338d-68d1-431b-bb0c-bcc9a2d756391554109673132-SASSAFRAS-Women-Jumpsuit-9061554109671522-1.jpg,5.0,4.2,"Blue and white striped culotte jumpsuit with cut-out detail, has a round neck, sleeveless80% polyester, 20% cotton<br>Machine-washThe model (height 5'8'') is wearing a size S","{'Body or Garment Size': 'To-Fit Denotes Body Measurements in', 'Closure': 'Concealed Zip', 'Fabric': 'Polyester', 'Neck': 'Round Neck', 'Number of Pockets': 'NA', 'Pattern': 'Striped', 'Sleeve Length': 'Sleeveless', 'Surface Styling': 'NA', 'Type': 'Culotte Jumpsuit', 'Wash Care': 'Machine Wash'}"
3808725,Kazo Grey Solid Basic Jumpsuit,Jumpsuit,3490.0,Grey,Kazo,http://assets.myntassets.com/assets/images/3808725/2018/6/12/83591989-b322-4f15-869f-500f9b5292f41528786716291-Waist32Inch-4351528786715993-1.jpg,,,"Grey solid basic jumpsuit, has a round neck, short sleevesPolyester<br>Machine-washThe model (height 5'8'') is wearing a size S","{'Body or Garment Size': 'To-Fit Denotes Body Measurements in', 'Fabric': 'Polyester', 'Neck': 'Round Neck', 'Number of Pockets': 'NA', 'Pattern': 'Solid', 'Sleeve Length': 'Short Sleeves', 'Surface Styling': 'Ruffles', 'Type': 'Basic Jumpsuit', 'Wash Care': 'Machine Wash'}"
5389019,STREET 9 Women Blue Striped Culotte Jumpsuit,Culotte Jumpsuit,1799.0,Blue,STREET 9,http://assets.myntassets.com/assets/images/5389019/2018/4/20/11524219459094-STREET-9-Blue-Striped-Culotte-Jumpsuit-8991524219458862-1.jpg,,,"Blue striped culotte jumpsuit, has a round neck, sleevelessThe model (height 5'8'') is wearing a size SCotton <br> Machine-wash","{'Body or Garment Size': 'To-Fit Denotes Body Measurements in', 'Fabric': 'Cotton', 'Neck': 'Round Neck', 'Number of Pockets': '2', 'Pattern': 'Striped', 'Sleeve Length': 'Sleeveless', 'Surface Styling': 'Gathers', 'Type': 'Culotte Jumpsuit', 'Wash Care': 'Machine Wash'}"
10383261,Cotton On Women - Woven Tash Strappy Jumpsuit,Jumpsuit,4899.0,Navy Blue,COTTON ON,http://assets.myntassets.com/assets/images/productimage/2019/8/5/420c74c2-cc05-468a-be82-2b6c75c905b11565000300232-1.jpg,,,"Black solid basic jumpsuit, has a scoop neck, sleevelessViscose Rayon<br>Machine-washThe model (height 5'8'') is wearing a size S","{'Body or Garment Size': 'Garment Measurements in', 'Closure': 'NA', 'Fabric': 'Viscose Rayon', 'Neck': 'Scoop Neck', 'Number of Pockets': 'NA', 'Pattern': 'Printed', 'Sleeve Length': 'Sleeveless', 'Surface Styling': 'NA', 'Type': 'Basic Jumpsuit', 'Wash Care': 'Machine Wash'}"
10260343,QUIERO Women Dusty Pink Pleated Yoke Jumpsuit,Jumpsuit,3155.0,Pink,QUIERO,http://assets.myntassets.com/assets/images/10260343/2020/9/28/bb5b87f7-5131-49f6-a986-3bbf1e2638571601290087150-QUIERO-Women-Dusty-Pink-Pleated-Yoke-Jumpsuit-17016012900860-1.jpg,290.0,4.293103448275862,"Dusty pink solid basic jumpsuit with pleats and embellished detail, has a keyhole neck, sleeveless, button and loop and concealed zip closure, two pockets,&nbsp;has a lining50% polyester, 50% cotton<br>Machine-washThe model (height 5'8'') is wearing a size S","{'Body or Garment Size': 'Garment Measurements in', 'Closure': 'Concealed Zip', 'Fabric': 'Polyester', 'Neck': 'Round Neck', 'Number of Pockets': '2', 'Pattern': 'Solid', 'Sleeve Length': 'Sleeveless', 'Surface Styling': 'Embellished', 'Type': 'Basic Jumpsuit', 'Wash Care': 'Machine Wash'}"
9621145,Gipsy Women Teal Green Printed Culotte Jumpsuit,Culotte Jumpsuit,2795.0,Teal,Gipsy,http://assets.myntassets.com/assets/images/productimage/2019/5/10/c2bbff8e-5478-432a-bc88-c3b853a081371557464859824-1.jpg,5.0,3.6,"Teal printed basic jumpsuit with waist tie-ups, has a mandarin collar, sleeveless, concealed zip closure, two pocketsThe model (height 5'8'') is wearing a size S100% polyester<br>Hand-wash","{'Body or Garment Size': 'To-Fit Denotes Body Measurements in', 'Closure': 'Concealed Zip', 'Fabric': 'Polyester', 'Neck': 'Mandarin Collar', 'Number of Pockets': '2', 'Pattern': 'Printed', 'Sleeve Length': 'Short Sleeves', 'Surface Styling': 'NA', 'Type': 'Culotte Jumpsuit', 'Wash Care': 'Hand Wash'}"
9837565,Oxolloxo Black & Orange Floral Printed Culotte Jumpsuit,"Jumpsuit, Culotte",1749.0,Black,Oxolloxo,http://assets.myntassets.com/assets/images/productimage/2019/5/28/bf082f4c-11da-4003-b034-7045febec2ff1559025133422-1.jpg,12.0,4.5,"Black and pink printed culotte jumpsuit, has a V-neck, short sleevesThe model (height 5'8'') is wearing a size SPolyester<br>Machine-wash","{'Body or Garment Size': 'Garment Measurements in', 'Closure': 'NA', 'Fabric': 'Polyester', 'Neck': 'V-Neck', 'Number of Pockets': 'NA', 'Pattern': 'Printed', 'Sleeve Length': 'Short Sleeves', 'Surface Styling': 'NA', 'Type': 'Culotte Jumpsuit', 'Wash Care': 'Machine Wash'}"
2472444,SASSAFRAS Blue & White Striped Culotte Jumpsuit,"Jumpsuit, Culotte",1799.0,Blue,SASSAFRAS,http://assets.myntassets.com/assets/images/2472444/2018/2/15/11518694101923-SASSAFRAS-Blue--White-Striped-Culotte-Jumpsuit-6601518694101751-1.jpg,6.0,4.666666666666667,"Blue and white striped culotte jumpsuit with pleats and cut-out detail, has a round neck, sleeveless, concealed zip closureThe model (height 5'8'') is wearing a size SCotton<br> Hand-wash","{'Body or Garment Size': 'To-Fit Denotes Body Measurements in', 'Fabric': 'Cotton', 'Neck': 'Round Neck', 'Number of Pockets': 'NA', 'Pattern': 'Striped', 'Sleeve Length': 'Sleeveless', 'Surface Styling': 'Gathers', 'Type': 'Culotte Jumpsuit', 'Wash Care': 'Hand Wash'}"
10212833,Cation Women White Solid Basic Jumpsuit,Jumpsuit,3299.0,White,Cation,http://assets.myntassets.com/assets/images/10212833/2019/7/8/2863643c-2d8c-4bc3-81b9-c9e8039e83451562564218638-Cation-white-4031562564217254-1.jpg,21.0,3.6666666666666665,"White solid basic jumpsuit, has a off-shoulder, sleevelessCotton<br> Dry-cleanThe model (height 5'8'') is wearing a size S","{'Body or Garment Size': 'Garment Measurements in', 'Closure': 'Concealed Zip', 'Fabric': 'Cotton', 'Neck': 'Off-Shoulder', 'Number of Pockets': 'NA', 'Pattern': 'Solid', 'Sleeve Length': 'Sleeveless', 'Surface Styling': 'NA', 'Type': 'Basic Jumpsuit', 'Wash Care': 'Dry Clean'}"
10800224,MABISH by Sonal Jain Women Coffee Brown & Golden Drop Crotch Checked Basic Jumpsuit,Jumpsuit,2998.0,Coffee Brown,MABISH by Sonal Jain,http://assets.myntassets.com/assets/images/10800224/2019/10/23/13b21353-2b9a-44b9-abe0-36fa848c06cc1571813611053-MABISH-by-Sonal-Jain-Women-Jumpsuit-4151571813609229-1.jpg,23.0,4.0,"Coffee brown and golden drop crotch checked basic jumpsuit, has a V-neck, short sleeves, concealed zip closure<br>Comes with a beltThe model (height 5'8'') is wearing a size SViscose rayon<br>Dry-clean","{'Body or Garment Size': 'To-Fit Denotes Body Measurements in', 'Closure': 'Concealed Zip', 'Fabric': 'Viscose Rayon', 'Neck': 'V-Neck', 'Number of Pockets': 'NA', 'Pattern': 'Checked', 'Sleeve Length': 'Short Sleeves', 'Surface Styling': 'Gathers', 'Type': 'Basic Jumpsuit', 'Wash Care': 'Dry Clean'}"
8856651,QUIERO Women Wine-Coloured Flared Leg Jumpsuit,Jumpsuit,1985.0,Maroon,QUIERO,http://assets.myntassets.com/assets/images/8856651/2019/2/22/2d14eb55-699f-4060-a451-b339f1bc7cd41550831684669-QUIERO-Women-Jumpsuit-8021550831683504-1.jpg,53.0,4.60377358490566,"Wine-coloured solid basic jumpsuit, has a V-neck, short cold-shoulder sleeves, two pockets, concealed zip closure on the back<br>Comes with a fabric beltThe model (height 5'8'') is wearing a size S100% polyester<br>Machine-wash","{'Body or Garment Size': 'Garment Measurements in', 'Closure': 'Concealed Zip', 'Fabric': 'Polyester', 'Neck': 'V-Neck', 'Number of Pockets': '2', 'Pattern': 'Solid', 'Sleeve Length': 'Short Sleeves', 'Surface Styling': 'NA', 'Type': 'Basic Jumpsuit', 'Wash Care': 'Machine Wash'}"
5389041,STREET 9 Women White & Black Checked Culotte Jumpsuit,Culotte Jumpsuit,1899.0,White,STREET 9,http://assets.myntassets.com/assets/images/5389041/2018/4/20/11524219473683-STREET-9-White--Black-Checked-Culotte-Jumpsuit-511524219473492-1.jpg,105.0,4.171428571428572,"White and black checked culotte jumpsuit with waist tie-up detail, has a shoulder straps, sleevelessCotton <br> Machine-washThe model (height 5'8'') is wearing a size S","{'Body or Garment Size': 'To-Fit Denotes Body Measurements in', 'Fabric': 'Cotton', 'Neck': 'Shoulder Straps', 'Number of Pockets': '2', 'Pattern': 'Checked', 'Sleeve Length': 'Sleeveless', 'Surface Styling': 'NA', 'Type': 'Culotte Jumpsuit', 'Wash Care': 'Machine Wash'}"
6711916,Globus Black Solid Playsuit,Playsuit,1699.0,Black,Globus,http://assets.myntassets.com/assets/images/6711916/2018/6/12/f79412d8-5efa-4023-8e4f-53fd97f3ee9f1528803950375-s-7871528803950192-1.jpg,,,"Black solid playsuit, has a V-neck, short sleeves100% polyester<br>Machine-washThe model (height 5'8'') is wearing a size S","{'Body or Garment Size': 'To-Fit Denotes Body Measurements in', 'Fabric': 'Polyester', 'Neck': 'V-Neck', 'Number of Pockets': 'NA', 'Pattern': 'Solid', 'Sleeve Length': 'Short Sleeves', 'Surface Styling': 'NA', 'Type': 'Playsuit', 'Wash Care': 'Machine Wash'}"
9340267,STREET 9 Black & White Striped Cropped Basic Jumpsuit,Jumpsuit,2499.0,Black,STREET 9,http://assets.myntassets.com/assets/images/9340267/2019/4/23/b1d75a95-5b90-485b-9953-71894fe31fb21556006789884-STREET-9-Black--White-Printed-Basic-Jumpsuit-690155600678839-1.jpg,37.0,3.783783783783784,"Black and white striped basic jumpsuit, has a V-neck, sleeveless, concealed zip closure, 2 pockets<br>Comes with a beltPolyester<br>Machine-washThe model (height 5'8'') is wearing a size S","{'Body or Garment Size': 'To-Fit Denotes Body Measurements in', 'Closure': 'Concealed Zip', 'Fabric': 'Polyester', 'Neck': 'V-Neck', 'Number of Pockets': '2', 'Pattern': 'Striped', 'Sleeve Length': 'Sleeveless', 'Surface Styling': 'NA', 'Type': 'Basic Jumpsuit', 'Wash Care': 'Machine Wash'}"
8164211,Forever New Mustard Yellow Solid Basic Jumpsuit,Jumpsuit,7000.0,Mustard,Forever New,http://assets.myntassets.com/assets/images/8164211/2018/12/11/d43cde25-4c5b-4f83-b319-f5259a2a2e6c1544507345832-Forever-New-yellow-4411544507344779-1.jpg,,,"Mustard yellow solid basic jumpsuit, has a halter neck, sleeveless55% Linen, 45% Viscose<br>Machine-washThe model (height 5'8'') is wearing a size S","{'Body or Garment Size': 'To-Fit Denotes Body Measurements in', 'Closure': 'Concealed Zip', 'Fabric': 'Linen', 'Neck': 'Halter Neck', 'Number of Pockets': 'NA', 'Pattern': 'Solid', 'Sleeve Length': 'Sleeveless', 'Surface Styling': 'NA', 'Type': 'Basic Jumpsuit', 'Wash Care': 'Machine Wash'}"
6608527,STREET 9 Black Embroidered Playsuit,Playsuit,1699.0,Black,STREET 9,http://assets.myntassets.com/assets/images/6608527/2018/6/6/b579c470-bdf1-4e88-bd87-6f22c96b17ca1528272363147-STREET-9-Black-Solid-Playsuit-3531528272363018-1.jpg,,,"Black solid playsuit, has a off-shoulder, short sleevesThe model (height 5'8'') is wearing a size SCotton<br> Machine-wash","{'Body or Garment Size': 'To-Fit Denotes Body Measurements in', 'Fabric': 'Cotton', 'Neck': 'Off-Shoulder', 'Number of Pockets': '2', 'Pattern': 'Solid', 'Sleeve Length': 'Short Sleeves', 'Surface Styling': 'Waist Tie-Ups', 'Type': 'Playsuit', 'Wash Care': 'Machine Wash'}"
6608510,STREET 9 Navy Blue Solid Basic Jumpsuit,Jumpsuit,1899.0,Navy Blue,STREET 9,http://assets.myntassets.com/assets/images/6608510/2018/6/6/15465562-b2ef-40be-b76d-01999f27e5c01528265439360-STREET-9-Navy-Blue-Solid-Basic-Jumpsuit-6431528265439196-1.jpg,7.0,2.571428571428572,"Navy blue solid basic jumpsuit with ruffles and chain detail, has shoulder straps, sleeveless, two pockets, conceled zip closurePolyester<br> Machine-washThe model (height 5'8'') is wearing a size S","{'Body or Garment Size': 'To-Fit Denotes Body Measurements in', 'Fabric': 'Polyester', 'Neck': 'Shoulder Straps', 'Number of Pockets': '2', 'Pattern': 'Solid', 'Sleeve Length': 'Sleeveless', 'Surface Styling': 'Ruffles', 'Type': 'Basic Jumpsuit', 'Wash Care': 'Machine Wash'}"
7041810,Magnetic Designs Black Solid Culotte Jumpsuit,Culotte Jumpsuit,1599.0,Black,Magnetic Designs,http://assets.myntassets.com/assets/images/7041810/2018/8/20/eda95d7f-e15d-4562-badc-e650e2c16e541534752289153-Magnetic-Designs-Black-Solid-Culotte-Jumpsuit-3261534752288784-1.jpg,11.0,3.4545454545454546,"Black solid culotte jumpsuit, has a round neck, short sleevesPolyester<br> Hand-washThe model (height 5'8'') is wearing a size S","{'Body or Garment Size': 'To-Fit Denotes Body Measurements in', 'Closure': 'NA', 'Fabric': 'Polyester', 'Neck': 'Round Neck', 'Number of Pockets': '2', 'Pattern': 'Solid', 'Sleeve Length': 'Short Sleeves', 'Surface Styling': 'Lace Inserts', 'Type': 'Culotte Jumpsuit', 'Wash Care': 'Hand Wash'}"
10606460,Zastraa Women Black Solid Coat with Shorts,"Coat, Shorts",4499.0,Black,Zastraa,http://assets.myntassets.com/assets/images/productimage/2019/9/10/8f9fb2e4-e99a-4430-bcfd-3c24eacddb8f1568056408171-1.jpg,52.0,4.1923076923076925,"This Co-Ord Set consists of coat and shorts<br>Black solid coat, has a notched lapel collar, long sleeves<br>Black solid shorts, has a zip closureThe model (height 5'8"") is wearing a size STop fabric: 100% Polyester<br>Bottom fabric: 100% Polyester<br>Hand-wash","{'Add-Ons': 'NA', 'Bottom Closure': 'Zip', 'Bottom Fabric': 'Polyester', 'Bottom Pattern': 'Solid', 'Bottom Type': 'Shorts', 'Character': 'NA', 'Lining': 'NA', 'Neck': 'Shirt Collar', 'Number of Pockets': 'NA', 'Occasion': 'Casual', 'Sleeve Length': 'Long Sleeves', 'Sustainable': 'Regular', 'Top Fabric': 'Polyester', 'Top Pattern': 'Solid', 'Top Type': 'Shirt', 'Trends': 'NA', 'Wash Care': 'Hand Wash'}"
10452602,Biba Women Rust Orange & Off-White Solid Top with Cullotes,"Top, Cullotes",2999.0,Rust,Biba,http://assets.myntassets.com/assets/images/10452602/2019/9/24/51cf9141-2889-4257-8b2f-3fb521e2e00c1569305224422-Biba-Women-Rust-Orange--Off-White-Solid-Top-with-Cullotes-34-1.jpg,49.0,4.204081632653061,"This clothing set consists of tunic and capris<br>Rust orange solid top with embroidered detail, has a tie-up neck, long sleeves<br>Off-white and rust orange checked culottes, has an elasticated waistband with has a drawstring closureTop fabric: Viscose Rayon<br>Bottom fabric: Viscose Rayon<br>Hand-washThe model (height 5'8"") is wearing a size S","{'Add-Ons': 'NA', 'Bottom Closure': 'Drawstring', 'Bottom Fabric': 'Viscose Rayon', 'Bottom Pattern': 'Checked', 'Bottom Type': 'Trousers', 'Character': 'NA', 'Lining': 'NA', 'Neck': 'Round Neck', 'Number of Pockets': 'NA', 'Occasion': 'Casual', 'Sleeve Length': 'Long Sleeves', 'Sustainable': 'Regular', 'Top Fabric': 'Viscose Rayon', 'Top Pattern': 'Solid', 'Top Type': 'Top', 'Trends': 'NA', 'Wash Care': 'Machine Wash'}"
9643633,Varanga Women Yellow & White Solid Tunic with Dhoti Pants,"Tunic, Dhoti Pants",2999.0,Yellow,Varanga,http://assets.myntassets.com/assets/images/9643633/2019/5/13/7bc9aac3-d01f-478d-8307-07704020e71d1557738586627-Varanga-Women-Yellow-Solid-Tunic-with-Dhoti-Pants-5301557738-1.jpg,,,"This clothing set consists of tunic and dhoti pants<br>Yellow solid tunic, has a round neck, three-quarter sleeves, has embroidered detail<br>Yellow and white solid dhoti pants, has a slip-on closureTop fabric: Viscose Rayon<br>Bottom fabric: Viscose Rayon<br>Hand-washThe model (height 5'8"") is wearing a size S","{'Add-Ons': 'NA', 'Better Cotton Initiative': 'Regular', 'Bottom Closure': 'Slip-On', 'Bottom Fabric': 'Viscose Rayon', 'Bottom Pattern': 'Solid', 'Bottom Type': 'Trousers', 'Character': 'NA', 'Lining': 'NA', 'Neck': 'Round Neck', 'Number of Pockets': 'NA', 'Occasion': 'Ethnic', 'Sleeve Length': 'Three-Quarter Sleeves', 'Sustainable': 'Regular', 'Top Fabric': 'Viscose Rayon', 'Top Pattern': 'Solid', 'Top Type': 'T-shirt', 'Trends': 'NA', 'Wash Care': 'Hand Wash', 'Wedding': 'Guests & Gifting'}"
10637010,Mayra Women Maroon Solid Top with Capris,"Top, Capris",1495.0,Maroon,Mayra,http://assets.myntassets.com/assets/images/productimage/2019/9/13/11f16334-b5b4-48ec-a9a6-b3cdb06ad3c01568396386560-1.jpg,16.0,3.625,"This two-piece set consists of top and capris<br>Maroon solid top, has a round neck, sleeveless<br>Maroon solid capris, has a slip-on closureTop fabric: Polyester<br>Bottom fabric: Polyester<br>Machine-washThe model (height 5'8"") is wearing a size S","{'Add-Ons': 'NA', 'Bottom Closure': 'Slip-On', 'Bottom Fabric': 'Polyester', 'Bottom Pattern': 'Solid', 'Bottom Type': 'Trousers', 'Character': 'NA', 'Lining': 'NA', 'Neck': 'Round Neck', 'Number of Pockets': 'NA', 'Occasion': 'Casual', 'Sleeve Length': 'Sleeveless', 'Sustainable': 'Regular', 'Top Fabric': 'Polyester', 'Top Pattern': 'Solid', 'Top Type': 'Top', 'Trends': 'NA', 'Wash Care': 'Machine Wash'}"
10216795,Cation Women White Solid Top with Skirt,"Top, Skirt",3299.0,White,Cation,http://assets.myntassets.com/assets/images/productimage/2019/7/8/8e73dc2f-a04d-4bf9-b36d-c09be47e0d111562563920033-1.jpg,,,"This clothing set consists of top and skirt<br>White solid top, has a shoulder straps, sleeveless<br>White solid skirt, has a zip closureTop fabric: Cotton Blend<br>Bottom fabric: Cotton Blend<br>Dry-cleanThe model (height 5'8"") is wearing a size S","{'Add-Ons': 'NA', 'Bottom Closure': 'Zip', 'Bottom Fabric': 'Cotton Blend', 'Bottom Pattern': 'Solid', 'Bottom Type': 'Skirt', 'Lining': 'NA', 'Neck': 'Shoulder Straps', 'Number of Pockets': 'NA', 'Occasion': 'Casual', 'Sleeve Length': 'Sleeveless', 'Sustainable': 'Regular', 'Top Fabric': 'Cotton Blend', 'Top Pattern': 'Solid', 'Top Type': 'Top', 'Trends': 'NA', 'Wash Care': 'Dry Clean'}"
836967,Vishudh White & Green Shirt with Skirt,"Shirt, Skirt",2349.0,White,Vishudh,http://assets.myntassets.com/v1/image/style/properties/836967/Vishudh-White--Green-Shirt-with-Kurta_1_6de8d072b682509db7f7a159f482819e.jpg,,,"<p>White and green shirt with skirt set<br>White casual shirt, has a spread collar, a full button placket, long sleeves, curved hem<br>Green woven printed maxi skirt with a panel construction, has a drawstring fastening with beaded tassels and pom-poms</p>The model (height 5'8'') is wearing a size S<p>100% cotton<br>Machine-wash warm</p>","{'Neck': 'Shirt Collar', 'Occasion': 'Casual', 'Sleeve Length': 'Long Sleeves'}"
9430143,Kvsfab Women Beige & Maroon Embroidered Top with Trousers,"Top, Trousers",4049.0,Beige,Kvsfab,http://assets.myntassets.com/assets/images/9430143/2019/7/2/d629f83f-6ace-4286-a7cd-b14790e486781562054508373-Women-Beige--Maroon-Embroidered-Top-with-Plazzo--Ethnic-Jack-1.jpg,,,"This clothing set consists of top and trousers<br>Beige embroidered crop top, has a round neck, sleeveless, gathered and pleated detail<br>Beige solid trousers, has a slip-on closure<br>Comes with a maroon solid longline jacket, has an open front, three-quarter sleevesTop fabric: Cotton Blend<br>Bottom fabric: Cotton Blend<br>Dry-cleanThe model (height 5'8"") is wearing a size S","{'Add-Ons': 'Waistcoat', 'Bottom Closure': 'Slip-On', 'Bottom Fabric': 'Cotton Blend', 'Bottom Pattern': 'Solid', 'Bottom Type': 'Trousers', 'Character': 'NA', 'Lining': 'NA', 'Neck': 'Round Neck', 'Number of Pockets': 'NA', 'Occasion': 'Ethnic', 'Sleeve Length': 'Sleeveless', 'Sustainable': 'Regular', 'Top Fabric': 'Cotton Blend', 'Top Pattern': 'Embellished', 'Top Type': 'Top', 'Trends': 'NA', 'Wash Care': 'Dry Clean', 'Wedding': 'Guests & Gifting'}"
10190651,AURELIA Women Blue & Silver Printed Tunic with Palazzos & Ethnic Jacket,"Tunic, Palazzos, Ethnic Jacket",2999.0,Blue,AURELIA,http://assets.myntassets.com/assets/images/10190651/2020/12/28/daa4295a-c193-443a-b0a2-959c87c932da1609134107125DupattaAURELIAWomenJacketsAURELIAWomenJacketsAURELIAWomenDup1.jpg,138.0,3.9927536231884058,"This clothing set consists of tunic, palazzos and layer<br>Blue and silver striped tunic, has a round neck, sleeveless, concealed zip closure<br>Blue and silver striped palazzos, has a slip-on closure<br>Blue printed layer, has a tie-up closureThe model (height 5'8"") is wearing a size STop fabric: Pure Cotton<br>Bottom fabric: Pure Cotton<br>Layer fabric: Polyester<br>Hand-wash","{'Add-Ons': 'NA', 'Bottom Closure': 'Slip-On', 'Bottom Fabric': 'Pure Cotton', 'Bottom Pattern': 'Striped', 'Bottom Type': 'Trousers', 'Character': 'NA', 'Lining': 'NA', 'Neck': 'Round Neck', 'Number of Pockets': 'NA', 'Occasion': 'Ethnic', 'Sleeve Length': 'Sleeveless', 'Sustainable': 'Regular', 'Top Fabric': 'Pure Cotton', 'Top Pattern': 'Striped', 'Top Type': 'Top', 'Trends': 'NA', 'Wash Care': 'Machine Wash', 'Wedding': 'Guests & Gifting'}"
10452508,Biba Women Off-White & Charcoal Grey Embroidered Tunic with Dhoti Pants,"Tunic, Dhoti Pants",3599.0,Off White,Biba,http://assets.myntassets.com/assets/images/10452508/2019/9/10/ce6fbfbc-15ca-4c21-921d-ee1130f408461568098999379-Biba-Women-Dresses-9511568098997373-1.jpg,49.0,4.428571428571429,"This clothing set consists of tunic and dhoti pants<br>Off-White and charcoal grey embroidered tunic, has a mandarin collar, three-quarter sleeves<br>Off-White and charcoal grey checked dhoti pants, has a drawstring closureTop fabric: Pure Cotton<br>Bottom fabric: Pure Cotton<br>Hand-washThe model (height 5'8"") is wearing a size S","{'Add-Ons': 'NA', 'Better Cotton Initiative': 'Regular', 'Bottom Closure': 'Drawstring', 'Bottom Fabric': 'Pure Cotton', 'Bottom Pattern': 'Checked', 'Bottom Type': 'Trousers', 'Character': 'NA', 'Lining': 'NA', 'Neck': 'Round Neck', 'Number of Pockets': 'NA', 'Occasion': 'Ethnic', 'Sleeve Length': 'Three-Quarter Sleeves', 'Sustainable': 'Regular', 'Top Fabric': 'Pure Cotton', 'Top Pattern': 'Solid', 'Top Type': 'Top', 'Trends': 'NA', 'Wash Care': 'Machine Wash', 'Wedding': 'Guests & Gifting'}"
10190659,AURELIA Women Cream-Coloured & Pink Self Design Top with Skirt & Ethnic Shrug,"Top, Skirt, Ethnic Shrug",4999.0,Cream,AURELIA,http://assets.myntassets.com/assets/images/10190659/2020/3/19/36de296c-e4e6-42ec-8096-e93c57b767561584612633091TopsAURELIAWomenKurtasAURELIAWomenKurtasAURELIAWomenKurtasAU1.jpg,88.0,4.125,"This clothing set consists of top and skirt and ethnic shrug<br>Cream-Coloured and golden self design top, has a round neck, sleeveless, concealed zip closure<br>Cream-Coloured and golden self design skirt, has a slip-on closure<br>Pink and golden self-design front open ethnic longline shrug, has three-quarter sleevesTop fabric: 70% viscose, 30% zari<br>Skirt fabric: 70% viscose, 30% zari<br>Fabric of shrug: 100% man-made fibre<br>Hand-washThe model (height 5'8"") is wearing a size S","{'Add-Ons': 'NA', 'Bottom Closure': 'Slip-On', 'Bottom Fabric': 'Viscose Rayon', 'Bottom Pattern': 'Solid', 'Bottom Type': 'Skirt', 'Character': 'NA', 'Lining': 'NA', 'Neck': 'Round Neck', 'Number of Pockets': 'NA', 'Occasion': 'Ethnic', 'Sleeve Length': 'Three-Quarter Sleeves', 'Sustainable': 'Regular', 'Top Fabric': 'Viscose Rayon', 'Top Pattern': 'Solid', 'Top Type': 'Top', 'Trends': 'NA', 'Wash Care': 'Machine Wash', 'Wedding': 'Guests & Gifting'}"
10806700,Pannkh Women Maroon & Golden Foil Print Top with Skirt,"Top, Skirt",2799.0,Maroon,Pannkh,http://assets.myntassets.com/assets/images/10806700/2019/10/22/182e9dd3-dc53-4310-b723-9b03f5caca5f1571735961230-Pannkh-Women-Clothing-Set-8901571735956573-1.jpg,8.0,3.5,"This clothing set consists of top and skirt<br>Maroon and golden printed top, has a round neck, sleeveless<br>Maroon and golden printed A-line skirt, has a drawstring closure, flared hem<br>Comes with an ethnic jacket, has a round neck, short sleeves, button closureThe model (height 5'8"") is wearing a size STop fabric: Viscose Rayon<br>Bottom fabric: Viscose Rayon<br>Dry-clean","{'Add-Ons': 'NA', 'Bottom Closure': 'Slip-On', 'Bottom Fabric': 'Viscose Rayon', 'Bottom Pattern': 'Printed', 'Bottom Type': 'Skirt', 'Character': 'NA', 'Lining': 'NA', 'Neck': 'Round Neck', 'Number of Pockets': 'NA', 'Occasion': 'Ethnic', 'Sleeve Length': 'Sleeveless', 'Sustainable': 'Regular', 'Top Fabric': 'Viscose Rayon', 'Top Pattern': 'Printed', 'Top Type': 'Top', 'Trends': 'NA', 'Wash Care': 'Machine Wash', 'Wedding': 'Guests & Gifting'}"
8833463,Ishin Women Beige & Maroon Printed Top with Dhoti Pants & Dupatta,"Top, Dhoti Pants, Dupatta",3799.0,Beige,Ishin,http://assets.myntassets.com/assets/images/8833463/2019/3/5/1c809169-8838-4093-9896-cbfb61c211d41551788716499-Ishin-Women-Beige--Maroon-Solid-Top-with-Dhoti-Pants-3051551-1.jpg,,,"This clothing set consists of top and dhoti pants and attached dupatta<br>Beige solid crop top, has a round neck, short sleeves<br>Beige printed dhoti pants with attached dupatta, has a slip-on closureThe model (height 5'8"") is wearing a size STop fabric: Viscose Rayon<br>Bottom fabric: Viscose Rayon<br>Hand-wash","{'Add-Ons': 'NA', 'Bottom Closure': 'Slip-On', 'Bottom Fabric': 'Viscose Rayon', 'Bottom Pattern': 'Printed', 'Bottom Type': 'Trousers', 'Character': 'NA', 'Lining': 'NA', 'Neck': 'Round Neck', 'Number of Pockets': 'NA', 'Occasion': 'Ethnic', 'Sleeve Length': 'Short Sleeves', 'Sustainable': 'Regular', 'Top Fabric': 'Viscose Rayon', 'Top Pattern': 'Solid', 'Top Type': 'Top', 'Trends': 'NA', 'Wash Care': 'Hand Wash'}"
7766438,Vishudh Women Grey & Mustard Checked Top with Palazzos,"Top, Palazzos",3799.0,Grey,Vishudh,http://assets.myntassets.com/assets/images/7766438/2018/11/12/7ffc84e5-fe5f-4ef3-879f-0211843ef1ba1542007645672-na-551542007645482-1.jpg,,,"This clothing set consists of top and palazzos<br>Grey checked top, has a round neck, three-quarter sleeves<br>Grey checked palazzos, has a slip-on closure<br>Yellow longline shrug, has an open frony detail, three-quarter sleevesTop fabric: Pure Cotton<br>Bottom fabric: Pure Cotton<br>Machine-washThe model (height 5'8"") is wearing a size S","{'Bottom Closure': 'Slip-On', 'Bottom Fabric': 'Pure Cotton', 'Bottom Pattern': 'Checked', 'Bottom Type': 'Trousers', 'Neck': 'Round Neck', 'Occasion': 'Casual', 'Sleeve Length': 'Three-Quarter Sleeves', 'Top Fabric': 'Pure Cotton', 'Top Pattern': 'Checked', 'Top Type': 'Top', 'Wash Care': 'Machine Wash'}"
7723424,Nayo Women Black & White Solid Top & Palazzos with Ethnic Jacket,"Top, Palazzos, Ethnic Jacket",3999.0,Black,Nayo,http://assets.myntassets.com/assets/images/7723424/2018/11/13/6a61e7d6-5cab-48c7-b08c-2ad8508c44aa1542089825156-Nayo-Women-Clothing-Set-8631542089825073-1.jpg,2.0,2.5,"This clothing set consists of top and palazzos with ethnic jacket<br>Black solid crop top, has a round neck, long sleeves<br>Black solid palazzos, has a partially elasticated waistband, slip-on closure<br>Black and orange printed ethnic jacket, has a mandarin collar, long sleevesTop fabric: Pure Cotton<br>Bottom fabric: Pure Cotton<br>Hand-washThe model (height 5'8"") is wearing a size S","{'Add-Ons': 'NA', 'Bottom Closure': 'Slip-On', 'Bottom Fabric': 'Polyester', 'Bottom Pattern': 'Striped', 'Bottom Type': 'Trousers', 'Character': 'NA', 'Lining': 'NA', 'Neck': 'Round Neck', 'Number of Pockets': 'NA', 'Occasion': 'Casual', 'Sleeve Length': 'Three-Quarter Sleeves', 'Sustainable': 'Regular', 'Top Fabric': 'Polyester', 'Top Pattern': 'Solid', 'Top Type': 'Top', 'Trends': 'NA', 'Wash Care': 'Hand Wash'}"
7094381,Yufta Women White & Grey Printed Tunic with Palazzos,"Tunic, Palazzos",1699.0,White,Yufta,http://assets.myntassets.com/assets/images/7094381/2018/8/10/2eb07a7f-da9c-46cc-b8e1-bbdc2c0d0c301533908037812-Yufta-Women-Kurta-Sets-4911533908037565-1.jpg,7.0,3.2857142857142856,"This Co-ords set consists of tunic and palazzos<br>White and grey printed tunic, has a mandarin collar, short sleeves<br>Grey solid palazzos, has a slip-on closureThe model (height 5'8"") is wearing a size STop fabric: Pure Cotton<br>Bottom fabric: Cotton Blend<br>Machine-wash","{'Add-Ons': 'NA', 'Bottom Closure': 'Slip-On', 'Bottom Fabric': 'Cotton Blend', 'Bottom Pattern': 'Printed', 'Bottom Type': 'Trousers', 'Character': 'NA', 'Lining': 'NA', 'Neck': 'Mandarin Collar', 'Number of Pockets': 'NA', 'Occasion': 'Casual', 'Sleeve Length': 'Short Sleeves', 'Sustainable': 'Regular', 'Top Fabric': 'Pure Cotton', 'Top Pattern': 'Solid', 'Top Type': 'Top', 'Trends': 'NA', 'Wash Care': 'Machine Wash'}"
10642980,Meeranshi Women Orange & Mustard Yellow Embroidered Crop Top with Trousers & Ehtnic Jacket,"Crop Top, Trousers, Ethnic Jacket",2750.0,Orange,Meeranshi,http://assets.myntassets.com/assets/images/10642980/2019/9/25/68a0862e-de9c-4974-80e2-99e35766c9bf1569408595501-Mustard-Yellow-Embroidered-Top-Bottom-With-Shrug-65315694085-1.jpg,,,"This clothing set consists of top, trousers and ethnic jacket<br>Orange embroidered crop top with beaded detail, has a round neck, sleeveless, zip closure<br>Orange solid trousers, has a partially elasticated waistband with drawstring closure, two pockets<br>Comes with a mustard yellow and orange printed ethnic jacket with embroidered detail, has a lapel collar, front tie-up closure, three-quarter sleeves, calf length, flared hemThe model (height 5'8"") is wearing a size STop fabric: Viscose rayon<br>Bottom fabric: Viscose rayon<br>Machine-wash","{'Add-Ons': 'NA', 'Bottom Closure': 'Drawstring', 'Bottom Fabric': 'Viscose Rayon', 'Bottom Pattern': 'Solid', 'Bottom Type': 'Trousers', 'Character': 'NA', 'Lining': 'NA', 'Neck': 'Round Neck', 'Number of Pockets': 'NA', 'Occasion': 'Ethnic', 'Sleeve Length': 'Three-Quarter Sleeves', 'Sustainable': 'Regular', 'Top Fabric': 'Viscose Rayon', 'Top Pattern': 'Solid', 'Top Type': 'Top', 'Trends': 'NA', 'Wash Care': 'Machine Wash'}"
7278056,AKS Women Beige & Black Printed Top with Ethnic Jacket & Palazzos,"Top, Ethnic Jacket, Palazzos",2499.0,Beige,AKS,http://assets.myntassets.com/assets/images/7278056/2018/9/19/375655f6-311d-4fd6-964d-d174146e3af41537339699708-AKS-Women-Beige--Black-Printed-Top-with-Ethnic-Jacket--Palaz-1.jpg,16.0,3.1875,"This clothing set consists of top with ethnic jacket and palazzos<br>Beige solid crop top, has a round neck, sleeveless<br>Black and Off-white chevron print ethnic jacket, has a mandarin collar, short sleeves<br>Beige solid palazzos, has a partially elasticated waistband, concealed zip closureTop fabric: Pure Cotton<br>Bottom fabric: Viscose Rayon<br>Machine-washThe model (height 5'8"") is wearing a size S","{'Add-Ons': 'NA', 'Body or Garment Size': 'Garment Measurements in', 'Bottom Closure': 'Zip', 'Bottom Fabric': 'Viscose Rayon', 'Bottom Pattern': 'Solid', 'Bottom Type': 'Palazzos', 'Neck': 'Mandarin Collar', 'Occasion': 'Ethnic', 'Sleeve Length': 'Short Sleeves', 'Top Fabric': 'Pure Cotton', 'Top Pattern': 'Solid', 'Top Type': 'Top', 'Wash Care': 'Machine Wash'}"
9922935,Varanga Women Beige & White Printed Tunic with Dhoti Pants,"Tunic, Dhoti Pants",3199.0,Beige,Varanga,http://assets.myntassets.com/assets/images/productimage/2019/6/5/7e79b6c9-17fa-4c07-9a1f-6124252066921559714089026-1.jpg,,,"This clothing set consists of tunic and dhoti pants<br>Beige solid tunic, has a mandarin collar, three-quarter bell sleeves, embroidered details<br>White solid dhoti pants, has a slip-on closureTop fabric: Viscose Rayon<br>Bottom fabric: Viscose Rayon<br>Hand-washThe model (height 5'8"") is wearing a size S","{'Add-Ons': 'NA', 'Better Cotton Initiative': 'Regular', 'Bottom Closure': 'Slip-On', 'Bottom Fabric': 'Viscose Rayon', 'Bottom Pattern': 'Solid', 'Bottom Type': 'Trousers', 'Character': 'NA', 'Lining': 'NA', 'Neck': 'Mandarin Collar', 'Number of Pockets': 'NA', 'Occasion': 'Ethnic', 'Sleeve Length': 'Three-Quarter Sleeves', 'Sustainable': 'Regular', 'Top Fabric': 'Viscose Rayon', 'Top Pattern': 'Solid', 'Top Type': 'T-shirt', 'Trends': 'NA', 'Wash Care': 'Hand Wash', 'Wedding': 'Guests & Gifting'}"
8420329,Sangria Green Floral High-Low Pure Cotton Top With Bell Sleeves,Top,1899.0,Green,Sangria,http://assets.myntassets.com/assets/images/8420329/2022/7/21/4719c3bd-495d-4d9c-b3d9-8e4ff53306021658380631175-Sangria-Green-Floral-High-Low-Pure-Cotton-Top-With-Bell-Slee-1.jpg,738.0,3.540650406504065,"<p>Green in colour, this top from Sangria boasts of floral block print all over and a clean style. Tailored from cotton, this top has a round neck and 3/4th&nbsp;flounce sleeves that gives a sharp, elegant look, while the golden stitch details on the front and peplum design makes it visually appealing. This top can be styled with a pair of black jeans and brown sandals to look your best.</p><br><br><ul><br><li>Bold floral block print all over</li><br><li>Golden stitch details on the front</li><br><li>3/4th&nbsp;flounce sleeves</li><br><li>High-low hem</li><br><li>Peplum design&nbsp;</li><br></ul>This model has a height  5'8"", bust 31"", waist  27"", hips 34"" and is wearing size S100% cotton<br>Machine-wash","{'Body or Garment Size': 'To-Fit Denotes Body Measurements in', 'Center Front Open': 'No', 'Character': 'NA', 'Closure': 'NA', 'Fabric Type': 'NA', 'Length': 'Regular', 'Lining': 'NA', 'Main Trend': 'Floral Print', 'Multipack Set': 'NA', 'Neck': 'Round Neck', 'Occasion': 'Ethnic', 'Pattern': 'Printed', 'Print or Pattern Type': 'Floral', 'Sleeve Length': 'Three-Quarter Sleeves', 'Sleeve Styling': 'Bell Sleeves', 'Surface Styling': 'NA', 'Sustainable': 'Regular', 'Transparency': 'Opaque', 'Type': 'High-Low', 'Wash Care': 'Machine Wash', 'Weave Type': 'Woven', 'taxMaterial': 'NA'}"
9430121,Bhama Couture Black Embroidered A-Line Pure Cotton Top,Top,1799.0,Black,Bhama Couture,http://assets.myntassets.com/assets/images/9430121/2019/5/6/bfb1629e-424a-40d1-ba0d-99d8b0708ae51557142117887-Bhama-Couture-Women-Black-Embellished-A-Line-Top-98815571421-1.jpg,1871.0,3.8385889898450025,"Black embroidered woven A-line top, has a V-neck, three-quarter sleevesPure Cotton<br>Machine-washRegular Fit<br> The model (height 5'8"") is wearing a size S","{'Body Shape ID': '443,333,324,424', 'Body or Garment Size': 'To-Fit Denotes Body Measurements in', 'Center Front Open': 'No', 'Character': 'NA', 'Closure': 'NA', 'Fabric': 'Pure Cotton', 'Fabric Type': 'Cotton', 'Length': 'Regular', 'Lining': 'NA', 'Main Trend': 'Ethnic Print', 'Multipack Set': 'NA', 'Neck': 'V-Neck', 'Occasion': 'Ethnic', 'Pattern': 'Embellished', 'Print or Pattern Type': 'Ethnic Motifs', 'Sleeve Length': 'Three-Quarter Sleeves', 'Sleeve Styling': 'Regular Sleeves', 'Surface Styling': 'Embroidered', 'Sustainable': 'Regular', 'Transparency': 'Opaque', 'Type': 'A-Line', 'Wash Care': 'Machine Wash', 'Weave Type': 'Woven', 'taxMaterial': 'NA'}"
5362057,Bhama Couture White Floral Embroidered Pure Cotton Top,Top,1799.0,White,Bhama Couture,http://assets.myntassets.com/assets/images/5362057/2018/4/19/11524127460454-na-2801524127460275-1.jpg,344.0,4.017441860465116,"White and blue printed woven regular top, has a mandarin collar, three-quarter sleeves, button closurePure Cotton <br> Machine-washRegular fit<br>The model (height 5'8"") is wearing a size S","{'Body Shape ID': '443,333,324,424', 'Body or Garment Size': 'To-Fit Denotes Body Measurements in', 'Center Front Open': 'No', 'Character': 'NA', 'Closure': 'Button', 'Fabric': 'Pure Cotton', 'Fabric Type': 'NA', 'Length': 'Regular', 'Lining': 'NA', 'Main Trend': 'Floral Print', 'Multipack Set': 'NA', 'Neck': 'Mandarin Collar', 'Occasion': 'Ethnic', 'Pattern': 'Printed', 'Print or Pattern Type': 'Floral', 'Sleeve Length': 'Three-Quarter Sleeves', 'Sleeve Styling': 'Flutter Sleeves', 'Surface Styling': 'Embroidered', 'Sustainable': 'Regular', 'Transparency': 'Opaque', 'Type': 'Regular', 'Wash Care': 'Machine Wash', 'Weave Type': 'Woven', 'taxMaterial': 'NA'}"
2322905,Anouk Women Red & Cream-Coloured Printed Pure Cotton Kurti,Kurti,999.0,Red,Anouk,http://assets.myntassets.com/assets/images/2322905/2018/10/10/9fda06f4-c161-4dfd-ba52-f4e3bf80991b1539148680241-Anouk-Women-Red--Cream-Coloured-Printed-Kurti-95915391486788-1.jpg,1056.0,4.045454545454546,"Red and cream-coloured printed kurti, has a mandarin collar, cold-shoulder three-quarter sleeves, straight hemThe model (height 5'8"") is wearing a size S100% cotton<br>Hand-wash","{'Body or Garment Size': 'To-Fit Denotes Body Measurements in', 'Design Styling': 'Regular', 'Fabric': 'Pure Cotton', 'Hemline': 'Straight', 'Neck': 'Mandarin Collar', 'Number of Pockets': 'NA', 'Occasion': 'Daily', 'Ornamentation': 'NA', 'Pattern': 'Printed', 'Print or Pattern Type': 'Abstract', 'Shape': 'Straight', 'Sleeve Length': 'Three-Quarter Sleeves', 'Sleeve Styling': 'Cold-Shoulder Sleeves', 'Slit Detail': 'NA', 'Sustainable': 'Regular', 'Technique': 'NA', 'Wash Care': 'Hand Wash', 'Weave Pattern': 'Regular', 'Weave Type': 'Machine Weave'}"
9039205,Varanga White Shirt Style Top,"Shirt, Top",1399.0,White,Varanga,http://assets.myntassets.com/assets/images/productimage/2019/3/14/11834aca-f211-4581-9d18-3b9748d3a8ea1552572313304-1.jpg,712.0,3.7514044943820224,"White solid woven shirt style top, has a mandarin collar, three-quarter sleeves, button closureRegular Fit<br> The model (height 5'8"") is wearing a size SViscose Rayon<br>Hand-wash","{'Body Shape ID': '443,333,324,424', 'Body or Garment Size': 'Garment Measurements in', 'Center Front Open': 'No', 'Character': 'NA', 'Closure': 'Button', 'Fabric': 'Viscose Rayon', 'Fabric Type': 'NA', 'Length': 'Regular', 'Lining': 'NA', 'Main Trend': 'New Basics', 'Multipack Set': 'NA', 'Neck': 'Mandarin Collar', 'Occasion': 'Ethnic', 'Pattern': 'Solid', 'Print or Pattern Type': 'Solid', 'Sleeve Length': 'Three-Quarter Sleeves', 'Sleeve Styling': 'Regular Sleeves', 'Surface Styling': 'Embroidered', 'Sustainable': 'Regular', 'Transparency': 'Opaque', 'Type': 'Shirt Style', 'Wash Care': 'Hand Wash', 'Weave Type': 'Woven', 'taxMaterial': 'NA'}"
9430109,Bhama Couture Mustard Yellow A-Line Pure Cotton Top,Top,1799.0,Mustard,Bhama Couture,http://assets.myntassets.com/assets/images/9430109/2019/5/6/046f0566-337f-4dd4-a0e8-0c275d42f50b1557142002922-Bhama-Couture-Women-Mustard-Solid-A-Line-Top-323155714200206-1.jpg,470.0,3.9829787234042553,"Mustard yellow solid woven A-line top with embroidered detail, has a round neck, three-quarter sleeves, hook and eye closureRegular Fit<br> The model (height 5'8"") is wearing a size SPure Cotton<br> Machine-wash","{'Body Shape ID': '443,333,424', 'Body or Garment Size': 'To-Fit Denotes Body Measurements in', 'Center Front Open': 'No', 'Character': 'NA', 'Closure': 'Hook and Eye', 'Fabric': 'Pure Cotton', 'Fabric Type': 'Cotton', 'Length': 'Regular', 'Lining': 'NA', 'Main Trend': 'Floral Print', 'Multipack Set': 'NA', 'Neck': 'Round Neck', 'Occasion': 'Ethnic', 'Pattern': 'Solid', 'Print or Pattern Type': 'Solid', 'Sleeve Length': 'Three-Quarter Sleeves', 'Sleeve Styling': 'Regular Sleeves', 'Surface Styling': 'Embroidered', 'Sustainable': 'Regular', 'Transparency': 'Opaque', 'Type': 'A-Line', 'Wash Care': 'Machine Wash', 'Weave Type': 'Woven', 'taxMaterial': 'NA'}"
9814895,anayna Women Peach-Coloured & Off-White Printed Shirt Style Pure Cotton Top,"Shirt, Top",1699.0,Peach,anayna,http://assets.myntassets.com/assets/images/9814895/2019/6/7/b5baf189-9fda-4889-bc45-3664ff2bd7281559894666733-Anayna-Womens-Cotton-Tops-5431559894665218-1.jpg,250.0,4.128,"Peach-Coloured and Off-white printed woven shirt style top, has a mandarin collar, three-quarter sleeves, button closure, side slitsRegular Fit<br> The model (height 5'8"") is wearing a size SPure Cotton<br>Hand-wash","{'Body Shape ID': '443,333,324,424', 'Body or Garment Size': 'To-Fit Denotes Body Measurements in', 'Center Front Open': 'No', 'Character': 'NA', 'Closure': 'Button', 'Fabric': 'Pure Cotton', 'Fabric Type': 'Cotton', 'Length': 'Regular', 'Lining': 'NA', 'Main Trend': 'Geometric Print', 'Multipack Set': 'NA', 'Neck': 'Mandarin Collar', 'Occasion': 'Ethnic', 'Pattern': 'Printed', 'Print or Pattern Type': 'Geometric', 'Sleeve Length': 'Three-Quarter Sleeves', 'Sleeve Styling': 'Regular Sleeves', 'Surface Styling': 'NA', 'Sustainable': 'Regular', 'Transparency': 'Opaque', 'Type': 'Shirt Style', 'Wash Care': 'Hand Wash', 'Weave Type': 'Woven', 'taxMaterial': 'NA'}"
10074617,Vishudh Red Embroidered Shirt-Style Tunic,"Shirt, Tunic",1699.0,Red,Vishudh,http://assets.myntassets.com/assets/images/productimage/2019/6/18/7fb1995a-2fdb-454c-aa28-3020cd709bad1560836140402-1.jpg,241.0,4.1037344398340245,"Red embroidered shirt-style tunic, has a shirt collar with button closures, long sleeves with roll-up tab featuresThe model (height 5'8'') is wearing a size SViscose Rayon<br>Machine-wash","{'Body or Garment Size': 'Garment Measurements in', 'Closure': 'Button', 'Fabric': 'Viscose Rayon', 'Main Trend': 'Floral Print', 'Neck': 'Shirt Collar', 'Occasion': 'Ethnic', 'Pattern': 'Embroidered', 'Sleeve Length': 'Long Sleeves', 'Surface Styling': 'NA', 'Wash Care': 'Machine Wash'}"
10016743,Vishudh Green Printed A-Line Tunic,Tunic,1249.0,Green,Vishudh,http://assets.myntassets.com/assets/images/productimage/2019/6/12/12851fa2-a784-4343-99b3-dd97dfb9d1e71560337985384-1.jpg,375.0,3.8453333333333335,"Green printed A-Line Tunic, has a round neck, and three-quarter sleevesThe model (height 5'8'') is wearing a size SViscose Rayon<br>Machine-wash","{'Body or Garment Size': 'Garment Measurements in', 'Closure': 'NA', 'Fabric': 'Viscose Rayon', 'Main Trend': 'Floral Print', 'Neck': 'Round Neck', 'Occasion': 'Ethnic', 'Pattern': 'Printed', 'Sleeve Length': 'Three-Quarter Sleeves', 'Surface Styling': 'NA', 'Wash Care': 'Machine Wash'}"
10717820,Bhama Couture Women Blue Embroidered Detail Chambray A-Line Pure Cotton Top,Top,1699.0,Navy Blue,Bhama Couture,http://assets.myntassets.com/assets/images/10717820/2019/10/17/4907bc7d-ae8a-4dc7-97b3-b6fc5b4261fd1571313450015-Bhama-Couture-Black-Check-Top-With-Fancy-Cotton-Lace-On-Yoke-1.jpg,60.0,4.083333333333333,"Blue with a tinge of grey solid woven chambray A-line top with embroidered detail, has a tie-up neck, and three-quarter sleevesRegular Fit<br> The model (height 5'8"") is wearing a size SPure Cotton<br>Machine-wash","{'Body Shape ID': '324,424', 'Body or Garment Size': 'To-Fit Denotes Body Measurements in', 'Center Front Open': 'No', 'Character': 'NA', 'Closure': 'NA', 'Fabric': 'Pure Cotton', 'Fabric Type': 'Chambray', 'Length': 'Regular', 'Lining': 'NA', 'Main Trend': 'Floral Print', 'Multipack Set': 'NA', 'Neck': 'Tie-Up Neck', 'Occasion': 'Ethnic', 'Pattern': 'Solid', 'Print or Pattern Type': 'Solid', 'Sleeve Length': 'Three-Quarter Sleeves', 'Sleeve Styling': 'Bell Sleeves', 'Surface Styling': 'Embroidered', 'Sustainable': 'Regular', 'Transparency': 'Opaque', 'Type': 'A-Line', 'Wash Care': 'Machine Wash', 'Weave Type': 'Woven', 'taxMaterial': 'NA'}"
9717189,Bhama Couture Women Navy Blue Embroidered A-Line Pure Cotton Top,Top,1799.0,Navy Blue,Bhama Couture,http://assets.myntassets.com/assets/images/9717189/2019/6/1/37ff2406-a99d-48b0-9244-73bafe0e38161559380775236-Bhama-Couture-Women-Tops-8991559380773583-1.jpg,106.0,3.830188679245283,"Navy Blue and pink embroidered woven A-line top, has a tie-up neck, three-quarter sleevesRegular Fit<br> The model (height 5'8"") is wearing a size SPure Cotton<br>Machine-wash","{'Body Shape ID': '324,424', 'Body or Garment Size': 'To-Fit Denotes Body Measurements in', 'Center Front Open': 'No', 'Character': 'NA', 'Closure': 'NA', 'Fabric': 'Pure Cotton', 'Fabric Type': 'Cotton', 'Length': 'Regular', 'Lining': 'NA', 'Main Trend': 'Floral Print', 'Multipack Set': 'NA', 'Neck': 'Tie-Up Neck', 'Occasion': 'Ethnic', 'Pattern': 'Embellished', 'Print or Pattern Type': 'Floral', 'Sleeve Length': 'Three-Quarter Sleeves', 'Sleeve Styling': 'Bell Sleeves', 'Surface Styling': 'Embroidered', 'Sustainable': 'Regular', 'Transparency': 'Opaque', 'Type': 'A-Line', 'Wash Care': 'Machine Wash', 'Weave Type': 'Woven', 'taxMaterial': 'NA'}"
10051259,Vishudh Peach-Coloured Floral Print Tunic,Tunic,1249.0,Peach,Vishudh,http://assets.myntassets.com/assets/images/productimage/2019/6/17/de475ca2-2ab1-44de-a8be-017c38cd67021560744535135-1.jpg,481.0,3.916839916839917,"Peach-Coloured printed Tunic, has a round neck, and three-quarter sleevesThe model (height 5'8'') is wearing a size SViscose Rayon<br> Machine-wash","{'Body or Garment Size': 'Garment Measurements in', 'Closure': 'NA', 'Fabric': 'Viscose Rayon', 'Main Trend': 'Floral Print', 'Neck': 'Round Neck', 'Number of Pockets': 'NA', 'Occasion': 'Ethnic', 'Pattern': 'Printed', 'Sleeve Length': 'Three-Quarter Sleeves', 'Surface Styling': 'NA', 'Sustainable': 'Regular', 'Wash Care': 'Machine Wash'}"
10355827,Bhama Couture Women Blue Embroidered A-Line Pure Cotton Top,Top,1799.0,Blue,Bhama Couture,http://assets.myntassets.com/assets/images/10355827/2019/8/12/0a021c14-7532-4047-8ea7-440bc6df1fed1565596465638-Bhama-Couture-Women-Blue-Embellished-A-Line-Top-563156559646-1.jpg,30.0,3.8,"Blue embroidered woven A-line top with gathered detail, has a round neck, and three-quarter sleevesRegular Fit<br> The model (height 5'8"") is wearing a size SPure Cotton<br>Machine-wash","{'Body Shape ID': '443,333,424', 'Body or Garment Size': 'To-Fit Denotes Body Measurements in', 'Center Front Open': 'No', 'Character': 'NA', 'Closure': 'NA', 'Fabric': 'Pure Cotton', 'Fabric Type': 'Cotton', 'Length': 'Regular', 'Lining': 'NA', 'Main Trend': 'Ethnic Print', 'Multipack Set': 'NA', 'Neck': 'Round Neck', 'Occasion': 'Ethnic', 'Pattern': 'Embellished', 'Print or Pattern Type': 'Ethnic Motifs', 'Sleeve Length': 'Three-Quarter Sleeves', 'Sleeve Styling': 'Bell Sleeves', 'Surface Styling': 'Gathered or Pleated', 'Sustainable': 'Regular', 'Transparency': 'Opaque', 'Type': 'A-Line', 'Wash Care': 'Machine Wash', 'Weave Type': 'Woven', 'taxMaterial': 'NA'}"
2129857,Bhama Couture Women Off-White Solid Pure Cotton Top,Top,1799.0,Off White,Bhama Couture,http://assets.myntassets.com/assets/images/2129857/2018/11/28/f6c8fb07-8e54-4177-82fa-18816c8908ad1543382217052-Bhama-Couture-Women-Off-White-Solid-Top-3551543382216799-1.jpg,53.0,4.075471698113208,"Off-white and red solid woven top with embroidered detail at the yoke, has a tie-up neck, three-quarter sleevesThe model (height 5'8"") is wearing a size SPure cotton <br> Machine-wash","{'Body Shape ID': '324,424', 'Body or Garment Size': 'To-Fit Denotes Body Measurements in', 'Center Front Open': 'No', 'Character': 'NA', 'Closure': 'NA', 'Fabric': 'Pure Cotton', 'Fabric Type': 'NA', 'Length': 'Regular', 'Lining': 'NA', 'Main Trend': 'Bohemian', 'Multipack Set': 'NA', 'Neck': 'Tie-Up Neck', 'Occasion': 'Ethnic', 'Pattern': 'Solid', 'Print or Pattern Type': 'Geometric', 'Sleeve Length': 'Three-Quarter Sleeves', 'Sleeve Styling': 'Puff Sleeves', 'Surface Styling': 'Embroidered', 'Sustainable': 'Regular', 'Transparency': 'Opaque', 'Type': 'Regular', 'Wash Care': 'Machine Wash', 'Weave Type': 'Woven', 'taxMaterial': 'NA'}"
1823751,Bhama Couture Black Tunic with Embroidered Detail,Tunic,1860.0,Black,Bhama Couture,http://assets.myntassets.com/assets/images/1823751/2018/10/16/011e576a-7b4d-4553-b3e1-23e3c5e6c8f61539666709552-Bhama-Couture-Black-Tunic-with-Embroidered-Detail-5451539666709355-1.jpg,27.0,4.37037037037037,"Black tunic with embroidered detail, has a round neck, short concealed placket, three-quarter sleevesThe model (height 5'8'') is wearing a size SCotton<br>Machine-wash","{'Body or Garment Size': 'To-Fit Denotes Body Measurements in', 'Closure': 'NA', 'Fabric': 'Cotton', 'Main Trend': 'New Basics', 'Neck': 'Round Neck', 'Number of Pockets': 'NA', 'Occasion': 'Ethnic', 'Pattern': 'Embroidered', 'Sleeve Length': 'Three-Quarter Sleeves', 'Surface Styling': 'NA', 'Sustainable': 'Regular', 'Wash Care': 'Machine Wash'}"
9475963,studio rasa Women Semidupionblockprintedlongsleevecroptop,Crop Top,1499.0,Fuchsia,studio rasa,http://assets.myntassets.com/assets/images/9475963/2019/5/3/c5b342da-fc39-4a5d-9d6d-52f0af16cafd1556879441935-Semi-Dupion-Block-Printed-Long-Sleeve-Crop-Top-5761556879441-1.jpg,100.0,4.04,"Fuchsia printed woven fitted top, has a boat neck, long sleeves, concealed zip closureFitted<br> The model (height 5'8"") is wearing a size SSilk Blend<br>Dry-clean","{'Body Shape ID': '424', 'Body or Garment Size': 'To-Fit Denotes Body Measurements in', 'Closure': 'Concealed Zip', 'Fabric': 'Silk Blend', 'Fabric Type': 'NA', 'Length': 'Crop', 'Lining': 'Has a lining', 'Main Trend': 'Ethnic Print', 'Neck': 'Boat Neck', 'Occasion': 'Ethnic', 'Pattern': 'Printed', 'Print or Pattern Type': 'Ethnic Motifs', 'Sleeve Length': 'Long Sleeves', 'Sleeve Styling': 'Slit Sleeves', 'Surface Styling': 'NA', 'Transparency': 'Semi Sheer', 'Type': 'Fitted', 'Wash Care': 'Dry Clean', 'Weave Type': 'Woven', 'taxMaterial': 'NA'}"
9967233,Vishudh Women Green Printed Tunic,Tunic,1349.0,Green,Vishudh,http://assets.myntassets.com/assets/images/productimage/2019/6/9/fd853ae3-e67f-477d-9ea0-27aeb01d042f1560027205128-1.jpg,350.0,3.8,"Green printed tunic, has a mandarin collar, three-quarter sleevesThe model (height 5'8'') is wearing a size SViscose Rayon<br>Machine-wash","{'Body or Garment Size': 'Garment Measurements in', 'Closure': 'NA', 'Fabric': 'Viscose Rayon', 'Main Trend': 'Floral Print', 'Neck': 'Mandarin Collar', 'Occasion': 'Ethnic', 'Pattern': 'Printed', 'Sleeve Length': 'Three-Quarter Sleeves', 'Surface Styling': 'NA', 'Wash Care': 'Machine Wash'}"
2294119,Bhama Couture Women Black Solid Top,Top,1799.0,Black,Bhama Couture,http://assets.myntassets.com/assets/images/2294119/2017/11/30/11512038436016-NA-9521512038435914-1.jpg,4.0,3.5,"Black and red solid woven regular top, has a round neck, three-quarter sleeves,The model (height 5'8"") is wearing a size SPure Cotton<br> Machine-wash","{'Body Shape ID': '443,333,424', 'Body or Garment Size': 'To-Fit Denotes Body Measurements in', 'Center Front Open': 'No', 'Character': 'NA', 'Closure': 'NA', 'Fabric': 'Pure Cotton', 'Fabric Type': 'Cotton', 'Length': 'Regular', 'Lining': 'NA', 'Main Trend': 'Floral Print', 'Multipack Set': 'NA', 'Neck': 'Round Neck', 'Occasion': 'Ethnic', 'Pattern': 'Solid', 'Print or Pattern Type': 'Solid', 'Sleeve Length': 'Three-Quarter Sleeves', 'Sleeve Styling': 'Regular Sleeves', 'Surface Styling': 'Embroidered', 'Sustainable': 'Regular', 'Transparency': 'Opaque', 'Type': 'Regular', 'Wash Care': 'Machine Wash', 'Weave Type': 'Woven', 'taxMaterial': 'NA'}"
9241297,Desi Weavess Women Fuchsia Solid Top,Top,1299.0,Fuchsia,Desi Weavess,http://assets.myntassets.com/assets/images/9241297/2019/4/8/40dbb785-db41-4c2d-bbff-37aa312ae60f1554717717631-Desi-Weavess-Fuchsia-Tops-With-Sleeveless-1761554717715818-1.jpg,11.0,3.909090909090909,"Fuchsia solid woven regular top, has a round neck, sleeveless,Cotton Blend<br>Dry-cleanThe model (height 5'8"") is wearing a size S","{'Body Shape ID': '443,333,424', 'Body or Garment Size': 'To-Fit Denotes Body Measurements in', 'Center Front Open': 'No', 'Character': 'NA', 'Closure': 'NA', 'Fabric': 'Cotton Blend', 'Fabric Type': 'Cotton', 'Length': 'Regular', 'Lining': 'Has a lining', 'Main Trend': 'New Basics', 'Multipack Set': 'NA', 'Neck': 'Round Neck', 'Occasion': 'Ethnic', 'Pattern': 'Solid', 'Print or Pattern Type': 'Solid', 'Sleeve Length': 'Sleeveless', 'Sleeve Styling': 'No Sleeves', 'Surface Styling': 'NA', 'Sustainable': 'Regular', 'Transparency': 'Opaque', 'Type': 'Regular', 'Wash Care': 'Dry Clean', 'Weave Type': 'Woven', 'taxMaterial': 'NA'}"
9151097,Alena Women Peach-Coloured Self Design Top,Top,1599.0,Peach,Alena,http://assets.myntassets.com/assets/images/9151097/2019/4/11/68ffe4dd-59a8-42ed-a72d-036066a522761554965561887-Alena-Women-Peach-Coloured-Self-Design-Top-1881554965560185-1.jpg,13.0,3.3076923076923075,"Peach-Coloured self-design woven regular top, has a round neck, three-quarter sleeves,100% viscose rayon<br>Machine-washThe model (height 5'8"") is wearing a size S","{'Body Shape ID': '333,424', 'Body or Garment Size': 'Garment Measurements in', 'Center Front Open': 'No', 'Character': 'NA', 'Closure': 'NA', 'Fabric': 'Viscose Rayon', 'Fabric Type': 'NA', 'Length': 'Regular', 'Lining': 'NA', 'Main Trend': 'Geometric Print', 'Multipack Set': 'NA', 'Neck': 'Round Neck', 'Occasion': 'Ethnic', 'Pattern': 'Self Design', 'Print or Pattern Type': 'Geometric', 'Sleeve Length': 'Three-Quarter Sleeves', 'Sleeve Styling': 'Raglan Sleeves', 'Surface Styling': 'Embroidered', 'Sustainable': 'Regular', 'Transparency': 'Opaque', 'Type': 'Regular', 'Wash Care': 'Machine Wash', 'Weave Type': 'Woven', 'taxMaterial': 'NA'}"
7485587,Fusion Beats Women Black Printed Top,Top,1999.0,Black,Fusion Beats,http://assets.myntassets.com/assets/images/7485587/2018/9/26/69dca324-1e1d-4d9d-bf1a-a956e5f231b21537941971530-NA-5811537941971371-1.jpg,10.0,3.2,"Black printed woven regular top, has a round neck, short sleeves<br>Disclaimer: Does not come with the camisoleThe model (height 5'8"") is wearing a size SPolyester<br>Machine-wash","{'Body Shape ID': '443,333,424', 'Body or Garment Size': 'To-Fit Denotes Body Measurements in', 'Center Front Open': 'No', 'Character': 'NA', 'Closure': 'NA', 'Fabric': 'Polyester', 'Fabric Type': 'NA', 'Length': 'Regular', 'Lining': 'NA', 'Main Trend': 'Floral Print', 'Multipack Set': 'NA', 'Neck': 'Round Neck', 'Occasion': 'Ethnic', 'Pattern': 'Printed', 'Print or Pattern Type': 'Floral', 'Sleeve Length': 'Short Sleeves', 'Sleeve Styling': 'Flared Sleeves', 'Surface Styling': 'NA', 'Sustainable': 'Regular', 'Transparency': 'Semi Sheer', 'Type': 'Regular', 'Wash Care': 'Machine Wash', 'Weave Type': 'Woven', 'taxMaterial': 'NA'}"
9430115,Bhama Couture Women Navy Blue Embroidered A-Line Top,"Top, A-Line Top, Embroidered Top",1799.0,Navy Blue,Bhama Couture,http://assets.myntassets.com/assets/images/9430115/2019/5/6/0f42cb3d-b20e-4c70-ac06-3ae585f1db621557142015384-Bhama-Couture-Women-Navy-Blue-Embellished-A-Line-Top-4651557-1.jpg,,,"Navy embroidered woven A-line top, has a round neck, three-quarter sleevesRegular Fit<br> The model (height 5'8"") is wearing a size SPure Cotton<br> Machine-wash","{'Body Shape ID': '443,333,424', 'Body or Garment Size': 'To-Fit Denotes Body Measurements in', 'Center Front Open': 'No', 'Character': 'NA', 'Closure': 'NA', 'Fabric': 'Pure Cotton', 'Fabric Type': 'Cotton', 'Length': 'Regular', 'Lining': 'NA', 'Main Trend': 'Ethnic Print', 'Multipack Set': 'NA', 'Neck': 'Round Neck', 'Occasion': 'Ethnic', 'Pattern': 'Embellished', 'Print or Pattern Type': 'Ethnic Motifs', 'Sleeve Length': 'Three-Quarter Sleeves', 'Sleeve Styling': 'Bell Sleeves', 'Surface Styling': 'Embroidered', 'Sustainable': 'Regular', 'Transparency': 'Opaque', 'Type': 'A-Line', 'Wash Care': 'Machine Wash', 'Weave Type': 'Woven', 'taxMaterial': 'NA'}"
10070525,PANIT Women Black Solid Bardot Top,Top,1599.0,Black,PANIT,http://assets.myntassets.com/assets/images/productimage/2019/6/18/4f6cc9d9-0519-4e40-89e8-0ea5682725921560833760833-1.jpg,10.0,4.1,"Black solid woven bardot top, has an off-shoulder neck, smocking details, and short sleevesViscose Rayon<br> Hand-washThe model (height 5'8"") is wearing a size S","{'Body Shape ID': '333,424', 'Body or Garment Size': 'To-Fit Denotes Body Measurements in', 'Center Front Open': 'No', 'Character': 'NA', 'Closure': 'NA', 'Fabric': 'Viscose Rayon', 'Fabric Type': 'Crepe', 'Length': 'Crop', 'Lining': 'NA', 'Main Trend': 'Monochrome', 'Multipack Set': 'NA', 'Neck': 'Off-Shoulder', 'Occasion': 'Ethnic', 'Pattern': 'Solid', 'Print or Pattern Type': 'Solid', 'Sleeve Length': 'Short Sleeves', 'Sleeve Styling': 'Regular Sleeves', 'Surface Styling': 'Smocking', 'Sustainable': 'Regular', 'Transparency': 'Opaque', 'Type': 'Bardot', 'Wash Care': 'Hand Wash', 'Weave Type': 'Woven', 'taxMaterial': 'NA'}"
10706504,PANIT Women Yellow Printed A-Line Top,Top,1499.0,Yellow,PANIT,http://assets.myntassets.com/assets/images/productimage/2019/9/22/68413da9-9141-4b42-96d6-b3953ca3f39f1569127749485-1.jpg,13.0,4.230769230769231,"Yellow and Blue printed woven A-line  top, has a round neck, and three-quarter sleevesRegular Fit<br> The model (height 5'8"") is wearing a size SCotton Blend<br> Hand-wash","{'Body Shape ID': '443,333,424', 'Body or Garment Size': 'To-Fit Denotes Body Measurements in', 'Center Front Open': 'No', 'Character': 'NA', 'Closure': 'NA', 'Fabric': 'Cotton Blend', 'Fabric Type': 'Cotton', 'Length': 'Regular', 'Lining': 'NA', 'Main Trend': 'Floral Print', 'Multipack Set': 'NA', 'Neck': 'Round Neck', 'Occasion': 'Ethnic', 'Pattern': 'Printed', 'Print or Pattern Type': 'Floral', 'Sleeve Length': 'Three-Quarter Sleeves', 'Sleeve Styling': 'Bell Sleeves', 'Surface Styling': 'NA', 'Sustainable': 'Regular', 'Transparency': 'Opaque', 'Type': 'A-Line', 'Wash Care': 'Hand Wash', 'Weave Type': 'Woven', 'taxMaterial': 'NA'}"
10745490,Bhama Couture Women Mustard Yellow Solid Mirror Work A-Line Top,"Top, A-Line Top",1599.0,Mustard,Bhama Couture,http://assets.myntassets.com/assets/images/10745490/2019/11/19/765021f6-7b28-46d6-9375-d81ac20563511574148104693-Bhama-Couture-Mustard-Solid-Top-With-Mirror-Work-32415741481-1.jpg,,,"Mustard yellow solid mirror work woven A-line top with embroidered detail, has a tie-up neck, three-quarter sleevesRegular Fit<br> The model (height 5'8"") is wearing a size SMaterial: Cotton blend<br>Machine Wash","{'Body Shape ID': '324,424', 'Body or Garment Size': 'To-Fit Denotes Body Measurements in', 'Center Front Open': 'No', 'Character': 'NA', 'Closure': 'Tie-Ups', 'Fabric': 'Cotton Blend', 'Fabric Type': 'NA', 'Length': 'Regular', 'Lining': 'NA', 'Main Trend': 'Geometric Print', 'Multipack Set': 'NA', 'Neck': 'Tie-Up Neck', 'Occasion': 'Ethnic', 'Pattern': 'Solid', 'Print or Pattern Type': 'Geometric', 'Sleeve Length': 'Three-Quarter Sleeves', 'Sleeve Styling': 'Bell Sleeves', 'Surface Styling': 'Embroidered', 'Sustainable': 'Regular', 'Transparency': 'Opaque', 'Type': 'A-Line', 'Wash Care': 'Machine Wash', 'Weave Type': 'Woven', 'taxMaterial': 'NA'}"
10752740,RARE ROOTS Women Green Solid Top,Top,1799.0,Green,RARE ROOTS,http://assets.myntassets.com/assets/images/10752740/2019/11/7/d5e5ba3b-b7e5-4a47-9054-5a8acfd416491573113141594-RARE-ROOTS-Women-Tops-8231573113139956-1.jpg,,,"Green solid woven regular top with panelled and gathered detail, has a tie-up neck, and long sleevesThe model (height 5'8"") is wearing a size SModal<br>Hand-wash","{'Body Shape ID': '324,424', 'Body or Garment Size': 'To-Fit Denotes Body Measurements in', 'Center Front Open': 'No', 'Character': 'NA', 'Closure': 'NA', 'Fabric': 'Modal', 'Fabric Type': 'NA', 'Length': 'Regular', 'Lining': 'NA', 'Main Trend': 'Lace Frills Bows and Ruffles', 'Multipack Set': 'NA', 'Neck': 'Tie-Up Neck', 'Occasion': 'Ethnic', 'Pattern': 'Solid', 'Print or Pattern Type': 'Solid', 'Sleeve Length': 'Long Sleeves', 'Sleeve Styling': 'Bell Sleeves', 'Surface Styling': 'Gathered or Pleated', 'Sustainable': 'Regular', 'Transparency': 'Opaque', 'Type': 'Regular', 'Wash Care': 'Hand Wash', 'Weave Type': 'Woven', 'taxMaterial': 'NA'}"
1435249,Fabindia Multicoloured Handblock Print Top,Top,1490.0,Multi,Fabindia,http://assets.myntassets.com/assets/images/1435249/2016/8/1/11470045487320-Fabindia-Multicoloured-Printed-Top-5721470045477048-1.jpg,4.0,3.0,"Multicoloured printed&nbsp;top, has a stylised square&nbsp;neck, short sleeves, vented hemline<p>Silk blend<br>Dry-clean</p><p></p>The model (height 5'8"" and chest 33"") is wearing a size S<p></p>","{'Body Shape ID': '443,324,424', 'Body or Garment Size': 'To-Fit Denotes Body Measurements in', 'Center Front Open': 'No', 'Character': 'NA', 'Closure': 'NA', 'Fabric': 'Silk Blend', 'Fabric Type': 'NA', 'Length': 'Regular', 'Lining': 'NA', 'Main Trend': 'Ethnic Print', 'Multipack Set': 'NA', 'Neck': 'Square Neck', 'Occasion': 'Ethnic', 'Pattern': 'Printed', 'Print or Pattern Type': 'Ethnic Motifs', 'Sleeve Length': 'Short Sleeves', 'Sleeve Styling': 'Regular Sleeves', 'Surface Styling': 'NA', 'Sustainable': 'Regular', 'Transparency': 'Opaque', 'Type': 'Regular', 'Wash Care': 'Dry Clean', 'Weave Type': 'Woven', 'taxMaterial': 'NA'}"
7680131,Multicoloured Printed Pure Cotton Blouse,Blouse,899.0,Multi,Annabelle by Pantaloons,http://assets.myntassets.com/assets/images/productimage/2018/10/23/4f5df1ae-1e08-4ef9-bbbf-acb791e55ac21540318919660-1.jpg,,,"<p>Look iconic like a fashion diva wearing this multicoloured top from the latest collection of Annabelle By Pantaloons . Designed in tune with the latest fashion trends, it also exemplifies plush softness and durability, courtesy the cotton fabric. Team it with printed leggings and stilettos.</p><p>Model is wearing size S and her height is 5'5"", bust 33"", waist 24"" and hips are 35"".</p><p>Machine Wash.</p>","{'Body Shape ID': '333,324,424', 'Body or Garment Size': 'Garment Measurements in', 'Center Front Open': 'No', 'Character': 'NA', 'Closure': 'NA', 'Fabric': 'Pure Cotton', 'Fabric Type': 'NA', 'Length': 'Regular', 'Lining': 'NA', 'Main Trend': 'New Basics', 'Multipack Set': 'NA', 'Neck': 'Off-Shoulder', 'Occasion': 'Ethnic', 'Pattern': 'Printed', 'Print or Pattern Type': 'Floral', 'Sleeve Length': 'Short Sleeves', 'Sleeve Styling': 'Regular Sleeves', 'Surface Styling': 'NA', 'Sustainable': 'Regular', 'Transparency': 'Opaque', 'Type': 'Blouson', 'Wash Care': 'Machine Wash', 'Weave Type': 'Knitted', 'taxMaterial': 'NA'}"
8915911,Bronz Women Grey Embroidered Pure Cotton Top,Top,699.0,Grey,Bronz,http://assets.myntassets.com/assets/images/productimage/2019/2/26/e1b8c20c-36ac-4143-902b-c9d53327ae2a1551203263058-1.jpg,,,"Grey embroidered woven regular top, has a round neck, sleeveless, button closureThe model (height 5'8"") is wearing a size S100% Cotton<br>Machine-wash","{'Body Shape ID': '443,333,424', 'Body or Garment Size': 'To-Fit Denotes Body Measurements in', 'Center Front Open': 'No', 'Character': 'NA', 'Closure': 'Button', 'Fabric': 'Pure Cotton', 'Fabric Type': 'Cotton', 'Length': 'Regular', 'Lining': 'NA', 'Main Trend': 'New Basics', 'Multipack Set': 'NA', 'Neck': 'Round Neck', 'Occasion': 'Ethnic', 'Pattern': 'Self Design', 'Print or Pattern Type': 'Self Design', 'Sleeve Length': 'Sleeveless', 'Sleeve Styling': 'No Sleeves', 'Surface Styling': 'Gathered or Pleated', 'Sustainable': 'Regular', 'Transparency': 'Opaque', 'Type': 'Regular', 'Wash Care': 'Machine Wash', 'Weave Type': 'Woven', 'taxMaterial': 'NA'}"
7606774,Vishudh Women Black Printed A-Line Top,A-Line Top,2049.0,Black,Vishudh,http://assets.myntassets.com/assets/images/7606774/2018/10/11/f2dcbe63-dafb-4f38-9059-ba809733eda11539239581196-na-1551539239581038-1.jpg,7.0,3.7142857142857135,"Black printed woven A-line top, has a tie-up neck, three-quarter sleeves,Pure Cotton<br> Machine-washRegular Fit<br> The model (height 5'8"") is wearing a size S","{'Body Shape ID': '324,424', 'Body or Garment Size': 'Garment Measurements in', 'Center Front Open': 'No', 'Character': 'NA', 'Closure': 'NA', 'Fabric': 'Pure Cotton', 'Fabric Type': 'NA', 'Length': 'Regular', 'Lining': 'NA', 'Main Trend': 'New Basics', 'Multipack Set': 'NA', 'Neck': 'Tie-Up Neck', 'Occasion': 'Ethnic', 'Pattern': 'Printed', 'Print or Pattern Type': 'Geometric', 'Sleeve Length': 'Three-Quarter Sleeves', 'Sleeve Styling': 'No Sleeves', 'Surface Styling': 'Embroidered', 'Sustainable': 'Regular', 'Transparency': 'Opaque', 'Type': 'A-Line', 'Wash Care': 'Machine Wash', 'Weave Type': 'Woven', 'taxMaterial': 'NA'}"
9971489,Vishudh Orange & Pink Printed Tunic,Tunic,1199.0,Orange,Vishudh,http://assets.myntassets.com/assets/images/9971489/2019/7/30/545a76f5-02dc-408f-a7bc-c50356004b131564477916524-Vishudh-Orange--Pink-Printed-Tunic-3331564477914687-1.jpg,1161.0,3.826012058570198,"Orange printed tunic, has a round neck, three-quarter sleevesThe model (height 5'8'') is wearing a size SCotton<br> Machine-wash","{'Body or Garment Size': 'Garment Measurements in', 'Closure': 'NA', 'Fabric': 'Cotton', 'Main Trend': 'New Basics', 'Neck': 'Round Neck', 'Occasion': 'Ethnic', 'Pattern': 'Printed', 'Sleeve Length': 'Three-Quarter Sleeves', 'Surface Styling': 'NA', 'Wash Care': 'Machine Wash'}"
1582977,W Women Lime Green Printed High Slit Maxi Top,"Top, Maxi",1999.0,Lime Green,W,http://assets.myntassets.com/assets/images/1582977/2019/11/22/59be4ae7-f424-4d75-ae33-7b64304b41f21574403841402-W-Women-Lime-Green-Printed-High-Slit-Maxi-Top-14415744038396-1.jpg,26.0,4.1923076923076925,"Lime green and black printed woven high slit&nbsp;top, has a round neck, sleeveless, a slit on the frontThe model (height 5'8'') is wearing a size S<p>100% polyester <br> Hand-wash</p>","{'Body Shape ID': '333,424', 'Body or Garment Size': 'To-Fit Denotes Body Measurements in', 'Center Front Open': 'No', 'Character': 'NA', 'Closure': 'NA', 'Fabric': 'Polyester', 'Fabric Type': 'NA', 'Length': 'Regular', 'Lining': 'NA', 'Main Trend': 'Typography or Slogan Print', 'Multipack Set': 'NA', 'Neck': 'Round Neck', 'Occasion': 'Ethnic', 'Pattern': 'Printed', 'Print or Pattern Type': 'Graphic', 'Sleeve Length': 'Sleeveless', 'Sleeve Styling': 'No Sleeves', 'Surface Styling': 'Layered', 'Sustainable': 'Regular', 'Transparency': 'Opaque', 'Type': 'Maxi', 'Wash Care': 'Hand Wash', 'Weave Type': 'Woven', 'taxMaterial': 'NA'}"
10579072,Fusion Beats Navy Blue & Beige Checked High Low Tunic,Tunic,2399.0,Navy Blue,Fusion Beats,http://assets.myntassets.com/assets/images/productimage/2019/9/4/dd072d3b-c7de-4897-aa72-e2c79dc3b4d71567545335561-1.jpg,5.0,2.0,"Navy and beige checked tunic, has a shirt collar, three-quarter sleeves, embroidered detail, high-low hem, concealed button closureCotton<br>Machine-washThe model (height 5'8'') is wearing a size S","{'Body or Garment Size': 'To-Fit Denotes Body Measurements in', 'Closure': 'Button', 'Fabric': 'Cotton', 'Main Trend': 'New Basics', 'Neck': 'Shirt Collar', 'Number of Pockets': 'NA', 'Occasion': 'Ethnic', 'Pattern': 'Checked', 'Sleeve Length': 'Three-Quarter Sleeves', 'Surface Styling': 'Embroidered', 'Sustainable': 'Regular', 'Wash Care': 'Machine Wash'}"
8915921,Bronz Women White Solid Top,Top,699.0,White,Bronz,http://assets.myntassets.com/assets/images/productimage/2019/2/26/728bda45-fa27-4f99-92f2-93429092dcd41551201059502-1.jpg,12.0,4.083333333333333,"White solid woven regular top, has a tie-up neck, three-quarter sleeves60% Rayon &amp; 40% Flex<br>Hand-washThe model (height 5'8"") is wearing a size S","{'Body Shape ID': '324,424', 'Body or Garment Size': 'To-Fit Denotes Body Measurements in', 'Center Front Open': 'No', 'Character': 'NA', 'Closure': 'NA', 'Fabric': 'Viscose Rayon', 'Fabric Type': 'NA', 'Length': 'Regular', 'Lining': 'NA', 'Main Trend': 'Lace Frills Bows and Ruffles', 'Multipack Set': 'NA', 'Neck': 'Tie-Up Neck', 'Occasion': 'Ethnic', 'Pattern': 'Solid', 'Print or Pattern Type': 'Solid', 'Sleeve Length': 'Three-Quarter Sleeves', 'Sleeve Styling': 'Cuffed Sleeves', 'Surface Styling': 'Tie-Ups', 'Sustainable': 'Regular', 'Transparency': 'Opaque', 'Type': 'Regular', 'Wash Care': 'Hand Wash', 'Weave Type': 'Woven', 'taxMaterial': 'NA'}"
8627415,Libas Women Green & Red Printed A-Line Kurti,Kurti,1299.0,Green,Libas,http://assets.myntassets.com/assets/images/8627415/2019/2/4/0d4b92df-323d-4224-84a3-2893fabb67491549268036963-Libas-Women-Kurtis-4371549268035311-1.jpg,1576.0,4.274111675126903,"Green and red printed A-line kurti, has a mandarin collar, three-quarter sleeves, button closure, flared hemViscose rayon<br>Hand-washThe model (height 5'8"") is wearing a size S","{'Body or Garment Size': 'Garment Measurements in', 'Design Styling': 'Empire', 'Fabric': 'Viscose Rayon', 'Hemline': 'Straight', 'Neck': 'Mandarin Collar', 'Occasion': 'Daily', 'Ornamentation': 'NA', 'Pattern': 'Printed', 'Print or Pattern Type': 'Floral', 'Shape': 'A-Line', 'Sleeve Length': 'Three-Quarter Sleeves', 'Sleeve Styling': 'Puff Sleeves', 'Slit Detail': 'NA', 'Technique': 'NA', 'Wash Care': 'Hand Wash', 'Weave Pattern': 'Regular', 'Weave Type': 'Machine Weave'}"
10793446,INDYA Women Gold-Toned Embellished Fitted Top,Fitted Top,1500.0,Gold,INDYA,http://assets.myntassets.com/assets/images/productimage/2019/10/10/617ac276-844f-4d33-b77f-b972566df43d1570706595157-1.jpg,254.0,4.165354330708661,"Gold-Toned embellished woven fitted  top, has a halter neck, and hook and eye closure100% POLYESTER<br>Hand-washFitted<br> The model (height 5'8"") is wearing a size S","{'Body Shape ID': '424', 'Body or Garment Size': 'To-Fit Denotes Body Measurements in', 'Center Front Open': 'No', 'Character': 'NA', 'Closure': 'Hook and Eye', 'Fabric': 'Polyester', 'Fabric Type': 'NA', 'Length': 'Crop', 'Lining': 'Has a lining', 'Main Trend': 'Ethnic Print', 'Multipack Set': 'NA', 'Neck': 'Halter Neck', 'Occasion': 'Ethnic', 'Pattern': 'Embellished', 'Print or Pattern Type': 'Embellished', 'Sleeve Length': 'Short Sleeves', 'Sleeve Styling': 'No Sleeves', 'Surface Styling': 'Sequined', 'Sustainable': 'Regular', 'Transparency': 'Opaque', 'Type': 'Fitted', 'Wash Care': 'Hand Wash', 'Weave Type': 'Woven', 'taxMaterial': 'NA'}"
7823205,Taavi Women Grey Woven Design Ikat A-Line Sustainable Kurti with Lace Inserts & Button Placket,"Kurti, A-Line",2499.0,Grey,Taavi,http://assets.myntassets.com/assets/images/7823205/2021/2/11/6e0de77b-abe0-4779-94bc-6fbf9f35ba9d1613030405962TaaviWomenGreyWovenDesignIkatA-LineSustainableKurtiwithLaceI1.jpg,487.0,4.277207392197125,"<b>Special Technique/Craft:</b><br>The term \""Ikat\"" refers to the resist dyeing technique used to create the designs on the fabric. It is different because the yarns are dyed before being woven into cloth. Fashion trends may come and go, but Ikat fabrics have always stood the test of time.<br><br><b>Design</b>:<ul><li>Region: Andhra Pradesh</li><li>Grey</li><li>A-line Kurti with Ikat woven design</li><li>Round neck</li><li>Three-quarter flared sleeves</li><li>Lace detail</li><li>Multiple slits</li><li>Button placket closure</li><li>Ikat</li></ul><b>Disclaimer:</b><ul><li>This is a handcrafted kurti, and is prone to colour bleeding due to use of natural dyes</li><li>The print on the garment might be unevenly owning to the handcrafted nature of the product, adding essence to the garment.</li></ul>85% cotton, 15% polyester<br>Hand-wash cold, Wash dark colours separately<br>The model (height 5'8'') wearing a size S","{'Body or Garment Size': 'Garment Measurements in', 'Design Styling': 'Regular', 'Fabric': 'Cotton Blend', 'Hemline': 'Straight', 'Neck': 'Round Neck', 'Number of Pockets': 'NA', 'Occasion': 'Daily', 'Ornamentation': 'NA', 'Pattern': 'Woven Design', 'Print or Pattern Type': 'Woven Design', 'Shape': 'A-Line', 'Sleeve Length': 'Three-Quarter Sleeves', 'Sleeve Styling': 'Flared Sleeves', 'Slit Detail': 'Multiple Slits', 'Sustainable': 'Sustainable', 'Technique': 'Ikat', 'Wash Care': 'Hand Wash', 'Weave Pattern': 'Regular', 'Weave Type': 'Machine Weave'}"
8532189,GERUA Women Coral Orange Solid Kurti,Kurti,1199.0,Coral,GERUA,http://assets.myntassets.com/assets/images/8532189/2019/2/1/8fa23648-3ca9-4a34-a01e-73aecfdb1a0a1549006341902-GERUA-Women-Kurtis-1311549006337646-1.jpg,61.0,3.80327868852459,"Coral orange solid&nbsp;straight kurti with tucks, has a round neck, short sleeves, straight hemViscose rayon<br>Machine-washThe model (height 5'8"") is wearing a size S","{'Body or Garment Size': 'Garment Measurements in', 'Design Styling': 'Regular', 'Fabric': 'Viscose Rayon', 'Hemline': 'Straight', 'Neck': 'Round Neck', 'Occasion': 'Daily', 'Ornamentation': 'NA', 'Pattern': 'Solid', 'Print or Pattern Type': 'Solid', 'Shape': 'Straight', 'Sleeve Length': 'Short Sleeves', 'Sleeve Styling': 'Regular Sleeves', 'Slit Detail': 'Side Slits', 'Technique': 'NA', 'Wash Care': 'Hand Wash', 'Weave Pattern': 'Regular', 'Weave Type': 'Machine Weave'}"
7289371,aasi Blue & White Printed Tunic,Tunic,1299.0,Blue,aasi,http://assets.myntassets.com/assets/images/7289371/2018/9/13/5d2a225e-e9ae-408e-8b4d-cd36a3e598f31536817622492-Marble-Printed-Chinese-Collared-Pleated-yoke-with-34th-Sleeves-Top-4091536817622363-1.jpg,7.0,3.571428571428572,"Blue and white printed tunic with gathers, has a round neck, three-quarter sleeves, mock button closureThe model (height 5'8'') is wearing a size SCotton<br>Hand-wash","{'Body or Garment Size': 'Garment Measurements in', 'Closure': 'NA', 'Fabric': 'Cotton', 'Main Trend': 'Abstract', 'Neck': 'Round Neck', 'Number of Pockets': 'NA', 'Occasion': 'Ethnic', 'Pattern': 'Printed', 'Sleeve Length': 'Three-Quarter Sleeves', 'Surface Styling': 'Gathers', 'Sustainable': 'Regular', 'Wash Care': 'Hand Wash'}"
7978729,F Loop Women Navy Blue Printed Straight Kurti,Kurti,875.0,Navy Blue,F Loop,http://assets.myntassets.com/assets/images/productimage/2018/11/26/177c2353-a6f5-45e6-b17b-8c72b79278b91543176076923-1.jpg,,,"Navy blue printed straight kurti, has a round neck, button placket, sleeveless, curved hemThe model (height 5'8"") is wearing a size MRayon<br>Hand-wash","{'Body or Garment Size': 'Garment Measurements in', 'Design Styling': 'Regular', 'Fabric': 'Viscose Rayon', 'Hemline': 'Curved', 'Neck': 'Round Neck', 'Occasion': 'Daily', 'Ornamentation': 'NA', 'Pattern': 'Printed', 'Print or Pattern Type': 'Tribal', 'Shape': 'Straight', 'Sleeve Length': 'Sleeveless', 'Sleeve Styling': 'No Sleeves', 'Slit Detail': 'NA', 'Technique': 'NA', 'Wash Care': 'Hand Wash', 'Weave Pattern': 'Regular', 'Weave Type': 'Machine Weave'}"
9320879,Biba Women White Schiffli Embroidered Pure Cotton Top with Shrug,"Top, Shrug",2599.0,White,Biba,http://assets.myntassets.com/assets/images/9320879/2020/9/7/472047d8-40c7-45d0-99e6-02c244221b301599455042449-Biba-Women-White-Schiffli-Embroidered-Top-with-Shrug-9815994-1.jpg,19.0,3.789473684210526,"White schiffli embroidered woven regular top, has a round neck, sleeveless, and button closure<br>Comes with blue and white striped woven shrug, has three-quarter slit sleeves, asymmetric hem, overlapping detail on the backTop fabric: Pure Cotton<br>Shrug fabric: Viscose<br>Machine-washThe model (height 5'8"") is wearing a size S","{'Body Shape ID': '443,333,424', 'Body or Garment Size': 'To-Fit Denotes Body Measurements in', 'Center Front Open': 'No', 'Character': 'NA', 'Closure': 'Button', 'Fabric': 'Pure Cotton', 'Fabric Type': 'Cotton', 'Length': 'Regular', 'Lining': 'NA', 'Main Trend': 'Floral Print', 'Multipack Set': 'NA', 'Neck': 'Round Neck', 'Occasion': 'Ethnic', 'Pattern': 'Embellished', 'Print or Pattern Type': 'Geometric', 'Sleeve Length': 'Sleeveless', 'Sleeve Styling': 'No Sleeves', 'Surface Styling': 'Embroidered', 'Sustainable': 'Regular', 'Transparency': 'Opaque', 'Type': 'Regular', 'Wash Care': 'Machine Wash', 'Weave Type': 'Woven', 'taxMaterial': 'NA'}"
9540543,Varanga Women Black & Off-White Printed Styled Back Crop Top,Crop Top,1499.0,Black,Varanga,http://assets.myntassets.com/assets/images/9540543/2019/5/10/c3efb272-1342-496f-bf24-b62320126aae1557479188225-varanga-charcoal--colorful-warli-printed-crop-top-7231557479-1.jpg,10.0,4.1,"Black and off-white printed woven styled back crop top, has a round neck, short sleeves, button placket on the backThe model (height 5'8"") is wearing a size SViscose Rayon<br>Hand-wash","{'Body Shape ID': '333,424', 'Body or Garment Size': 'Garment Measurements in', 'Closure': 'Button', 'Fabric': 'Viscose Rayon', 'Fabric Type': 'NA', 'Length': 'Crop', 'Lining': 'NA', 'Main Trend': 'Graphic Print Others', 'Neck': 'Round Neck', 'Occasion': 'Ethnic', 'Pattern': 'Printed', 'Print or Pattern Type': 'Graphic', 'Sleeve Length': 'Short Sleeves', 'Sleeve Styling': 'Regular Sleeves', 'Surface Styling': 'NA', 'Transparency': 'Opaque', 'Type': 'Styled Back', 'Wash Care': 'Hand Wash', 'Weave Type': 'Woven', 'taxMaterial': 'NA'}"
7703779,aasi Navy Blue & Golden Printed High-Low Tunic,Tunic,1499.0,Navy Blue,aasi,http://assets.myntassets.com/assets/images/7703779/2018/11/12/20c6c81b-9f45-4bbf-b111-fb598ded9bc81542028422138-Navy-Blue-Printed-full-sleeve-tunic-with-Madarin-Collar-11542028422042-1.jpg,13.0,3.615384615384616,"Navy Blue and golden printed tunic, has a mandarin collar, long sleeves, high-low hemThe model (height 5'8'') is wearing a size SCotton<br> Hand-wash","{'Body or Garment Size': 'Garment Measurements in', 'Closure': 'NA', 'Fabric': 'Cotton', 'Main Trend': 'Ethnic Print', 'Neck': 'Mandarin Collar', 'Number of Pockets': 'NA', 'Occasion': 'Ethnic', 'Pattern': 'Printed', 'Sleeve Length': 'Long Sleeves', 'Surface Styling': 'NA', 'Sustainable': 'Regular', 'Wash Care': 'Hand Wash'}"
8073599,Libas Women Black & Golden Printed Kurti,Kurti,1399.0,Black,Libas,http://assets.myntassets.com/assets/images/8073599/2018/12/10/d38eb6c9-f65e-4d1d-ad2d-ae9cf2c6526c1544418653322-Libas-Women-Kurtis-7521544418652090-1.jpg,1049.0,4.179218303145853,"Black and golden printed A-line kurti, has a mandarin collar, three-quarter sleeves, flared hemViscose rayon<br>Machine-washThe model (height 5'8"") is wearing a size S","{'Body or Garment Size': 'Garment Measurements in', 'Design Styling': 'Regular', 'Fabric': 'Viscose Rayon', 'Hemline': 'Flared', 'Neck': 'Mandarin Collar', 'Occasion': 'Daily', 'Ornamentation': 'NA', 'Pattern': 'Printed', 'Print or Pattern Type': 'Ethnic Motifs', 'Shape': 'A-Line', 'Sleeve Length': 'Three-Quarter Sleeves', 'Sleeve Styling': 'Puff Sleeves', 'Slit Detail': 'NA', 'Technique': 'NA', 'Wash Care': 'Machine Wash', 'Weave Pattern': 'Regular', 'Weave Type': 'Machine Weave'}"
9370681,Sangria White Floral Pure Cotton Top,Top,1499.0,White,Sangria,http://assets.myntassets.com/assets/images/9370681/2019/5/20/74e29eb1-f039-4fa8-881c-33116d87f3481558347314076-Sangria-Women-Tops-3421558347312130-1.jpg,1024.0,4.265625,"White and navy blue printed woven regular top, has a mandarin collar, three-quarter sleeves, button closure100% Pure Cotton<br>Machine-washThe model (height 5'8"") is wearing a size S","{'Body Shape ID': '443,333,324,424', 'Body or Garment Size': 'To-Fit Denotes Body Measurements in', 'Center Front Open': 'No', 'Character': 'NA', 'Closure': 'Button', 'Fabric': 'Pure Cotton', 'Fabric Type': 'NA', 'Length': 'Regular', 'Lining': 'NA', 'Main Trend': 'Floral Print', 'Multipack Set': 'NA', 'Neck': 'Mandarin Collar', 'Occasion': 'Ethnic', 'Pattern': 'Printed', 'Print or Pattern Type': 'Floral', 'Sleeve Length': 'Three-Quarter Sleeves', 'Sleeve Styling': 'Regular Sleeves', 'Surface Styling': 'NA', 'Sustainable': 'Regular', 'Transparency': 'Semi Sheer', 'Type': 'Regular', 'Wash Care': 'Machine Wash', 'Weave Type': 'Woven', 'taxMaterial': 'NA'}"
7034669,Taavi Women Mustard Yellow Checked South Cotton Woven Legacy A-Line Sustainable Pure Cotton Top,Top,1299.0,Mustard,Taavi,http://assets.myntassets.com/assets/images/7034669/2020/1/22/9abec8ba-4e93-4c37-b559-f17680d617641579695003683-Taavi-Women-Mustard-Yellow-Checked-South-Cotton-Woven-Legacy-1.jpg,1217.0,4.33278553820871,"<b>Special Technique/Craft:</b><br>India is home to a plethora of handlooms, weaves and handicrafts. It?s a different feeling of owning a material that has been carefully put together and woven, and these ethnic weaves, produced indigenously, are each a unique specimen handed down as family heirlooms generation after generation.<br><br><b>Design:</b><ul><li>Mustard yellow</li><li>A-line top</li><li>Tie-up neck</li><li>Three-quarter sleeves</li><li>Roll-up tab sleeves</li><li>South Cotton Woven Legacy</li></ul><b>Disclaimer:</b><ul><li>This is a handcrafted top, and is prone to colour bleeding due to use of natural dyes</li><li>The print on the garment might be uneven owning to the handcrafted nature of the product, adding essence to the garment.</li></ul>100% cotton<br>Hand-wash cold, Wash dark colours separatelyThe model (height 5'8'') wearing a size M","{'Body Shape ID': '324,424', 'Body or Garment Size': 'To-Fit Denotes Body Measurements in', 'Center Front Open': 'No', 'Character': 'NA', 'Closure': 'NA', 'Fabric': 'Pure Cotton', 'Fabric Type': 'Cotton', 'Length': 'Regular', 'Lining': 'NA', 'Main Trend': 'New Basics', 'Multipack Set': 'NA', 'Neck': 'Tie-Up Neck', 'Occasion': 'Ethnic', 'Pattern': 'Checked', 'Print or Pattern Type': 'Checked', 'Sleeve Length': 'Three-Quarter Sleeves', 'Sleeve Styling': 'Roll-Up Sleeves', 'Surface Styling': 'NA', 'Sustainable': 'Sustainable', 'Transparency': 'Opaque', 'Type': 'A-Line', 'Wash Care': 'Hand Wash', 'Weave Type': 'Woven', 'taxMaterial': 'NA'}"
10783322,Sera Women Navy Blue Printed Peplum Pure Cotton Top,Top,1294.0,Navy Blue,Sera,http://assets.myntassets.com/assets/images/productimage/2019/10/10/6e7fc1f8-ccd7-4151-9bfc-4662d0fb96f71570647212745-1.jpg,9.0,3.2222222222222223,"Navy Blue printed woven peplum  top, has a round neck, sleeveless, and button closurePure Cotton<br>Hand-washFitted<br> The model (height 5'8"") is wearing a size S","{'Body Shape ID': '333,424', 'Body or Garment Size': 'To-Fit Denotes Body Measurements in', 'Center Front Open': 'No', 'Character': 'NA', 'Closure': 'Button', 'Fabric': 'Pure Cotton', 'Fabric Type': 'Cotton', 'Length': 'Regular', 'Lining': 'NA', 'Main Trend': 'Ethnic Print', 'Multipack Set': 'NA', 'Neck': 'Round Neck', 'Occasion': 'Ethnic', 'Pattern': 'Printed', 'Print or Pattern Type': 'Floral', 'Sleeve Length': 'Sleeveless', 'Sleeve Styling': 'No Sleeves', 'Surface Styling': 'Gathered or Pleated', 'Sustainable': 'Regular', 'Transparency': 'Opaque', 'Type': 'Peplum', 'Wash Care': 'Hand Wash', 'Weave Type': 'Woven', 'taxMaterial': 'NA'}"
6582659,W Women Pink Printed A-Line Layered Crop Top,"Crop Top, A-Line Top",1499.0,Pink,W,http://assets.myntassets.com/assets/images/6582659/2018/12/5/990b3087-8f16-41e1-b0b8-ac05a51e9d051544006098214-W-Women-Pink-Printed-A-Line-Crop-Top-9141544006096620-1.jpg,161.0,4.24223602484472,"Pink printed woven crop layered A-line top, has a round neck, sleevelessThe model (height 5'8"") is wearing a size SViscose Rayon<br>Dry-clean","{'Body Shape ID': '333,424', 'Body or Garment Size': 'To-Fit Denotes Body Measurements in', 'Closure': 'NA', 'Fabric': 'Viscose Rayon', 'Fabric Type': 'NA', 'Length': 'Crop', 'Lining': 'Has a lining', 'Main Trend': 'Tribal or Aztec Print', 'Neck': 'Round Neck', 'Occasion': 'Ethnic', 'Pattern': 'Printed', 'Print or Pattern Type': 'Tribal', 'Sleeve Length': 'Sleeveless', 'Sleeve Styling': 'No Sleeves', 'Surface Styling': 'Layered', 'Transparency': 'Opaque', 'Type': 'A-Line', 'Wash Care': 'Dry Clean', 'Weave Type': 'Woven', 'taxMaterial': 'NA'}"
9430129,Bhama Couture Women Red Embroidered Pure Cotton Top,Top,1799.0,Red,Bhama Couture,http://assets.myntassets.com/assets/images/9430129/2019/5/6/3595bd26-6fbe-4b96-bcf1-db079ce768e81557142142159-Bhama-Couture-Women-Red-Embellished-Empire-Top-6051557142140-1.jpg,56.0,3.75,"Red embroidered woven top, has a tie-up neck, three-quarter sleevesSemi-Fit<br> The model (height 5'8"") is wearing a size SPure Cotton<br> Machine-wash","{'Body Shape ID': '324,424', 'Body or Garment Size': 'To-Fit Denotes Body Measurements in', 'Center Front Open': 'No', 'Character': 'NA', 'Closure': 'NA', 'Fabric': 'Pure Cotton', 'Fabric Type': 'Cotton', 'Length': 'Regular', 'Lining': 'NA', 'Main Trend': 'Ethnic Print', 'Multipack Set': 'NA', 'Neck': 'Tie-Up Neck', 'Occasion': 'Ethnic', 'Pattern': 'Embellished', 'Print or Pattern Type': 'Ethnic Motifs', 'Sleeve Length': 'Three-Quarter Sleeves', 'Sleeve Styling': 'Regular Sleeves', 'Surface Styling': 'Embroidered', 'Sustainable': 'Regular', 'Transparency': 'Opaque', 'Type': 'Regular', 'Wash Care': 'Machine Wash', 'Weave Type': 'Woven', 'taxMaterial': 'NA'}"
7094429,AKS Mustard Yellow & Green Leheriya Print Tunic,Tunic,1099.0,Mustard,AKS,http://assets.myntassets.com/assets/images/7094429/2018/8/10/510b3a6d-0225-4227-b984-0d67b39fada81533882362550-AKS-Mustard--Green-Striped-Tunic-6141533882362358-1.jpg,32.0,4.1875,"Mustard and green leheriya&nbsp;print tunic, has a mandarin collar, short bell sleeves, gathers detail, button closureCotton<br>Machine-washThe model (height 5'8'') is wearing a size S","{'Body or Garment Size': 'Garment Measurements in', 'Closure': 'Button', 'Fabric': 'Cotton', 'Main Trend': 'New Basics', 'Neck': 'Mandarin Collar', 'Occasion': 'Ethnic', 'Pattern': 'Striped', 'Sleeve Length': 'Short Sleeves', 'Surface Styling': 'Gathers', 'Wash Care': 'Machine Wash'}"
2238307,Bhama Couture Women Pink Printed Pure Cotton Top,Top,1599.0,Pink,Bhama Couture,http://assets.myntassets.com/assets/images/2238307/2019/1/3/1f2750dd-6884-4d1e-b999-e9b3e55553241546514200722-Bhama-Couture-Women-Pink-Printed-Top-8751546514199308-1.jpg,,,"Pink printed woven regular top, has a boat neck, three-quarter sleevesPure Cotton<br> Machine-washThe model (height 5'8"") is wearing a size S","{'Body Shape ID': '324,424', 'Body or Garment Size': 'To-Fit Denotes Body Measurements in', 'Center Front Open': 'No', 'Character': 'NA', 'Closure': 'NA', 'Fabric': 'Pure Cotton', 'Fabric Type': 'Cotton', 'Length': 'Regular', 'Lining': 'NA', 'Main Trend': 'Ethnic Print', 'Multipack Set': 'NA', 'Neck': 'Boat Neck', 'Occasion': 'Casual', 'Pattern': 'Printed', 'Print or Pattern Type': 'Ethnic Motifs', 'Sleeve Length': 'Three-Quarter Sleeves', 'Sleeve Styling': 'Regular Sleeves', 'Surface Styling': 'Gathered or Pleated', 'Sustainable': 'Regular', 'Transparency': 'Semi Sheer', 'Type': 'Regular', 'Wash Care': 'Machine Wash', 'Weave Type': 'Woven', 'taxMaterial': 'NA'}"
1230929,BIBA Blue High-Low Top,Top,999.0,Blue,Biba,http://assets.myntassets.com/assets/images/1230929/2017/5/19/11495186486858-BIBA-Blue-High-Low-Top-1751495186486567-1.jpg,12.0,3.1666666666666665,"Blue woven top, has a round neck, short grown-on sleeves, and a high-low hemline&nbsp;<p>100% viscose<br>Machine-wash cold</p>The model (height 5'8'') is wearing a size S","{'Body or Garment Size': 'To-Fit Denotes Body Measurements in', 'Center Front Open': 'No', 'Character': 'NA', 'Closure': 'NA', 'Fabric': 'Viscose Rayon', 'Fabric Type': 'NA', 'Length': 'Crop', 'Lining': 'NA', 'Main Trend': 'New Basics', 'Multipack Set': 'NA', 'Neck': 'Boat Neck', 'Occasion': 'Ethnic', 'Pattern': 'Solid', 'Print or Pattern Type': 'Solid', 'Sleeve Length': 'Short Sleeves', 'Sleeve Styling': 'Extended Sleeves', 'Surface Styling': 'NA', 'Sustainable': 'Regular', 'Transparency': 'Opaque', 'Type': 'Regular', 'Wash Care': 'Machine Wash', 'Weave Type': 'Woven', 'taxMaterial': 'NA'}"
7320165,Libas Women Black Embroidered A-Line Kurti,Kurti,1499.0,Black,Libas,http://assets.myntassets.com/assets/images/7320165/2018/9/14/ffacac36-d3ad-4575-af2a-70043199fe9d1536904066226-Libas-Women-Kurtis-9301536904066080-1.jpg,3538.0,4.496608253250424,"Black and red embroidered A-line kurti, has a mandarin collar, button closure, three-quarter sleeves, curved hemRayon&nbsp;<br>Hand-washThe model (height 5'8) is wearing a size S","{'Body or Garment Size': 'Garment Measurements in', 'Design Styling': 'Regular', 'Fabric': 'Viscose Rayon', 'Hemline': 'Curved', 'Neck': 'Mandarin Collar', 'Occasion': 'Daily', 'Ornamentation': 'Thread Work', 'Pattern': 'Yoke Design', 'Print or Pattern Type': 'Floral', 'Shape': 'A-Line', 'Sleeve Length': 'Three-Quarter Sleeves', 'Sleeve Styling': 'Regular Sleeves', 'Slit Detail': 'NA', 'Technique': 'NA', 'Wash Care': 'Hand Wash', 'Weave Pattern': 'Regular', 'Weave Type': 'Machine Weave'}"
10414130,AASI - HOUSE OF NAYO Women Off-White & Pink Printed Pure Cotton Top,Top,999.0,Off White,AASI - HOUSE OF NAYO,http://assets.myntassets.com/assets/images/10414130/2019/8/13/e95b8232-59f6-4f20-9d4f-15affd561f871565681239958-White--pink-Floral-printed-top-with-Round-neck--34-Flared-sl-1.jpg,39.0,3.3846153846153846,"Off-white and pink printed woven regular top with pleated detail on sleeves, has a round neck, three-quarter sleeves, hook and eye closureThe model (height 5'8"") is wearing a size SPure Cotton<br> Hand-wash","{'Body Shape ID': '443,333,424', 'Body or Garment Size': 'Garment Measurements in', 'Center Front Open': 'No', 'Character': 'NA', 'Closure': 'Hook and Eye', 'Fabric': 'Pure Cotton', 'Fabric Type': 'Cotton', 'Length': 'Regular', 'Lining': 'NA', 'Main Trend': 'Floral Print', 'Multipack Set': 'NA', 'Neck': 'Round Neck', 'Occasion': 'Ethnic', 'Pattern': 'Printed', 'Print or Pattern Type': 'Floral', 'Sleeve Length': 'Three-Quarter Sleeves', 'Sleeve Styling': 'Bell Sleeves', 'Surface Styling': 'Gathered or Pleated', 'Sustainable': 'Regular', 'Transparency': 'Opaque', 'Type': 'Regular', 'Wash Care': 'Hand Wash', 'Weave Type': 'Woven', 'taxMaterial': 'NA'}"
10073599,Vishudh Women Rust Orange Printed High-Low Top,Top,1899.0,Rust,Vishudh,http://assets.myntassets.com/assets/images/10073599/2019/6/25/949ace4d-ec8b-4718-b04c-8d81efd8cdfd1561452489606-Vishudh-Women-Rust-Printed-High-Low-Top-2521561452488082-1.jpg,422.0,4.049763033175355,"Rust orange solid woven high-low top, has a tie-up neck, and long sleevesRegular Fit<br> The model (height 5'8"") is wearing a size SViscose Rayon<br>Machine-wash","{'Body or Garment Size': 'Garment Measurements in', 'Center Front Open': 'No', 'Character': 'NA', 'Closure': 'NA', 'Fabric': 'Viscose Rayon', 'Fabric Type': 'NA', 'Length': 'Longline', 'Lining': 'NA', 'Main Trend': 'New Basics', 'Multipack Set': 'NA', 'Neck': 'Tie-Up Neck', 'Occasion': 'Ethnic', 'Pattern': 'Solid', 'Print or Pattern Type': 'Solid', 'Sleeve Length': 'Long Sleeves', 'Sleeve Styling': 'Cuffed Sleeves', 'Surface Styling': 'NA', 'Sustainable': 'Regular', 'Transparency': 'Opaque', 'Type': 'High-Low', 'Wash Care': 'Machine Wash', 'Weave Type': 'Woven', 'taxMaterial': 'NA'}"
9967195,Vishudh Yellow & Cream-Coloured Printed Tunic,Tunic,1199.0,Yellow,Vishudh,http://assets.myntassets.com/assets/images/productimage/2019/6/10/0e7c2b92-eb5b-43bb-8946-053026d280351560186659336-1.jpg,528.0,4.1268939393939394,"Yellow and cream-coloured printed tunic, has a mandarin collar, three-quarter sleevesThe model (height 5'8'') is wearing a size SCotton<br>Machine-wash","{'Body or Garment Size': 'Garment Measurements in', 'Closure': 'NA', 'Fabric': 'Cotton', 'Main Trend': 'Floral Print', 'Neck': 'Mandarin Collar', 'Occasion': 'Ethnic', 'Pattern': 'Printed', 'Sleeve Length': 'Three-Quarter Sleeves', 'Surface Styling': 'NA', 'Wash Care': 'Machine Wash'}"
10075453,Vishudh Women Black Printed A-Line Top,A-Line Top,1899.0,Black,Vishudh,http://assets.myntassets.com/assets/images/productimage/2019/6/18/218d3dc8-7039-4728-b069-13880687c0221560858065352-1.jpg,467.0,4.319057815845825,"Black printed woven A-line  top, has a tie-up neck, and three-quarter sleevesViscose Rayon<br>Machine-washRegular Fit<br> The model (height 5'8"") is wearing a size S","{'Body Shape ID': '324,424', 'Body or Garment Size': 'Garment Measurements in', 'Center Front Open': 'No', 'Character': 'NA', 'Closure': 'NA', 'Fabric': 'Viscose Rayon', 'Fabric Type': 'NA', 'Length': 'Regular', 'Lining': 'NA', 'Main Trend': 'Abstract', 'Multipack Set': 'NA', 'Neck': 'Tie-Up Neck', 'Occasion': 'Ethnic', 'Pattern': 'Printed', 'Print or Pattern Type': 'Geometric', 'Sleeve Length': 'Three-Quarter Sleeves', 'Sleeve Styling': 'Regular Sleeves', 'Surface Styling': 'NA', 'Sustainable': 'Regular', 'Transparency': 'Opaque', 'Type': 'A-Line', 'Wash Care': 'Machine Wash', 'Weave Type': 'Woven', 'taxMaterial': 'NA'}"
4380660,Bhama Couture Women Peach-Coloured Printed A-Line Top,"Top, A-Line Top, Printed Top",1799.0,Peach,Bhama Couture,http://assets.myntassets.com/assets/images/4380660/2018/3/29/11522313193621-n-3641522313193412-1.jpg,57.0,3.333333333333333,"Peach-Coloured printed knitted A-line top, has a tie-up neck, three-quarter sleevesRegular Fit<br> The model (height 5'8"") is wearing a size SPure Cotton <br> Machine-wash","{'Body Shape ID': '324,424', 'Body or Garment Size': 'To-Fit Denotes Body Measurements in', 'Center Front Open': 'No', 'Character': 'NA', 'Closure': 'NA', 'Fabric': 'Pure Cotton', 'Fabric Type': 'NA', 'Length': 'Regular', 'Lining': 'NA', 'Main Trend': 'New Basics', 'Multipack Set': 'NA', 'Neck': 'Tie-Up Neck', 'Occasion': 'Ethnic', 'Pattern': 'Printed', 'Print or Pattern Type': 'Floral', 'Sleeve Length': 'Three-Quarter Sleeves', 'Sleeve Styling': 'Regular Sleeves', 'Surface Styling': 'Embroidered', 'Sustainable': 'Regular', 'Transparency': 'Opaque', 'Type': 'A-Line', 'Wash Care': 'Machine Wash', 'Weave Type': 'Knitted', 'taxMaterial': 'NA'}"
4380652,Bhama Couture Women Off-White Printed A-Line Top,"Top, A-Line Top, Printed Top",1799.0,Off White,Bhama Couture,http://assets.myntassets.com/assets/images/4380652/2018/3/29/11522313158042-n-3741522313157867-1.jpg,,,"Off-White printed knitted A-line top, has a boat neck, three-quarter sleevesPure Cotton <br> Machine-washRegular Fit<br> The model (height 5'8"") is wearing a size S","{'Body Shape ID': '324,424', 'Body or Garment Size': 'To-Fit Denotes Body Measurements in', 'Closure': 'NA', 'Fabric': 'Pure Cotton', 'Fabric Type': 'NA', 'Length': 'Regular', 'Lining': 'NA', 'Main Trend': 'Geometric Print', 'Neck': 'Boat Neck', 'Occasion': 'Casual', 'Pattern': 'Printed', 'Print or Pattern Type': 'Geometric', 'Sleeve Length': 'Three-Quarter Sleeves', 'Sleeve Styling': 'Flared Sleeves', 'Surface Styling': 'Embroidered', 'Transparency': 'Opaque', 'Type': 'A-Line', 'Wash Care': 'Machine Wash', 'Weave Type': 'Knitted', 'taxMaterial': 'NA'}"
9430103,Bhama Couture Women Red Solid A-Line Pure Cotton Top,Top,1799.0,Red,Bhama Couture,http://assets.myntassets.com/assets/images/9430103/2019/5/6/2300f008-6c2e-41cf-833d-4dc5b69ac6d11557141993090-Bhama-Couture-Women-Red-Solid-A-Line-Top-8851557141990712-1.jpg,199.0,3.7537688442211055,"Red solid woven A-line top with embroidered detail and ruffles, has a round neck, three-quarter sleeves, button closureRegular Fit<br> The model (height 5'8"") is wearing a size SPure Cotton<br> Machine-wash","{'Body Shape ID': '443,333,424', 'Body or Garment Size': 'To-Fit Denotes Body Measurements in', 'Center Front Open': 'No', 'Character': 'NA', 'Closure': 'Button', 'Fabric': 'Pure Cotton', 'Fabric Type': 'Cotton', 'Length': 'Regular', 'Lining': 'NA', 'Main Trend': 'Floral Print', 'Multipack Set': 'NA', 'Neck': 'Round Neck', 'Occasion': 'Ethnic', 'Pattern': 'Solid', 'Print or Pattern Type': 'Solid', 'Sleeve Length': 'Three-Quarter Sleeves', 'Sleeve Styling': 'Regular Sleeves', 'Surface Styling': 'Embroidered', 'Sustainable': 'Regular', 'Transparency': 'Opaque', 'Type': 'A-Line', 'Wash Care': 'Machine Wash', 'Weave Type': 'Woven', 'taxMaterial': 'NA'}"
9895799,Bhama Couture Women Navy Blue and White Striped Empire Pure Cotton Top,Top,1799.0,Navy Blue,Bhama Couture,http://assets.myntassets.com/assets/images/9895799/2019/6/10/0186768e-8aca-4c0c-b73b-cf1ffdae94c01560160880916-Bhama-Couture-Women-Tops-451560160879474-1.jpg,44.0,3.7954545454545454,"Navy blue and white striped empire top with embroidered detail and lace inserts, has a tie-up neck, three-quarter bell sleevesCotton<br>Machine-washThe model (height 5'8"") is wearing a size S","{'Body Shape ID': '324,424', 'Body or Garment Size': 'To-Fit Denotes Body Measurements in', 'Center Front Open': 'No', 'Character': 'NA', 'Closure': 'NA', 'Fabric': 'Pure Cotton', 'Fabric Type': 'Cotton', 'Length': 'Regular', 'Lining': 'NA', 'Main Trend': 'Floral Print', 'Multipack Set': 'NA', 'Neck': 'Tie-Up Neck', 'Occasion': 'Ethnic', 'Pattern': 'Striped', 'Print or Pattern Type': 'Vertical Stripes', 'Sleeve Length': 'Three-Quarter Sleeves', 'Sleeve Styling': 'Bell Sleeves', 'Surface Styling': 'Embroidered', 'Sustainable': 'Regular', 'Transparency': 'Opaque', 'Type': 'Empire', 'Wash Care': 'Machine Wash', 'Weave Type': 'Woven', 'taxMaterial': 'NA'}"
1755654,Biba Women White Printed Boxy Crop Top,Crop Top,899.0,White,Biba,http://assets.myntassets.com/assets/images/1755654/2017/2/13/11486971773234-Biba-Women-Tops-5301486971772959-1.jpg,6.0,4.166666666666667,"White and navy woven printed boxy crop top, has a mandarin collar with a full button placket, short sleeves and an attached liningOuter shell: 100% polyester <br>Lining: 100% cotton<br>Machine-wash coldThe model (height 5'8'') is wearing a size S","{'Body or Garment Size': 'To-Fit Denotes Body Measurements in', 'Center Front Open': 'No', 'Character': 'NA', 'Closure': 'Button', 'Fabric': 'Polyester', 'Fabric Type': 'NA', 'Length': 'Crop', 'Lining': 'Has a lining', 'Main Trend': 'Geometric Print', 'Multipack Set': 'NA', 'Neck': 'Mandarin Collar', 'Occasion': 'Ethnic', 'Pattern': 'Printed', 'Print or Pattern Type': 'Geometric', 'Sleeve Length': 'Short Sleeves', 'Sleeve Styling': 'Regular Sleeves', 'Surface Styling': 'NA', 'Sustainable': 'Regular', 'Transparency': 'Opaque', 'Type': 'Boxy', 'Wash Care': 'Machine Wash', 'Weave Type': 'Woven', 'taxMaterial': 'NA'}"
10080283,AKKRITI BY PANTALOONS Women Grey Printed Shirt Style Top,"Shirt, Top",699.0,Grey,AKKRITI BY PANTALOONS,http://assets.myntassets.com/assets/images/10080283/2019/6/18/aaf936e5-4769-490f-ae96-367c5e7e66bd1560847966619-AKKRITI-BY-PANTALOONS-Women-Grey-Printed-Top-198156084796335-1.jpg,62.0,4.129032258064516,"Grey printed woven shirt style  top, has a mandarin collar, three-quarter sleeves, and button closureRegular Fit<br> The model (height 5'8"") is wearing a size S100% Rayon<br>Machine-wash","{'Body Shape ID': '443,333,324,424', 'Body or Garment Size': 'To-Fit Denotes Body Measurements in', 'Center Front Open': 'No', 'Character': 'NA', 'Closure': 'Button', 'Fabric': 'Viscose Rayon', 'Fabric Type': 'NA', 'Length': 'Regular', 'Lining': 'NA', 'Main Trend': 'Abstract', 'Multipack Set': 'NA', 'Neck': 'Mandarin Collar', 'Occasion': 'Ethnic', 'Pattern': 'Printed', 'Print or Pattern Type': 'Abstract', 'Sleeve Length': 'Three-Quarter Sleeves', 'Sleeve Styling': 'Roll-Up Sleeves', 'Surface Styling': 'NA', 'Sustainable': 'Regular', 'Transparency': 'Opaque', 'Type': 'Shirt Style', 'Wash Care': 'Machine Wash', 'Weave Type': 'Woven', 'taxMaterial': 'NA'}"
9802407,AKKRITI BY PANTALOONS Women Yellow Embroidered Top,Top,899.0,Yellow,AKKRITI BY PANTALOONS,http://assets.myntassets.com/assets/images/productimage/2019/5/24/dffdb762-0a3a-4195-b851-cdfc381bd22b1558691889870-1.jpg,,,"Yellow embroidered woven regular top, has a tie-up neck, three-quarter puff sleevesThe model (height 5'8"") is wearing a size S100% Viscose Rayon<br>Machine-wash","{'Body Shape ID': '324,424', 'Body or Garment Size': 'To-Fit Denotes Body Measurements in', 'Center Front Open': 'No', 'Character': 'NA', 'Closure': 'NA', 'Fabric': 'Viscose Rayon', 'Fabric Type': 'NA', 'Length': 'Regular', 'Lining': 'NA', 'Main Trend': 'Geometric Print', 'Multipack Set': 'NA', 'Neck': 'Tie-Up Neck', 'Occasion': 'Ethnic', 'Pattern': 'Embellished', 'Print or Pattern Type': 'Geometric', 'Sleeve Length': 'Three-Quarter Sleeves', 'Sleeve Styling': 'Puff Sleeves', 'Surface Styling': 'Tie-Ups', 'Sustainable': 'Regular', 'Transparency': 'Opaque', 'Type': 'Regular', 'Wash Care': 'Machine Wash', 'Weave Type': 'Woven', 'taxMaterial': 'NA'}"
9009999,Style Quotient White & Green Striped Tunic,Tunic,1499.0,White,Style Quotient,http://assets.myntassets.com/assets/images/9009999/2019/3/26/a58ae160-62d0-44e5-a88c-3e430842b2411553602808150-Style-Quotient-Women-Tunics-811553602805441-1.jpg,,,"White, green, black striped tunic, has a mandarin collar, button closure, short sleeves, high-low hemPolyester<br> Hand-washThe model (height 5'8'') is wearing a size S","{'Body or Garment Size': 'To-Fit Denotes Body Measurements in', 'Closure': 'Button', 'Fabric': 'Polyester', 'Main Trend': 'Multi or Variegated Stripes', 'Neck': 'Mandarin Collar', 'Occasion': 'Ethnic', 'Pattern': 'Striped', 'Sleeve Length': 'Short Sleeves', 'Surface Styling': 'NA', 'Wash Care': 'Hand Wash'}"
10365389,Varanga Women Beige Solid Tunic,Tunic,1599.0,Beige,Varanga,http://assets.myntassets.com/assets/images/productimage/2019/8/2/c5786d60-e024-42b4-9473-49e00debb2b01564687592345-1.jpg,10.0,3.0,"Beige solid tunic with gathered, tie-ups and embroidered detail, has a round neck, three-quarter sleeves, and button closureViscose rayon<br>Hand-washThe model (height 5'8'') is wearing a size S","{'Body or Garment Size': 'Garment Measurements in', 'Closure': 'Button', 'Fabric': 'Viscose Rayon', 'Main Trend': 'Ethnic Print', 'Neck': 'Round Neck', 'Occasion': 'Ethnic', 'Pattern': 'Solid', 'Sleeve Length': 'Three-Quarter Sleeves', 'Surface Styling': 'Tie-Ups', 'Wash Care': 'Hand Wash'}"
9886841,Varanga Women Pink Striped Top,Top,1299.0,Pink,Varanga,http://assets.myntassets.com/assets/images/productimage/2019/6/3/df69503f-f9f5-4340-acd3-2f3d7e584db71559551624275-1.jpg,11.0,4.090909090909091,"Pink striped woven regular top, has a round neck, three-quarter sleeves, button closureThe model (height 5'8"") is wearing a size SViscose Rayon<br>Hand-wash","{'Body Shape ID': '333,424', 'Body or Garment Size': 'Garment Measurements in', 'Center Front Open': 'No', 'Character': 'NA', 'Closure': 'Button', 'Fabric': 'Viscose Rayon', 'Fabric Type': 'NA', 'Length': 'Crop', 'Lining': 'NA', 'Main Trend': 'Ethnic Print', 'Multipack Set': 'NA', 'Neck': 'Round Neck', 'Occasion': 'Ethnic', 'Pattern': 'Striped', 'Print or Pattern Type': 'Vertical Stripes', 'Sleeve Length': 'Three-Quarter Sleeves', 'Sleeve Styling': 'Regular Sleeves', 'Surface Styling': 'NA', 'Sustainable': 'Regular', 'Transparency': 'Opaque', 'Type': 'Regular', 'Wash Care': 'Hand Wash', 'Weave Type': 'Woven', 'taxMaterial': 'NA'}"
2305643,SASSAFRAS Women Turquoise Blue Silk Floral Print Crop Fitted Top,Crop Top,1399.0,Turquoise Blue,SASSAFRAS,http://assets.myntassets.com/assets/images/2305643/2017/12/9/11512821624244-SASSAFRAS-Women-Turquoise-Blue-Printed-Top-4551512821624052-1.jpg,,,"Turquoise blue and off-white floral print woven crop fitted top, has a round neck, sleeveless, zip closure100% silk<br>Dry-cleanFitted<br>The model (height 5'8"") is wearing a size S","{'Body Shape ID': '424', 'Body or Garment Size': 'To-Fit Denotes Body Measurements in', 'Closure': 'Zip', 'Fabric': 'Pure Silk', 'Fabric Type': 'NA', 'Length': 'Crop', 'Lining': 'Has a lining', 'Main Trend': 'Floral Print', 'Neck': 'Round Neck', 'Occasion': 'Ethnic', 'Pattern': 'Printed', 'Print or Pattern Type': 'Floral', 'Sleeve Length': 'Sleeveless', 'Sleeve Styling': 'No Sleeves', 'Surface Styling': 'Lace Inserts', 'Transparency': 'Opaque', 'Type': 'Fitted', 'Wash Care': 'Dry Clean', 'Weave Type': 'Woven', 'taxMaterial': 'NA'}"
9876417,IDK White Printed Tunic,Tunic,1299.0,White,IDK,http://assets.myntassets.com/assets/images/productimage/2019/5/31/4776ef8e-8f8e-48ee-b310-86e2934638f71559325591466-1.jpg,,,"White printed tunic, has a round neck, three-quarter sleevesViscose Rayon<br>Hand-washThe model (height 5'8'') is wearing a size S","{'Body or Garment Size': 'Garment Measurements in', 'Closure': 'NA', 'Fabric': 'Viscose Rayon', 'Main Trend': 'Geometric Print', 'Neck': 'Round Neck', 'Occasion': 'Casual', 'Pattern': 'Printed', 'Sleeve Length': 'Three-Quarter Sleeves', 'Surface Styling': 'NA', 'Wash Care': 'Hand Wash'}"
8940929,Bronz Green Printed Tunic,Tunic,899.0,Green,Bronz,http://assets.myntassets.com/assets/images/8940929/2019/3/25/b17fb7b3-b6f0-4a17-bfa7-9fbb31a9a5d91553512440567-Bronz-Green-Printed-Tunic-8541553512439071-1.jpg,4.0,2.5,"Green printed tunic with tie-up detail, has a round neck, short sleevesThe model (height 5'8'') is wearing a size S55% Rayon, 35% Cotton, 10% Flax<br>Hand-wash","{'Body or Garment Size': 'To-Fit Denotes Body Measurements in', 'Closure': 'NA', 'Fabric': 'Viscose Rayon', 'Main Trend': 'Geometric Print', 'Neck': 'Round Neck', 'Number of Pockets': 'NA', 'Occasion': 'Ethnic', 'Pattern': 'Printed', 'Sleeve Length': 'Short Sleeves', 'Surface Styling': 'Tie-Ups', 'Sustainable': 'Regular', 'Wash Care': 'Hand Wash'}"
8899693,Kvsfab Women Black Embroidered A-Line Kurti,Kurti,1749.0,Black,Kvsfab,http://assets.myntassets.com/assets/images/productimage/2019/2/23/12484159-a057-48a2-9476-3c86115a4b941550912424679-1.jpg,,,"Black solid A-line kurti with stitched pattern detail, has mandarin collar, three-quarter sleeves, curved hemViscose rayon&nbsp;<br>Machine washThe model (height 5'8"") is wearing size S","{'Body or Garment Size': 'Garment Measurements in', 'Design Styling': 'Regular', 'Fabric': 'Viscose Rayon', 'Hemline': 'Curved', 'Neck': 'Mandarin Collar', 'Occasion': 'Daily', 'Ornamentation': 'NA', 'Pattern': 'Embroidered', 'Print or Pattern Type': 'Solid', 'Shape': 'A-Line', 'Sleeve Length': 'Three-Quarter Sleeves', 'Sleeve Styling': 'Roll-Up Sleeves', 'Slit Detail': 'NA', 'Technique': 'NA', 'Wash Care': 'Hand Wash', 'Weave Pattern': 'Regular', 'Weave Type': 'Machine Weave'}"
8544515,AKKRITI BY PANTALOONS Yellow Solid Tunic,Tunic,899.0,Yellow,AKKRITI BY PANTALOONS,http://assets.myntassets.com/assets/images/productimage/2019/1/19/536a9dc4-6089-4cbe-b094-9b116f173ffa1547843014560-1.jpg,5.0,3.8,"Yellow solid tunic, has a round neck, three-quarter sleeves, layered detail, button closureThe model (height 5'8'') is wearing a size S100% Viscose<br>Fabric type: Liva<br>Machine wash","{'Body or Garment Size': 'To-Fit Denotes Body Measurements in', 'Closure': 'Button', 'Fabric': 'Liva', 'Main Trend': 'New Basics', 'Neck': 'Round Neck', 'Number of Pockets': 'NA', 'Occasion': 'Ethnic', 'Pattern': 'Solid', 'Sleeve Length': 'Three-Quarter Sleeves', 'Surface Styling': 'Layered', 'Sustainable': 'Regular', 'Wash Care': 'Machine Wash'}"
7677533,AKKRITI BY PANTALOONS Women Cream-Coloured Printed Shirt Style Top,"Shirt, Top",899.0,Cream,AKKRITI BY PANTALOONS,http://assets.myntassets.com/assets/images/productimage/2018/10/23/c4ad7da6-be8e-4e73-a9f1-79e5ffb629c81540299303840-1.jpg,4.0,3.5,"Cream-coloured printed woven shirt style top, has a round neck, short sleeves, button closureRegular Fit<br> The model (height 5'8"") is wearing a size S100% viscose<br>Hand-wash","{'Body Shape ID': '333', 'Body or Garment Size': 'To-Fit Denotes Body Measurements in', 'Center Front Open': 'No', 'Character': 'NA', 'Closure': 'Button', 'Fabric': 'Viscose Rayon', 'Fabric Type': 'NA', 'Length': 'Regular', 'Lining': 'NA', 'Main Trend': 'Geometric Print', 'Multipack Set': 'NA', 'Neck': 'Round Neck', 'Occasion': 'Ethnic', 'Pattern': 'Printed', 'Print or Pattern Type': 'Polka Dots', 'Sleeve Length': 'Short Sleeves', 'Sleeve Styling': 'Extended Sleeves', 'Surface Styling': 'NA', 'Sustainable': 'Regular', 'Transparency': 'Opaque', 'Type': 'Shirt Style', 'Wash Care': 'Hand Wash', 'Weave Type': 'Woven', 'taxMaterial': 'NA'}"
7443833,Off White Printed Blouse,Blouse,599.0,Off White,AKKRITI BY PANTALOONS,http://assets.myntassets.com/assets/images/productimage/2018/9/19/050c529a-16d3-4bd0-a761-e7a77556a62a1537346488617-1.jpg,,,"<p><br>	Elaborately printed with bold buta motifs, highlighted with grindle panel on the front hemline and patterned with messy stripes on the yoke, this off-white top from Akkriti by Pantaloons will add cheerful, ethnic twist to your casual outfit. Also designed in soft and stretchy rayon fabric to lend superior wearing comfort, this sleeveless top will look beautiful with black palazzos and strappy sandals.</p><br><ul><br>	<li><br>		Bold buta motifs printed on the front</li><br>	<li><br>		Messy stripe pattern on the yoke</li><br>	<li><br>		Grindle panel on the front hemline</li><br>	<li><br>		Contrasting back</li><br>	<li><br>		Classy round neckline</li><br>	<li><br>		Sleeveless cut</li><br>	<li><br>		Figure panel stitches on the sides of the bodice</li><br>	<li><br>		Hip length</li><br>	<li><br>		Straight hemline</li><br></ul><br><br><p></p><p>Model is wearing size S and her height is 5'10"", bust 30"", waist 28"" and hips are 36"".</p><p>Machine wash</p>","{'Body or Garment Size': 'To-Fit Denotes Body Measurements in', 'Length': 'Regular', 'Neck': 'Round Neck', 'Occasion': 'Ethnic', 'Pattern': 'Printed', 'Sleeve Length': 'Sleeveless'}"
7272007,Nayo Navy Blue Solid A-Line Tunic,Tunic,1199.0,Navy Blue,Nayo,http://assets.myntassets.com/assets/images/7272007/2018/9/7/a9a6a52c-3c0c-4a1a-8ffb-0fdef44470a41536318082952-Solid-Round-Neck-with-Gathers-and-34th-Flared-Sleeves-Tunic-3201536318082719-1.jpg,53.0,3.811320754716981,"Navy solid A-line tunic, has a round neck, three-quarter sleeves, gathers detailCotton<br> Hand-washThe model (height 5'8'') is wearing a size S","{'Body or Garment Size': 'Garment Measurements in', 'Closure': 'NA', 'Fabric': 'Cotton', 'Main Trend': 'Nautical', 'Neck': 'Round Neck', 'Number of Pockets': 'NA', 'Occasion': 'Ethnic', 'Pattern': 'Solid', 'Sleeve Length': 'Three-Quarter Sleeves', 'Surface Styling': 'Gathers', 'Sustainable': 'Regular', 'Wash Care': 'Hand Wash'}"
6602214,Shree Black & Mustard Yellow Ruffled Floral Print Tunic,Tunic,1299.0,Black,Shree,http://assets.myntassets.com/assets/images/6602214/2018/10/11/c5c3b9b6-4460-4289-bc55-ab118c80580a1539252074713-Shree-Black--Mustard-Yellow-Ruffled-Floral-Print-Tunic-4221539252074473-1.jpg,,,"Black and mustard yellow floral print tunic, has a round neck, three-quarter sleeves<br>Comes with an innerThe model (height 5'8'') is wearing a size SPolyester<br>Hand-wash","{'Body or Garment Size': 'Garment Measurements in', 'Closure': 'NA', 'Fabric': 'Polyester', 'Main Trend': 'Floral Print', 'Neck': 'Round Neck', 'Number of Pockets': 'NA', 'Occasion': 'Ethnic', 'Pattern': 'Printed', 'Sleeve Length': 'Three-Quarter Sleeves', 'Surface Styling': 'NA', 'Sustainable': 'Regular', 'Wash Care': 'Hand Wash'}"
6518878,Desi Weavess Women Cream-Coloured Solid A-Line Top,"Top, A-Line",1690.0,Cream,Desi Weavess,http://assets.myntassets.com/assets/images/6518878/2018/5/23/0b334581-3002-447e-90ca-deead3a06dd41527077348463-na-5341527077348272-1.jpg,,,"Cream-coloured solid woven A-line top, has a mandarin collar, three-quarter sleeves, button closureCotton Blend<br>Machine-washRegular Fit<br> The model (height 5'8"") is wearing a size S","{'Body Shape ID': '443,333,324,424', 'Body or Garment Size': 'To-Fit Denotes Body Measurements in', 'Center Front Open': 'No', 'Character': 'NA', 'Closure': 'Button', 'Fabric': 'Cotton Blend', 'Fabric Type': 'Cotton', 'Length': 'Regular', 'Lining': 'NA', 'Main Trend': 'New Basics', 'Multipack Set': 'NA', 'Neck': 'Mandarin Collar', 'Occasion': 'Ethnic', 'Pattern': 'Solid', 'Print or Pattern Type': 'Solid', 'Sleeve Length': 'Three-Quarter Sleeves', 'Sleeve Styling': 'Regular Sleeves', 'Surface Styling': 'Gathered or Pleated', 'Sustainable': 'Regular', 'Transparency': 'Opaque', 'Type': 'A-Line', 'Wash Care': 'Machine Wash', 'Weave Type': 'Woven', 'taxMaterial': 'NA'}"
5452812,Bronz Red & Orange Printed Tunic,Tunic,899.0,Red,Bronz,http://assets.myntassets.com/assets/images/5452812/2018/5/11/62dfc432-d382-49f1-824a-321155584a981526011895269-Bronz-Orange-Printed-Tunic-8351526011895101-1.jpg,,,"Red and orange printed tunic with layered detail, has a V-neck, sleeveless, an attached inner lining&nbsp;<br>&nbsp;The model (height 5'8'') is wearing a size SShell: 100% polyester&nbsp;<br>Lining: 100% polyester&nbsp;<br>Hand-wash<br>&nbsp;","{'Body or Garment Size': 'To-Fit Denotes Body Measurements in', 'Closure': 'NA', 'Fabric': 'Polyester', 'Main Trend': 'Ethnic Print', 'Neck': 'V-Neck', 'Number of Pockets': 'NA', 'Occasion': 'Ethnic', 'Pattern': 'Printed', 'Sleeve Length': 'Sleeveless', 'Surface Styling': 'Layered', 'Sustainable': 'Regular', 'Wash Care': 'Hand Wash'}"
10759170,INDYA Women Pink Embellished Top,Top,1800.0,Pink,INDYA,http://assets.myntassets.com/assets/images/productimage/2019/10/1/f02ecb9e-5922-43aa-8223-46b924dc94a01569908281175-1.jpg,117.0,4.547008547008547,"Pink embellished woven regular  top, has a boat neck, sleeveless, and zip closure100% POLYESTER<br>Hand-washThe model (height 5'8"") is wearing a size S","{'Body Shape ID': '424', 'Body or Garment Size': 'To-Fit Denotes Body Measurements in', 'Closure': 'Zip', 'Fabric': 'Polyester', 'Fabric Type': 'Georgette', 'Length': 'Crop', 'Lining': 'NA', 'Main Trend': 'New Basics', 'Neck': 'Boat Neck', 'Occasion': 'Party', 'Pattern': 'Embellished', 'Print or Pattern Type': 'Embellished', 'Sleeve Length': 'Sleeveless', 'Sleeve Styling': 'No Sleeves', 'Surface Styling': 'Sequined', 'Transparency': 'Opaque', 'Type': 'Regular', 'Wash Care': 'Hand Wash', 'Weave Type': 'Woven', 'taxMaterial': 'NA'}"
10193941,Global Desi Women Teal Green & Red Printed High-Low Tunic,Tunic,1599.0,Teal,Global Desi,http://assets.myntassets.com/assets/images/10193941/2019/7/19/e20e0de3-4848-403e-88db-120708e877351563525576862-Global-Desi-Women-Teal-Green--Red-Printed-High-Low-Tunic-687-1.jpg,194.0,4.195876288659794,"Teal green and Red printed high-low tunic, has a round neck, and three-quarter sleeves, button closure, a high-low hemThe model (height 5'8'') is wearing a size S100% viscose rayon<br>Hand-wash","{'Closure': 'Button', 'Fabric': 'Viscose Rayon', 'Main Trend': 'Ethnic Print', 'Neck': 'Round Neck', 'Occasion': 'Ethnic', 'Pattern': 'Printed', 'Sleeve Length': 'Three-Quarter Sleeves', 'Surface Styling': 'NA', 'Wash Care': 'Hand Wash'}"
10842592,INDYA Women Black Printed Top,Top,1200.0,Black,INDYA,http://assets.myntassets.com/assets/images/productimage/2019/10/21/74bb764c-53dd-4c0b-b157-29a7164c0a641571634160870-1.jpg,134.0,4.402985074626866,"Black and Gold-toned printed woven regular  top, has a square neck, sleeveless, and concealed zip closureThe model (height 5'8"") is wearing a size SPolyester<br>Hand-wash","{'Body Shape ID': '424', 'Body or Garment Size': 'To-Fit Denotes Body Measurements in', 'Closure': 'Concealed Zip', 'Fabric': 'Polyester', 'Fabric Type': 'Georgette', 'Length': 'Crop', 'Lining': 'Has a lining', 'Main Trend': 'Floral Print', 'Neck': 'Square Neck', 'Occasion': 'Ethnic', 'Pattern': 'Printed', 'Print or Pattern Type': 'Floral', 'Sleeve Length': 'Sleeveless', 'Sleeve Styling': 'No Sleeves', 'Surface Styling': 'NA', 'Transparency': 'Opaque', 'Type': 'Regular', 'Wash Care': 'Hand Wash', 'Weave Type': 'Woven', 'taxMaterial': 'NA'}"
2400033,AURELIA Women Black Checked Pure Cotton Top,Top,799.0,Black,AURELIA,http://assets.myntassets.com/assets/images/2400033/2018/9/7/9af0ec7b-7f22-4458-9d80-6e8999dd187e1536298784024-AURELIA-Women-Tops-3591536298783784-1.jpg,132.0,4.037878787878788,"Black and white checked woven regular top, has a round neck, short sleeves, button closurePure Cotton<br>Hand-washThe model (height 5'8"") is wearing a size S","{'Body Shape ID': '443,333,424', 'Body or Garment Size': 'Garment Measurements in', 'Center Front Open': 'No', 'Character': 'NA', 'Closure': 'Button', 'Fabric': 'Pure Cotton', 'Fabric Type': 'Cotton', 'Length': 'Regular', 'Lining': 'NA', 'Main Trend': 'Monochrome', 'Multipack Set': 'NA', 'Neck': 'Round Neck', 'Occasion': 'Ethnic', 'Pattern': 'Checked', 'Print or Pattern Type': 'Checked', 'Sleeve Length': 'Short Sleeves', 'Sleeve Styling': 'Regular Sleeves', 'Surface Styling': 'NA', 'Sustainable': 'Regular', 'Transparency': 'Opaque', 'Type': 'Regular', 'Wash Care': 'Hand Wash', 'Weave Type': 'Woven', 'taxMaterial': 'NA'}"
8034961,Nayo Magenta & Orange Printed Tunic,Tunic,1299.0,Magenta,Nayo,http://assets.myntassets.com/assets/images/8034961/2018/12/7/f62245dd-140d-450a-afc7-f0bb9fdc8e211544161411735-Nayo-Women-Tunics-7171544161410384-1.jpg,386.0,4.090673575129534,"Magenta and orange printed tunic with gathers detail, has a V-neck, three-quarter sleevesCotton<br>Hand-washThe model (height 5'8'') is wearing a size S","{'Body or Garment Size': 'Garment Measurements in', 'Closure': 'NA', 'Fabric': 'Cotton', 'Main Trend': 'Geometric Print', 'Neck': 'V-Neck', 'Occasion': 'Ethnic', 'Pattern': 'Printed', 'Sleeve Length': 'Three-Quarter Sleeves', 'Surface Styling': 'Gathers', 'Wash Care': 'Hand Wash'}"
10639936,INDYA Women Mustard Yellow Printed Top,Top,1500.0,Mustard,INDYA,http://assets.myntassets.com/assets/images/productimage/2019/9/13/d782c419-3c2a-405e-9bb5-3adb0b3c20191568395280565-1.jpg,41.0,3.731707317073171,"Mustard and Gold-toned printed woven regular  top, has a round neck, short sleeves, and concealed zip closureThe model (height 5'8"") is wearing a size S70% Polyester, 30% Viscose<br>Hand-wash","{'Body Shape ID': '333,424', 'Body or Garment Size': 'To-Fit Denotes Body Measurements in', 'Closure': 'Concealed Zip', 'Fabric': 'Polyester', 'Fabric Type': 'NA', 'Length': 'Crop', 'Lining': 'NA', 'Main Trend': 'Ethnic Print', 'Neck': 'Round Neck', 'Occasion': 'Ethnic', 'Pattern': 'Printed', 'Print or Pattern Type': 'Ethnic Motifs', 'Sleeve Length': 'Short Sleeves', 'Sleeve Styling': 'Regular Sleeves', 'Surface Styling': 'NA', 'Transparency': 'Opaque', 'Type': 'Regular', 'Wash Care': 'Hand Wash', 'Weave Type': 'Woven', 'taxMaterial': 'NA'}"
8899687,Kvsfab Women Orange Solid Kurti,Kurti,1699.0,Orange,Kvsfab,http://assets.myntassets.com/assets/images/productimage/2019/2/23/fc84a02c-4618-470f-9877-a9df8a5856bf1550915310879-1.jpg,,,"Orange solid A-line kurti with stitched pattern detail, round neck and three-quarter sleeves, curved hemThe model (height 5'8"") is wearing size SViscose rayon<br>Machine wash","{'Body or Garment Size': 'Garment Measurements in', 'Design Styling': 'Regular', 'Fabric': 'Viscose Rayon', 'Hemline': 'Curved', 'Neck': 'Round Neck', 'Occasion': 'Daily', 'Ornamentation': 'Patchwork', 'Pattern': 'Solid', 'Print or Pattern Type': 'Solid', 'Shape': 'A-Line', 'Sleeve Length': 'Three-Quarter Sleeves', 'Sleeve Styling': 'Regular Sleeves', 'Slit Detail': 'NA', 'Technique': 'NA', 'Wash Care': 'Hand Wash', 'Weave Pattern': 'Regular', 'Weave Type': 'Machine Weave'}"
10712264,Yufta Women Navy Blue & Grey Printed Tunic,Tunic,999.0,Navy Blue,Yufta,http://assets.myntassets.com/assets/images/10712264/2019/10/10/21b9ded8-7252-44dc-a8ab-b713d2b3a2431570691066804-Printed-A-line-Tunic-5441570691065353-1.jpg,43.0,4.186046511627907,"Navy Blue and Grey printed tunic with pleated detail, has a round neck, three-quarter sleeves and flared hemThe model (height 5'8'') is wearing a size SCotton<br> Hand-wash","{'Body or Garment Size': 'Garment Measurements in', 'Closure': 'NA', 'Fabric': 'Cotton', 'Main Trend': 'Ethnic Print', 'Neck': 'Round Neck', 'Occasion': 'Ethnic', 'Pattern': 'Printed', 'Sleeve Length': 'Three-Quarter Sleeves', 'Surface Styling': 'Gathers', 'Wash Care': 'Hand Wash'}"
7190458,Rangriti Women Red Solid A-Line Top with Printed Detail,"Top, A-Line Top",1199.0,Red,Rangriti,http://assets.myntassets.com/assets/images/7190458/2018/10/5/04cdd4ed-b167-4f67-b576-4b9eef773eae1538718043954-Rangriti-Women-Red-Solid-A-Line-Top-6781538718043761-1.jpg,23.0,3.869565217391304,"Red solid woven A-line top with printed detail, has a mandarin collar, three-quarter sleeves, button closure, an attached liningThe model (height 5'8"") is wearing a size SShell: 100% polyester<br>Lining: 100% cotton&nbsp;<br>Hand-wash","{'Body Shape ID': '443,333,324,424', 'Body or Garment Size': 'To-Fit Denotes Body Measurements in', 'Closure': 'Button', 'Fabric': 'Polyester', 'Fabric Type': 'NA', 'Length': 'Regular', 'Lining': 'Has a lining', 'Main Trend': 'Ethnic Print', 'Neck': 'Mandarin Collar', 'Occasion': 'Ethnic', 'Pattern': 'Solid', 'Print or Pattern Type': 'Solid', 'Sleeve Length': 'Three-Quarter Sleeves', 'Sleeve Styling': 'Roll-Up Sleeves', 'Surface Styling': 'NA', 'Transparency': 'Opaque', 'Type': 'A-Line', 'Wash Care': 'Hand Wash', 'Weave Type': 'Woven', 'taxMaterial': 'NA'}"
10556710,Global Desi Blue Solid Tunic,Tunic,2299.0,Blue,Global Desi,http://assets.myntassets.com/assets/images/10556710/2019/10/3/d3834a60-a5ab-4d8e-8f2f-f809ffc384411570100205838-Global-Desi-Women-Tunics-9381570100204555-1.jpg,13.0,4.0,"Blue solid Tunic, has a V-neck, and three-quarter sleevesThe model (height 5'8'') is wearing a size S100% Acrylic<br>Hand-wash","{'Body or Garment Size': 'Garment Measurements in', 'Closure': 'NA', 'Fabric': 'Acrylic', 'Main Trend': 'New Basics', 'Neck': 'V-Neck', 'Number of Pockets': 'NA', 'Occasion': 'Ethnic', 'Pattern': 'Solid', 'Sleeve Length': 'Three-Quarter Sleeves', 'Surface Styling': 'NA', 'Sustainable': 'Regular', 'Wash Care': 'Hand Wash'}"
2415650,AKKRITI BY PANTALOONS Women Off-White Solid A-Line Top,"Top, A-Line",799.0,Off White,AKKRITI BY PANTALOONS,http://assets.myntassets.com/assets/images/2415650/2018/2/15/11518687221856-AKKRITI-BY-PANTALOONS-Women-Tops-841518687221662-1.jpg,,,"Off-White solid woven A-line top, has a V-neck, sleevelessRegular fit<br>The model (height 5'8"") is wearing a size S89% cotton, 11% linen<br>Hand-wash","{'Body Shape ID': '443,333,324,424', 'Body or Garment Size': 'To-Fit Denotes Body Measurements in', 'Center Front Open': 'No', 'Character': 'NA', 'Closure': 'NA', 'Fabric': 'Cotton Blend', 'Fabric Type': 'NA', 'Length': 'Regular', 'Lining': 'NA', 'Main Trend': 'New Basics', 'Multipack Set': 'NA', 'Neck': 'V-Neck', 'Occasion': 'Ethnic', 'Pattern': 'Solid', 'Print or Pattern Type': 'Solid', 'Sleeve Length': 'Sleeveless', 'Sleeve Styling': 'No Sleeves', 'Surface Styling': 'NA', 'Sustainable': 'Regular', 'Transparency': 'Opaque', 'Type': 'A-Line', 'Wash Care': 'Hand Wash', 'Weave Type': 'Woven', 'taxMaterial': 'NA'}"
2359511,IMARA Off-White Embroidered Tunic,Tunic,1499.0,Off White,IMARA,http://assets.myntassets.com/assets/images/2359511/2018/1/17/11516190673086-IMARA-Off-White-Embroidered-Tunic-3861516190673007-1.jpg,12.0,3.1666666666666665,"Off-white tunic, has a round neck, short sleeves100% cotton<br>Machine-washThe model (height 5'8'') is wearing a size S","{'Body or Garment Size': 'Garment Measurements in', 'Closure': 'NA', 'Fabric': 'Cotton', 'Main Trend': 'New Basics', 'Neck': 'Round Neck', 'Occasion': 'Casual', 'Pattern': 'Embroidered', 'Sleeve Length': 'Short Sleeves', 'Surface Styling': 'NA', 'Wash Care': 'Machine Wash'}"
2075014,Global Desi Women Grey Solid Top,Top,999.0,Grey,Global Desi,http://assets.myntassets.com/assets/images/2075014/2017/9/11/11505122196246-Global-Desi-Women-Grey-Solid-Top-2841505122196003-1.jpg,,,"Grey solid woven top, has a halter neck, cold shoulder short sleeves, button closure on the back97% viscose, 3% elastane<br> Machine-washThe model (height 5'8"") is wearing a size S","{'Body Shape ID': '333,324,424', 'Body or Garment Size': 'Garment Measurements in', 'Center Front Open': 'No', 'Character': 'NA', 'Closure': 'Button', 'Fabric': 'Viscose Rayon', 'Fabric Type': 'NA', 'Length': 'Regular', 'Lining': 'NA', 'Main Trend': 'New Basics', 'Multipack Set': 'NA', 'Neck': 'Halter Neck', 'Occasion': 'Ethnic', 'Pattern': 'Solid', 'Print or Pattern Type': 'Solid', 'Sleeve Length': 'Short Sleeves', 'Sleeve Styling': 'Cold-Shoulder Sleeves', 'Surface Styling': 'NA', 'Sustainable': 'Regular', 'Transparency': 'Opaque', 'Type': 'Regular', 'Wash Care': 'Machine Wash', 'Weave Type': 'Woven', 'taxMaterial': 'NA'}"
1452573,Fusion Beats Black Embroidered Top,Top,1899.0,Black,Fusion Beats,http://assets.myntassets.com/assets/images/1452573/2016/8/17/11471429891216-Fusion-Beats-Women-Shrug-5871471429890940-1.jpg,,,"Black woven embroidered top, has a V-neckline, a tie-up closure on the front with tassels, three-quarter sleeves, and a curved hemLiva <br>Hand-washThe model (height 5'8'') is wearing a size S","{'Body Shape ID': '443,333,324,424', 'Body or Garment Size': 'To-Fit Denotes Body Measurements in', 'Center Front Open': 'No', 'Character': 'NA', 'Closure': 'NA', 'Fabric': 'Liva', 'Fabric Type': 'NA', 'Length': 'Regular', 'Lining': 'NA', 'Main Trend': 'Ethnic Print', 'Multipack Set': 'NA', 'Neck': 'V-Neck', 'Occasion': 'Ethnic', 'Pattern': 'Printed', 'Print or Pattern Type': 'Ethnic Motifs', 'Sleeve Length': 'Three-Quarter Sleeves', 'Sleeve Styling': 'Cuffed Sleeves', 'Surface Styling': 'Tie-Ups', 'Sustainable': 'Regular', 'Transparency': 'Opaque', 'Type': 'Wrap', 'Wash Care': 'Hand Wash', 'Weave Type': 'Woven', 'taxMaterial': 'NA'}"
10356731,Bhama Couture Women Blue Embroidered Cotton A-Line Top,"Top, A-Line Top, Cotton Top, Embroidered Top",1799.0,Blue,Bhama Couture,http://assets.myntassets.com/assets/images/10356731/2019/8/12/d5c95c16-b195-4f67-a0ff-d1bd5a801f621565607076835-Bhama-Couture-Women-Blue-Embellished-A-Line-Top-103156560707-1.jpg,9.0,4.222222222222222,"Blue embroidered woven A-line top with agthered detail, has a tie-up neck, and three-quarter sleevesPure Cotton<br>Machine-washRegular Fit<br> The model (height 5'8"") is wearing a size S","{'Body Shape ID': '324,424', 'Body or Garment Size': 'To-Fit Denotes Body Measurements in', 'Center Front Open': 'No', 'Character': 'NA', 'Closure': 'NA', 'Fabric': 'Pure Cotton', 'Fabric Type': 'Cotton', 'Length': 'Regular', 'Lining': 'NA', 'Main Trend': 'Geometric Print', 'Multipack Set': 'NA', 'Neck': 'Tie-Up Neck', 'Occasion': 'Ethnic', 'Pattern': 'Embellished', 'Print or Pattern Type': 'Ethnic Motifs', 'Sleeve Length': 'Three-Quarter Sleeves', 'Sleeve Styling': 'Regular Sleeves', 'Surface Styling': 'Gathered or Pleated', 'Sustainable': 'Regular', 'Transparency': 'Opaque', 'Type': 'A-Line', 'Wash Care': 'Machine Wash', 'Weave Type': 'Woven', 'taxMaterial': 'NA'}"
8339967,Bhama Couture Women Red Embroidered Detail A-Line Top,"Top, A-Line Top, Embroidered Top",1799.0,Red,Bhama Couture,http://assets.myntassets.com/assets/images/8339967/2019/1/8/3dd4df6f-b6d8-4b58-85aa-96d118ef81361546937298318-Bhama-Couture-Women-Red-Embellished-A-Line-Top-7615469372963-1.jpg,108.0,3.8055555555555554,"Red embroidered detail woven A-line top, has a tie-up neck, short sleevesRegular Fit<br> The model (height 5'8"") is wearing a size SViscose Rayon<br>Machine-wash","{'Body Shape ID': '324,424', 'Body or Garment Size': 'To-Fit Denotes Body Measurements in', 'Center Front Open': 'No', 'Character': 'NA', 'Closure': 'NA', 'Fabric': 'Viscose Rayon', 'Fabric Type': 'NA', 'Length': 'Regular', 'Lining': 'NA', 'Main Trend': 'Geometric Print', 'Multipack Set': 'NA', 'Neck': 'Tie-Up Neck', 'Occasion': 'Ethnic', 'Pattern': 'Embellished', 'Print or Pattern Type': 'Geometric', 'Sleeve Length': 'Short Sleeves', 'Sleeve Styling': 'Flared Sleeves', 'Surface Styling': 'Embroidered', 'Sustainable': 'Regular', 'Transparency': 'Opaque', 'Type': 'A-Line', 'Wash Care': 'Machine Wash', 'Weave Type': 'Woven', 'taxMaterial': 'NA'}"
6985137,Nayo Women Beige Printed Kaftan Top,Kaftan Top,1799.0,Beige,Nayo,http://assets.myntassets.com/assets/images/6985137/2018/7/25/dface07e-4d8c-4dc4-ae27-56477727ac561532494860371-Nayo-Women-Yellow-Printed-Kaftan-Top-6091532494860158-1.jpg,32.0,3.09375,"Beige printed woven kaftan top, has a shirt collar, three-quarter kimono sleeves, button closurePure Cotton<br>Hand-washThe model (height 5'8"") is wearing a size S","{'Body or Garment Size': 'Garment Measurements in', 'Center Front Open': 'No', 'Character': 'NA', 'Closure': 'Button', 'Fabric': 'Pure Cotton', 'Fabric Type': 'Cotton', 'Length': 'Regular', 'Lining': 'NA', 'Main Trend': 'Floral Print', 'Multipack Set': 'NA', 'Neck': 'Shirt Collar', 'Occasion': 'Ethnic', 'Pattern': 'Printed', 'Print or Pattern Type': 'Floral', 'Sleeve Length': 'Three-Quarter Sleeves', 'Sleeve Styling': 'Kimono Sleeves', 'Surface Styling': 'Gathered or Pleated', 'Sustainable': 'Regular', 'Transparency': 'Opaque', 'Type': 'Kaftan', 'Wash Care': 'Hand Wash', 'Weave Type': 'Woven', 'taxMaterial': 'NA'}"
2241114,Nayo Red & Off-White Printed Tunic,Tunic,1299.0,Red,Nayo,http://assets.myntassets.com/assets/images/2241114/2017/11/22/11511353468990-Nayo-Red-Printed-Tunic-5581511353468876-1.jpg,7.0,4.142857142857143,"Red and off-white printed tunic, has a round neck, three-quarter sleeves, 2 pocketsCotton <br> Hand-washThe model (height 5'8'') is wearing a size S","{'Body or Garment Size': 'Garment Measurements in', 'Closure': 'NA', 'Fabric': 'Cotton', 'Main Trend': 'Ethnic Print', 'Neck': 'Round Neck', 'Occasion': 'Casual', 'Pattern': 'Printed', 'Sleeve Length': 'Three-Quarter Sleeves', 'Surface Styling': 'NA', 'Wash Care': 'Hand Wash'}"
7099000,Libas Maroon Solid Kurti,Kurti,999.0,Maroon,Libas,http://assets.myntassets.com/assets/images/7099000/2018/8/20/4927121f-2281-4929-938b-b61ae9e057fe1534742625707-Libas-Maroon-Solid-Kurti-3021534742625616-1.jpg,42.0,3.928571428571429,"Maroon solid&nbsp;kurti has, a&nbsp;mandarin collar, three-quarter sleeves, side slitsRayon<br>Hand-washThe model (height 5'8"") is wearing a size S","{'Body or Garment Size': 'Garment Measurements in', 'Design Styling': 'Regular', 'Fabric': 'Viscose Rayon', 'Hemline': 'Straight', 'Neck': 'Mandarin Collar', 'Occasion': 'Daily', 'Ornamentation': 'NA', 'Pattern': 'Solid', 'Print or Pattern Type': 'Solid', 'Shape': 'Straight', 'Sleeve Length': 'Three-Quarter Sleeves', 'Sleeve Styling': 'Roll-Up Sleeves', 'Slit Detail': 'Side Slits', 'Technique': 'NA', 'Wash Care': 'Hand Wash', 'Weave Pattern': 'Regular', 'Weave Type': 'Machine Weave'}"
6937676,IMARA Women White Embroidered Regular Top,Top,1799.0,White,IMARA,http://assets.myntassets.com/assets/images/6937676/2019/11/19/56ef0b1e-febb-4cf5-a12b-646b76d771381574143904852-IMARA-Women-Tops-5081574143902417-1.jpg,52.0,3.8846153846153846,"White embroidered woven regular  top, has a round neck, and three-quarter sleevesThe model (height 5'8"") is wearing a size SMaterial: 100% polyester<br>Hand Wash","{'Body Shape ID': '333', 'Body or Garment Size': 'Garment Measurements in', 'Closure': 'NA', 'Fabric': 'Polyester', 'Fabric Type': 'NA', 'Length': 'Regular', 'Lining': 'Has a lining', 'Main Trend': 'Ethnic Print', 'Neck': 'Round Neck', 'Occasion': 'Ethnic', 'Pattern': 'Embroidered', 'Print or Pattern Type': 'Solid', 'Sleeve Length': 'Three-Quarter Sleeves', 'Sleeve Styling': 'Extended Sleeves', 'Surface Styling': 'Embroidered', 'Transparency': 'Opaque', 'Type': 'Regular', 'Wash Care': 'Hand Wash', 'Weave Type': 'Woven', 'taxMaterial': 'NA'}"
7942995,Mustard Yellow Textured Blouse,Blouse,799.0,Yellow,Annabelle by Pantaloons,http://assets.myntassets.com/assets/images/productimage/2018/11/24/af068e21-0ead-4292-86b0-d142f361d2671543045649919-1.jpg,,,"<p>Keep your look lively wearing this yellow coloured top from the house of Annabelle By Pantaloons. This top is designed as per the latest trends and fashioned using quality polyester. Designed to perfection, this classy top will look great when clubbed with trousers and black pumps.</p><p>Model is wearing size S and her height is 5'5"", bust 33"", waist 24"" and hips are 35"".</p><p>Machine Wash.</p>","{'Body Shape ID': '443,333,424', 'Body or Garment Size': 'Garment Measurements in', 'Closure': 'NA', 'Fabric': 'Polyester', 'Fabric Type': 'NA', 'Length': 'Regular', 'Lining': 'NA', 'Main Trend': 'New Basics', 'Neck': 'Round Neck', 'Occasion': 'Ethnic', 'Pattern': 'Solid', 'Print or Pattern Type': 'Solid', 'Sleeve Length': 'Short Sleeves', 'Sleeve Styling': 'Regular Sleeves', 'Surface Styling': 'NA', 'Transparency': 'Opaque', 'Type': 'Blouson', 'Wash Care': 'Machine Wash', 'Weave Type': 'Knitted', 'taxMaterial': 'NA'}"
10355839,Bhama Couture Women Red Solid A-Line Pure Cotton Top,Top,1799.0,Red,Bhama Couture,http://assets.myntassets.com/assets/images/10355839/2019/8/12/1f18ea15-db93-4369-99a3-3b188f45c18f1565596519873-Bhama-Couture-Women-Red-Solid-A-Line-Top-3821565596518750-1.jpg,10.0,3.9,"Red solid woven A-line top with gathered and embroidered detail, has a tie-up neck, and three-quarter sleevesRegular fit<br>The model (height 5'8"") is wearing a size SPure cotton<br>Machine-wash","{'Body Shape ID': '324,424', 'Body or Garment Size': 'To-Fit Denotes Body Measurements in', 'Center Front Open': 'No', 'Character': 'NA', 'Closure': 'NA', 'Fabric': 'Pure Cotton', 'Fabric Type': 'Cotton', 'Length': 'Regular', 'Lining': 'NA', 'Main Trend': 'Floral Print', 'Multipack Set': 'NA', 'Neck': 'Tie-Up Neck', 'Occasion': 'Ethnic', 'Pattern': 'Solid', 'Print or Pattern Type': 'Solid', 'Sleeve Length': 'Three-Quarter Sleeves', 'Sleeve Styling': 'Puff Sleeves', 'Surface Styling': 'Embroidered', 'Sustainable': 'Regular', 'Transparency': 'Opaque', 'Type': 'A-Line', 'Wash Care': 'Machine Wash', 'Weave Type': 'Woven', 'taxMaterial': 'NA'}"
9302571,Tikhi Imli Pink Printed Saree,Saree,1998.0,Pink,Tikhi Imli,http://assets.myntassets.com/assets/images/9302571/2019/4/26/c5de2463-b5b8-462e-947b-eeb6b6bb96d71556256719232-Tikhi-Imli-Pink-Printed-Poly-Crepe-Saree-6171556256718313-1.jpg,781.0,3.934699103713189,"<b>Design Detail:</b><br>Pink printed saree, has an embellished border<br>Blouse Piece<br>The model is wearing a blouse from our stylists collection, see the image for a mock-up of what the actual blouse would look like<br><br><b>Fabric:</b><br>Satin is a&nbsp;weave&nbsp;that typically has a glossy surface and a dull back. It has a good drape, elasticity and renowned for being a luxurious fabric.Length: 5.5 metres plus 0.8 metre blouse piece<br>Width: 1.06 metres (approx)Saree fabric: poly crepe<br>Blouse fabric: poly crepe<br>Hand-wash","{'Blouse': 'Blouse Piece', 'Blouse Fabric': 'Poly Crepe', 'Border': 'Embellished', 'Occasion': 'Daily', 'Ornamentation': 'NA', 'Pattern': 'Printed', 'Print or Pattern Type': 'Floral', 'Saree Fabric': 'Poly Crepe', 'Trends': 'NA', 'Type': 'NA', 'Wash Care': 'Hand Wash'}"
7079948,Inddus Burgundy Solid Ruffle Saree,Saree,3949.0,Burgundy,Inddus,http://assets.myntassets.com/assets/images/7079948/2018/8/29/967967f3-6366-4f24-b9ea-a4e9e297b4291535534122865-Inddus-Women-Sarees-7451535534122708-1.jpg,503.0,4.343936381709741,<b>Design Detail:</b><br>Burgundy solid saree<br>Comes with a blouse pieceLength: 5.5 metres plus 0.8 metre blouse piece<br>Width: 1.06 metres (approx)Saree fabric: poly georgette<br>Blouse fabric: poly georgette<br>Machine-wash,"{'Blouse': 'Blouse Piece', 'Blouse Fabric': 'Poly Georgette', 'Border': 'No Border', 'Multipack Set': 'NA', 'Occasion': 'Party', 'Ornamentation': 'NA', 'Pattern': 'Solid', 'Print or Pattern Type': 'Solid', 'Saree Fabric': 'Poly Georgette', 'Sustainable': 'Regular', 'Trends': 'Ruffles', 'Type': 'NA', 'Wash Care': 'Machine Wash', 'Wedding': 'Bride & Wedding Squad'}"
8927013,Inddus Women Black Solid Stretchable Saree Blouse,Saree Blouse,1199.0,Black,Inddus,http://assets.myntassets.com/assets/images/productimage/2019/2/28/9306135b-e23e-4ff2-bb82-3206dd577fe11551298479851-1.jpg,396.0,4.131313131313132,"<p> Black solid stretchable blouse with net detailing, has a round neck, short sleeves, slip-on closure</p>Cotton and elastane blend<br>Dry CleanThe model (height(5'8"") is wearing onesize","{'Body or Garment Size': 'Garment Measurements in', 'Closure': 'Elasticated', 'Fabric': 'Cotton', 'Fusion Wear': 'No', 'Neck': 'Round Neck', 'Occasion': 'Party', 'Ornamentation': 'NA', 'Pattern': 'Solid', 'Sleeve Length': 'Short Sleeves'}"
10343989,MIMOSA Red & Green Art Silk Woven Design Kanjeevaram Saree,Saree,5699.0,Red,MIMOSA,http://assets.myntassets.com/assets/images/productimage/2019/7/30/a911ae27-7300-4889-ac1b-f8e77f32d0a71564427219498-1.jpg,127.0,4.2362204724409445,"<b>Design Detail:</b><br>Red and Green kanjeevaram  woven design saree and has a woven design border <br>Blouse Piece<br>The model is wearing a blouse from our stylists collection, see the image for a mock-up of what the actual blouse would look like<br><br><b>Origin:</b><br>Kanjeevaram sarees are made in the Kanchipuram region in Tamil Nadu. The fabric bears the images of all the scriptures embossed on the walls of the temples of the Kanchipuram&nbsp;village.<br><br><b>Fabric:</b><br>Art silk is manufactured by synthetic fibres like rayon. It's light in weight and is soft on the skin for comfort in summers.Saree fabric: art silk<br>Blouse fabric: art silk<br>Dry-cleanLength: 5.4 metres plus 0.8 metre blouse piece<br>Width: 1.06 metres (approx)","{'Blouse': 'Blouse Piece', 'Blouse Fabric': 'Art Silk', 'Border': 'Woven Design', 'Multipack Set': 'NA', 'Occasion': 'Traditional', 'Ornamentation': 'NA', 'Pattern': 'Woven Design', 'Print or Pattern Type': 'Ethnic Motifs', 'Saree Fabric': 'Art Silk', 'Sustainable': 'Regular', 'Trends': 'NA', 'Type': 'Kanjeevaram', 'Wash Care': 'Dry Clean', 'Wedding': 'Bride & Wedding Squad'}"
7079944,Inddus Pink Printed Ruffle Saree,Saree,4499.0,Pink,Inddus,http://assets.myntassets.com/assets/images/7079944/2022/4/7/150a02b6-a17d-474c-8951-325c744fb3e31649328679208InddusPinkPrintedRuffleSaree1.jpg,527.0,4.185958254269449,<b>Design Detail:</b><br>Pink printed saree<br>Comes with a blouse pieceLength: 5.5 metres plus 0.8 metre blouse piece<br>Width: 1.06 metres (approx)Saree fabric: poly chiffon<br>Blouse fabric: poly chiffon<br>Machine-wash,"{'Blouse': 'Blouse Piece', 'Blouse Fabric': 'Poly Chiffon', 'Border': 'No Border', 'Occasion': 'Party', 'Ornamentation': 'NA', 'Pattern': 'Printed', 'Print or Pattern Type': 'Floral', 'Saree Fabric': 'Poly Chiffon', 'Trends': 'Ruffles', 'Type': 'NA', 'Wash Care': 'Machine Wash'}"
10852928,GoSriKi Beige Art Silk Solid Mysore Silk Saree,Saree,2424.0,Beige,GoSriKi,http://assets.myntassets.com/assets/images/10852928/2019/12/2/55d1c422-7124-4565-89bd-fbe83c7616fc1575290408256-GoSriki-Beige-Art-Silk-Blend-Solid-Plain-Saree-9861575290406-1.jpg,345.0,4.104347826086957,"<b>Design Details:</b><br>Beige mysore silk solid saree and has a zari border<br>Blouse Piece<br>The model is wearing a blouse from our stylist's collection, see the image for a mock-up of what the actual blouse would look like<br><b>Fabric:</b><br>Art silk is manufactured by synthetic fibres like rayon. It's light in weight and is soft on the skin for comfort in summers.Length: 5.5 metres plus 0.8 metre blouse piece<br>Width: 1.06 metres (approx)Saree fabric: art silk<br>Blouse fabric: art silk<br>Hand-wash","{'Blouse': 'Blouse Piece', 'Blouse Fabric': 'Art Silk', 'Border': 'Zari', 'Occasion': 'Traditional', 'Ornamentation': 'NA', 'Pattern': 'Solid', 'Print or Pattern Type': 'Solid', 'Saree Fabric': 'Art Silk', 'Trends': 'NA', 'Type': 'Mysore Silk', 'Wash Care': 'Hand Wash'}"
9753249,Saree mall Red & Green Solid Saree,Saree,2299.0,Red,Saree mall,http://assets.myntassets.com/assets/images/9753249/2019/6/4/28969b5f-a48a-4e95-9145-bae2544f4fd51559646513674-Saree-mall-Red--Gold-Toned-Silk-Cotton-Solid-Saree-784155964-1.jpg,2802.0,3.930763740185582,"<b>Design Detail:</b><br>Red an green solid saree, has solid border<br>Blouse Piece<br>The model is wearing a blouse from our stylists collection, see the image for a mock-up of what the actual blouse would look likeLength: 5.5 metres plus 0.8 metre blouse piece<br>Width: 1.06 metres (approx)Saree fabric: cotton silk<br>Blouse fabric: cotton silk<br>Hand-wash","{'Blouse': 'Blouse Piece', 'Blouse Fabric': 'Silk Cotton', 'Border': 'Solid', 'Occasion': 'Festive', 'Ornamentation': 'NA', 'Pattern': 'Solid', 'Print or Pattern Type': 'Solid', 'Saree Fabric': 'Silk Cotton', 'Sustainable': 'Regular', 'Trends': 'NA', 'Type': 'NA', 'Wash Care': 'Hand Wash'}"
10321833,Mitera Turquoise Blue Silk Blend Woven Design Kanjeevaram Saree,Saree,6399.0,Turquoise Blue,Mitera,http://assets.myntassets.com/assets/images/productimage/2019/7/24/94bb89cb-5617-4b7f-a36b-1b6149f82cad1563942827459-1.jpg,225.0,4.173333333333333,"<b>Design Detail:</b><br>Turquoise Blue kanjeevaram  woven design saree and has a woven design border <br>Blouse Piece<br>The model is wearing a blouse from our stylists collection, see the image for a mock-up of what the actual blouse would look like<br><br><b>Origin:</b><br>Kanjeevaram sarees are made in the Kanchipuram region in Tamil Nadu. The fabric bears the images of all the scriptures embossed on the walls of the temples of the Kanchipuram&nbsp;village.Saree fabric: silk blend<br>Blouse fabric: silk blend<br>Dry-cleanLength: 5.5 metres plus 0.8 metre blouse piece<br>Width: 1.06 metres (approx)","{'Blouse': 'Blouse Piece', 'Blouse Fabric': 'Silk Blend', 'Border': 'Woven Design', 'Multipack Set': 'NA', 'Occasion': 'Traditional', 'Ornamentation': 'NA', 'Pattern': 'Woven Design', 'Print or Pattern Type': 'Ethnic Motifs', 'Saree Fabric': 'Silk Blend', 'Sustainable': 'Regular', 'Trends': 'NA', 'Type': 'Kanjeevaram', 'Wash Care': 'Dry Clean', 'Wedding': 'Bride & Wedding Squad'}"
9083361,SALWAR STUDIO Women Blue Printed Readymade Padded Saree Blouse,Saree Blouse,2225.0,Blue,SALWAR STUDIO,http://assets.myntassets.com/assets/images/productimage/2019/3/23/871b5d26-af3b-45f6-a3af-a223c3d2896b1553317331974-1.jpg,31.0,4.354838709677419,"<p> Blue printed padded saree blouse, has a round neck, hook-and-eye closures on the front, short sleeves, round neck at the back with tie-up detail.</p><p>The model(height 5'8"") is wearing size S</p><p>Dupion Silk<br>Dry clean</p>","{'Body or Garment Size': 'Garment Measurements in', 'Fabric': 'Dupion', 'Fusion Wear': 'Yes', 'Neck': 'Round Neck', 'Occasion': 'Festive', 'Ornamentation': 'NA', 'Pattern': 'Printed', 'Sleeve Length': 'Short Sleeves'}"
8225029,SALWAR STUDIO Women Black Printed Dupion Silk Padded Saree Blouse,Saree Blouse,2725.0,Black,SALWAR STUDIO,http://assets.myntassets.com/assets/images/productimage/2018/12/17/9a41d420-6fbb-4c29-a070-80054d1980021545048156907-1.jpg,36.0,4.638888888888889,"<p> Black printed saree blouse, has a round neck, lightly padded cups, short sleeves, front button closures, tie-up detail at the back<br> Disclaimer: Product colour may slightly vary due to photographic lighting sources or your monitor settings.</p><p>The model (height 5'8"")is wearing a size S</p><p>Dupion silk<br>Dry clean only</p>","{'Body or Garment Size': 'Garment Measurements in', 'Fabric': 'Dupion', 'Fusion Wear': 'Yes', 'Neck': 'Round Neck', 'Occasion': 'Festive', 'Ornamentation': 'NA', 'Pattern': 'Woven Design', 'Sleeve Length': 'Short Sleeves'}"
10388423,Mitera Magenta Silk Blend Printed Kanjeevaram Saree,Saree,3199.0,Magenta,Mitera,http://assets.myntassets.com/assets/images/productimage/2019/8/6/393f5e45-6399-4bc0-90c0-4ff126c142c31565033688168-1.jpg,1042.0,4.299424184261037,"<b>Design Detail:</b><br>Magenta kanjeevaram  printed saree <br>Blouse Piece<br>The model is wearing a blouse from our stylists collection, see the image for a mock-up of what the actual blouse would look like<br><br><b>Origin:</b><br>Kanjeevaram sarees are made in the Kanchipuram region in Tamil Nadu. The fabric bears the images of all the scriptures embossed on the walls of the temples of the Kanchipuram&nbsp;village.Length: 5.5 metres<br>Width: 1.06 metres (approx)<br>Blouse Piece: 0.8 cmSaree fabric: silk blend<br>Blouse fabric: silk blend<br>Dry-clean","{'Blouse': 'Blouse Piece', 'Blouse Fabric': 'Silk Blend', 'Border': 'No Border', 'Occasion': 'Traditional', 'Ornamentation': 'NA', 'Pattern': 'Printed', 'Print or Pattern Type': 'Ethnic Motifs', 'Saree Fabric': 'Silk Blend', 'Trends': 'NA', 'Type': 'Kanjeevaram', 'Wash Care': 'Dry Clean'}"
9781587,Chhabra 555 Magenta & Golden Woven Design Banarasi Saree with Dupatta,"Saree, Dupatta",9900.0,Magenta,Chhabra 555,http://assets.myntassets.com/assets/images/9781587/2019/6/4/faba775d-f125-413d-9e61-ad8363a678ee1559633209604-Chhabra-555-Magenta-Banarasi-Handloom-Silk-Saree-with-Floral-1.jpg,84.0,4.416666666666667,"Magenta and golden woven design Banarasi saree, has zari design along the border<br>Comes with a dupatta<br>Blouse Piece<br>The model is wearing a blouse from our stylist's collection, see the image for a mock-up of what the actual blouse would look likeLength: 5.35 metres plus 0.8 metre blouse piece<br>Width: 1.10 metres (approx)Saree fabric: art silk<br>Blouse fabric: art silk<br>Dry-clean","{'Blouse': 'Blouse Piece', 'Blouse Fabric': 'Art Silk', 'Border': 'Zari', 'Multipack Set': 'NA', 'Occasion': 'Traditional', 'Ornamentation': 'NA', 'Pattern': 'Woven Design', 'Print or Pattern Type': 'Ethnic Motifs', 'Saree Fabric': 'Art Silk', 'Sustainable': 'Regular', 'Trends': 'NA', 'Type': 'Banarasi', 'Wash Care': 'Dry Clean', 'Wedding': 'Bride & Wedding Squad'}"
6598513,Shaily Grey Printed Pure Georgette Saree,Saree,2199.0,Grey,Shaily,http://assets.myntassets.com/assets/images/6598513/2018/5/31/1a3b7628-4303-4707-a164-9277b2f1d9001527759908233-Shaily-Grey-Georgette-Printed-Saree-641527759908104-1.jpg,198.0,4.237373737373737,"<b>Design Detail:</b><br>Grey printed saree, has a printed border<br>Blouse Piece<br>The model is wearing a blouse from our stylists collection, see the image for a mock-up of what the actual blouse would look like<br><br><b>Fabric:</b><br>Georgette is a lightweight fabric that displays an overall bouncy look. It is sheer and comes in both translucent and opaque textures.Saree fabric: pure georgette<br>Blouse fabric: pure georgette<br>Dry-cleanLength: 5.5 metres plus 0.8 metre blouse piece<br>Width: 1.06 metres (approx)","{'Blouse': 'Blouse Piece', 'Blouse Fabric': 'Pure Georgette', 'Border': 'Printed', 'Occasion': 'Daily', 'Ornamentation': 'NA', 'Pattern': 'Printed', 'Print or Pattern Type': 'Solid', 'Saree Fabric': 'Pure Georgette', 'Trends': 'NA', 'Type': 'NA', 'Wash Care': 'Dry Clean'}"
2380261,Janasya Black Solid Saree Blouse,Saree Blouse,899.0,Black,Janasya,http://assets.myntassets.com/assets/images/2380261/2018/1/5/11515140936198-NA-161515140936132-1.jpg,177.0,4.045197740112994,"Black solid saree&nbsp;blouse with self-design throughout the sleeves, has a round neck, three-fourth sleevesCotton Lycra<br>Hand WashStretchable blouse that fits from 28 inches to 36 inches at the bust<br>The model (height 5'8"") is wearing a free size","{'Body or Garment Size': 'Garment Measurements in', 'Closure': 'Elasticated', 'Fabric': 'Cotton', 'Fusion Wear': 'No', 'Neck': 'Round Neck', 'Occasion': 'Daily', 'Pattern': 'Solid', 'Sleeve Length': 'Long Sleeves'}"
9929327,Shaily Turquoise Blue Printed Saree,Saree,2999.0,Blue,Shaily,http://assets.myntassets.com/assets/images/productimage/2019/6/6/08a3ecbc-a46b-4348-be24-b410391e7ce41559767499560-1.jpg,320.0,3.99375,"<b>Design Detail:</b><br>Turquoise Blue printed saree, has a woven design border<br>Blouse Piece<br>The model is wearing a blouse from our stylists collection, see the image for a mock-up of what the actual blouse would look like<br><br><b>Fabric:</b><br>Georgette is a lightweight fabric that displays an overall bouncy look. It is sheer and comes in both translucent and opaque textures.Saree Fabric: Pure Georgette<br>Blouse Fabric: Pure Georgette<br>Dry CleanLength: 5.5 metres plus 0.8 metre blouse piece<br>Width: 1.06 metres (approx)","{'Blouse': 'Blouse Piece', 'Blouse Fabric': 'Pure Georgette', 'Border': 'Printed', 'Occasion': 'Daily', 'Ornamentation': 'NA', 'Pattern': 'Printed', 'Print or Pattern Type': 'Floral', 'Saree Fabric': 'Pure Georgette', 'Trends': 'NA', 'Type': 'NA', 'Wash Care': 'Dry Clean'}"
7650752,MANOHARI Green & Beige Embroidered Saree,Saree,5349.0,Green,MANOHARI,http://assets.myntassets.com/assets/images/7650752/2022/4/5/d29905ae-80bd-41ac-abb2-162ca34dc2fc1649157414946-MANOHARI-Green--Beige-Embroidered-Saree-6681649157414537-1.jpg,31.0,4.516129032258065,"<b>Design Detail:</b><br>Green and beige embroidered saree, has an embroidered border<br>Comes with a blouse piece<br>The model is wearing a blouse from our stylists collection, see the image for a mock-up of what the actual blouse would look like<br><br><b>Fabric:</b><br>Art silk is manufactured by synthetic fibres like rayon. It's light in weight and is soft on the skin for comfort in summers.Saree fabric: art silk<br>Blouse fabric: cotton blend<br>Dry-cleanLength: 5.5 metres plus 0.8 metre blouse piece<br>Width: 1.06 metres (approx)","{'Blouse': 'Blouse Piece', 'Blouse Fabric': 'Cotton Blend', 'Border': 'Embroidered', 'Occasion': 'Festive', 'Ornamentation': 'Embroidered', 'Pattern': 'Embroidered', 'Print or Pattern Type': 'Ethnic Motifs', 'Saree Fabric': 'Art Silk', 'Trends': 'Celebrity Saree', 'Type': 'NA', 'Wash Care': 'Dry Clean'}"
1779226,Varkala Silk Sarees Turquoise Blue Kanjeevaram Tussar Silk Traditional Saree,Saree,5200.0,Turquoise Blue,Varkala Silk Sarees,http://assets.myntassets.com/assets/images/1779226/2017/2/27/11488178404823-Varkala-Silk-Sarees-Women-Traditional-Sari-4091488178404608-1.jpg,5.0,4.6,"Turquoise blue traditional saree, has zari woven detail throughout<br>Comes with a blouse piece<br>The model is wearing a blouse from our stylist's collection, see the image for a mock-up of what the actual blouse would look likeTussar silk<br>Dry-cleanLength: 6.3 metres (including 0.8 metre blouse piece)<br>Width: 1.14 metres","{'Blouse': 'Blouse Piece', 'Blouse Fabric': 'Art Silk', 'Border': 'Zari', 'Multipack Set': 'NA', 'Occasion': 'Traditional', 'Ornamentation': 'NA', 'Pattern': 'Woven Design', 'Print or Pattern Type': 'Ethnic Motifs', 'Saree Fabric': 'Art Silk', 'Sustainable': 'Regular', 'Trends': 'NA', 'Type': 'Kanjeevaram', 'Wash Care': 'Dry Clean', 'Wedding': 'Guests & Gifting'}"
9929557,Shaily Pink Printed Pure Georgette Saree,Saree,2699.0,Pink,Shaily,http://assets.myntassets.com/assets/images/productimage/2019/6/5/aa0271b9-5dd0-4597-a85f-8faf6cb1aa0b1559727473473-1.jpg,462.0,3.991341991341992,"<b>Design Detail:</b><br>Pink saree<br>  Blouse Piece<br>  The model is wearing a blouse from our stylists collection, see the image for a mock-up of what the actual blouse would look like<br><br><b>Fabric:</b><br>Georgette is a lightweight fabric that displays an overall bouncy look. It is sheer and comes in both translucent and opaque textures.Saree Fabric : Poly georgette<br>Blouse Fabric : Poly Chiffon<br>Hand washLength: 5.5 metres plus 0.8 metre blouse piece<br>Width: 1.06 metres (approx)","{'Blouse': 'Blouse Piece', 'Blouse Fabric': 'Poly Chiffon', 'Border': 'No Border', 'Occasion': 'Daily', 'Ornamentation': 'NA', 'Pattern': 'Printed', 'Print or Pattern Type': 'Floral', 'Saree Fabric': 'Poly Georgette', 'Sustainable': 'Regular', 'Trends': 'NA', 'Type': 'NA', 'Wash Care': 'Hand Wash'}"
9053869,Varkala Silk Sarees Pink & Mustard Yellow Pure Silk Colourblocked Banarasi Saree,"Silk Sarees, Banarasi Saree",4500.0,Pink,Varkala Silk Sarees,http://assets.myntassets.com/assets/images/9053869/2019/4/11/535128f7-852f-4973-8f93-092504dc8fd91554971914729-Varkala-Silk-Sarees-Multicoloured-Pure-Silk-Woven-Design-Ban-1.jpg,257.0,4.2684824902723735,"<b>Design Detail:</b><br>Pink and mustard yellow banarasi colourblocked saree, has a solid border<br>Blouse Piece<br>The model is wearing a blouse from our stylists collection, see the image for a mock-up of what the actual blouse would look like<br><br><b>Origin:</b><br>Banarasi sarees originate from the city of Varanasi (Uttar Pradesh). These are well known for the Mughal Era inspired designs in golden as well as silver brocade or Zari.<br><br><b>Fabric:</b><br>Silk is a natural fibre produced from the cocoons of mulberry silkworm and has a shimmering appearance due to the triangular prism-like structure in the weave.Length: 5.5 metres plus 0.8 metre blouse piece<br>Width: 1.06 metres (approx)Saree fabric: 100% silk<br>Blouse fabric: 100% silk<br>Dry-clean","{'Blouse': 'Blouse Piece', 'Blouse Fabric': 'Pure Silk', 'Border': 'Solid', 'Occasion': 'Traditional', 'Ornamentation': 'NA', 'Pattern': 'Colourblocked', 'Print or Pattern Type': 'Floral', 'Saree Fabric': 'Pure Silk', 'Trends': 'NA', 'Type': 'Banarasi', 'Wash Care': 'Dry Clean'}"
7509009,Shaily Sea Green Floral Print Pure Georgette Saree,Saree,2499.0,Sea Green,Shaily,http://assets.myntassets.com/assets/images/7509009/2018/10/1/07966b54-4ca5-45df-a0d0-d10cfc8585e11538377905051-Shaily-Sea-Green-Printed-Pure-Georgette-Saree-6721538377904894-1.jpg,64.0,4.453125,"<b>Design Detail:</b><br>Sea green floral print saree, has a solid border<br>Blouse piece<br>The model is wearing a blouse from our stylists collection, see the image for a mock-up of what the actual blouse would look like<br><br><b>Fabric:</b><br>Georgette is a lightweight fabric that displays an overall bouncy look. It is sheer and comes in both translucent and opaque textures.<p>Length: 5.5 metres plus 0.8 metre blouse piece<br>Width: 1.1 metres (approx)</p>Saree Fabric : Poly georgette<br>Blouse Fabric : Silk Blend<br>Hand wash","{'Blouse': 'Blouse Piece', 'Blouse Fabric': 'Silk Blend', 'Border': 'Solid', 'Occasion': 'Daily', 'Ornamentation': 'NA', 'Pattern': 'Printed', 'Print or Pattern Type': 'Floral', 'Saree Fabric': 'Poly Georgette', 'Sustainable': 'Regular', 'Trends': 'NA', 'Type': 'NA', 'Wash Care': 'Dry Clean'}"
9877147,MIMOSA Turquoise Blue & Yellow Art Silk Printed Kanjeevaram Saree,Saree,5899.0,Turquoise Blue,MIMOSA,http://assets.myntassets.com/assets/images/9877147/2019/6/1/39f5fe65-eedc-4d9b-9fdc-db66462b1cf01559382288618-MIMOSA-Turquoise-Blue-Embellished-Kanjeevaram-Saree-21015593-1.jpg,29.0,4.482758620689655,"<b>Design Detail:</b><br>Turquoise Blue kanjeevaram printed saree, has a woven design border<br>Blouse Piece<br>The model is wearing a blouse from our stylists collection, see the image for a mock-up of what the actual blouse would look like<br><br><b>Origin:</b><br>Kanjeevaram sarees are made in the Kanchipuram region in Tamil Nadu. The fabric bears the images of all the scriptures embossed on the walls of the temples of the Kanchipuram&nbsp;village.<br><br><b>Fabric:</b><br>Art silk is manufactured by synthetic fibres like rayon. It's light in weight and is soft on the skin for comfort in summers.Length: 5.5 metres plus 0.8 metre blouse piece<br>Width: 1.06 metres (approx)Saree fabric: art silk<br>Blouse fabric: art silk<br>Dry-clean","{'Blouse': 'Blouse Piece', 'Blouse Fabric': 'Art Silk', 'Border': 'Woven Design', 'Occasion': 'Traditional', 'Ornamentation': 'NA', 'Pattern': 'Printed', 'Print or Pattern Type': 'Ethnic Motifs', 'Saree Fabric': 'Art Silk', 'Trends': 'NA', 'Type': 'Kanjeevaram', 'Wash Care': 'Dry Clean'}"
2380278,Janasya Black Cotton Lycra Saree Blouse,Saree Blouse,969.0,Black,Janasya,http://assets.myntassets.com/assets/images/2380278/2018/1/5/11515134543139-NA-6691515134543044-1.jpg,98.0,4.204081632653061,"Black saree blouse, has a rouns neck, short sleevesStretchable blouse that fits from 28 inches to 36 inches at the bust<br>The model (height 5'8"") is wearing a free sizeCotton and lycra<br>Hand Wash","{'Body or Garment Size': 'Garment Measurements in', 'Closure': 'Elasticated', 'Fabric': 'Other', 'Fusion Wear': 'No', 'Neck': 'Round Neck', 'Occasion': 'Daily', 'Ornamentation': 'Other', 'Pattern': 'Solid', 'Sleeve Length': 'Short Sleeves'}"
7234226,Shaily Coral Red Printed Pure Georgette Saree,Saree,3429.0,Coral,Shaily,http://assets.myntassets.com/assets/images/7234226/2018/8/27/5b58abe5-b3f0-483a-85f8-d1b3eb8d6f3e1535369704191-Shaily-Red-Georgette-Printed-saree-4991535369704019-1.jpg,28.0,4.392857142857143,"<b>Design Detail:</b><br>Coral red printed saree, has a printed border<br>Blouse Piece<br>The model is wearing a blouse from our stylists collection, see the image for a mock-up of what the actual blouse would look like<br><br><b>Fabric:</b><br>Georgette is a lightweight fabric that displays an overall bouncy look. It is sheer and comes in both translucent and opaque textures.Length: 5.5 metres plus 0.8 metre blouse piece<br>Width: 1.06 metres (approx)Saree fabric: pure georgette<br>Blouse fabric: pure georgette<br>Hand-wash","{'Blouse': 'Blouse Piece', 'Blouse Fabric': 'Pure Georgette', 'Border': 'Printed', 'Occasion': 'Daily', 'Ornamentation': 'NA', 'Pattern': 'Printed', 'Print or Pattern Type': 'Floral', 'Saree Fabric': 'Pure Georgette', 'Trends': 'NA', 'Type': 'NA', 'Wash Care': 'Hand Wash'}"
10562820,Salwar Studio Women Black Embroidered Dupion Silk Readymade Padded Saree Blouse,Saree Blouse,4995.0,Black,SALWAR STUDIO,http://assets.myntassets.com/assets/images/productimage/2019/8/30/b8e002fb-eb90-4a2e-9aaf-12d9a8762d1d1567142191827-1.jpg,,,"Black embroidered readymade saree blosue, has round neck, short sleeves, button closure<p>The model (height 5'8"") is wearing a size S</p>Dupion Silk<br>First wash Dry Clean only","{'Body or Garment Size': 'Garment Measurements in', 'Fabric': 'Silk', 'Fusion Wear': 'Yes', 'Neck': 'Boat Neck', 'Occasion': 'Daily', 'Ornamentation': 'Thread Work', 'Pattern': 'Embroidered', 'Sleeve Length': 'Short Sleeves'}"
10769034,Mitera Yellow & Black Linen Blend Handloom Colourblocked Saree,Saree,2499.0,Yellow,Mitera,http://assets.myntassets.com/assets/images/productimage/2019/10/3/b0524632-b783-4f36-a77c-194a9b9ff91c1570094108958-1.jpg,13.0,4.384615384615385,"Yellow and Black   colourblocked saree and has a solid border <br>Blouse Piece<br>The model is wearing a blouse from our stylist's collection, see the image for a mock-up of what the actual blouse would look likeSaree fabric: linen blend<br>Blouse fabric: cotton blend<br>Hand-wash<p>Length: 5.5 metres plus 1 metre blouse piece<br>Width: 1.11 metres</p>","{'Blouse': 'Blouse Piece', 'Blouse Fabric': 'Cotton Blend', 'Border': 'Solid', 'Occasion': 'Work', 'Ornamentation': 'NA', 'Pattern': 'Colourblocked', 'Print or Pattern Type': 'Colourblocked', 'Saree Fabric': 'Linen Blend', 'Trends': 'Handloom Saree', 'Type': 'NA', 'Wash Care': 'Hand Wash'}"
10340119,Inddus Peach-Coloured & Beige Unstitched Dress Material,Dress Material,5799.0,Peach,Inddus,http://assets.myntassets.com/assets/images/10340119/2019/8/7/6d592ab7-dcdd-42a7-8b48-839f86e34cc61565180563264-Inddus-Women-Dress-Material-2221565180561270-1.jpg,145.0,4.068965517241379,"Peach-Coloured and beige woven design unstitched dress material<br> Peach-Coloured and beige woven design kurta fabric<br> Peach-Coloured and beige woven design bottom fabric<br> Peach-Coloured and beige woven design dupatta, has tassels border<br> Disclaimer: Images are for referral purposes only. The actual product is unstitchedKurta fabric: banarasi cotton<br>Bottom fabric:&nbsp;banarasi cotton<br>Dupatta fabric:&nbsp;banarasi cotton<br>Dry-cleanKurta fabric length: 2.5 metres<br>Bottom fabric length: 2.25 metres<br>Dupatta length: 2.25 metres (approx.)","{'Bottom Fabric': 'Cotton Blend', 'Bottom Pattern': 'Woven Design', 'Dupatta Border': 'Tassels', 'Dupatta Fabric': 'Cotton Blend', 'Dupatta Pattern': 'Woven Design', 'Kurta Fabric': 'Cotton Blend', 'Kurta Pattern': 'Woven Design', 'Occasion': 'Daily', 'Ornamentation': 'NA', 'Print or Pattern Type': 'Ethnic Motifs', 'Set Content': 'Kurta Fabric Bottom Fabric and Dupatta', 'Stitch': 'Unstitched', 'Technique': 'NA', 'Wash Care': 'Dry Clean'}"
9212355,Rajnandini Beige Cotton Blend Unstitched Dress Material,Dress Material,819.0,Beige,Rajnandini,http://assets.myntassets.com/assets/images/9212355/2019/4/5/bb7eec5d-da06-4970-89cc-f0f960175b781554456741901-Rajnandini---beige-2771554456740337-1.jpg,176.0,4.017045454545454,Unstitched Dress MaterialKurta fabric length: 2.5 metres<br>Bottom fabric length: 2.5 metres<br>Dupatta length: 2.25 metres (approx.)Kurta fabric: cotton blend<br>Bottom fabric: cotton blend<br>Dupatta fabric: cotton blend<br>Hand-wash,"{'Bottom Fabric': 'Cotton Blend', 'Bottom Pattern': 'Solid', 'Dupatta Border': 'NA', 'Dupatta Fabric': 'Cotton Blend', 'Dupatta Pattern': 'NA', 'Kurta Fabric': 'Cotton Blend', 'Kurta Pattern': 'Solid', 'Occasion': 'Festive', 'Ornamentation': 'NA', 'Print or Pattern Type': 'Solid', 'Set Content': 'Kurta Fabric Bottom Fabric and Dupatta', 'Stitch': 'Unstitched', 'Sustainable': 'Regular', 'Technique': 'NA', 'Wash Care': 'Hand Wash', 'Wedding': 'Guests & Gifting'}"
6554506,mf Navy Blue & Pink Pure Cotton Unstitched Dress Material,Dress Material,3599.0,Navy Blue,mf,http://assets.myntassets.com/assets/images/6554506/2018/6/18/2fc8fcc1-4f99-4565-9b2e-855c8ad8754a1529310220987-mf-Women-Dress-Material-3201529310220960-1.jpg,5.0,3.0,"Navy blue and pink embroidered unstitched dress material<br>Navy blue embroidered kurta fabric<br>Pink solid bottom fabric<br>Navy blue solid dupatta, has taping border<br>Disclaimer: Images are for referral purposes only. The actual product is unstitchedKurta fabric length: 2.5 metres<br>Bottom fabric length: 2.5 metres<br>Dupatta length: 2.25 metres (approx.)","{'Bottom Fabric': 'Pure Cotton', 'Bottom Pattern': 'Solid', 'Dupatta Border': 'Taping', 'Dupatta Fabric': 'NA', 'Dupatta Pattern': 'Solid', 'Kurta Fabric': 'Pure Cotton', 'Kurta Pattern': 'Embroidered', 'Occasion': 'Daily', 'Ornamentation': 'NA', 'Print or Pattern Type': 'Ethnic Motifs', 'Set Content': 'Kurta Fabric Bottom Fabric and Dupatta', 'Stitch': 'Unstitched', 'Technique': 'NA', 'Wash Care': 'Machine Wash'}"
7586935,Kvsfab Navy & Red Cotton Blend Unstitched Dress Material,Dress Material,3149.0,Navy Blue,Kvsfab,http://assets.myntassets.com/assets/images/7586935/2018/10/10/dcfe359c-0ec9-4410-adf2-9717fe5c87c11539169721793-Kvsfab-Navy-Blue--Red-Cotton-Blend-Unstitched-Dress-Material-1.jpg,12.0,4.0,"Navy blue and red embroidered unstitched dress material<br>Navy blue embroidered kurta fabric<br>Red solid bottom fabric<br>Red embellished dupatta, has taping border<br>Disclaimer: Images are for referral purposes only. The actual product is unstitchedKurta fabric length: 2.5 metres<br>Bottom fabric length: 2.5 metres<br>Dupatta length: 2.25 metres (approx.)Kurta fabric: cotton blend<br>Bottom fabric: cotton blend<br>Dupatta fabric: poly chiffon<br>Dry-clean","{'Bottom Fabric': 'Cotton Blend', 'Bottom Pattern': 'Solid', 'Dupatta Border': 'Taping', 'Dupatta Fabric': 'Poly Chiffon', 'Dupatta Pattern': 'Embellished', 'Kurta Fabric': 'Cotton Blend', 'Kurta Pattern': 'Embroidered', 'Occasion': 'Work', 'Ornamentation': 'NA', 'Print or Pattern Type': 'Solid', 'Set Content': 'Kurta Fabric Bottom Fabric and Dupatta', 'Stitch': 'Unstitched', 'Technique': 'NA', 'Wash Care': 'Dry Clean'}"
10328759,Ishin Women Blue & White Printed Unstitched Dress Material,Dress Material,1799.0,Blue,Ishin,http://assets.myntassets.com/assets/images/10328759/2019/8/26/87c38742-20e0-4cae-afe2-c6f95ebaed791566805077390-Ishin-Womens-Polyester-Blue-Printed-Unstitched-Salwar-Suit-D-1.jpg,15.0,3.866666666666666,Blue and white printed unstitched dress material<br>Blue solid kurta fabric<br>Blue and white printed bottom fabric<br>Blue and white printed dupatta<br>Disclaimer: Images are for referral purposes only. The actual product is unstitched.Kurta fabric length: 2.15 metres<br>Bottom fabric length: 2 metres<br>Dupatta length: 2.10 metresKurta fabric: polyester<br>Bottom fabric: polyester<br>Dupatta fabric: poly georgette<br>Hand-wash,"{'Bottom Fabric': 'Polyester', 'Bottom Pattern': 'Printed', 'Dupatta Border': 'NA', 'Dupatta Fabric': 'Poly Georgette', 'Dupatta Pattern': 'Printed', 'Kurta Fabric': 'Polyester', 'Kurta Pattern': 'Solid', 'Occasion': 'Daily', 'Ornamentation': 'NA', 'Print or Pattern Type': 'Geometric', 'Set Content': 'Kurta Fabric Bottom Fabric and Dupatta', 'Stitch': 'Unstitched', 'Technique': 'NA', 'Wash Care': 'Hand Wash'}"
7648747,Rajnandini Beige & Black Cotton Blend Unstitched Dress Material,Dress Material,819.0,Beige,Rajnandini,http://assets.myntassets.com/assets/images/7648747/2018/10/17/522ec37e-7f03-43f3-8268-98635b51f3431539754037012-na-1771539754036818-1.jpg,51.0,4.352941176470588,"Beige and black printed unstitched dress material<br>Beige printed kurta fabric<br>Black printed bottom fabric<br>Black printed dupatta, has solid border<br>Disclaimer: Images are for referral purposes only. The actual product is unstitchedKurta fabric: cotton blend<br>Bottom fabric: cotton blend<br>Dupatta fabric: cotton blend<br>Hand-washKurta fabric length: 2.5 metres<br>Bottom fabric length: 2.5 metres<br>Dupatta length: 2.25 metres (approx.)","{'Bottom Fabric': 'Cotton Blend', 'Bottom Pattern': 'Printed', 'Dupatta Border': 'Solid', 'Dupatta Fabric': 'Cotton Blend', 'Dupatta Pattern': 'Printed', 'Kurta Fabric': 'Cotton Blend', 'Kurta Pattern': 'Printed', 'Occasion': 'Daily', 'Ornamentation': 'NA', 'Print or Pattern Type': 'Checked', 'Set Content': 'Kurta Fabric Bottom Fabric and Dupatta', 'Stitch': 'Unstitched', 'Technique': 'NA', 'Wash Care': 'Hand Wash'}"
9077139,Rajnandini Beige & Pink Silk Blend Unstitched Dress Material,Dress Material,4750.0,Beige,Rajnandini,http://assets.myntassets.com/assets/images/productimage/2019/3/23/fac93230-2271-4af3-9e54-2bec3402f2751553280943519-1.jpg,,,"Beige and pink embroidered unstitched dress material<br>Beige and pink embroidered kurta fabric<br>Beige and pink solid bottom fabric<br>Beige and pink printed dupatta, has printed border<br>Disclaimer: Images are for referral purposes only. The actual product is unstitchedKurta fabric: silk blend<br>Bottom fabric: cotton blend<br>Dupatta fabric: poly chiffon<br>Hand-washKurta fabric length: 2.5 metres<br>Bottom fabric length: 2.5 metres<br>Dupatta length: 2.25 metres (approx.)","{'Bottom Fabric': 'Cotton Blend', 'Bottom Pattern': 'Solid', 'Dupatta Border': 'Printed', 'Dupatta Fabric': 'Poly Chiffon', 'Dupatta Pattern': 'Printed', 'Kurta Fabric': 'Silk Blend', 'Kurta Pattern': 'Embroidered', 'Occasion': 'Daily', 'Ornamentation': 'NA', 'Print or Pattern Type': 'Floral', 'Set Content': 'Kurta Fabric Bottom Fabric and Dupatta', 'Stitch': 'Unstitched', 'Technique': 'NA', 'Wash Care': 'Hand Wash'}"
1585032,Blissta Pink Embroidered Cotton Unstitched Dress Material,Dress Material,2299.0,Pink,Blissta,http://assets.myntassets.com/assets/images/1585032/2016/10/13/11476344592411-Blissta-Women-Dress-Material-2671476344592364-1.jpg,14.0,3.357142857142857,Pink unstitched dress material<br>Pink kurta fabric with embroidered detail throughout<br>Pink bottom fabric<br>White printed dupatta fabricKurta fabric length: 2.3 metres <br>                  Bottom fabric length: 2.2 metres<br>                  Dupatta length: 2 metres<br>Kurta fabric: cotton<br>Bottom fabric: cotton<br>Dupatta fabric: nazmeen<br>Dry-clean,"{'Kurta Pattern': 'Embroidered', 'Print or Pattern Type': 'Floral', 'Set Content': 'Kurta Fabric Bottom Fabric and Dupatta', 'Technique': 'NA', 'Wash Care': 'Machine Wash'}"
10648544,Satrani Purple & Black Poly Crepe Unstitched Dress Material,Dress Material,2959.0,Purple,Satrani,http://assets.myntassets.com/assets/images/productimage/2019/9/14/0f7c559d-81c6-4cd0-a42b-9b6fcec54ee01568455338891-1.jpg,11.0,3.363636363636364,"Purple and black printed unstitched dress material<br>Purple and black printed kurta fabric<br>Purple solid bottom fabric<br>Purple and black embroidered dupatta, has solid border<br>Disclaimer: Images are for referral purposes only. The actual product is unstitchedKurta fabric: poly crepe<br>Bottom fabric: poly crepe<br>Dupatta fabric: poly georgette<br>Dry-cleanKurta fabric length: 2.5 metres<br>Bottom fabric length: 2.5 metres<br>Dupatta length: 2.25 metres (approx.)","{'Bottom Fabric': 'Poly Crepe', 'Bottom Pattern': 'Solid', 'Dupatta Border': 'Solid', 'Dupatta Fabric': 'Poly Georgette', 'Dupatta Pattern': 'Embroidered', 'Kurta Fabric': 'Poly Crepe', 'Kurta Pattern': 'Printed', 'Occasion': 'Daily', 'Ornamentation': 'NA', 'Print or Pattern Type': 'Floral', 'Set Content': 'Kurta Fabric Bottom Fabric and Dupatta', 'Stitch': 'Unstitched', 'Technique': 'NA', 'Wash Care': 'Dry Clean'}"
10133095,mf Teal & Navy Blue Pure Cotton Unstitched Dress Material,Dress Material,3499.0,Teal,mf,http://assets.myntassets.com/assets/images/productimage/2019/6/25/70bb58b7-b4a8-4f2b-996d-bcaf8fa45a701561462284960-1.jpg,,,"Teal and navy blue embroidered unstitched dress material<br> Teal and navy blue embroidered kurta fabric<br> Teal and navy blue solid bottom fabric<br> Teal and navy blue woven design dupatta, has taping border<br> Disclaimer: Images are for referral purposes only. The actual product is unstitchedKurta fabric: pure cotton<br>Bottom fabric: pure cotton<br>Dupatta fabric: art silk<br>Dry-cleanKurta fabric length: 2.5 metres<br>Bottom fabric length: 2.5 metres<br>Dupatta length: 2.25 metres (approx.)","{'Bottom Fabric': 'Pure Cotton', 'Bottom Pattern': 'Solid', 'Dupatta Border': 'Taping', 'Dupatta Fabric': 'Art Silk', 'Dupatta Pattern': 'Woven Design', 'Kurta Fabric': 'Pure Cotton', 'Kurta Pattern': 'Embroidered', 'Occasion': 'Daily', 'Ornamentation': 'Beads and Stones', 'Print or Pattern Type': 'Solid', 'Set Content': 'Kurta Fabric Bottom Fabric and Dupatta', 'Stitch': 'Unstitched', 'Technique': 'NA', 'Wash Care': 'Dry Clean'}"
10342349,Blissta Orange & Pink Cotton Blend Unstitched Dress Material,Dress Material,3247.0,Orange,Blissta,http://assets.myntassets.com/assets/images/productimage/2019/7/28/a03781ff-d72d-4990-af86-1ffd9a7448e01564261083715-1.jpg,19.0,3.8947368421052633,Orange &amp; Pink&nbsp;embellished unstitched dress material<br>Orange embellished kurta fabric<br>Pink solid bottom fabric<br>Orange &amp; Pink&nbsp;woven design dupatta<br>Disclaimer: Images are for referral purposes only. The actual product is unstitchedKurta fabric length: 2 metres<br>Bottom fabric length: 2 metres<br>Dupatta length: 2.20 metres (approx.)Kurta fabric: cotton blend<br>Bottom fabric: cotton blend<br>Dupatta fabric: silk blend<br>Dry-clean,"{'Better Cotton Initiative': 'Regular', 'Bottom Fabric': 'Cotton Blend', 'Bottom Pattern': 'Solid', 'Dupatta Border': 'NA', 'Dupatta Fabric': 'Silk Blend', 'Dupatta Pattern': 'Woven Design', 'Kurta Fabric': 'Cotton Blend', 'Kurta Pattern': 'Embellished', 'Occasion': 'Festive', 'Ornamentation': 'Beads and Stones', 'Print or Pattern Type': 'Floral', 'Set Content': 'Kurta Fabric Bottom Fabric and Dupatta', 'Stitch': 'Unstitched', 'Sustainable': 'Regular', 'Technique': 'NA', 'Wash Care': 'Dry Clean', 'Wedding': 'Guests & Gifting'}"
2082103,Saree mall Black Unstitched Dress Material,Dress Material,3199.0,Black,Saree mall,http://assets.myntassets.com/assets/images/2082103/2017/9/6/11504672703440-Saree-mall-Black-Cotton-Blend-Floral-Embroidered-Chudidar-Dress-Material-with-Matching-Dupatta-1531504672703214-1.jpg,,,"Black embroidered unstitched dress material<br>Black embroidered kurta fabric<br>Black solid bottom fabric<br>Beige printed dupatta, has taping border<br>Disclaimer: Images are for referral purposes only. The actual product is unstitchedKurta fabric length: 1.85 metres<br>Bottom fabric length: 2 metres<br>Dupatta length: 2.25 metres (approx.)<br>Dupatta width: 1 metreKurta fabric: cotton blend<br>Bottom fabric: cotton blend<br>Dupatta fabric: poly chiffon<br>Dry-clean","{'Bottom Fabric': 'Cotton Blend', 'Bottom Pattern': 'Solid', 'Dupatta Border': 'Taping', 'Dupatta Fabric': 'Poly Chiffon', 'Dupatta Pattern': 'Printed', 'Kurta Fabric': 'Cotton Blend', 'Kurta Pattern': 'Embroidered', 'Occasion': 'Daily', 'Ornamentation': 'NA', 'Print or Pattern Type': 'Ethnic Motifs', 'Set Content': 'Kurta Fabric Bottom Fabric and Dupatta', 'Stitch': 'Unstitched', 'Technique': 'NA', 'Wash Care': 'Dry Clean'}"
8340727,Inddus Women Dusty Pink Solid Semi-Stitched Lehenga & Unstitched Blouse with Dupatta,"Lehenga, Blouse, Dupatta",6549.0,Pink,Inddus,http://assets.myntassets.com/assets/images/8340727/2022/4/12/659335bf-b351-4a7e-85f1-e435e9f758921649748076982InddusWomenDustyPinkSolidSemi-StitchedLehengaUnstitchedBlous1.jpg,636.0,3.9858490566037736,"Dusty Pink semi-stitched lehenga and unstitched blouse with dupatta<br>Dusty Pink unstitched woven design blouse<br>Dusty Pink solid semi-stitched lehenga, has a drawstring and concealed zip closure, flared hem<br>Dusty Pink solid dupatta, has a ruffle detailing borderBlouse: 0.80 meter<br>Lehenga: 9 metres<br>Dupatta: 2.50 metres<br>Customizable up to 44"" length and 42"" WaistBlouse fabric: Poly Silk<br>Lehenga fabric: Net<br>Lehenga lining fabric: Shantoon<br>Dupatta fabric: Net","{'Blouse Closure': 'NA', 'Blouse Fabric': 'Poly Silk', 'Body or Garment Size': 'Garment Measurements in', 'Bottom Pattern': 'Solid', 'Choli Stitch': 'Unstitched', 'Dupatta': 'With Dupatta', 'Dupatta Border': 'Taping', 'Dupatta Fabric': 'Net', 'Dupatta Pattern': 'Solid', 'Hemline': 'Flared', 'Lehenga Closure': 'Zip', 'Lehenga Fabric': 'Net', 'Lehenga Lining Fabric': 'Shantoon', 'Lehenga Stitch': 'Semi-Stitched', 'Neck': 'Round Neck', 'Ornamentation': 'NA', 'Sleeve Length': 'Long Sleeves', 'Technique': 'NA', 'Top Pattern': 'Woven Design'}"
10729274,Bitiya by Bhama Girls Pink & White Printed Ready to Wear Lehenga & Blouse with Dupatta,"Lehenga, Blouse, Dupatta",2999.0,Pink,Bitiya by Bhama,http://assets.myntassets.com/assets/images/productimage/2019/9/26/ab1d6922-4193-4d03-8211-7166cc36da2c1569446939964-1.jpg,393.0,4.022900763358779,"Pink and white ready to wear lehenga choli with dupatta<br>Pink and white&nbsp;printed blouse, has short sleeves, round neck and button closure<br>Pink and white striped&nbsp;lehenga, flared hem, slip on closure&nbsp;<br>Pink and white striped&nbsp;dupatta, has solid borderBlouse fabric: Cotton<br>Lehenga fabric: Cotton<br>Dupatta fabric: Cotton","{'Blouse Closure': 'NA', 'Blouse Fabric': 'Cotton', 'Body or Garment Size': 'Garment Measurements in', 'Bottom Pattern': 'Printed', 'Choli Stitch': 'Ready to Wear', 'Dupatta': 'With Dupatta', 'Dupatta Border': 'Taping', 'Dupatta Fabric': 'Cotton', 'Dupatta Pattern': 'Printed', 'Hemline': 'Straight', 'Lehenga Closure': 'Drawstring', 'Lehenga Fabric': 'Cotton', 'Lehenga Lining Fabric': 'NA', 'Lehenga Stitch': 'Ready to Wear', 'Neck': 'Round Neck', 'Ornamentation': 'NA', 'Sleeve Length': 'Three-Quarter Sleeves', 'Technique': 'NA', 'Top Pattern': 'Printed'}"
10197729,EthnoVogue Pink Printed Made to Measure Lehenga & Kurta,"Lehenga, Kurta",12375.0,Pink,EthnoVogue,http://assets.myntassets.com/assets/images/10197729/2019/8/27/e3d2faec-9188-4d4e-8b8a-6b82a54442871566897619556-Bollywood-Vogue-Custom-Made-Pink-Indowestern-Set-80115668976-1.jpg,6.0,3.333333333333333,"<ul><li>Pink printed and embroidered made to measure lehenga choli&nbsp;</li><li>Pink printed made to measure kurta, has a stylised round-neck, short sleeves, asymmetric hem&nbsp;</li><li>Pink embroidered made to measure lehenga, flared hem, drawstring&nbsp;and concealed zip closure and and net underskirt</li></ul><b>What is Made to Measure?</b><br>Customised Lehenga Choli according to your Bust and Length. So please refer to the Size Chart to pick your perfect size.<br><br><b>How to measure bust?</b><br>Measure under your arms and around your chest to find your bust size in inches<br><br><b>How to measure Lehenga length?</b><br>Measure from waist till barefoot to find lehenga length in inchesKurta fabric: polyester&nbsp;<br>Lehenga fabric: Poly chiffon<br>Dry-clean<br>This Product is Made to Measure. Please refer to the Size Chart.","{'Blouse Closure': 'NA', 'Blouse Fabric': 'Polyester', 'Body or Garment Size': 'Garment Measurements in', 'Bottom Pattern': 'Embroidered', 'Choli Stitch': 'Made to Measure', 'Dupatta': 'NA', 'Dupatta Border': 'NA', 'Dupatta Fabric': 'NA', 'Dupatta Pattern': 'NA', 'Hemline': 'Flared', 'Lehenga Closure': 'Zip', 'Lehenga Fabric': 'Poly Chiffon', 'Lehenga Lining Fabric': 'Poly Crepe', 'Lehenga Stitch': 'Made to Measure', 'Neck': 'Round Neck', 'Ornamentation': 'NA', 'Sleeve Length': 'Short Sleeves', 'Technique': 'NA', 'Top Pattern': 'Printed'}"
10500482,EthnoVogue Black & Red Embroidered Made to Measure Lehenga & Blouse with Dupatta,"Lehenga, Blouse, Dupatta",10250.0,Black,EthnoVogue,http://assets.myntassets.com/assets/images/10500482/2020/1/13/c4ce8ae6-fc98-4159-98b3-4db87b5db9821578909813956-Bollywood-Vogue-Customised-Red-Embroidered-Lehenga-598157890-1.jpg,,,"Black lehenga choli with dupatta, has sequinned<br>Black blouse, has a V-neck, short sleeves<br>Red made to measure lehenga, flared hem<br><b>What is Made to Measure?</b><br>Customised&nbsp;Lehenga Choli&nbsp;according to your Bust and Length. So please refer to the Size Chart to pick your perfect size.<br><br><b>How to measure bust?</b><br>Measure under your arms and around your chest to find your bust size in inches<br><br><b>How to measure Lehenga length?</b><br>Measure from waist till barefoot to find lehenga length in inchesBlouse fabric: Art Silk<br>Lehenga fabric: Poly Chiffon<br>Lehenga lining fabric: Poly Crepe<br>Dupatta fabric: Net","{'Blouse Closure': 'Zip', 'Blouse Fabric': 'Art Silk', 'Body or Garment Size': 'Garment Measurements in', 'Bottom Pattern': 'Embellished', 'Choli Stitch': 'Made to Measure', 'Dupatta': 'With Dupatta', 'Dupatta Border': 'Taping', 'Dupatta Fabric': 'Net', 'Dupatta Pattern': 'Embellished', 'Hemline': 'Flared', 'Lehenga Closure': 'Zip', 'Lehenga Fabric': 'Poly Chiffon', 'Lehenga Lining Fabric': 'Poly Crepe', 'Lehenga Stitch': 'Made to Measure', 'Neck': 'V-Neck', 'Ornamentation': 'Sequinned', 'Sleeve Length': 'Short Sleeves', 'Technique': 'NA', 'Top Pattern': 'Embroidered'}"
2162657,ADIVA Girls Teal Blue & Beige Woven Design Kurta Set with Dupatta,"Kurta Set, Dupatta",3999.0,Teal,ADIVA,http://assets.myntassets.com/assets/images/2162657/2020/7/28/ec102411-d940-4edb-b2b0-f340a50597041595940020863-pspeaches-Girls-Teal-Blue--Beige-Woven-Design-Kurta-Set-with-1.jpg,8.0,3.75,"Let your little princess look charming and glamorous with this self design green colored lehenga choli set from Adiva. Made from premium brocade and silk cotton blend fabric, this sleeveless kurti has extra sleeves inside the kurti ,you can attach the sleeves if you want.This kurti features handmade lace work, embroidered round neck and flower print pattern with comfortable fit. This ethnic dress comes with lehenga, kurti and dupatta. This lehenga cholli dress is ideal for your little girl's cherished birthday or other celebrations, functions, parties and outings. Adiva is leading brand in kids wear with wide range of kids clothing which includes dresses, lehenga choli, churidar suits, gowns, frocks and lot more.<p>Regular fit and dupatta Length-71 inch,Width-16 Inch.</p><p>Kurta and skirt fabric: 60% brocade silk,40% cotton<br>Dupatta fabric: net<br>Dry-clean</p>","{'Blouse Closure': 'NA', 'Blouse Fabric': 'Silk', 'Body or Garment Size': 'Garment Measurements in', 'Bottom Pattern': 'Solid', 'Choli Stitch': 'Ready to Wear', 'Dupatta': 'With Dupatta', 'Dupatta Border': 'Taping', 'Dupatta Fabric': 'Net', 'Dupatta Pattern': 'Solid', 'Hemline': 'Straight', 'Lehenga Closure': 'Slip-On', 'Lehenga Fabric': 'Silk', 'Lehenga Lining Fabric': 'Cotton', 'Lehenga Stitch': 'Ready to Wear', 'Neck': 'Round Neck', 'Ornamentation': 'Zardozi', 'Regions': 'All', 'Sleeve Length': 'Sleeveless', 'Sleeve Styling': 'No Sleeves', 'Sustainable': 'Regular', 'Technique': 'NA', 'Top Pattern': 'Woven Design'}"
10811418,MIMOSA Green & Pink Embroidered Semi-Stitched Bridal Lehenga & Blouse with Dupatta,"Lehenga, Blouse, Dupatta",6999.0,Green,MIMOSA,http://assets.myntassets.com/assets/images/productimage/2019/10/15/d81fc555-7f7b-4186-a920-0bdb6e1357621571077878466-1.jpg,,,"Green and pink lehenga choli with dupatta, has zari<br>Pink blouse, has a boat neck, short sleeves<br>Green embellished semi-stitched lehenga, flared hem<br>Green embellished dupatta, tasselled borderBlouse fabric: Polyester<br>Lehenga fabric: Art Silk<br>Lehenga lining fabric: Shantoon<br>Dupatta fabric: Art SilkLehenga length: 1.0668 m; waist customizable up to 1.1176 m<br>Blouse Size (Semi-Stitched )customizable up to 1.0668 m<br>Dupatta Length: 2.5 m","{'Blouse Closure': 'Button', 'Blouse Fabric': 'Polyester', 'Body or Garment Size': 'Garment Measurements in', 'Bottom Pattern': 'Embellished', 'Choli Stitch': 'Semi-Stitched', 'Dupatta': 'With Dupatta', 'Dupatta Border': 'Tassels', 'Dupatta Fabric': 'Art Silk', 'Dupatta Pattern': 'Embellished', 'Hemline': 'Straight', 'Lehenga Closure': 'Drawstring', 'Lehenga Fabric': 'Art Silk', 'Lehenga Lining Fabric': 'Shantoon', 'Lehenga Stitch': 'Semi-Stitched', 'Neck': 'Boat Neck', 'Ornamentation': 'Zari', 'Sleeve Length': 'Short Sleeves', 'Technique': 'NA', 'Top Pattern': 'Embroidered'}"
10811434,MIMOSA Orange & Green Embroidered Semi-Stitched Lehenga & Blouse with Dupatta,"Lehenga, Blouse, Dupatta",6999.0,Orange,MIMOSA,http://assets.myntassets.com/assets/images/productimage/2019/10/15/175ae6fc-5d51-4a69-8d5f-ac7a38acd53d1571138468169-1.jpg,,,"Orange lehenga choli with dupatta, has zari<br>Orange blouse, has a boat neck, short sleeves<br>Orange semi-stitched lehenga, straight hem<br>Green and silver-coloured dupatta, has tasselled bordersBlouse fabric: Polyester<br>Lehenga fabric: Art Silk<br>Lehenga lining fabric: Shantoon<br>Dupatta fabric: Art SilkDupatta length:&nbsp;2.5 mtrs<br>Dupatta width: 1.1 mtrs<br>","{'Blouse Closure': 'Button', 'Blouse Fabric': 'Polyester', 'Body or Garment Size': 'Garment Measurements in', 'Bottom Pattern': 'Embellished', 'Choli Stitch': 'Semi-Stitched', 'Dupatta': 'With Dupatta', 'Dupatta Border': 'Tassels', 'Dupatta Fabric': 'Art Silk', 'Dupatta Pattern': 'Embellished', 'Hemline': 'Straight', 'Lehenga Closure': 'Drawstring', 'Lehenga Fabric': 'Art Silk', 'Lehenga Lining Fabric': 'Shantoon', 'Lehenga Stitch': 'Semi-Stitched', 'Neck': 'Boat Neck', 'Ornamentation': 'Zari', 'Sleeve Length': 'Short Sleeves', 'Technique': 'NA', 'Top Pattern': 'Embroidered'}"
10811404,MIMOSA Yellow & Pink Embroidered Semi-Stitched Bridal Lehenga & Blouse with Dupatta,"Lehenga, Blouse, Dupatta",6999.0,Yellow,MIMOSA,http://assets.myntassets.com/assets/images/productimage/2019/10/14/c651d08e-2e85-401b-91d5-878e191d88e91571045849205-1.jpg,13.0,3.8461538461538463,"Yellow lehenga choli with dupatta, has zari<br>Yellow blouse, has a boat neck, short sleeves<br>Pink and green embellished semi-stitched lehenga, flared hem<br>Yellow embellished dupatta, tasselled borderBlouse fabric: Polyester<br>Lehenga fabric: Art Silk<br>Lehenga lining fabric: Shantoon<br>Dupatta fabric: Art SilkLehenga length: 1.0668 m; waist customizable up to 1.1176 m<br>Blouse Size (Semi-Stitched )customizable up to 1.0668 m<br>Dupatta Length: 2.5 m","{'Blouse Closure': 'Button', 'Blouse Fabric': 'Polyester', 'Body or Garment Size': 'Garment Measurements in', 'Bottom Pattern': 'Embellished', 'Choli Stitch': 'Semi-Stitched', 'Dupatta': 'With Dupatta', 'Dupatta Border': 'Tassels', 'Dupatta Fabric': 'Art Silk', 'Dupatta Pattern': 'Embellished', 'Hemline': 'Straight', 'Lehenga Closure': 'Drawstring', 'Lehenga Fabric': 'Art Silk', 'Lehenga Lining Fabric': 'Shantoon', 'Lehenga Stitch': 'Semi-Stitched', 'Neck': 'Boat Neck', 'Ornamentation': 'Zari', 'Sleeve Length': 'Short Sleeves', 'Technique': 'NA', 'Top Pattern': 'Embroidered'}"
9697317,EthnoVogue Grey Net Layered Made to Measure Lehenga & Choli Set,"Lehenga, Choli Set",7328.0,Grey,EthnoVogue,http://assets.myntassets.com/assets/images/9697317/2019/6/6/7060e001-3132-4803-bc51-91aac2ec90021559810318093-Bollywood-Vogue-Custom-Made-Grey-Skirt-Set-4191559810316561-1.jpg,12.0,3.8333333333333335,"<ul><li>Grey net layered made to measure lehenga &amp; choli set</li><li>Zari embroidered blouse, has a boat neck, lightly padded on the bust, short sleeves, zip closure</li><li>Grey net layered lehenga, zip closure, flared hem, an attached lining</li></ul><b>What is Made to Measure?</b><br>Customized lehenga choli according to your Bust and Length. So please refer to the Size Chart to pick your perfect size.<br><br><b>How to measure bust?</b><br>Measure under your arms and around your chest to find your bust size in inches<br><br><b>How to measure Lehenga length?</b><br>Measure from waist till barefoot to find lehenga length in inchesThis Product is Made to Measure. Please refer to the Size Chart.Blouse fabric: Poly chiffon<br>Lehenga fabric: Net<br>Lehenga lining fabric: Crepe<br>","{'Blouse Closure': 'NA', 'Blouse Fabric': 'Poly Chiffon', 'Body or Garment Size': 'Garment Measurements in', 'Bottom Pattern': 'Embellished', 'Choli Stitch': 'Made to Measure', 'Dupatta': 'NA', 'Dupatta Border': 'NA', 'Dupatta Fabric': 'NA', 'Dupatta Pattern': 'NA', 'Hemline': 'Flared', 'Lehenga Closure': 'Zip', 'Lehenga Fabric': 'Net', 'Lehenga Lining Fabric': 'NA', 'Lehenga Stitch': 'Made to Measure', 'Neck': 'Boat Neck', 'Ornamentation': 'NA', 'Sleeve Length': 'Short Sleeves', 'Technique': 'NA', 'Top Pattern': 'Embroidered'}"
1926289,Inddus Blue Banarasi Block Print Cotton Semi-Stitched Lehenga Choli,Lehenga Choli,8399.0,Blue,Inddus,http://assets.myntassets.com/assets/images/1926289/2017/5/25/11495695148208-Inddus-Blue-Block-Print-Banarasi-Cotton-Semi-Stitched-Lehenga-Choli-5011495695147927-1.jpg,,,"Blue block print semi-stitched lehenga choli with woven design<br>Blue block print unstitched choli fabric with woven design<br>Blue block print semi-stitched lehenga with woven design, has an elasticated waistband, flared hemCholi fabric: Banarasi cotton<br>Lehenga fabric: Banarasi cotton blend<br>Dry-cleanCustomisable up to 42'' at the waist<br>Blouse: 1 metre","{'Blouse Closure': 'NA', 'Blouse Fabric': 'Cotton', 'Body or Garment Size': 'Garment Measurements in', 'Hemline': 'Flared', 'Lehenga Closure': 'Drawstring', 'Lehenga Fabric': 'Cotton', 'Lehenga Stitch': 'Semi-Stitched'}"
6595906,Chhabra 555 Green & Red Embellished Semi-Stitched Lehenga & Unstitched Blouse with Dupatta,"Lehenga, Blouse, Dupatta",8300.0,Green,Chhabra 555,http://assets.myntassets.com/assets/images/6595906/2018/5/30/750beb4a-4d4e-4b53-9753-519385bc14391527677079983-a-6051527677078447-1.jpg,,,"Green lehenga choli dupatta, has zari<br>Green and red blouse, has a round neck, short sleeves<br>Green semi-stitched lehenga, flared hemBlouse fabric: Silk<br>Lehenga fabric: Silk<br>Lehenga lining fabric: Satin<br>Dupatta fabric: SilkLehanga: Waist: 40 Inches, Length- 43 Inches<br>Choli: 0.75 metres<br>Dupatta: Length: 2.30 metres, width:1.05 metres","{'Blouse Closure': 'NA', 'Blouse Fabric': 'Silk', 'Body or Garment Size': 'Garment Measurements in', 'Bottom Pattern': 'Woven Design', 'Choli Stitch': 'Unstitched', 'Dupatta': 'With Dupatta', 'Dupatta Border': 'NA', 'Dupatta Fabric': 'Silk', 'Dupatta Pattern': 'Woven Design', 'Hemline': 'Flared', 'Lehenga Closure': 'NA', 'Lehenga Fabric': 'Silk', 'Lehenga Lining Fabric': 'Satin', 'Lehenga Stitch': 'Semi-Stitched', 'Neck': 'Round Neck', 'Occasion': 'Festive', 'Ornamentation': 'Zari', 'Sleeve Length': 'Short Sleeves', 'Technique': 'NA', 'Top Pattern': 'Embellished'}"
1518329,Dupatta Bazaar White Embroidered Chiffon Dupatta,Dupatta,899.0,White,Dupatta Bazaar,http://assets.myntassets.com/assets/images/1518329/2016/9/15/11473919199343-Dupatta-Bazaar-Women-Dupatta-791473919199265-1.jpg,1321.0,4.54882664647994,White embroidered&nbsp;dupattaChiffon<br>Hand-wash coldLength: 2.5 metres Width: 1 metre,"{'Occasion': 'Daily', 'Pattern': 'Embroidered', 'Print or Pattern Type': 'Floral'}"
9345959,Taavi Women Blue Indigo Hand Block Print Pure Cotton Dupatta,Dupatta,1099.0,Blue,Taavi,http://assets.myntassets.com/assets/images/9345959/2019/5/24/b51885ce-51d3-45da-9166-4d654858c3401558697093777-Taavi-Women-Dupatta-9211558697092873-1.jpg,449.0,4.169265033407572,"<b>Special Technique/Craft</b>:<br>Since Indus Valley civilisation era, Indigo's imperial acceptance has made it a craft in itself whether used in Tie-and-Dye, Shibori or Block prints. The vibrant deep-blue dye is extracted from the plant family, Indigofera tinctoria. It is the oldest natural dye known to mankind. It can be used to dye any kind of fiber universally.<br><br><b>Design</b>:<ul><li>Region: Rajasthan</li><li>Blue</li><li>Hand block print dupatta, has printed border</li><li>Indigo hand block print</li></ul><b>Disclaimer</b>:<ul><li>This is a handcrafted dupatta, and is prone to colour bleeding due to use of natural dyes</li><li>The print on the garment might be unevenly owning to the handcrafted nature of the product, adding essence to the garment.</li></ul>100% cotton<br>Hand-Wash Cold, Wash Dark Colors SeparatelyLength: 2.5 metres<br>Width: 1 metre","{'Border': 'Printed', 'Fabric': 'Pure Cotton', 'Occasion': 'Daily', 'Ornamentation': 'NA', 'Pattern': 'Printed', 'Print or Pattern Type': 'Ethnic Motifs', 'Sustainable': 'Regular', 'Technique': 'NA', 'Wash Care': 'Hand Wash'}"
10711448,Dupatta Bazaar Women White Solid Dupatta,Dupatta,599.0,White,Dupatta Bazaar,http://assets.myntassets.com/assets/images/productimage/2019/9/24/40c2d7b2-9854-46d1-ae88-22c7a067a0b31569282466268-1.jpg,1531.0,4.53625081645983,White solid dupatta and has a taping borderPoly Chiffon<br>Hand-washLength:&nbsp;2.35 m<br>Width: 90 cm,"{'Border': 'Taping', 'Fabric': 'Poly Chiffon', 'Occasion': 'Daily', 'Ornamentation': 'NA', 'Pattern': 'Solid', 'Print or Pattern Type': 'Solid', 'Technique': 'NA', 'Wash Care': 'Hand Wash'}"
7538235,Taavi Women Mustard Yellow & Black Block Print Legacy Sustainable Pure Cotton Dupatta,Dupatta,1099.0,Mustard,Taavi,http://assets.myntassets.com/assets/images/7538235/2021/2/11/5f6ea2ae-3f79-4f03-ba36-3196613aa7041613030657007TaaviWomenMustardYellowBlackBlockPrintLegacySustainableDupat1.jpg,393.0,4.083969465648855,"<b>Special Technique/Craft:</b><br>Block printing is a process of using wodden blocks to create impressions on a cloth. The main tools of the printer are wooden blocks in different shapes - square, rectangle, oval, round and semi-circular or crescent - and sizes called bunta. Blocks are hand-carved of seasoned teak wood by trained craftsmen. The blocks for imprinting are hand-carved by skilled artisans in wood. These hand-carved block are used to imprint the design onto the fabric. The imprinting is done by hand by a skilled block printer.<br><br><b>Design</b>:<ul><li>Mustard Yellow and Black</li><li>Printed dupatta</li><li>Solid border</li></ul><b>Disclaimer</b>:<ul><li>This is a handcrafted dupatta, and is prone to colour bleeding due to use of natural dyes</li><li>The print on the garment might be uneven owning to the handcrafted nature of the product, adding essence to the garment.</li></ul>Length: 2.50 meters<br>Width: 9.4 meters100% cotton<br>Hand-wash cold, wash dark colours separately","{'Border': 'Solid', 'Fabric': 'Pure Cotton', 'Occasion': 'Daily', 'Ornamentation': 'NA', 'Pattern': 'Printed', 'Print or Pattern Type': 'Floral', 'Sustainable': 'Sustainable', 'Technique': 'Block Print', 'Wash Care': 'Hand Wash'}"
10588018,Dupatta Bazaar White Dyed Dupatta,Dupatta,499.0,White,Dupatta Bazaar,http://assets.myntassets.com/assets/images/productimage/2019/9/5/f638b855-7451-4f55-b95f-290e544a65321567679213796-1.jpg,154.0,4.415584415584416,White dyed Dupatta and has a fringed borderLength: 2.40 metres<br>Width: 0.9 metres<br>Poly Chiffon<br>Machine-wash,"{'Border': 'Fringed', 'Fabric': 'Poly Chiffon', 'Occasion': 'Daily', 'Ornamentation': 'NA', 'Pattern': 'Dyed', 'Print or Pattern Type': 'Solid', 'Technique': 'NA', 'Wash Care': 'Machine Wash'}"
10734130,Juniper Teal & Gold-Toned Solid Dupatta,Dupatta,849.0,Teal,Juniper,http://assets.myntassets.com/assets/images/productimage/2019/9/26/5ef6e233-0939-42ab-bdc5-28f32ef113ec1569482648307-1.jpg,64.0,4.21875,"Teal and Gold-toned solid Dupatta, zari, and has an embellished borderLength: 2.4 m<br>Width: 1 mNet<br> Dry-clean","{'Border': 'Embellished', 'Fabric': 'Net', 'Occasion': 'Party', 'Ornamentation': 'Zari', 'Pattern': 'Solid', 'Print or Pattern Type': 'Solid', 'Technique': 'NA', 'Wash Care': 'Dry Clean'}"
996728,Dupatta Bazaar Beige Silk Dupatta,Dupatta,599.0,Beige,Dupatta Bazaar,http://assets.myntassets.com/assets/images/996728/2016/7/12/11468306015914-Dupatta-Bazaar-Beige-Silk-Dupatta-2191468306016288-1.jpg,173.0,4.098265895953757,"Beige woven dupatta, has zari woven detail along the border,&nbsp;tassels along both the endsLength: 2.4 metres Width: 0.8 metresSilk<br>Hand-wash cold","{'Occasion': 'Daily', 'Ornamentation': 'Zari', 'Pattern': 'Solid'}"
10487070,Dupatta Bazaar Off-White Solid Dupatta,Dupatta,599.0,Off White,Dupatta Bazaar,http://assets.myntassets.com/assets/images/productimage/2019/8/21/7cb92b41-8c1c-47ef-ae25-68b1d94acb001566340218722-1.jpg,59.0,4.084745762711864,Off-White solid Dupatta and has a fringed borderCotton Silk<br>Machine-washLength: 2.40 metres<br>Width: 0.9 metres<br>,"{'Border': 'Fringed', 'Fabric': 'Silk Blend', 'Occasion': 'Daily', 'Ornamentation': 'NA', 'Pattern': 'Solid', 'Print or Pattern Type': 'Solid', 'Technique': 'NA', 'Wash Care': 'Machine Wash'}"
10652692,Saadgi White Embellished Dupatta,Dupatta,1760.0,White,Saadgi,http://assets.myntassets.com/assets/images/10652692/2019/10/3/ddd7e954-47dc-42a0-9dbc-f27ab76b52ff1570106821045-Saadgi-White--White-Embroidered-Dupatta-1181570106820515-1.jpg,42.0,4.190476190476191,White embellished dupatta with gotta patti gotta patti and has a solid borderPoly Chiffon<br>Hand-washLength: 2.42 m<br>Width: 90 cm,"{'Border': 'Solid', 'Fabric': 'Poly Chiffon', 'Occasion': 'Daily', 'Ornamentation': 'Gotta Patti', 'Pattern': 'Woven Design', 'Print or Pattern Type': 'Floral', 'Technique': 'NA', 'Wash Care': 'Hand Wash'}"
10652694,Saadgi Red Gotta Patti Work Dupatta,Dupatta,1760.0,Red,Saadgi,http://assets.myntassets.com/assets/images/10652694/2019/10/3/575c2f4e-0c97-4e19-b9e9-083d5313fc801570101609067-Saadgi-Red-Woven-Design-Dupatta-1631570101608573-1.jpg,9.0,3.4444444444444446,"Red gotta patti work Dupatta with crochet handwork along the border60% cotton, 40% silk&nbsp;<br>Hand-washLength: 2.50 metres<br>Width: 90 cm","{'Border': 'Woven Design', 'Fabric': 'Poly Chiffon', 'Occasion': 'Daily', 'Ornamentation': 'Gotta Patti', 'Pattern': 'Embroidered', 'Print or Pattern Type': 'Floral', 'Technique': 'NA', 'Wash Care': 'Hand Wash'}"
996729,Dupatta Bazaar White Silk Dupatta,Dupatta,599.0,White,Dupatta Bazaar,http://assets.myntassets.com/assets/images/996729/2015/9/24/11443071898433-Dupatta-Bazaar-Women-Dupatta-8531443071898282-1.jpg,33.0,4.181818181818182,"White dupatta, has zari woven design along the border, tassels along the endsSilk blend<br>Machine-washLength: 2.3 metres Width: 1 metre","{'Occasion': 'Daily', 'Pattern': 'Solid'}"
10402059,INDYA Women Black Embroidered Dupatta,Dupatta,1400.0,Black,INDYA,http://assets.myntassets.com/assets/images/productimage/2019/8/7/e003e493-1b71-45a9-b125-e0944eb8e13d1565152777986-1.jpg,13.0,4.076923076923077,Black embroidered dupatta and has an embellished border100% Nylon<br>Hand-washLength: 2.35 m<br>Width: 94cm,"{'Border': 'Embellished', 'Fabric': 'Net', 'Occasion': 'Party', 'Ornamentation': 'NA', 'Pattern': 'Embroidered', 'Print or Pattern Type': 'Floral', 'Technique': 'NA', 'Wash Care': 'Hand Wash'}"
10814044,WEAVERS VILLA Red & Yellow Phulkari Embroidered Dupatta,Dupatta,1199.0,Red,WEAVERS VILLA,http://assets.myntassets.com/assets/images/10814044/2019/11/1/da91ebec-0feb-493c-8dd6-def053d46bea1572596739920-WEAVERS-VILLA-Women-Dupatta-1621572596739268-1.jpg,13.0,4.076923076923077,Red and Yellow phulkari embroidered Dupatta and has taping borderPoly Chiffon<br> Hand-washLength: 2.25 metres<br>Width: 1 metre,"{'Border': 'Taping', 'Fabric': 'Poly Chiffon', 'Occasion': 'Party', 'Ornamentation': 'Phulkari', 'Pattern': 'Embroidered', 'Print or Pattern Type': 'Geometric', 'Technique': 'NA', 'Wash Care': 'Hand Wash'}"
10358133,Dupatta Bazaar Red & Gold-Coloured Woven Design Dupatta,Dupatta,699.0,Red,Dupatta Bazaar,http://assets.myntassets.com/assets/images/productimage/2019/7/31/232830ba-68c8-437b-8696-d671f727abdb1564514642034-1.jpg,51.0,4.372549019607843,Red and Gold-coloured woven design Dupatta and has a solid borderLength: 2.4 m<br>Width: 0.9 mPoly Chiffon<br>Machine-wash,"{'Border': 'Solid', 'Fabric': 'Poly Chiffon', 'Occasion': 'Daily', 'Ornamentation': 'NA', 'Pattern': 'Woven Design', 'Print or Pattern Type': 'Polka Dots', 'Technique': 'NA', 'Wash Care': 'Machine Wash'}"
10265393,Saadgi Dusty Pink Gota Patti & Zari Work Handloom Dupatta,Dupatta,1760.0,Pink,Saadgi,http://assets.myntassets.com/assets/images/10265393/2019/7/25/61f6d113-e74a-4269-8280-4bdce30f52de1564054946310-Saadgi-Womens-Gota-Patti-Zari-Work-Dupatta-4711564054945442-1.jpg,12.0,4.416666666666667,"Dusty pink gotta patti and zari work handloom dupatta, has an embellished border60% polyester, 40% synthetic fiber<br>Hand-washLength: 2 metres<br>Width: 1 metre","{'Border': 'Embellished', 'Fabric': 'Poly Chiffon', 'Occasion': 'Daily', 'Ornamentation': 'Gotta Patti', 'Pattern': 'Embroidered', 'Print or Pattern Type': 'Floral', 'Technique': 'NA', 'Wash Care': 'Hand Wash'}"
1518333,Dupatta Bazaar White & Gold-Toned Embroidered & Embellished Chiffon Dupatta,Dupatta,899.0,White,Dupatta Bazaar,http://assets.myntassets.com/assets/images/1518333/2016/9/15/11473917884057-Dupatta-Bazaar-Women-Dupatta-1401473917884005-1.jpg,87.0,4.022988505747127,"White and gold-toned woven Chikankari embroidered and embellished&nbsp;dupatta, has contrast taping along the borderChiffon blend<br>Hand-washLength: 2.3 metres Width: 1 metre","{'Border': 'Taping', 'Fabric': 'Poly Chiffon', 'Occasion': 'Party', 'Ornamentation': 'Thread Work', 'Pattern': 'Embroidered', 'Print or Pattern Type': 'Polka Dots', 'Sustainable': 'Regular', 'Technique': 'NA', 'Wash Care': 'Hand Wash', 'Wedding': 'Guests & Gifting'}"
2518309,Anahi Blue Solid Dupatta,Dupatta,349.0,Blue,Anahi,http://assets.myntassets.com/assets/images/2518309/2018/5/11/4d53f73d-57bf-434c-b68e-9889ea95031b1526011957680-Anahi-Blue-Solid-Dupatta-3651526011957592-1.jpg,15.0,3.066666666666667,"Blue solid&nbsp;dupatta, has taping along the borderPoly Chiffon<br> Machine-washLength: 2.2 m<br>Width: 0.96 m","{'Border': 'Taping', 'Fabric': 'Poly Chiffon', 'Occasion': 'Daily', 'Ornamentation': 'NA', 'Pattern': 'Solid', 'Print or Pattern Type': 'Solid', 'Technique': 'NA', 'Wash Care': 'Machine Wash'}"
1852518,Dupatta Bazaar Red & Orange Silk Bandhani Print Dupatta,Dupatta,2399.0,Red,Dupatta Bazaar,http://assets.myntassets.com/assets/images/1852518/2017/4/12/11491996068989-Dupatta-Bazaar-Women-Dupatta-6031491996068766-1.jpg,11.0,3.727272727272727,Red and orange Bandhani print dupatta with dyed effect and gota patti detailing along the borderSilk<br>Dry-cleanLength: 2.3 metresWidth: 1.1 metres,"{'Occasion': 'Party', 'Ornamentation': 'Gotta Patti', 'Pattern': 'Printed', 'Print or Pattern Type': 'Bandhani', 'Technique': 'Bandhani'}"
10814254,WEAVERS VILLA Women Maroon Woven Design Shawl,Shawl,1199.0,Maroon,WEAVERS VILLA,http://assets.myntassets.com/assets/images/10814254/2019/11/2/a908a6a2-3cc5-4648-a8b7-8d3d9cc142861572694186639-WEAVERS-VILLA-Women-Shawl-4041572694185974-1.jpg,35.0,4.257142857142857,"Maroon and off-white woven design shawl, has embroidered borderAcrylic and wool blend<br>Dry-cleanLength: 2 metres<br>Width: 1 metre","{'Border': 'Embroidered', 'Fabric': 'Acrylic', 'Fabric 2': 'Wool', 'Fabric Purity': 'Blended', 'Fusion Wear': 'Yes', 'Occasion': 'Work', 'Ornamentation': 'Other', 'Pattern': 'Woven Design', 'Pattern Size': 'Small', 'Print or Pattern Type': 'Ethnic Motifs'}"
10358153,Dupatta Bazaar White Solid Dupatta,Dupatta,599.0,White,Dupatta Bazaar,http://assets.myntassets.com/assets/images/productimage/2019/7/31/5a5be869-4ff9-48e7-afad-d0fe378011f91564513989073-1.jpg,11.0,4.2727272727272725,White solid Dupatta and has a tasselled borderLength: 2.4 metres<br>Width: 90 cmCotton Silk<br>Machine-wash,"{'Border': 'Tasselled', 'Fabric': 'Cotton Silk', 'Occasion': 'Daily', 'Ornamentation': 'NA', 'Pattern': 'Solid', 'Print or Pattern Type': 'Solid', 'Technique': 'NA', 'Wash Care': 'Machine Wash'}"
7648572,mf White Embroidered Dupatta,Dupatta,1299.0,White,mf,http://assets.myntassets.com/assets/images/7648572/2018/10/17/7bbb3332-afd1-4268-9212-c48582d4953a1539752857649-MF-White-Moonga-Cotton-Karachi-Work-Dupatta-1961539752857554-1.jpg,59.0,3.8983050847457625,"White embroidered dupatta, thread work, solid borderCotton Blend<br>Machine-washLength: 2.2 m","{'Border': 'Solid', 'Fabric': 'Cotton Blend', 'Occasion': 'Daily', 'Ornamentation': 'Thread Work', 'Pattern': 'Embroidered', 'Print or Pattern Type': 'Floral', 'Technique': 'NA', 'Wash Care': 'Machine Wash'}"
9260667,Dupatta Bazaar Beige & Pink Printed Dupatta,Dupatta,799.0,Beige,Dupatta Bazaar,http://assets.myntassets.com/assets/images/productimage/2019/4/12/26749ae5-914d-400a-b952-01eb9f37ae051555043905605-1.jpg,35.0,4.285714285714286,"Beige, pink and green printed dupatta, fringed borderSilk Blend<br>Hand-washLength: 2.4 metres<br>Width: 90 centimetre","{'Border': 'Fringed', 'Fabric': 'Silk Blend', 'Occasion': 'Party', 'Ornamentation': 'NA', 'Pattern': 'Printed', 'Print or Pattern Type': 'Floral', 'Sustainable': 'Regular', 'Technique': 'NA', 'Wash Care': 'Hand Wash', 'Wedding': 'Guests & Gifting'}"
6849866,Sugathari Red & Gold-Toned Woven Design Banarasi Dupatta,Dupatta,2399.0,Red,Sugathari,http://assets.myntassets.com/assets/images/6849866/2018/7/5/faafac94-8d74-4d16-8f96-4d554acb311a1530771760264-Sugathari-Red--Gold-Toned-Woven-Design-Dupatta-3631530771760058-1.jpg,58.0,4.293103448275862,"Red and gold-toned woven design dupatta, zari, woven design border with tassel detailingLength: 2.25 m<br>Width: 86 cmSilk Blend<br>Dry-clean","{'Border': 'Woven Design', 'Fabric': 'Silk Blend', 'Occasion': 'Party', 'Ornamentation': 'Zari', 'Pattern': 'Woven Design', 'Print or Pattern Type': 'Ethnic Motifs', 'Technique': 'NA', 'Wash Care': 'Dry Clean'}"
10814204,WEAVERS VILLA Black & Yellow Embroidered Dupatta,Dupatta,1199.0,Black,WEAVERS VILLA,http://assets.myntassets.com/assets/images/10814204/2019/11/19/f1660612-2d3f-4566-bed0-75e50fc482441574164351483-WEAVERS-VILLA-Black--Yellow-Embroidered-Dupatta-200157416435-1.jpg,8.0,4.5,"Black, yellow and orange embroidered Dupatta, thread work, and has a taping borderMaterial: Poly Chiffon<br> Hand WashLength: 2.25 metres<br>Width: 1 metres","{'Border': 'Taping', 'Fabric': 'Poly Chiffon', 'Occasion': 'Party', 'Ornamentation': 'Thread Work', 'Pattern': 'Embroidered', 'Print or Pattern Type': 'Geometric', 'Technique': 'NA', 'Wash Care': 'Hand Wash'}"
10652716,Saadgi Peach-Coloured  Gotta Patti Work Dupatta,Dupatta,1760.0,Peach,Saadgi,http://assets.myntassets.com/assets/images/10652716/2019/10/3/a1cb208b-a73b-4dc5-bce2-00e28dbc0a211570100997712-Saadgi-Peach-Coloured-Woven-Design-Dupatta-171570100997197-1.jpg,,,"Peach-coloured gotta patti work Dupatta with crochet handwork along the border60% cotton, 40% silk&nbsp;<br>Hand-washLength: 2.50 metres<br>Width: 90 cm","{'Border': 'Woven Design', 'Fabric': 'Poly Chiffon', 'Occasion': 'Daily', 'Ornamentation': 'Gotta Patti', 'Pattern': 'Embroidered', 'Print or Pattern Type': 'Floral', 'Technique': 'NA', 'Wash Care': 'Hand Wash'}"
10652698,Saadgi Dusty Pink Gotta Patti Work Dupatta,Dupatta,1760.0,Pink,Saadgi,http://assets.myntassets.com/assets/images/10652698/2019/10/3/a659ccb3-594a-411d-b8d8-04b4449302c71570100987705-Saadgi-Pink-Woven-Design-Dupatta-8891570100986890-1.jpg,21.0,3.333333333333333,"Dusty pink gotta patti work Dupatta with crochet handwork along the border60% cotton, 40% silk&nbsp;<br>Hand-washLength: 2.50 metres<br>Width: 90 cm","{'Border': 'Woven Design', 'Fabric': 'Poly Chiffon', 'Occasion': 'Daily', 'Ornamentation': 'Gotta Patti', 'Pattern': 'Embroidered', 'Print or Pattern Type': 'Floral', 'Technique': 'NA', 'Wash Care': 'Hand Wash'}"
8428249,AURELIA Women Golden Solid Dupatta,Dupatta,599.0,Gold,AURELIA,http://assets.myntassets.com/assets/images/8428249/2019/8/12/7494aca2-abb8-4334-8f41-350bfab698d01565603915257-AURELIA-Gold-Toned-Solid-Dupatta-6771565603914842-1.jpg,13.0,3.8461538461538463,Golden solid dupatta100% polyester<br>Hand-washLength: 2.25m<br>Width: 1.7m,"{'Border': 'Solid', 'Fabric': 'Poly Chiffon', 'Occasion': 'Daily', 'Ornamentation': 'NA', 'Pattern': 'Solid', 'Print or Pattern Type': 'Solid', 'Technique': 'NA', 'Wash Care': 'Hand Wash'}"
10813992,WEAVERS VILLA Black & Yellow Phulkari Embroidered Dupatta,Dupatta,899.0,Black,WEAVERS VILLA,http://assets.myntassets.com/assets/images/10813992/2019/11/1/59ad8978-7e0c-42d5-8645-cf4f1673b79f1572596544161-WEAVERS-VILLA-Women-Dupatta-5611572596543509-1.jpg,,,Black and Yellow phulkari embroidered Dupatta and has taping borderLength: 2.25 metres<br>Width: 1 metresPoly Chiffon<br>Hand-wash,"{'Border': 'Taping', 'Fabric': 'Poly Chiffon', 'Occasion': 'Party', 'Ornamentation': 'Phulkari', 'Pattern': 'Embroidered', 'Print or Pattern Type': 'Floral', 'Technique': 'NA', 'Wash Care': 'Hand Wash'}"
10451770,WEAVERS VILLA Women Black & Beige Woven Design Shawl,Shawl,2450.0,Black,WEAVERS VILLA,http://assets.myntassets.com/assets/images/10451770/2019/8/27/ef383e4a-151a-428c-801c-1253bb06387d1566884906480-WEAVERS-VILLA-Women-Shawl-5751566884905956-1.jpg,17.0,3.882352941176471,"Black and beige woven design shawl, has frayed endsLength: 2 metres<br>Width: 1 metreWool and pashmina blend<br>Dry-clean","{'Border': 'Woven Design', 'Fabric': 'Wool', 'Fabric 2': 'Pashmina', 'Fabric Purity': 'Blended', 'Fusion Wear': 'No', 'Occasion': 'Daily', 'Ornamentation': 'Other', 'Pattern': 'Woven Design', 'Pattern Size': 'Large', 'Print or Pattern Type': 'Ethnic Motifs'}"
10451688,WEAVERS VILLA Women Maroon & Blue Patterned Shawl,Shawl,2450.0,Maroon,WEAVERS VILLA,http://assets.myntassets.com/assets/images/10451688/2019/8/27/56697137-ed54-4baa-9865-b355cec025ba1566893691305-WEAVERS-VILLA-Women-Shawl-6391566893690767-1.jpg,21.0,4.0,"Maroon and blue patterned shawl, has frayed borderLength: 2 metres<br>Width: 1 metreWool and pashmina blend<br>Dry-clean","{'Border': 'Woven Design', 'Fabric': 'Wool', 'Fabric 2': 'Pashmina', 'Fabric Purity': 'Blended', 'Fusion Wear': 'No', 'Occasion': 'Daily', 'Ornamentation': 'Other', 'Pattern': 'Woven Design', 'Pattern Size': 'Medium', 'Print or Pattern Type': 'Ethnic Motifs'}"
10487098,Dupatta Bazaar White & Red Embroidered Mukaish Work Dupatta,Dupatta,1499.0,White,Dupatta Bazaar,http://assets.myntassets.com/assets/images/productimage/2019/8/21/7ae1c23f-816b-4829-9b10-06be1dfdd4321566338023124-1.jpg,,,"White and Red embroidered Dupatta, mukaish, and has an embellished borderPoly Chiffon<br> Hand-washLength: 2.40 metres<br>Width: 0.9 metres","{'Border': 'Embellished', 'Fabric': 'Poly Chiffon', 'Occasion': 'Party', 'Ornamentation': 'Mukaish', 'Pattern': 'Embroidered', 'Print or Pattern Type': 'Geometric', 'Technique': 'NA', 'Wash Care': 'Hand Wash'}"
8278529,Faserz Red Woven Design Banarasi Dupatta,Dupatta,1665.0,Red,Faserz,http://assets.myntassets.com/assets/images/productimage/2018/12/19/56bb01ce-88cc-4e46-918f-63b1298c63b31545175672700-1.jpg,3.0,4.666666666666667,<p>Designer Woven Banarasi Silk Dupatta to Mix Match with any outfit . Inject a cool vibe to your look with this Fancy Ethnic Dupatta made of Banarasi Silk with rich exalting lavish elegance and charming look to your style.</p>Length: 2.25 metres<br>Width: 0.6 metreSilk Blend<br>Dry-clean,"{'Border': 'Tasselled', 'Fabric': 'Silk Blend', 'Occasion': 'Party', 'Ornamentation': 'NA', 'Pattern': 'Woven Design', 'Print or Pattern Type': 'Ethnic Motifs', 'Technique': 'NA', 'Wash Care': 'Dry Clean'}"
6177369,Dupatta Bazaar Grey & Gold-Toned Embroidered Dupatta,Dupatta,1899.0,Grey,Dupatta Bazaar,http://assets.myntassets.com/assets/images/6177369/2018/5/18/a74b9388-c3b4-4f20-abda-813e25ec86ac1526643786862-Dupatta-Bazaar-Womans-Grey--Gold-Embroidered-Net-Dupatta-381526643786730-1.jpg,,,"Grey and gold-toned embroidered dupatta, zardozi, embellished borderNet<br> Dry-cleanLength: 2.5 metres<br>Width: 1 metre","{'Border': 'Embellished', 'Fabric': 'Net', 'Occasion': 'Party', 'Ornamentation': 'Zardozi', 'Pattern': 'Embroidered', 'Print or Pattern Type': 'Floral', 'Technique': 'NA', 'Wash Care': 'Dry Clean'}"
10451500,WEAVERS VILLA Women Off-White & Pink Self Design Shawl,Shawl,1550.0,Off White,WEAVERS VILLA,http://assets.myntassets.com/assets/images/10451500/2019/9/16/fef69ee9-8585-452f-8a98-cfd1939765561568613395415-WEAVERS-VILLA-Women-Off-White--Pink-Self-Design-Shawl-251156-1.jpg,30.0,4.5,"Off-white and pink self design shawl, has woven design border with frayed endsLength: 2 metres<br>Width: 1 metreWool and pashmina blend<br>Dry-clean","{'Border': 'Woven Design', 'Fabric': 'Wool', 'Fabric 2': 'Pashmina', 'Fabric Purity': 'Blended', 'Fusion Wear': 'No', 'Occasion': 'Daily', 'Ornamentation': 'Other', 'Pattern': 'Woven Design', 'Pattern Size': 'Medium', 'Print or Pattern Type': 'Paisley'}"
10451850,WEAVERS VILLA Women Beige & Maroon Woven Design Shawl,Shawl,1450.0,Beige,WEAVERS VILLA,http://assets.myntassets.com/assets/images/10451850/2019/8/27/9c4655cf-83ac-4a41-af80-c5c8a26cc3511566901676000-WEAVERS-VILLA-Women-Beige--Maroon-Woven-Design-Shawl-4531566-1.jpg,11.0,4.454545454545454,"Beige and maroon woven design shawl, has frayed hemLength: 2 metres<br>Width: 1 metreWool and pashmina blend<br>Dry-clean","{'Border': 'Woven Design', 'Fabric': 'Wool', 'Fabric 2': 'Pashmina', 'Fabric Purity': 'Blended', 'Fusion Wear': 'No', 'Occasion': 'Daily', 'Ornamentation': 'Other', 'Pattern': 'Woven Design', 'Pattern Size': 'Large', 'Print or Pattern Type': 'Ethnic Motifs'}"
10451734,WEAVERS VILLA Women Mustard Yellow & Purple Woven Design Shawl,Shawl,1450.0,Mustard,WEAVERS VILLA,http://assets.myntassets.com/assets/images/10451734/2019/8/27/88dfd991-be62-4a85-93fe-0123dc37f2561566884865286-WEAVERS-VILLA-Women-Shawl-5181566884864771-1.jpg,25.0,3.96,"Mustard yellow and purple woven design shawl, has frayed endsWool and pashmina blend<br>Dry-cleanLength: 2 metres<br>Width: 1 metre","{'Border': 'Woven Design', 'Fabric': 'Wool', 'Fabric 2': 'Pashmina', 'Fabric Purity': 'Blended', 'Fusion Wear': 'No', 'Occasion': 'Daily', 'Ornamentation': 'Other', 'Pattern': 'Woven Design', 'Pattern Size': 'Large', 'Print or Pattern Type': 'Floral'}"
2452459,Dupatta Bazaar Cream-Coloured & Beige Embroidered Dupatta,Dupatta,899.0,Cream,Dupatta Bazaar,http://assets.myntassets.com/assets/images/2452459/2018/2/5/11517832590508-Dupatta-Bazaar-Womans-Ivory-Dupatta-with-Lucknowi-Embroidery-7161517832590363-1.jpg,,,"Cream and beige embroidered dupatta, has a fringed borderLength: 2.5 metres<br>Width: 1 metreCotton Blend <br> Hand-wash","{'Border': 'Fringed', 'Fabric': 'Cotton Blend', 'Occasion': 'Daily', 'Ornamentation': 'NA', 'Pattern': 'Embroidered', 'Print or Pattern Type': 'Floral', 'Technique': 'NA', 'Wash Care': 'Hand Wash'}"
2138931,WEAVERS VILLA Coral Red & Beige Woven Design Shawl,Shawl,1299.0,Coral,WEAVERS VILLA,http://assets.myntassets.com/assets/images/2138931/2017/9/29/11506686702223-WEAVERS-VILLA-Red-Woven-Design-Shawl-2731506686702155-1.jpg,7.0,3.7142857142857135,"Coral red shawl&nbsp;in a woven design, has frayed detail on both the endsLength: 2 metres<br>Width: 1 metreWool blend<br>Dry-clean","{'Border': 'Woven Design', 'Fabric': 'Wool', 'Fabric 2': 'Other', 'Fabric Purity': 'Blended', 'Fusion Wear': 'No', 'Occasion': 'Daily', 'Ornamentation': 'Other', 'Pattern': 'Woven Design', 'Pattern Size': 'Medium', 'Print or Pattern Type': 'Ethnic Motifs'}"
10487110,Dupatta Bazaar Women Black & White Bandhani Dyed Gotta Patti Dupatta,Dupatta,1299.0,Black,Dupatta Bazaar,http://assets.myntassets.com/assets/images/productimage/2019/8/20/0f165244-08d3-4042-954e-3fe40004f2011566243963988-1.jpg,4.0,4.0,"Black and White dyed Dupatta, has bandhani technique, gotta patti, and has a taping borderArt Silk<br>Dry-cleanLength: 2.4 m<br>Width: 0.9 m","{'Border': 'Taping', 'Fabric': 'Art Silk', 'Occasion': 'Party', 'Ornamentation': 'Gotta Patti', 'Pattern': 'Dyed', 'Print or Pattern Type': 'Bandhani', 'Sustainable': 'Regular', 'Technique': 'Bandhani', 'Wash Care': 'Dry Clean', 'Wedding': 'Guests & Gifting'}"
10652704,Saadgi Magenta Embellished Dupatta,Dupatta,1760.0,Pink,Saadgi,http://assets.myntassets.com/assets/images/10652704/2019/10/3/9c0aed47-eb68-4807-9b9f-b0902437a6d31570106837530-Saadgi-Magenta--Magenta-Embroidered-Dupatta-1781570106836694-1.jpg,6.0,3.5,Magenta embellished dupatta with gotta patti detail and has a solid borderLength: 2.42 m<br>Width: 90 cmPoly Chiffon<br>Hand-wash,"{'Border': 'Solid', 'Fabric': 'Poly Chiffon', 'Occasion': 'Daily', 'Ornamentation': 'Gotta Patti', 'Pattern': 'Woven Design', 'Print or Pattern Type': 'Floral', 'Technique': 'NA', 'Wash Care': 'Hand Wash'}"
1442725,Dupatta Bazaar Magenta Phulkari Embroidered Dupatta,Dupatta,1199.0,Magenta,Dupatta Bazaar,http://assets.myntassets.com/assets/images/1442725/2016/7/22/11469165850919-Dupatta-Bazaar-Magenta-Embroidered-Dupatta-9071469165850835-1.jpg,,,"Magenta phulkari embroidered&nbsp;dupatta, has a taping along the borderLength: 2.1 metres Width: 0.9 metreChiffon blend<br>Dry-clean","{'Border': 'Taping', 'Occasion': 'Daily', 'Pattern': 'Embroidered', 'Print or Pattern Type': 'Geometric'}"
2170210,Dupatta Bazaar Cream-Coloured Chikankari Embroidered Dupatta,Dupatta,1599.0,Cream,Dupatta Bazaar,http://assets.myntassets.com/assets/images/2170210/2017/10/11/11507715990039-Dupatta-Bazaar-Cream-Coloured-Chikankari-Embroidered-Dupatta-7211507715989947-1.jpg,,,"<p>Cream-coloured chikankari embroidered dupatta, has lace taping along the border</p>Cotton blend<br>Machine-wash<p>Length: 2.25 metres<br>Width: 1 metre</p>","{'Border': 'Taping', 'Fabric': 'Cotton Blend', 'Occasion': 'Party', 'Ornamentation': 'Chikankari', 'Pattern': 'Embroidered', 'Print or Pattern Type': 'Floral', 'Technique': 'NA', 'Wash Care': 'Machine Wash'}"
2403231,W Navy Blue Solid Dupatta,Dupatta,599.0,Navy Blue,W,http://assets.myntassets.com/assets/images/2403231/2018/3/30/11522411196526-W-Women-Dupatta-7261522411196449-1.jpg,90.0,4.088888888888889,Navy solid dupattaLength: 2 metres<br>Width: 0.76 metreViscose&nbsp;<br>Machine-wash,"{'Border': 'Solid', 'Fabric': 'Viscose Rayon', 'Occasion': 'Daily', 'Ornamentation': 'NA', 'Pattern': 'Solid', 'Print or Pattern Type': 'Solid', 'Technique': 'NA', 'Wash Care': 'Machine Wash'}"
9479873,SOUNDARYA Maroon Block Printed Pure Cotton Dupatta,Dupatta,999.0,Maroon,SOUNDARYA,http://assets.myntassets.com/assets/images/9479873/2019/5/3/c817a7b5-3669-4f2f-ba1b-8a35aab976f71556883926182-Soundarya-Cotton-Block-Print-Dupatta-451556883924780-1.jpg,,,"Maroon block printed dupatta, has tasselled border, opaquePure Cotton<br>Machine-washLength: 2.25 metre<br>Width: 1 metre","{'Border': 'Tasselled', 'Fabric': 'Pure Cotton', 'Occasion': 'Daily', 'Ornamentation': 'NA', 'Pattern': 'Printed', 'Print or Pattern Type': 'Abstract', 'Sustainable': 'Regular', 'Technique': 'Block Print', 'Wash Care': 'Machine Wash'}"
8330055,mf Black Embroidered Dupatta,Dupatta,1499.0,Black,mf,http://assets.myntassets.com/assets/images/productimage/2018/12/26/6a971376-5661-4972-8ee6-8d57833e7f5d1545815095594-1.jpg,12.0,4.916666666666667,"Black embroidered dupatta, phulkari, embellished borderLength : 2.2 Mtr<br>Width : 76.2 cmPoly Chiffon<br> Hand-wash","{'Border': 'Embellished', 'Fabric': 'Poly Chiffon', 'Occasion': 'Daily', 'Ornamentation': 'Phulkari', 'Pattern': 'Embroidered', 'Print or Pattern Type': 'Floral', 'Technique': 'NA', 'Wash Care': 'Hand Wash'}"
6975601,AURELIA Navy Blue Self-Checked Pure Cotton Dupatta,Dupatta,499.0,Navy Blue,AURELIA,http://assets.myntassets.com/assets/images/6975601/2018/8/30/078db9c8-2124-4ee8-a7e9-354c3fb24a9b1535626109369-AURELIA-Navy-Blue-Checked-Dupatta-9221535626109324-1.jpg,14.0,4.357142857142857,"Navy blue self-checked dupatta, has a fringed borderLength: 2.13 metre<br>Width: 0.74 metrePure Cotton<br> Hand-wash","{'Border': 'Fringed', 'Fabric': 'Pure Cotton', 'Occasion': 'Daily', 'Ornamentation': 'NA', 'Pattern': 'Checked', 'Print or Pattern Type': 'Checked', 'Sustainable': 'Regular', 'Technique': 'NA', 'Wash Care': 'Hand Wash'}"
2399962,AURELIA Navy Blue Checked Dupatta,Dupatta,499.0,Navy Blue,AURELIA,http://assets.myntassets.com/assets/images/2399962/2018/4/3/11522752975841-AURELIA-Women-Dupatta-5071522752975775-1.jpg,33.0,4.242424242424242,"Navy blue self-checked dupatta, has tassels along the borderCotton Blend <br> Hand-washLength: 2.5 metre<br>Width:&nbsp;0.75 metre","{'Border': 'Tasselled', 'Fabric': 'Cotton Blend', 'Occasion': 'Daily', 'Ornamentation': 'NA', 'Pattern': 'Checked', 'Print or Pattern Type': 'Checked', 'Technique': 'NA', 'Wash Care': 'Hand Wash'}"
9452599,Dupatta Bazaar Beige Embroidered Dupatta,Dupatta,899.0,Beige,Dupatta Bazaar,http://assets.myntassets.com/assets/images/9452599/2019/4/30/adb9fb2c-c6f0-49a6-a1b4-b68d642c31b01556614943900-Dupatta-Bazaar-Womans-Golden-Floral-Embroidered-Net-Dupatta--1.jpg,40.0,4.4,"Beige embroidered dupatta, thread work, solid borderLength:2.40m<br>Width:0.9mNet<br>Hand-wash","{'Border': 'Solid', 'Fabric': 'Net', 'Occasion': 'Party', 'Ornamentation': 'Thread Work', 'Pattern': 'Embroidered', 'Print or Pattern Type': 'Floral', 'Sustainable': 'Regular', 'Technique': 'NA', 'Wash Care': 'Hand Wash', 'Wedding': 'Guests & Gifting'}"
7241433,Dupatta Bazaar White & Gold-Coloured Embroidered Dupatta,Dupatta,899.0,White,Dupatta Bazaar,http://assets.myntassets.com/assets/images/7241433/2018/9/19/b27f07a2-f6ef-401e-acdd-f3df55a2752b1537347286532-Dupatta-Bazaar-Women-Dupatta-991537347286344-1.jpg,67.0,4.358208955223881,"White and gold-coloured embroidered dupatta, has tasselled borderOrganza<br>Hand-washLength: 2.4 meters<br>Width: 0.9 meter","{'Border': 'Tasselled', 'Fabric': 'Organza', 'Occasion': 'Daily', 'Ornamentation': 'NA', 'Pattern': 'Embroidered', 'Print or Pattern Type': 'Floral', 'Technique': 'NA', 'Wash Care': 'Hand Wash'}"
7241415,Dupatta Bazaar Maroon & Gold-Coloured Embroidered Dupatta,Dupatta,899.0,Maroon,Dupatta Bazaar,http://assets.myntassets.com/assets/images/7241415/2018/9/8/d9809348-a5eb-4021-a11c-b7a825f5ebf81536395028256-Dupatta-Bazaar-Women-Dupatta-9331536395028080-1.jpg,105.0,4.20952380952381,"Maroon and gold-coloured embroidered dupatta, has tasselled borderLength: 2.4 mtrs<br>Width: 0.9 mtrsOrganza<br>Dry-clean","{'Border': 'Taping', 'Fabric': 'Net', 'Occasion': 'Daily', 'Ornamentation': 'NA', 'Pattern': 'Solid', 'Print or Pattern Type': 'Floral', 'Technique': 'NA', 'Wash Care': 'Dry Clean'}"
7241410,Dupatta Bazaar Blue & Gold-Coloured Embroidered Dupatta,Dupatta,899.0,Blue,Dupatta Bazaar,http://assets.myntassets.com/assets/images/7241410/2018/9/8/ea76f661-7d52-43df-92d6-7d88a2ada4671536394990986-Dupatta-Bazaar-Women-Dupatta-9571536394990788-1.jpg,18.0,3.888888888888889,"Blue and gold-coloured embroidered dupatta, has tasselled borderLength: 2.4 mtrs<br>Width: 0.9 mtrsOrganza<br>Dry-clean","{'Border': 'Taping', 'Fabric': 'Organza', 'Occasion': 'Daily', 'Ornamentation': 'NA', 'Pattern': 'Embroidered', 'Print or Pattern Type': 'Floral', 'Technique': 'NA', 'Wash Care': 'Dry Clean'}"
1791172,Dupatta Bazaar White Phulkari Hand-Embroidered Dupatta,Dupatta,899.0,White,Dupatta Bazaar,http://assets.myntassets.com/assets/images/1791172/2017/3/7/11488870490326-Dupatta-Bazaar-Women-Dupatta-2811488870490236-1.jpg,23.0,3.695652173913044,"White phulkari dupatta with hand-embroidery, lace taping along the borderLength: 2.35 metresWidth: 1 metreChiffon<br>Hand-wash","{'Occasion': 'Party', 'Pattern': 'Embroidered'}"
10435910,Dupatta Bazaar Beige & Gold-Toned Solid Dupatta,Dupatta,599.0,Beige,Dupatta Bazaar,http://assets.myntassets.com/assets/images/productimage/2019/8/11/b0180680-07a8-47be-a08d-e91369aa14201565479772712-1.jpg,25.0,3.88,"Beige and Gold-toned solid Dupatta, has a tasselled borderCotton Silk<br>Machine-washLength: 2.40 m<br>Width: 90 cm","{'Border': 'Tasselled', 'Fabric': 'Cotton Silk', 'Occasion': 'Daily', 'Ornamentation': 'NA', 'Pattern': 'Solid', 'Print or Pattern Type': 'Solid', 'Technique': 'NA', 'Wash Care': 'Machine Wash'}"
2077115,AURELIA Black Self-Checked Dupatta,Dupatta,499.0,Black,AURELIA,http://assets.myntassets.com/assets/images/2077115/2017/10/23/11508749981461-AURELIA-Black-Self-Checked-Dupatta-6761508749981374-1.jpg,17.0,4.294117647058823,"Black self-checked dupatta, has tassels along both the endsLength: 2.4 metres<br>Width: 0.71 metreViscose rayon<br>Hand-wash cold","{'Border': 'Tasselled', 'Fabric': 'Viscose Rayon', 'Occasion': 'Daily', 'Ornamentation': 'NA', 'Pattern': 'Checked', 'Print or Pattern Type': 'Checked', 'Technique': 'NA', 'Wash Care': 'Hand Wash'}"
1411010,Dupatta Bazaar Beige Striped Chanderi Cotton Silk Dupatta,Dupatta,449.0,Beige,Dupatta Bazaar,http://assets.myntassets.com/assets/images/1411010/2016/6/27/11467007289067-Dupatta-Bazaar-Beige-Striped-Chanderi-Cotton-Silk-Dupatta-1491467007288997-1.jpg,6.0,2.833333333333333,"Beige striped dupatta,&nbsp;has a zari border and&nbsp;tassels&nbsp;on both endsChanderi cotton&nbsp;silk<br>Hand-washLength: 2.3 metres Width: 0.8 metre","{'Ornamentation': 'Zari', 'Print or Pattern Type': 'Striped'}"
1411015,Dupatta Bazaar Red Block Print Cotton Silk Dupatta,Dupatta,449.0,Red,Dupatta Bazaar,http://assets.myntassets.com/assets/images/1411015/2016/6/27/11467007334604-Dupatta-Bazaar-Red-Block-Print-Cotton-Silk-Dupatta-4701467007334541-1.jpg,27.0,3.703703703703704,"Red block&nbsp;print&nbsp;dupatta with self-checked detail,&nbsp;has a zari woven border and&nbsp;tassels&nbsp;on both endsLength: 2.4 metres Width: 0.8 metreCotton silk<br>Hand-wash","{'Ornamentation': 'Zari', 'Pattern': 'Printed', 'Print or Pattern Type': 'Floral', 'Technique': 'Block Print'}"
9893853,Rain & Rainbow Women Black & Golden Handblock Print Dupatta,Dupatta,699.0,Black,Rain & Rainbow,http://assets.myntassets.com/assets/images/9893853/2019/7/3/20ad3502-fb18-4c15-9a67-9a1c8097a95d1562147556927-Rain--Rainbow-Black--Gold-Toned-Printed-Dupatta-141156214755-1.jpg,48.0,4.3125,"Black and golden Handblock print dupatta ,has a solid frill borderLength: 2.4 metres<br>Width: 1 metrePoly Chiffon<br> Dry-clean","{'Border': 'Solid', 'Fabric': 'Poly Chiffon', 'Occasion': 'Daily', 'Ornamentation': 'NA', 'Pattern': 'Printed', 'Print or Pattern Type': 'Geometric', 'Technique': 'Block Print', 'Wash Care': 'Dry Clean'}"
10207403,W Lime Green & Black Solid Pure Cotton Dupatta,Dupatta,899.0,Lime Green,W,http://assets.myntassets.com/assets/images/10207403/2021/1/28/07daae98-ee34-42f4-8a1c-d507091737e91611828901741-W-Women-Dupatta-3041611828901010-1.jpg,29.0,4.517241379310345,Lime Green and Black solid Dupatta and has a printed taping borderMaterial: Pure Cotton<br>  Machine WashLength: 2.25 m<br>Width: 98 cm,"{'Border': 'Taping', 'Fabric': 'Pure Cotton', 'Occasion': 'Daily', 'Ornamentation': 'NA', 'Pattern': 'Solid', 'Print or Pattern Type': 'Solid', 'Sustainable': 'Regular', 'Technique': 'NA', 'Wash Care': 'Machine Wash'}"
10486324,Rain & Rainbow Yellow & White Colourblocked Pure Cotton Dupatta,Dupatta,899.0,Yellow,Rain & Rainbow,http://assets.myntassets.com/assets/images/10486324/2019/9/5/7b149867-0134-4b93-8d7b-a0a5c37adbda1567662363787-Rain--Rainbow-Yellow--White-Colourblocked-Dupatta-7651567662-1.jpg,67.0,4.492537313432836,"Yellow and white colourblocked dupatta with handblock print detail, has a tasselled borderLength: 2.4 metres<br>Width: 1 metrePure Cotton<br> Dry-clean","{'Border': 'Tasselled', 'Fabric': 'Pure Cotton', 'Occasion': 'Daily', 'Ornamentation': 'NA', 'Pattern': 'Colourblocked', 'Print or Pattern Type': 'Solid', 'Sustainable': 'Regular', 'Technique': 'Block Print', 'Wash Care': 'Dry Clean'}"
7241416,Dupatta Bazaar Yellow Woven Design Dupatta,Dupatta,899.0,Yellow,Dupatta Bazaar,http://assets.myntassets.com/assets/images/7241416/2018/9/19/f98a6b70-6abb-40a0-89d5-6eff88c323471537347158693-Dupatta-Bazaar-Women-Dupatta-3971537347158518-1.jpg,,,"Mustard yellow woven design dupatta, has a woven design borderOne sizePoly Chiffon<br>Machine-wash","{'Border': 'Woven Design', 'Fabric': 'Poly Chiffon', 'Occasion': 'Daily', 'Ornamentation': 'NA', 'Pattern': 'Woven Design', 'Print or Pattern Type': 'Geometric', 'Technique': 'NA', 'Wash Care': 'Machine Wash'}"
6581971,Dupatta Bazaar Blue & Gold-Toned Woven Design Dupatta,Dupatta,1499.0,Blue,Dupatta Bazaar,http://assets.myntassets.com/assets/images/6581971/2018/5/31/7f6d3782-8eb6-4e71-924e-c0e8b70311dd1527749534718-Dupatta-Bazaar-Womans-Multicoloured-Woven-Banarasi-Silk-dupatta-1361527749534507-1.jpg,14.0,4.142857142857143,"<p>Swathe in the beautyof this gorgeous &amp; vibrant banarasiSilk Dupatta with intricate zari weaving,this banarasi dupatta is sure to make youlook your elegant best this season.The gold butti design weaving adds to the beauty of this creation.</p>Length: 2.5 meters<br>Width: 1 meterPure Silk<br>Dry-clean","{'Border': 'Tasselled', 'Fabric': 'Pure Silk', 'Occasion': 'Party', 'Ornamentation': 'NA', 'Pattern': 'Woven Design', 'Print or Pattern Type': 'Floral', 'Technique': 'NA', 'Wash Care': 'Dry Clean'}"
10711482,Dupatta Bazaar Women Sea Green & Gold-Coloured Zardozi Embroidered Dupatta,Dupatta,1699.0,Sea Green,Dupatta Bazaar,http://assets.myntassets.com/assets/images/productimage/2019/9/24/b9037aff-e6a2-4664-b851-b7a6cee071841569299760924-1.jpg,,,"Sea Green and Gold-coloured embroidered dupatta, zardozi, and has an embellished borderNet<br>Dry-cleanLength:&nbsp;2.35 m<br>Width: 90 cm","{'Border': 'Embellished', 'Fabric': 'Net', 'Occasion': 'Party', 'Ornamentation': 'Zardozi', 'Pattern': 'Embroidered', 'Print or Pattern Type': 'Polka Dots', 'Sustainable': 'Regular', 'Technique': 'NA', 'Wash Care': 'Dry Clean', 'Wedding': 'Guests & Gifting'}"
10265397,Saadgi Mustard Yellow Gotta Patti Dupatta,Dupatta,1760.0,Mustard,Saadgi,http://assets.myntassets.com/assets/images/10265397/2019/7/25/9531e354-c424-41f6-ad7d-410cc31168b51564035720789-Saadgi-Womens-Gota-Patti-Zari-Work-Dupatta-9181564035719696-1.jpg,5.0,3.4,"Mustard yellow&nbsp;gotta patti dupatta60% polyester, 40% synthetic fiber<br>Hand-washLength: 2 metres<br>Width: 1 metre","{'Border': 'Solid', 'Fabric': 'Poly Chiffon', 'Occasion': 'Daily', 'Ornamentation': 'Gotta Patti', 'Pattern': 'Solid', 'Print or Pattern Type': 'Solid', 'Technique': 'NA', 'Wash Care': 'Hand Wash'}"
10265395,Saadgi Sea Green Gotta Patti Dupatta,Dupatta,1760.0,Green,Saadgi,http://assets.myntassets.com/assets/images/10265395/2019/7/25/66fb8722-fea8-4b9c-9268-d11b3e9fc8bd1564035704358-Saadgi-Womens-Gota-Patti-Zari-Work-Dupatta-8051564035703518-1.jpg,6.0,3.0,"Sea green gotta patti dupatta60% polyester, 40% synthetic fiber<br>Hand-washLength: 2 metres<br>Width: 1 metre","{'Border': 'Solid', 'Fabric': 'Poly Chiffon', 'Occasion': 'Daily', 'Ornamentation': 'Gotta Patti', 'Pattern': 'Solid', 'Print or Pattern Type': 'Solid', 'Technique': 'NA', 'Wash Care': 'Hand Wash'}"
10810212,MIMOSA Orange & Gold-Toned Woven Design Dupatta,Dupatta,1499.0,Orange,MIMOSA,http://assets.myntassets.com/assets/images/productimage/2019/10/14/954c35d8-f71d-4da0-8bd8-c037c57751c31571041896970-1.jpg,,,"Orange and Gold-Toned woven design Dupatta, zari, and has a tasselled borderArt Silk<br>Machine-washLength:&nbsp;2.5 m<br>Width:&nbsp;1.1 m<br><br>","{'Border': 'Tasselled', 'Fabric': 'Art Silk', 'Occasion': 'Daily', 'Ornamentation': 'Zari', 'Pattern': 'Woven Design', 'Print or Pattern Type': 'Polka Dots', 'Technique': 'NA', 'Wash Care': 'Machine Wash'}"
10814100,WEAVERS VILLA Beige & Navy Blue Phulkari Embroidered Dupatta,Dupatta,999.0,Beige,WEAVERS VILLA,http://assets.myntassets.com/assets/images/10814100/2019/11/1/d5f44f8e-65ce-457e-932e-ae3af0126f831572596863950-WEAVERS-VILLA-Women-Dupatta-8941572596863124-1.jpg,,,"Beige and navy blue phulkari embroidered dupatta with mirror work, and has embroidered borderLength: 2.25 metres<br>Width: 92 cmPoly Chiffon<br> Hand-wash","{'Border': 'Woven Design', 'Fabric': 'Poly Chiffon', 'Occasion': 'Daily', 'Ornamentation': 'Mirror Work', 'Pattern': 'Embroidered', 'Print or Pattern Type': 'Floral', 'Technique': 'NA', 'Wash Care': 'Hand Wash'}"
9260663,Dupatta Bazaar Blue Embroidered Dupatta,Dupatta,1299.0,Blue,Dupatta Bazaar,http://assets.myntassets.com/assets/images/productimage/2019/4/12/73e77415-d085-428c-a66f-4f2e42ef31901555026937290-1.jpg,,,"Blue embroidered dupatta, gotta patti, fringed borderLength: 2.4 metres<br>Width: 90 centimetreSilk Blend<br>Hand-wash","{'Border': 'Fringed', 'Fabric': 'Silk Blend', 'Occasion': 'Party', 'Ornamentation': 'Gotta Patti', 'Pattern': 'Embroidered', 'Print or Pattern Type': 'Floral', 'Technique': 'NA', 'Wash Care': 'Hand Wash'}"
2399953,AURELIA Blue Self-Checked Dupatta,Dupatta,499.0,Blue,AURELIA,http://assets.myntassets.com/assets/images/2399953/2018/11/14/97f1625d-c0dc-48d4-bfa1-6cb54de1a5a61542177496511-AURELIA-Blue-Self-Checked-Dupatta-6121542177496454-1.jpg,14.0,3.7857142857142856,"Blue self-checked dupatta, has tassels on both endsLength: 2.3 metres<br>Width: 0.7 metreCotton blend<br>Hand-wash","{'Border': 'Tasselled', 'Fabric': 'Cotton Blend', 'Occasion': 'Daily', 'Ornamentation': 'NA', 'Pattern': 'Checked', 'Print or Pattern Type': 'Checked', 'Technique': 'NA', 'Wash Care': 'Hand Wash'}"
9642003,SOUNDARYA White Gotta Patti Hand-Work Embroidered Dupatta,Dupatta,999.0,White,SOUNDARYA,http://assets.myntassets.com/assets/images/9642003/2019/5/10/014be217-4dc2-4bc2-b77f-ccc62dac97d31557470879649-Soundarya-Chanderi-Hand-Work-Dupatta-5801557470878461-1.jpg,15.0,4.133333333333334,"White hand-work gotta patti embroidered dupatta, has tasselled borderLength:<br>Width:Chanderi Cotton <br>Machine-wash","{'Border': 'Tasselled', 'Fabric': 'Cotton Silk', 'Occasion': 'Party', 'Ornamentation': 'Gotta Patti', 'Pattern': 'Embroidered', 'Print or Pattern Type': 'Floral', 'Sustainable': 'Regular', 'Technique': 'NA', 'Wash Care': 'Machine Wash', 'Wedding': 'Guests & Gifting'}"
9641985,SOUNDARYA Sea Green Embroidered Dupatta,Dupatta,999.0,Sea Green,SOUNDARYA,http://assets.myntassets.com/assets/images/9641985/2019/5/10/bd1e0ce2-e2d3-441a-a8a7-3bf61afca0371557470797938-Soundarya-Chanderi-Hand-Work-Dupatta-1611557470796672-1.jpg,13.0,4.384615384615385,"Sea Green embroidered dupatta, gotta patti, tasselled borderLength: 2.25 m<br>Width: 1 mCotton Silk<br>Machine-wash","{'Border': 'Tasselled', 'Fabric': 'Cotton Silk', 'Occasion': 'Party', 'Ornamentation': 'Gotta Patti', 'Pattern': 'Embroidered', 'Print or Pattern Type': 'Floral', 'Sustainable': 'Regular', 'Technique': 'NA', 'Wash Care': 'Machine Wash', 'Wedding': 'Guests & Gifting'}"
1619870,SOUNDARYA Purple Bandhani Print Sequinned Dupatta,Dupatta,999.0,Purple,SOUNDARYA,http://assets.myntassets.com/assets/images/1619870/2016/11/4/11478245009117-SOUNDARYA-Women-Dupatta-1541478245008980-1.jpg,,,"Purple bandhani print dupatta, has sequinned detail and mirror-work throughout, beaded and shell detail on both the ends<br><br>Disclaimer: The product might have slight shade variation and print variation as all our products are hand dyed and printedLength: 2.25 metres Width: 1 metre<p>Cotton blend<br>Dry-clean</p>","{'Border': 'Printed', 'Occasion': 'Daily', 'Ornamentation': 'Mirror Work', 'Pattern': 'Printed', 'Print or Pattern Type': 'Bandhani', 'Technique': 'Bandhani'}"
2452454,Dupatta Bazaar Beige & Red Embroidered Dupatta,Dupatta,1399.0,Beige,Dupatta Bazaar,http://assets.myntassets.com/assets/images/2452454/2018/2/5/11517832971393-Dupatta-Bazaar-Womens-Ivory-Cotton-Blend-dupatta-with-Multicoloured-Floral-Embroidery-7651517832971266-1.jpg,,,"Beige and red embroidered dupatta, has taping along the border.Cotton Blend<br> Hand-washLength: 2.50""metres<br>Width: 1""metre","{'Border': 'Taping', 'Fabric': 'Cotton Blend', 'Occasion': 'Party', 'Ornamentation': 'NA', 'Pattern': 'Embroidered', 'Print or Pattern Type': 'Floral', 'Technique': 'NA', 'Wash Care': 'Hand Wash'}"
1087795,Dupatta Bazaar Beige Dupatta,Dupatta,699.0,Beige,Dupatta Bazaar,http://assets.myntassets.com/assets/images/1087795/2015/11/24/11448350400791-Dupatta-Bazaar-Women-Dupatta-8161448350400538-1.jpg,7.0,3.4285714285714284,"Beige woven dupatta, has crochet detail along the borderCotton<br>Machine-washLength: 2.4 metres Width: 1 metre",{'Pattern': 'Solid'}
10727958,SHINGORA Women Grey & Black Printed Woolen Shawl,Shawl,2295.0,Grey,SHINGORA,http://assets.myntassets.com/assets/images/productimage/2019/9/26/faee3537-be7e-4353-8ed9-8909572f907a1569438958867-1.jpg,2.0,5.0,"Grey and black printed shawl, has fringed borderDimensions: 1 metre x 2 metres (width x length)100% Wool<br>Dry clean","{'Border': 'Solid', 'Fabric': 'Wool', 'Fabric 2': 'Wool', 'Fabric Purity': 'Pure', 'Fusion Wear': 'Yes', 'Occasion': 'Daily', 'Ornamentation': 'Other', 'Pattern': 'Printed', 'Pattern Size': 'NA', 'Print or Pattern Type': 'Floral'}"
10814098,WEAVERS VILLA Women Beige & Maroon Woven Design Woollen Shawl,Shawl,3899.0,Beige,WEAVERS VILLA,http://assets.myntassets.com/assets/images/10814098/2019/11/2/5fccc289-30c6-4345-a008-50fbdc6fb3cb1572685069778-WEAVERS-VILLA-Women-Shawl-1201572685068873-1.jpg,,,"Beige and maroon woven design woollen shawl, has a checked borderWool<br>Dry-cleanLength: 2 metres<br>Width: 1 metre","{'Border': 'Printed', 'Fabric': 'Wool', 'Fabric 2': 'Other', 'Fabric Purity': 'Pure', 'Fusion Wear': 'No', 'Occasion': 'Daily', 'Ornamentation': 'Other', 'Pattern': 'Woven Design', 'Pattern Size': 'Medium', 'Print or Pattern Type': 'Paisley'}"
1087802,Dupatta Bazaar Multicoloured Printed Art Silk Dupatta,Dupatta,699.0,Multi,Dupatta Bazaar,http://assets.myntassets.com/assets/images/1087802/2015/11/24/11448356793083-Dupatta-Bazaar-Women-Dupatta-8051448356792853-1.jpg,14.0,3.2142857142857144,"<p>Multicoloured printed dupatta, has zari woven detail along the border, tassels on both ends</p>Length: 2.2 metres Width: 1.1 metres<p>Art silk&nbsp;<br>Hand-wash cold</p>","{'Occasion': 'Daily', 'Pattern': 'Printed'}"
6581979,Dupatta Bazaar Red & Gold-Toned Woven Design Dupatta,Dupatta,1499.0,Red,Dupatta Bazaar,http://assets.myntassets.com/assets/images/6581979/2018/5/31/e03d6cff-b339-4d7c-92e2-de4edf65059c1527749655745-Dupatta-Bazaar-Womans-Multicoloured-Woven-Banarasi-Silk-dupatta-4481527749655475-1.jpg,6.0,4.666666666666667,"<p>Swathe in the beautyof this gorgeous &amp; vibrant banarasiSilk Dupatta with intricate zari weaving,this banarasi dupatta is sure to make youlook your elegant best this season.The gold floral jaal weaving adds to the beauty of this creation.</p>Length: 2.5 meters<br>Width: 1 meterPure Silk<br> Dry-clean","{'Better Cotton Initiative': 'Regular', 'Border': 'Tasselled', 'Fabric': 'Pure Silk', 'Occasion': 'Party', 'Ornamentation': 'NA', 'Pattern': 'Woven Design', 'Print or Pattern Type': 'Floral', 'Sustainable': 'Regular', 'Technique': 'NA', 'Wash Care': 'Dry Clean', 'Wedding': 'Guests & Gifting'}"
10207391,W Navy Solid Dupatta,Dupatta,999.0,Navy Blue,W,http://assets.myntassets.com/assets/images/10207391/2019/7/16/3224d6a6-45ad-4833-bdf6-3282ef96189a1563254436776-W-Blue-Printed-Dupatta-3301563254436022-1.jpg,14.0,3.4285714285714284,"Navy solid dupatta, has printed borderLength: 2.20 m<br>Width: 0.79 mViscose Rayon<br>Hand-wash","{'Border': 'Printed', 'Fabric': 'Viscose Rayon', 'Occasion': 'Daily', 'Ornamentation': 'NA', 'Pattern': 'Solid', 'Print or Pattern Type': 'Solid', 'Technique': 'NA', 'Wash Care': 'Hand Wash'}"
8428283,AURELIA Coral Orange & Blue Ethnic Motifs Printed Pure Cotton Dupatta,Dupatta,999.0,Coral,AURELIA,http://assets.myntassets.com/assets/images/8428283/2021/6/4/655f51b1-7202-4641-916d-d87e898ee6bf1622789064933ETCWomenPinkBlackPolkaDotPrintedNightSuitKurtaSetsallaboutyo1.jpg,,,"Coral orange and blue ethnic motifs printed dupatta, solid borderPure cotton <br> Dry cleanLength: 2.25 m<br>Width: 81 cm","{'Border': 'Solid', 'Fabric': 'Pure Cotton', 'Occasion': 'Daily', 'Ornamentation': 'NA', 'Pattern': 'Printed', 'Print or Pattern Type': 'Ethnic Motifs', 'Sustainable': 'Regular', 'Technique': 'NA', 'Wash Care': 'Dry Clean'}"
8418115,W Green Solid Pure Cotton Dupatta,Dupatta,899.0,Green,W,http://assets.myntassets.com/assets/images/8418115/2019/5/17/50454619-6a60-4e2d-98d0-054ce833c8a81558073602722-W-Green-Solid-Dupatta-2891558073602203-1.jpg,35.0,4.342857142857143,"Green solid dupatta, has taping along the borderPure Cotton<br>Dry-cleanLength: 2.25 metres<br>Width: 1.2 metres","{'Border': 'Taping', 'Fabric': 'Pure Cotton', 'Occasion': 'Daily', 'Ornamentation': 'NA', 'Pattern': 'Solid', 'Print or Pattern Type': 'Solid', 'Sustainable': 'Regular', 'Technique': 'NA', 'Wash Care': 'Dry Clean'}"
10831868,Dupatta Bazaar Pink Embroidered Dupatta,Dupatta,1499.0,Pink,Dupatta Bazaar,http://assets.myntassets.com/assets/images/productimage/2019/10/17/52f1486c-cdf0-4d33-b3aa-311cee822e641571263683225-1.jpg,,,"Pink embroidered Dupatta, chikankari, and has a solid borderLength: 2.35 m<br>Width:&nbsp; 0.9 mNet<br>Hand-wash","{'Border': 'Solid', 'Fabric': 'Net', 'Occasion': 'Party', 'Ornamentation': 'Chikankari', 'Pattern': 'Embroidered', 'Print or Pattern Type': 'Ethnic Motifs', 'Technique': 'NA', 'Wash Care': 'Hand Wash'}"
10451800,WEAVERS VILLA Women Pink & Off-White Woven Design Shawl,Shawl,1450.0,Pink,WEAVERS VILLA,http://assets.myntassets.com/assets/images/10451800/2019/8/27/8a6974f1-5f58-4e1f-b3ee-8b8a8cf9b4101566888162642-WEAVERS-VILLA-Women-Shawl-9321566888161735-1.jpg,19.0,4.684210526315789,"Pink and off-white woven design shawl, has frayed borderLength: 2 metres<br>Width: 1 metreWool and pashmina blend<br>Dry-clean","{'Border': 'Woven Design', 'Fabric': 'Wool', 'Fabric 2': 'Pashmina', 'Fabric Purity': 'Blended', 'Fusion Wear': 'No', 'Occasion': 'Daily', 'Ornamentation': 'Other', 'Pattern': 'Woven Design', 'Pattern Size': 'Large', 'Print or Pattern Type': 'Floral'}"
10451558,WEAVERS VILLA Women Pink & Beige Woven Design Shawl,Shawl,1450.0,Rose,WEAVERS VILLA,http://assets.myntassets.com/assets/images/10451558/2019/8/27/3dea3ba1-7110-492e-84f8-c196f33d21af1566894455929-WEAVERS-VILLA-Women-Shawl-5441566894455431-1.jpg,13.0,4.384615384615385,"Pink and off-white woven design shawl, has woven design borderWool and pashmina blend<br>Dry-cleanLength: 2 metres<br>Width: 1 metre","{'Border': 'Woven Design', 'Fabric': 'Wool', 'Fabric 2': 'Pashmina', 'Fabric Purity': 'Blended', 'Fusion Wear': 'No', 'Occasion': 'Daily', 'Ornamentation': 'Other', 'Pattern': 'Woven Design', 'Pattern Size': 'Large', 'Print or Pattern Type': 'Ethnic Motifs'}"
6581990,Dupatta Bazaar Rust & Red Embroidered Dupatta,Dupatta,999.0,Rust,Dupatta Bazaar,http://assets.myntassets.com/assets/images/6581990/2018/5/31/1f2a4229-ce7b-4ae4-aeb6-50675407afd51527749960619-Dupatta-Bazaar-Womans-Red-dupatta-with-Multi-Coloured-embroidery-221527749960370-1.jpg,1.0,4.0,<p>This chiffon dupatta is adorned with beautiful aari embroidery all over along with tassled border. This stunning dupatta is sure to make you look your elegant best this season.</p>Poly Chiffon<br>Machine-washLength: 2.5 meters<br>Width: 1 meter,"{'Border': 'Embellished', 'Fabric': 'Poly Chiffon', 'Occasion': 'Party', 'Ornamentation': 'NA', 'Pattern': 'Embroidered', 'Print or Pattern Type': 'Floral', 'Technique': 'NA', 'Wash Care': 'Machine Wash'}"
10711478,Dupatta Bazaar Women Red & Black Embroidered Dupatta,Dupatta,1099.0,Red,Dupatta Bazaar,http://assets.myntassets.com/assets/images/productimage/2019/9/24/5456d7d1-703f-4f0e-b5f9-8225a9ba131a1569265218267-1.jpg,,,Red and black embroidered dupatta and has a solid borderPoly Chiffon<br>Hand-washLength:&nbsp;2.35 m<br>Width: 90 cm,"{'Border': 'Solid', 'Fabric': 'Poly Chiffon', 'Occasion': 'Party', 'Ornamentation': 'NA', 'Pattern': 'Embroidered', 'Print or Pattern Type': 'Floral', 'Technique': 'NA', 'Wash Care': 'Hand Wash'}"
9641995,SOUNDARYA Beige Embroidered Dupatta,Dupatta,999.0,Beige,SOUNDARYA,http://assets.myntassets.com/assets/images/productimage/2019/5/10/db9daa74-6163-4d89-adde-6383db40fafb1557479729578-1.jpg,14.0,4.357142857142857,"Beige embroidered dupatta, gotta patti, tasselled borderCotton Silk<br>Machine-washLength: 2.25 m<br>Width: 1 m","{'Border': 'Tasselled', 'Fabric': 'Cotton Silk', 'Occasion': 'Party', 'Ornamentation': 'Gotta Patti', 'Pattern': 'Embroidered', 'Print or Pattern Type': 'Floral', 'Sustainable': 'Regular', 'Technique': 'NA', 'Wash Care': 'Machine Wash', 'Wedding': 'Guests & Gifting'}"
7592398,SOUNDARYA Lime Green & Pink Dyed Pure Cotton Dupatta,Dupatta,999.0,Lime Green,SOUNDARYA,http://assets.myntassets.com/assets/images/7592398/2018/10/10/5b37faed-0b8c-4af4-9f47-149776f9036d1539158172113-Soundarya-Cotton-Embellished-Bandhej-Dupatta-7561539158172006-1.jpg,10.0,3.7,"Lime Green and pink dyed dupatta, has bandhani technique, mirror work, Embellished borderLength: 2.35 Mts<br>Width: 1 MtsPure Cotton<br>Dry-clean","{'Border': 'Embellished', 'Fabric': 'Pure Cotton', 'Occasion': 'Daily', 'Ornamentation': 'Mirror Work', 'Pattern': 'Dyed', 'Print or Pattern Type': 'Bandhani', 'Sustainable': 'Regular', 'Technique': 'Bandhani', 'Wash Care': 'Dry Clean'}"
1619866,SOUNDARYA Pink & Blue Bandhani Print Dupatta,Dupatta,999.0,Pink,SOUNDARYA,http://assets.myntassets.com/assets/images/1619866/2016/11/4/11478244986842-SOUNDARYA-Women-Dupatta-5031478244986719-1.jpg,,,"Pink and blue bandhani print dupatta, has sequinned detail and mirror-work throughout, beaded and shell detail on both the ends<br><br>Disclaimer: The product might have slight shade variation and print variation as all our products are hand dyed and printed<p>Cotton blend<br>Dry-clean</p><p>Length: 2.25 metres<br>Width: 1 metre<br></p>","{'Border': 'Printed', 'Occasion': 'Daily', 'Ornamentation': 'Mirror Work', 'Pattern': 'Printed', 'Print or Pattern Type': 'Bandhani', 'Technique': 'Bandhani'}"
7079364,Blissta Red & Gold-Toned Woven Design Dupatta,Dupatta,2497.0,Red,Blissta,http://assets.myntassets.com/assets/images/7079364/2018/8/3/bebbc084-1d7a-4693-9a3f-36b70266f4661533274459049-Blissta-Red--Gold-Toned-Woven-Design-Dupatta-391533274458855-1.jpg,7.0,3.4285714285714284,"Red woven design dupatta, zari, tasselled borderPure Silk<br>Dry-cleanLength: 2.5 metres<br>Width: 65 cm","{'Better Cotton Initiative': 'Regular', 'Border': 'Tasselled', 'Fabric': 'Pure Silk', 'Occasion': 'Party', 'Ornamentation': 'Zari', 'Pattern': 'Woven Design', 'Print or Pattern Type': 'Ethnic Motifs', 'Sustainable': 'Regular', 'Technique': 'NA', 'Wash Care': 'Dry Clean', 'Wedding': 'Guests & Gifting'}"
996701,Dupatta Bazaar Yellow Self-Checked Silk Dupatta,Dupatta,599.0,Yellow,Dupatta Bazaar,http://assets.myntassets.com/assets/images/996701/2015/9/24/11443079113209-Dupatta-Bazaar-Yellow-Self-Checked-Silk-Dupatta-8431443079113088-1.jpg,13.0,4.230769230769231,"Yellow self-checked dupatta, has&nbsp;contrast zari woven design&nbsp;along the border, tassels on either endSilk<br>Hand-washLength: 2.4 metres Width: 0.8 metre","{'Occasion': 'Daily', 'Print or Pattern Type': 'Checked'}"
9359949,MBE Multicoloured Woven Design Pure Cotton Dupatta,Dupatta,1499.0,Multi,MBE,http://assets.myntassets.com/assets/images/productimage/2019/4/18/f55705b4-c056-4b7a-8496-ac6119e2122f1555560940676-1.jpg,,,Multi-coloured block printed dupatta from MBE with printed border.Length: 2.25 m<br>Width : 0.8 mPure Cotton<br>Hand-wash,"{'Border': 'Printed', 'Fabric': 'Pure Cotton', 'Occasion': 'Daily', 'Ornamentation': 'NA', 'Pattern': 'Woven Design', 'Print or Pattern Type': 'Ethnic Motifs', 'Sustainable': 'Regular', 'Technique': 'Block Print', 'Wash Care': 'Hand Wash'}"
4444074,Dupatta Bazaar Red & Orange Woven Design Dupatta,Dupatta,1699.0,Red,Dupatta Bazaar,http://assets.myntassets.com/assets/images/4444074/2018/4/3/11522750492354-Dupatta-Bazaar-Red--Orange-Woven-Design-Dupatta-2671522750492165-1.jpg,,,<p>Swathe in the beauty of this gorgeous &amp; richlywoven BanarasiSilk Dupatta with intricate paisley zari weaving.This shaded Banarasi dupatta is sure to make youlook your elegant best this season.</p>Length:2.50 metres<br>Width:&nbsp;1 metreSilk Blend <br> Dry-clean,"{'Border': 'Tasselled', 'Fabric': 'Silk Blend', 'Occasion': 'Party', 'Ornamentation': 'NA', 'Pattern': 'Woven Design', 'Print or Pattern Type': 'Paisley', 'Technique': 'NA', 'Wash Care': 'Dry Clean'}"
7648574,mf Red Embroidered Karachi Work Dupatta,Dupatta,1299.0,Red,mf,http://assets.myntassets.com/assets/images/7648574/2018/10/17/08455769-9683-4ab1-a122-00fa9a06e1241539752875120-MF-Red-Nazneen-Karachi-Work-Dupatta-3091539752875006-1.jpg,,,"Red embroidered dupatta, thread work, taping borderNazneen&nbsp;<br>Machine-washLength : 2.2 m","{'Better Cotton Initiative': 'Regular', 'Border': 'Taping', 'Fabric': 'Poly Chiffon', 'Occasion': 'Party', 'Ornamentation': 'Thread Work', 'Pattern': 'Embroidered', 'Print or Pattern Type': 'Geometric', 'Sustainable': 'Regular', 'Technique': 'NA', 'Wash Care': 'Machine Wash', 'Wedding': 'Guests & Gifting'}"
6177430,Dupatta Bazaar Red & Gold-Toned Embroidered Dupatta,Dupatta,1899.0,Red,Dupatta Bazaar,http://assets.myntassets.com/assets/images/6177430/2018/5/18/fd78d088-fa97-4d52-8b3c-92babf365db11526643810758-Dupatta-Bazaar-Womans-Red--Gold-Embroidered-Net-Dupatta-3771526643810630-1.jpg,,,"Red and gold-toned embroidered dupatta, zardozi, embellished borderLength: 2.5 metres<br>Width: 1 metreNet<br> Dry-clean","{'Border': 'Embellished', 'Fabric': 'Net', 'Occasion': 'Party', 'Ornamentation': 'Zardozi', 'Pattern': 'Embroidered', 'Print or Pattern Type': 'Floral', 'Technique': 'NA', 'Wash Care': 'Dry Clean'}"
10358159,Dupatta Bazaar White Solid Dupatta,Dupatta,599.0,White,Dupatta Bazaar,http://assets.myntassets.com/assets/images/productimage/2019/7/31/b38fb42e-99b4-474b-a79c-d621a0fec48b1564515035424-1.jpg,21.0,4.428571428571429,White solid Dupatta and has a tasselled borderCotton Silk<br>Machine-washLength: 2.4 metres<br>Width: 90 cm,"{'Border': 'Tasselled', 'Fabric': 'Cotton Silk', 'Occasion': 'Daily', 'Ornamentation': 'NA', 'Pattern': 'Solid', 'Print or Pattern Type': 'Solid', 'Technique': 'NA', 'Wash Care': 'Machine Wash'}"
8663125,Dupatta Bazaar Off-White & Red Printed Dupatta,Dupatta,1099.0,Off White,Dupatta Bazaar,http://assets.myntassets.com/assets/images/productimage/2019/1/29/7a6cf046-a694-4f42-a039-7ef1248a763b1548758803616-1.jpg,3.0,4.333333333333333,Off-white and red printed dupatta has a printed dupattaLength:<br>Width:Silk Blend<br>Hand-wash,"{'Border': 'Printed', 'Fabric': 'Silk Blend', 'Occasion': 'Daily', 'Ornamentation': 'NA', 'Pattern': 'Printed', 'Print or Pattern Type': 'Floral', 'Technique': 'NA', 'Wash Care': 'Hand Wash'}"
7689347,Dupatta Bazaar Women Cream-Coloured & Pink Embroidered Dupatta,Dupatta,1299.0,Cream,Dupatta Bazaar,http://assets.myntassets.com/assets/images/7689347/2018/10/25/e044709d-dd40-461f-8e00-bd948d3a298a1540446051292-Dupatta-Bazaar-Womans-Embroidered-Pink--Black-Dupatta-7091540446051033-1.jpg,,,"Cream-Coloured embroidered dupatta, thread work, taping borderCotton Silk<br>Hand-washLength: 2.40 m<br>Width:&nbsp;0.9 m","{'Border': 'Taping', 'Fabric': 'Cotton Silk', 'Occasion': 'Party', 'Ornamentation': 'Thread Work', 'Pattern': 'Embroidered', 'Print or Pattern Type': 'Ethnic Motifs', 'Technique': 'NA', 'Wash Care': 'Hand Wash'}"
2452468,Dupatta Bazaar Multicoloured Printed Dupatta,Dupatta,999.0,Multi,Dupatta Bazaar,http://assets.myntassets.com/assets/images/2452468/2018/2/5/11517832657072-Dupatta-Bazaar-Womans-Multicoloured-Digitally-Printed-Cotton-Satin-Dupatta-7811517832656971-1.jpg,,,"Multicolored printed dupatta, has a printed borderSatin<br> Machine-washLength: 2.5 metres<br>Width: 1 metre","{'Border': 'Printed', 'Fabric': 'Satin', 'Occasion': 'Daily', 'Ornamentation': 'NA', 'Pattern': 'Printed', 'Print or Pattern Type': 'Abstract', 'Technique': 'NA', 'Wash Care': 'Machine Wash'}"
2452447,Dupatta Bazaar Multicoloured Printed Dupatta,Dupatta,999.0,Multi,Dupatta Bazaar,http://assets.myntassets.com/assets/images/2452447/2018/2/5/11517832526845-Dupatta-Bazaar-Womans-Multicoloured-Digitally-Printed-Cotton-Satin-Dupatta-3921517832526595-1.jpg,,,"Multicolored printed dupatta, has a solid borderSatin<br> Machine-washLength: 2.5 metres<br>Width: 1 metre","{'Border': 'Solid', 'Fabric': 'Satin', 'Occasion': 'Daily', 'Ornamentation': 'NA', 'Pattern': 'Printed', 'Print or Pattern Type': 'Ethnic Motifs', 'Technique': 'NA', 'Wash Care': 'Machine Wash'}"
8832069,mf Orange Woven Design Dupatta,Dupatta,1099.0,Orange,mf,http://assets.myntassets.com/assets/images/productimage/2019/2/18/e4da835f-fc16-403b-98ce-96e8a51bbd6d1550506802565-1.jpg,6.0,4.666666666666667,"Orange woven design dupatta, zari, woven design borderLength: 2.1 metres<br>Width: 58.4 cmArt Silk<br>Hand-wash","{'Border': 'Woven Design', 'Fabric': 'Art Silk', 'Occasion': 'Party', 'Ornamentation': 'Zari', 'Pattern': 'Woven Design', 'Print or Pattern Type': 'Ethnic Motifs', 'Sustainable': 'Regular', 'Technique': 'NA', 'Wash Care': 'Hand Wash', 'Wedding': 'Guests & Gifting'}"
8316083,Anekaant Women Multicoloured Woven Design Shawl,Shawl,1199.0,Multi,Anekaant,http://assets.myntassets.com/assets/images/productimage/2018/12/21/4e51ba18-7e13-4a36-a5c4-d786dfdcbc6a1545393668525-1.jpg,,,"<p> Multicoloured woven design shawl, has frayed ends.</p><p>Viscose Rayon<br>Hand wash</p><p>Length: 2 metres<br>Width: 0.7 metre</p>","{'Border': 'Woven Design', 'Fabric': 'Viscose Rayon', 'Fabric 2': 'Other', 'Fabric Purity': 'Pure', 'Fusion Wear': 'Yes', 'Occasion': 'Daily', 'Ornamentation': 'Other', 'Pattern': 'Woven Design', 'Pattern Size': 'NA', 'Print or Pattern Type': 'Floral'}"
2117164,Noi Cream-Coloured & Brown Printed Shawl,Shawl,1999.0,Cream,Noi,http://assets.myntassets.com/assets/images/2117164/2017/9/16/11505559297933-Noi-Women-Scarves-9461505559297830-1.jpg,5.0,3.4,"Cream-coloured and brown printed shawl, has fringes along the borderLength: 1.7 metres<br>Width: 1 metreWool<br>Hand-wash","{'Border': 'Printed', 'Fabric': 'Wool', 'Fabric 2': 'Other', 'Fabric Purity': 'Blended', 'Fusion Wear': 'No', 'Occasion': 'Daily', 'Ornamentation': 'Other', 'Pattern': 'Printed', 'Pattern Size': 'Medium', 'Print or Pattern Type': 'Animal'}"
7241429,Dupatta Bazaar Blue Embroidered Dupatta,Dupatta,949.0,Blue,Dupatta Bazaar,http://assets.myntassets.com/assets/images/7241429/2018/9/19/1d1c260d-d8ad-45f7-8829-3517c6d772751537347257727-Dupatta-Bazaar-Women-Dupatta-891537347257520-1.jpg,3.0,3.0,"Blue embroidered dupatta, has taping borderLength:&nbsp;2.4 metres<br>Width:&nbsp;0.9 metrePolyester and Chiffon blend<br>Hand-wash","{'Border': 'Taping', 'Fabric': 'Poly Chiffon', 'Occasion': 'Daily', 'Ornamentation': 'NA', 'Pattern': 'Embroidered', 'Print or Pattern Type': 'Floral', 'Technique': 'NA', 'Wash Care': 'Hand Wash'}"
10742414,Tokyo Talkies Women Blue Solid Denim Jacket,Denim Jacket,1699.0,Blue,Tokyo Talkies,http://assets.myntassets.com/assets/images/productimage/2019/9/27/2dab0882-b7db-40b9-abe7-973209da63e51569531186231-1.jpg,1135.0,4.241409691629956,"Blue solid jacket, has a spread collar, 4 pockets, button closure, long sleeves, straight hem, and unlinedThe model (height 5'8"") is wearing a size SCotton<br> Machine-wash","{'Add-Ons': 'NA', 'Body Shape ID': '443,333,424', 'Body or Garment Size': 'To-Fit Denotes Body Measurements in', 'Closure': 'Button', 'Collar': 'Spread Collar', 'Fabric': 'Cotton', 'Features': 'NA', 'Hemline': 'Straight', 'Length': 'Regular', 'Lining Fabric': 'Unlined', 'Number of Pockets': '4', 'Occasion': 'Casual', 'Pattern': 'Solid', 'Print or Pattern Type': 'Solid', 'Sleeve Length': 'Long Sleeves', 'Sport': 'NA', 'Surface Styling': 'NA', 'Technology': 'NA', 'Type': 'Denim Jacket', 'Wash Care': 'Machine Wash'}"
9965795,HRX by Hrithik Roshan Women White Solid Training Sporty Jacket,"Jacket, Training, Sporty",2799.0,White,HRX by Hrithik Roshan,http://assets.myntassets.com/assets/images/9965795/2019/11/25/bf78fffc-6a5a-474a-a38c-501544f0275c1574663174719-HRX-by-Hrithik-Roshan-Women-Jackets-7761574663172071-1.jpg,312.0,4.310897435897436,"Make your everyday workout stylish with the HRX Girl's Training Jacket. Pulled up, the hood will keep you warm and cozy while the Rapid Dry technology keeps you sweat free throughout your workout.<br><br><b>Features</b><ul><li>Training Jacket for your daily workouts</li><li>Rapid Dry technology wicks sweat &amp; dries fast</li><li>Adjustable hood protects your ears and neck when you step outdoors</li><li>Reflective logo print</li><li>Opening: Front Open</li><li>Neck: Hooded</li><li>Sleeve: Full Sleeves</li></ul>Material: Polyester<br> Machine WashThe model (height 5'8"") is wearing a size S","{'Add-Ons': 'NA', 'Body Shape ID': '333,424', 'Body or Garment Size': 'Garment Measurements in', 'Closure': 'Zip', 'Collar': 'Hooded', 'Fabric': 'Polyester', 'Features': 'NA', 'Hemline': 'Straight', 'Length': 'Regular', 'Lining Fabric': 'Fleece', 'Number of Pockets': '2', 'Occasion': 'Sports', 'Pattern': 'Solid', 'Print or Pattern Type': 'Solid', 'Sleeve Length': 'Long Sleeves', 'Sport': 'Training or Gym', 'Surface Styling': 'NA', 'Technology': 'Rapid-Dry', 'Type': 'Sporty Jacket', 'Wash Care': 'Machine Wash'}"
10719178,Tokyo Talkies Women Blue Solid Jacket,Jacket,2649.0,Blue,Tokyo Talkies,http://assets.myntassets.com/assets/images/10719178/2021/10/8/b059495f-9c8e-43b5-998d-d75ce8412bea1633676983758TokyoTalkiesWomenBlueSolidJacket1.jpg,202.0,4.247524752475248,"Blue solid jacket, has a spread collar, 4 pockets, button closure, long sleeves, straight hem, and unlinedCotton<br>Machine-washThe model (height 5'8"") is wearing a size S","{'Add-Ons': 'NA', 'Body Shape ID': '443,333,424', 'Body or Garment Size': 'To-Fit Denotes Body Measurements in', 'Closure': 'Button', 'Collar': 'Spread Collar', 'Fabric': 'Cotton', 'Features': 'NA', 'Hemline': 'Straight', 'Length': 'Regular', 'Lining Fabric': 'Unlined', 'Number of Pockets': '4', 'Occasion': 'Casual', 'Pattern': 'Solid', 'Print or Pattern Type': 'Solid', 'Sleeve Length': 'Long Sleeves', 'Sport': 'NA', 'Surface Styling': 'NA', 'Technology': 'NA', 'Type': 'Denim Jacket', 'Wash Care': 'Machine Wash'}"
5709433,Chemistry Women Brown Solid Parka,Parka,5999.0,Brown,Chemistry,http://assets.myntassets.com/assets/images/5709433/2018/9/6/f8edfec2-d665-4dec-8bd0-1c549d9b2c051536228338868-Chemistry-Women-Brown-Solid-Parka-7841536228337271-1.jpg,409.0,4.430317848410758,"Brown solid parka, has a hooded, zip closure, long sleeves, straight hem, polyester liningWool<br>Machine-washThe model (height 5'8"") is wearing a size S","{'Add-Ons': 'NA', 'Body Shape ID': '424', 'Body or Garment Size': 'To-Fit Denotes Body Measurements in', 'Closure': 'Zip', 'Collar': 'Hooded', 'Fabric': 'Wool', 'Features': 'NA', 'Hemline': 'Straight', 'Length': 'Longline', 'Lining Fabric': 'Polyester', 'Number of Pockets': 'NA', 'Occasion': 'Casual', 'Pattern': 'Solid', 'Print or Pattern Type': 'Solid', 'Sleeve Length': 'Long Sleeves', 'Surface Styling': 'NA', 'Type': 'Parka', 'Wash Care': 'Machine Wash'}"
10742380,Tokyo Talkies Women Blue Solid Denim Jacket,Denim Jacket,2149.0,Blue,Tokyo Talkies,http://assets.myntassets.com/assets/images/10742380/2021/10/8/bffe18ec-8fda-42eb-ab97-c695a553bb821633676987406TokyoTalkiesWomenBlueSolidDenimJacket1.jpg,496.0,4.326612903225806,"Blue solid jacket, has a spread collar, 4 pockets, button closure, long sleeves, straight hem, and unlinedCotton<br>Machine-washThe model (height 5'8"") is wearing a size S","{'Add-Ons': 'NA', 'Body Shape ID': '443,333,424', 'Body or Garment Size': 'To-Fit Denotes Body Measurements in', 'Closure': 'Button', 'Collar': 'Spread Collar', 'Fabric': 'Cotton', 'Features': 'NA', 'Hemline': 'Straight', 'Length': 'Regular', 'Lining Fabric': 'Unlined', 'Number of Pockets': '4', 'Occasion': 'Casual', 'Pattern': 'Solid', 'Print or Pattern Type': 'Solid', 'Sleeve Length': 'Long Sleeves', 'Sport': 'NA', 'Surface Styling': 'NA', 'Technology': 'NA', 'Type': 'Denim Jacket', 'Wash Care': 'Machine Wash'}"
10845278,Tokyo Talkies Women Grey Printed Jacket,Jacket,3299.0,Grey,Tokyo Talkies,http://assets.myntassets.com/assets/images/10845278/2019/11/7/8734f684-e155-4556-83bc-17ece4ac40aa1573118108170-Tokyo-Talkies-Women-Grey-Printed-Jacket-2261573118105737-1.jpg,346.0,4.436416184971098,"Grey printed jacket, has a hooded, 4 pockets, button closure, long sleeves, straight hem, and unlinedThe model (height 5'8"") is wearing a size SCotton<br> Machine-wash","{'Add-Ons': 'NA', 'Body Shape ID': '333,424', 'Body or Garment Size': 'To-Fit Denotes Body Measurements in', 'Closure': 'Button', 'Collar': 'Hooded', 'Fabric': 'Cotton', 'Features': 'NA', 'Hemline': 'Straight', 'Length': 'Regular', 'Lining Fabric': 'Unlined', 'Number of Pockets': '4', 'Occasion': 'Casual', 'Pattern': 'Printed', 'Print or Pattern Type': 'Solid', 'Sleeve Length': 'Long Sleeves', 'Sport': 'NA', 'Surface Styling': 'NA', 'Technology': 'NA', 'Type': 'Denim Jacket', 'Wash Care': 'Machine Wash'}"
10573162,Tokyo Talkies Women White Solid Denim Jacket,Denim Jacket,2249.0,White,Tokyo Talkies,http://assets.myntassets.com/assets/images/10573162/2019/11/26/52490d96-4f73-4fd9-88ee-5f2b660090061574745971360-Tokyo-Talkies-Women-White-Solid-Denim-Jacket-172157474596910-1.jpg,1096.0,4.314781021897811,"White solid Denim&nbsp;jacket, has a spread collar, 4 pockets, button closure, three-quarter sleeves, straight hem, and unlinedThe model (height 5'8"") is wearing a size SCotton<br> Machine-wash","{'Add-Ons': 'NA', 'Body Shape ID': '443,333,424', 'Body or Garment Size': 'To-Fit Denotes Body Measurements in', 'Closure': 'Button', 'Collar': 'Spread Collar', 'Fabric': 'Cotton', 'Features': 'NA', 'Hemline': 'Straight', 'Length': 'Regular', 'Lining Fabric': 'Unlined', 'Number of Pockets': '4', 'Occasion': 'Casual', 'Pattern': 'Solid', 'Print or Pattern Type': 'Solid', 'Sleeve Length': 'Three-Quarter Sleeves', 'Sport': 'NA', 'Surface Styling': 'NA', 'Technology': 'NA', 'Type': 'Denim Jacket', 'Wash Care': 'Machine Wash'}"
10698734,Tokyo Talkies Women Blue Solid Denim Jacket,Denim Jacket,2399.0,Blue,Tokyo Talkies,http://assets.myntassets.com/assets/images/10698734/2021/10/8/975fe0fe-a889-442c-8cee-637fca9961261633676946903TokyoTalkiesWomenBlueSolidDenimJacket1.jpg,125.0,4.088,"Blue solid jacket, has a spread collar, 4 pockets, button closure, long sleeves, straight hem, and unlinedThe model (height 5'8"") is wearing a size SCotton<br>Machine-wash","{'Add-Ons': 'NA', 'Body Shape ID': '443,333,424', 'Body or Garment Size': 'To-Fit Denotes Body Measurements in', 'Closure': 'Button', 'Collar': 'Spread Collar', 'Fabric': 'Cotton', 'Features': 'NA', 'Hemline': 'Straight', 'Length': 'Regular', 'Lining Fabric': 'Unlined', 'Number of Pockets': '4', 'Occasion': 'Casual', 'Pattern': 'Solid', 'Print or Pattern Type': 'Solid', 'Sleeve Length': 'Long Sleeves', 'Sport': 'NA', 'Surface Styling': 'NA', 'Technology': 'NA', 'Type': 'Denim Jacket', 'Wash Care': 'Machine Wash'}"
1694433,SASSAFRAS Mustard Yellow Peplum Jacket,Jacket,1699.0,Mustard,SASSAFRAS,http://assets.myntassets.com/assets/images/1694433/2022/4/20/4a38d684-9718-4d0a-9d68-4a99f11f6f931650446691925SASSAFRASMustardYellowPeplumJacket1.jpg,1953.0,4.238095238095238,"Mustard yellow peplum jacket, has a stand collar, full button closures, long sleevesFleece<br>Hand-washThe model (height 5'8'') is wearing a size S","{'Add-Ons': 'NA', 'Body Shape ID': '443,324,333,424', 'Body or Garment Size': 'To-Fit Denotes Body Measurements in', 'Closure': 'Button', 'Collar': 'Stand Collar', 'Fabric': 'Fleece', 'Features': 'NA', 'Hemline': 'Curved', 'Length': 'Regular', 'Lining Fabric': 'Unlined', 'Occasion': 'Casual', 'Pattern': 'Solid', 'Print or Pattern Type': 'Solid', 'Sleeve Length': 'Long Sleeves', 'Surface Styling': 'NA', 'Type': 'Tailored Jacket', 'Wash Care': 'Hand Wash'}"
10698740,Tokyo Talkies Women Blue Solid Denim Jacket,Denim Jacket,2499.0,Blue,Tokyo Talkies,http://assets.myntassets.com/assets/images/productimage/2019/9/21/55a94528-f3be-4e17-8d71-e5c9fac333141569005364689-1.jpg,585.0,4.246153846153846,"Blue solid jacket, has a spread collar, 4 pockets, button closure, long sleeves, straight hem, and unlinedCotton<br> Machine-washThe model (height 5'8"") is wearing a size S","{'Add-Ons': 'NA', 'Body Shape ID': '443,333,424', 'Body or Garment Size': 'To-Fit Denotes Body Measurements in', 'Closure': 'Button', 'Collar': 'Spread Collar', 'Fabric': 'Cotton', 'Features': 'NA', 'Hemline': 'Straight', 'Length': 'Regular', 'Lining Fabric': 'Unlined', 'Number of Pockets': '4', 'Occasion': 'Casual', 'Pattern': 'Solid', 'Print or Pattern Type': 'Solid', 'Sleeve Length': 'Long Sleeves', 'Sport': 'NA', 'Surface Styling': 'NA', 'Technology': 'NA', 'Type': 'Denim Jacket', 'Wash Care': 'Machine Wash'}"
1644118,Belle Fille Maroon Sporty Jacket,Jacket,1799.0,Maroon,Belle Fille,http://assets.myntassets.com/assets/images/1644118/2016/11/18/11479466140592-Belle-Fille-Women-Jackets-621479466140259-1.jpg,425.0,3.816470588235294,"Maroon jacket, has an attached hood, a full zip closure, long sleeves, two insert pockets, ribbed hemCotton<br>Hand-washThe model (height 5'8'') is wearing a size S","{'Add-Ons': 'NA', 'Body Shape ID': '333,424', 'Body or Garment Size': 'To-Fit Denotes Body Measurements in', 'Closure': 'Zip', 'Collar': 'Hooded', 'Fabric': 'Cotton', 'Features': 'NA', 'Hemline': 'Straight', 'Length': 'Regular', 'Lining Fabric': 'Unlined', 'Number of Pockets': '2', 'Occasion': 'Casual', 'Pattern': 'Solid', 'Print or Pattern Type': 'Solid', 'Sleeve Length': 'Long Sleeves', 'Surface Styling': 'NA', 'Type': 'Sporty Jacket', 'Wash Care': 'Hand Wash'}"
8067177,Ira Soleil Women Black Printed Crop Tailored Jacket,Crop Tailored Jacket,1999.0,Black,Ira Soleil,http://assets.myntassets.com/assets/images/8067177/2018/12/14/219eff35-df31-44bf-9d6d-162b1189e05c1544760120902-Ira-Soleil-Women-Black-Printed-Tailored-Jacket-8011544760119-1.jpg,470.0,4.206382978723404,"Black printed crop tailored jacket, collarless, zip closure, long bell sleeves, curved hem, polyester liningPolyester<br> Hand-washThe model (height 5'8"") is wearing a size S","{'Add-Ons': 'NA', 'Body Shape ID': '333,424', 'Body or Garment Size': 'To-Fit Denotes Body Measurements in', 'Closure': 'Zip', 'Collar': 'Collarless', 'Fabric': 'Polyester', 'Features': 'NA', 'Hemline': 'Straight', 'Length': 'Crop', 'Lining Fabric': 'Polyester', 'Number of Pockets': 'NA', 'Occasion': 'Casual', 'Pattern': 'Printed', 'Print or Pattern Type': 'Floral', 'Sleeve Length': 'Long Sleeves', 'Surface Styling': 'NA', 'Type': 'Tailored Jacket', 'Wash Care': 'Hand Wash'}"
10742374,Tokyo Talkies Women Blue Solid Denim Jacket,Denim Jacket,2399.0,Blue,Tokyo Talkies,http://assets.myntassets.com/assets/images/productimage/2019/9/27/674d3bb5-553d-4cb0-9866-2cfb4ca952b41569524875831-1.jpg,1186.0,4.368465430016864,"Blue solid jacket, has a spread collar, 4 pockets, button closure, long sleeves, straight hem, and unlinedThe model (height 5'8"") is wearing a size SCotton<br>Machine-wash","{'Add-Ons': 'NA', 'Body Shape ID': '443,333,424', 'Body or Garment Size': 'To-Fit Denotes Body Measurements in', 'Closure': 'Button', 'Collar': 'Spread Collar', 'Fabric': 'Cotton', 'Features': 'NA', 'Hemline': 'Straight', 'Length': 'Regular', 'Lining Fabric': 'Unlined', 'Number of Pockets': '4', 'Occasion': 'Casual', 'Pattern': 'Solid', 'Print or Pattern Type': 'Solid', 'Sleeve Length': 'Long Sleeves', 'Sport': 'NA', 'Surface Styling': 'NA', 'Technology': 'NA', 'Type': 'Denim Jacket', 'Wash Care': 'Machine Wash'}"
10322743,Mast & Harbour Women Charcoal Grey Self Design Lightweight Bomber Jacket,Bomber Jacket,1999.0,Charcoal,Mast & Harbour,http://assets.myntassets.com/assets/images/10322743/2019/10/23/ed5c5156-c2ab-44a1-bde4-a838fbbf0ab01571814735849-Mast--Harbour-Women-Jackets-1671571814732172-1.jpg,302.0,4.2052980132450335,"Charcoal grey self-design lightweight bomber jacket, has a mock collar, 2 pockets, zip closure, long sleeves, straight hem, and polyester liningThe model (height 5'8"") is wearing a size SShell: 100% Polyester<br>Lining: 100% polyester<br>Hand-wash","{'Add-Ons': 'NA', 'Body Shape ID': '324,333,424', 'Body or Garment Size': 'To-Fit Denotes Body Measurements in', 'Closure': 'Zip', 'Collar': 'Mock Collar', 'Fabric': 'Polyester', 'Features': 'Lightweight', 'Hemline': 'Straight', 'Length': 'Regular', 'Lining Fabric': 'Polyester', 'Number of Pockets': '2', 'Occasion': 'Casual', 'Pattern': 'Self Design', 'Print or Pattern Type': 'Self Design', 'Sleeve Length': 'Long Sleeves', 'Sport': 'NA', 'Surface Styling': 'NA', 'Technology': 'NA', 'Type': 'Bomber', 'Wash Care': 'Hand Wash'}"
8386077,The Pink Moon Plus Size Women Black Solid Sporty Jacket,"Jacket, Sporty",2499.0,Black,The Pink Moon,http://assets.myntassets.com/assets/images/8386077/2019/1/16/0722b4af-1cd1-4cfa-8952-0ea92ce9b0d21547620145741-The-Pink-Moon-Women-Jackets-2681547620143573-1.jpg,20.0,3.95,"Black solid sporty jacket, has an attached hood, two pockets, zip closure, long sleeves, straight hem, unlinedPolyester<br>Machine-washThe model (height 5'8"") is wearing a size L","{'Add-Ons': 'NA', 'Body Shape ID': '333,424', 'Body or Garment Size': 'Garment Measurements in', 'Closure': 'Zip', 'Collar': 'Hooded', 'Fabric': 'Polyester', 'Features': 'NA', 'Hemline': 'Straight', 'Length': 'Regular', 'Lining Fabric': 'Unlined', 'Number of Pockets': '2', 'Occasion': 'Sports', 'Pattern': 'Solid', 'Print or Pattern Type': 'Solid', 'Sleeve Length': 'Long Sleeves', 'Surface Styling': 'NA', 'Type': 'Sporty Jacket', 'Wash Care': 'Machine Wash'}"
10850210,Miss Chase Women White Solid Denim Jacket,Denim Jacket,2899.0,White,Miss Chase,http://assets.myntassets.com/assets/images/productimage/2019/10/23/0b5d5eff-7a9c-4237-9491-b3258939fe191571769909144-1.jpg,61.0,4.278688524590164,"White solid jacket, has a spread collar, 2 pockets, button closure, long sleeves, straight hem, and unlinedThe model (height 5'8"") is wearing a size SCotton<br> Machine-wash","{'Add-Ons': 'NA', 'Body Shape ID': '443,333,424', 'Body or Garment Size': 'To-Fit Denotes Body Measurements in', 'Closure': 'Button', 'Collar': 'Spread Collar', 'Fabric': 'Cotton', 'Features': 'NA', 'Hemline': 'Straight', 'Length': 'Regular', 'Lining Fabric': 'Unlined', 'Number of Pockets': '2', 'Occasion': 'Casual', 'Pattern': 'Solid', 'Print or Pattern Type': 'Solid', 'Sleeve Length': 'Long Sleeves', 'Sport': 'NA', 'Surface Styling': 'NA', 'Sustainable': 'Regular', 'Technology': 'NA', 'Technology Present': 'No', 'Type': 'Denim Jacket', 'Wash Care': 'Machine Wash', 'Weave Type': 'Woven'}"
596482,Belle Fille Women Purple Solid Open Front Hooded Jacket,Jacket,1595.0,Purple,Belle Fille,http://assets.myntassets.com/v1/images/style/properties/Belle-Fille-Women-Jackets_e7cc3b5bfe7a2f785a1a36b09bf550af_images.jpg,230.0,3.5434782608695654,"<p>Purple jacket, has an attached hood with contrast lining, long sleeves with ribbed cuffs, a full button placket on the front, stitched detail on the front, two stylised patch pockets with button detail, and paneled hemline</p><p>The model (height 5'8"" and chest 33"") is wearing a size M</p><p>Fleece<br>Hand wash</p>","{'Add-Ons': 'NA', 'Body Shape ID': '424', 'Body or Garment Size': 'To-Fit Denotes Body Measurements in', 'Closure': 'Button', 'Collar': 'Hooded', 'Fabric': 'Fleece', 'Features': 'NA', 'Hemline': 'Straight', 'Length': 'Regular', 'Lining Fabric': 'Unlined', 'Number of Pockets': '2', 'Occasion': 'Casual', 'Pattern': 'Solid', 'Print or Pattern Type': 'Solid', 'Sleeve Length': 'Long Sleeves', 'Sport': 'NA', 'Surface Styling': 'NA', 'Technology': 'NA', 'Technology Present': 'No', 'Type': 'Open Front Jacket', 'Wash Care': 'Machine Wash', 'Weave Type': 'Knitted'}"
10623626,Campus Sutra Women Brown Solid Padded Jacket,Jacket,2699.0,Brown,Campus Sutra,http://assets.myntassets.com/assets/images/productimage/2019/9/11/c1fa2a90-a98a-4168-9030-e56022ecb9771568192422683-1.jpg,274.0,3.788321167883212,"Brown solid padded jacket, has a mock collar, 2 pockets, zip closure, long sleeves, straight hem, and cotton liningCotton<br>Machine-washThe model (height 5'8"") is wearing a size S","{'Add-Ons': 'NA', 'Body Shape ID': '443,324,333,424', 'Body or Garment Size': 'To-Fit Denotes Body Measurements in', 'Closure': 'Zip', 'Collar': 'Mock Collar', 'Fabric': 'Cotton', 'Features': 'NA', 'Hemline': 'Straight', 'Length': 'Regular', 'Lining Fabric': 'Cotton', 'Number of Pockets': '2', 'Occasion': 'Casual', 'Pattern': 'Solid', 'Print or Pattern Type': 'Solid', 'Sleeve Length': 'Long Sleeves', 'Sport': 'NA', 'Surface Styling': 'NA', 'Technology': 'NA', 'Type': 'Padded Jacket', 'Wash Care': 'Machine Wash'}"
10841116,Tokyo Talkies Women Black Printed Jacket,Jacket,2449.0,Black,Tokyo Talkies,http://assets.myntassets.com/assets/images/10841116/2021/7/27/bbbc19b7-bd40-4838-85e2-819bac953ac61627373136337TokyoTalkiesWomenBlackPrintedJacket1.jpg,352.0,4.321022727272728,"Black solid jacket with stripes on sleeves, has a spread collar, button closure, straight hem, 4 pockets, unlined100% Cotton<br>Machine washThe model (height 5'8"") is wearing a size S","{'Add-Ons': 'NA', 'Body Shape ID': '443,333,424', 'Body or Garment Size': 'To-Fit Denotes Body Measurements in', 'Closure': 'Button', 'Collar': 'Spread Collar', 'Fabric': 'Cotton', 'Features': 'NA', 'Hemline': 'Straight', 'Length': 'Regular', 'Lining Fabric': 'Unlined', 'Number of Pockets': '4', 'Occasion': 'Casual', 'Pattern': 'Solid', 'Print or Pattern Type': 'Solid', 'Sleeve Length': 'Long Sleeves', 'Sport': 'NA', 'Surface Styling': 'NA', 'Technology': 'NA', 'Type': 'Denim Jacket', 'Wash Care': 'Machine Wash'}"
893411,Campus Sutra Grey Melange Jacket,Jacket,1699.0,Grey Melange,Campus Sutra,http://assets.myntassets.com/v1/image/style/properties/893411/Campus-Sutra-Grey-Melange-Jacket_1_140c578814701ff15da31994d721884c.jpg,46.0,3.804347826086957,"<p>Grey melange knitted jacket, has a round neck, zip closure on the front, long sleeves</p>The model (height 5'8'') is wearing a size S<p>Cotton<br>Machine-wash</p>","{'Body or Garment Size': 'To-Fit Denotes Body Measurements in', 'Fabric': 'Cotton', 'Occasion': 'Casual', 'Pattern': 'Solid', 'Sleeve Length': 'Long Sleeves'}"
10856194,SASSAFRAS Women Maroon Solid Quilted Jacket,Jacket,2399.0,Maroon,SASSAFRAS,http://assets.myntassets.com/assets/images/10856194/2019/11/5/6c3cc7bf-b02c-41f4-8e19-990803aeffa51572933676035-SASSAFRAS-Women-Jackets-7731572933673515-1.jpg,240.0,3.670833333333333,"Maroon solid quilted jacket, has a stand collar, 2 pockets, zip closure, long sleeves, straight hem, and polyester liningThe model (height 5'8"") is wearing a size SPolyester<br>Dry-clean","{'Add-Ons': 'NA', 'Body Shape ID': '333,424', 'Body or Garment Size': 'To-Fit Denotes Body Measurements in', 'Closure': 'Zip', 'Collar': 'Stand Collar', 'Fabric': 'Polyester', 'Features': 'NA', 'Hemline': 'Straight', 'Length': 'Regular', 'Lining Fabric': 'Polyester', 'Number of Pockets': '2', 'Occasion': 'Casual', 'Pattern': 'Solid', 'Print or Pattern Type': 'Solid', 'Sleeve Length': 'Long Sleeves', 'Sport': 'NA', 'Surface Styling': 'NA', 'Technology': 'NA', 'Type': 'Quilted Jacket', 'Wash Care': 'Dry Clean'}"
1010488,Belle Fille Red Hooded Jacket,Jacket,1699.0,Red,Belle Fille,http://assets.myntassets.com/assets/images/1010488/2015/10/5/11444040702515-Belle-Fille-Women-Red-Hooded-Jacket-311444040702095-1.jpg,,,"Red knitted jacket with an attached hood, has a mock collar, long sleeves with ribbed hems, a zip closure on the front, insert pockets on either sideBlendedHand-washThe model (height 5'8'') is wearing a size S","{'Add-Ons': 'NA', 'Body Shape ID': '333,424', 'Body or Garment Size': 'To-Fit Denotes Body Measurements in', 'Closure': 'Zip', 'Collar': 'Hooded', 'Features': 'NA', 'Hemline': 'Straight', 'Length': 'Regular', 'Lining Fabric': 'Unlined', 'Number of Pockets': '2', 'Occasion': 'Casual', 'Pattern': 'Solid', 'Print or Pattern Type': 'Solid', 'Sleeve Length': 'Long Sleeves', 'Surface Styling': 'NA', 'Type': 'Sporty Jacket', 'Wash Care': 'Hand Wash'}"
1017828,Campus Sutra Blue Jacket,Jacket,2499.0,Blue,Campus Sutra,http://assets.myntassets.com/assets/images/1017828/2015/10/23/11445590794958-Campus-Sutra-Blue-Jacket-5781445590794487-1.jpg,166.0,4.259036144578313,"Blue single-breasted jacket, has a stand collar, a full button placket, long sleeves, two pockets, fleece inner lining<br>100% cotton<br>Machine-wash<br>The model (height 5'8'') is wearing a size S","{'Body Shape ID': '424', 'Body or Garment Size': 'To-Fit Denotes Body Measurements in', 'Closure': 'Button', 'Collar': 'Stand Collar', 'Fabric': 'Cotton', 'Lining Fabric': 'Fleece', 'Occasion': 'Casual', 'Pattern': 'Solid', 'Sleeve Length': 'Long Sleeves', 'Type': 'Tailored Jacket'}"
10260173,Alcis Women Navy Blue Solid Sporty Jacket,Jacket,2499.0,Navy Blue,Alcis,http://assets.myntassets.com/assets/images/10260173/2019/7/24/6bc21930-67f4-497f-b04f-a3bc3a09420b1563940401596-Alcis-Women-Navy-Blue-Solid-Sporty-Jacket-7241563940399864-1.jpg,11.0,4.727272727272728,"Navy Blue solid sporty jacket, has a mock collar, 2 pockets, zip closure, long sleeves, straight hem<br>Engineered with Antistatix, Drytech+ and Stretch X technologiesPolyester<br> Machine-washThe model (height 5'8"") is wearing a size S","{'Add-Ons': 'NA', 'Body Shape ID': '443,324,333,424', 'Closure': 'Zip', 'Collar': 'Mock Collar', 'Fabric': 'Polyester', 'Features': 'NA', 'Hemline': 'Straight', 'Length': 'Regular', 'Lining Fabric': 'Unlined', 'Number of Pockets': '2', 'Occasion': 'Sports', 'Pattern': 'Solid', 'Print or Pattern Type': 'Solid', 'Sleeve Length': 'Long Sleeves', 'Sport': 'Outdoor', 'Surface Styling': 'NA', 'Technology': 'Rapid-Dry', 'Type': 'Sporty Jacket', 'Wash Care': 'Machine Wash'}"
1010475,Belle Fille Red Hooded Jacket,Jacket,1699.0,Red,Belle Fille,http://assets.myntassets.com/assets/images/1010475/2015/10/5/11444040428096-Belle-Fille-Women-Red-Hooded-Jacket-8641444040427718-1.jpg,1.0,1.0,"Red knitted jacket with an attached hood, has a mock collar, long sleeves with ribbed hems, a full concealed zip closure on the front with button and tab detail, insert pockets on either sideThe model (height 5'8'') is wearing a size SBlendedHand-wash","{'Body Shape ID': '424', 'Body or Garment Size': 'To-Fit Denotes Body Measurements in', 'Closure': 'Zip', 'Collar': 'Hooded', 'Occasion': 'Casual', 'Pattern': 'Solid', 'Sleeve Length': 'Long Sleeves', 'Type': 'Tailored Jacket', 'Wash Care': 'Hand Wash'}"
1010438,Belle Fille Red Tailored Jacket,Jacket,1599.0,Red,Belle Fille,http://assets.myntassets.com/assets/images/1010438/2022/8/2/39625c50-a995-4b3e-873d-b49a09910f801659443305555-Belle-Fille-Red-Tailored-Jacket-9231659443305210-1.jpg,27.0,3.851851851851852,"Red knitted jacket, has a mock collar with button detail, a concealed full zip closure, three-quarter sleeves, two welt pocketsThe model (height 5'8'') is wearing a size SBlended<br>Hand-wash","{'Body Shape ID': '424', 'Body or Garment Size': 'To-Fit Denotes Body Measurements in', 'Closure': 'Zip', 'Collar': 'Mock Collar', 'Features': 'Insulator', 'Occasion': 'Casual', 'Pattern': 'Solid', 'Sleeve Length': 'Three-Quarter Sleeves', 'Type': 'Tailored Jacket', 'Wash Care': 'Hand Wash'}"
10321453,Belle Fille Women Lavender Solid Tailored Jacket,Jacket,2499.0,Lavender,Belle Fille,http://assets.myntassets.com/assets/images/10321453/2019/8/5/5818d93d-3b4d-4042-9e18-8272672918221564996829902-Belle-Fille-Women-Coats-391564996828284-1.jpg,,,"Lavender solid tailored jacket, has a lapel collar, button closure, long sleeves, straight hem, fleece lining, two pocketsThe model (height 5'8"") is wearing a size SCotton<br>Hand-wash","{'Add-Ons': 'NA', 'Body Shape ID': '443,324,333,424', 'Closure': 'Button', 'Collar': 'Lapel Collar', 'Fabric': 'Cotton', 'Features': 'NA', 'Hemline': 'Straight', 'Length': 'Regular', 'Lining Fabric': 'Fleece', 'Number of Pockets': '2', 'Occasion': 'Casual', 'Pattern': 'Solid', 'Print or Pattern Type': 'Solid', 'Sleeve Length': 'Long Sleeves', 'Sport': 'NA', 'Surface Styling': 'Faux Leather Trim', 'Technology': 'NA', 'Type': 'Tailored Jacket', 'Wash Care': 'Hand Wash'}"
10321467,Belle Fille Women Pink Solid Wrap Jacket,Jacket,2499.0,Pink,Belle Fille,http://assets.myntassets.com/assets/images/10321467/2019/8/6/ede7faa1-d027-4bf1-b4c1-40f099a9eead1565089294284-Belle-Fille-Women-Pink-Solid-Wrap-Jacket-8711565089292392-1.jpg,,,"Pink solid wrap jacket, has a lapel collar, 1 pocket, button closure, long sleeves, straight hem, and unlinedThe model (height 5'8"") is wearing a size SFleece<br> Hand-wash","{'Add-Ons': 'NA', 'Body Shape ID': '443,324,333,424', 'Closure': 'Button', 'Collar': 'Lapel Collar', 'Fabric': 'Fleece', 'Features': 'NA', 'Hemline': 'Straight', 'Length': 'Regular', 'Lining Fabric': 'Unlined', 'Number of Pockets': '1', 'Occasion': 'Casual', 'Pattern': 'Solid', 'Print or Pattern Type': 'Solid', 'Sleeve Length': 'Long Sleeves', 'Sport': 'NA', 'Surface Styling': 'NA', 'Technology': 'NA', 'Type': 'Tailored Jacket', 'Wash Care': 'Hand Wash'}"
10321401,Belle Fille Women Sea Green Solid Tailored Jacket,Jacket,1999.0,Sea Green,Belle Fille,http://assets.myntassets.com/assets/images/10321401/2019/8/6/7896e978-b6c7-46ad-8109-7d5a2440f8f01565089661359-Belle-Fille-Women-Sea-Green-Solid-Tailored-Jacket-3071565089-1.jpg,,,"Sea Green solid tailored jacket, has a mandarin collar, 2 pockets, button closures, long sleeves with zip detail, straight hemCotton<br>Hand-washThe model (height 5'8"") is wearing a size S","{'Add-Ons': 'NA', 'Body Shape ID': '443,324,333,424', 'Closure': 'Button', 'Collar': 'Mandarin Collar', 'Fabric': 'Cotton', 'Features': 'NA', 'Hemline': 'Straight', 'Length': 'Regular', 'Lining Fabric': 'Unlined', 'Number of Pockets': '2', 'Occasion': 'Casual', 'Pattern': 'Solid', 'Print or Pattern Type': 'Solid', 'Sleeve Length': 'Long Sleeves', 'Sport': 'NA', 'Surface Styling': 'Zip Detail', 'Technology': 'NA', 'Type': 'Tailored Jacket', 'Wash Care': 'Hand Wash'}"
10321489,Belle Fille Women Purple Solid Longline Jacket,Jacket,2599.0,Purple,Belle Fille,http://assets.myntassets.com/assets/images/10321489/2019/8/12/222caf07-238c-481f-af4b-2bf2b25062de1565592434546-Belle-Fille-Women-Purple-Solid-Longline-Jacket-3915655924338-1.jpg,3.0,3.333333333333333,"Purple solid longline jacket, has a lapel collar, 2 pockets, button closure, long sleeves, straight hem, and fleeceThe model (height 5'8"") is wearing a size SCotton<br> Hand-wash","{'Add-Ons': 'NA', 'Body Shape ID': '443,324,424', 'Closure': 'Button', 'Collar': 'Lapel Collar', 'Fabric': 'Cotton', 'Features': 'NA', 'Hemline': 'Straight', 'Length': 'Longline', 'Lining Fabric': 'Fleece', 'Number of Pockets': '2', 'Occasion': 'Casual', 'Pattern': 'Solid', 'Print or Pattern Type': 'Solid', 'Sleeve Length': 'Long Sleeves', 'Sport': 'NA', 'Surface Styling': 'NA', 'Technology': 'NA', 'Type': 'Tailored Jacket', 'Wash Care': 'Hand Wash'}"
10321483,Belle Fille Women Pink Solid Tailored Jacket,Jacket,2499.0,Pink,Belle Fille,http://assets.myntassets.com/assets/images/10321483/2019/8/6/1e7fc99b-15c1-445e-890c-0fa62360d2a41565083434069-Belle-Fille-Women-Pink-Solid-Tailored-Jacket-304156508343231-1.jpg,,,"Pink solid jacket, has a lapel collar, 2 pockets, button closures, long sleeves, straight hemThe model (height 5'8"") is wearing a size SCotton<br>Hand-wash","{'Add-Ons': 'NA', 'Body Shape ID': '443,324,333,424', 'Closure': 'Button', 'Collar': 'Lapel Collar', 'Fabric': 'Cotton', 'Features': 'NA', 'Hemline': 'Straight', 'Length': 'Regular', 'Lining Fabric': 'Unlined', 'Number of Pockets': '2', 'Occasion': 'Casual', 'Pattern': 'Solid', 'Print or Pattern Type': 'Solid', 'Sleeve Length': 'Long Sleeves', 'Sport': 'NA', 'Surface Styling': 'NA', 'Technology': 'NA', 'Type': 'Tailored Jacket', 'Wash Care': 'Hand Wash'}"
10319773,Belle Fille Women Fuchsia Pink Solid Lightweight Jacket,Jacket,2499.0,Fuchsia,Belle Fille,http://assets.myntassets.com/assets/images/10319773/2019/8/6/b9cc686d-fabe-49d0-b8e6-be2ae5603e781565092622288-Belle-Fille-Women-Fuchsia-Pink-Solid-Lightweight-Jacket-3361-1.jpg,,,"Fuchsia pink solid lightweight open front jacket with gathered detail, has a hood, zip closure, long sleeves, flounce hemNylon<br> Machine-washThe model (height 5'8"") is wearing a size S","{'Add-Ons': 'NA', 'Body Shape ID': '424', 'Body or Garment Size': 'To-Fit Denotes Body Measurements in', 'Closure': 'Zip', 'Collar': 'Hooded', 'Fabric': 'Nylon', 'Features': 'Lightweight', 'Hemline': 'Curved', 'Length': 'Longline', 'Lining Fabric': 'Polycotton', 'Number of Pockets': 'NA', 'Occasion': 'Casual', 'Pattern': 'Solid', 'Print or Pattern Type': 'Solid', 'Sleeve Length': 'Long Sleeves', 'Sport': 'NA', 'Surface Styling': 'NA', 'Technology': 'NA', 'Type': 'Open Front Jacket', 'Wash Care': 'Machine Wash'}"
10321367,Belle Fille Women Yellow Solid Tailored Jacket,Jacket,2499.0,Yellow,Belle Fille,http://assets.myntassets.com/assets/images/10321367/2019/8/6/5cfac6b3-7100-417e-a044-20a34c4e5a751565084758728-Belle-Fille-Women-Yellow-Solid-Tailored-Jacket-1661565084757-1.jpg,,,"Yellow solid tailored jacket, has a lapel collar with faux leather trim, 2 pockets, button closure, long sleeves, straight hemFleece<br>Hand-washThe model (height 5'8"") is wearing a size S","{'Add-Ons': 'NA', 'Body Shape ID': '443,324,333,424', 'Body or Garment Size': 'To-Fit Denotes Body Measurements in', 'Closure': 'Button', 'Collar': 'Lapel Collar', 'Fabric': 'Fleece', 'Features': 'NA', 'Hemline': 'Straight', 'Length': 'Regular', 'Lining Fabric': 'Unlined', 'Number of Pockets': '2', 'Occasion': 'Casual', 'Pattern': 'Solid', 'Print or Pattern Type': 'Solid', 'Sleeve Length': 'Long Sleeves', 'Sport': 'NA', 'Surface Styling': 'Faux Leather Trim', 'Technology': 'NA', 'Type': 'Tailored Jacket', 'Wash Care': 'Hand Wash'}"
10319905,Belle Fille Women Mint Green Hooded Tailored Jacket,Jacket,1999.0,Green,Belle Fille,http://assets.myntassets.com/assets/images/10319905/2019/8/8/006a655b-b066-40dd-adb1-038e719030a11565234639024-Belle-Fille-Women-Sweatshirts-5881565234637867-1.jpg,7.0,2.7142857142857144,"Mint Green solid tailored jacket, has a lapel collar with hood, 2 pockets, button closure, long sleeves, straight hem, and fleece liningCotton<br> Hand-washThe model (height 5'8"") is wearing a size S","{'Add-Ons': 'NA', 'Body Shape ID': '333,424', 'Closure': 'Button', 'Collar': 'Hooded', 'Fabric': 'Cotton', 'Features': 'NA', 'Hemline': 'Straight', 'Length': 'Regular', 'Lining Fabric': 'Fleece', 'Number of Pockets': '2', 'Occasion': 'Casual', 'Pattern': 'Solid', 'Print or Pattern Type': 'Solid', 'Sleeve Length': 'Long Sleeves', 'Sport': 'NA', 'Surface Styling': 'NA', 'Technology': 'NA', 'Type': 'Tailored Jacket', 'Wash Care': 'Hand Wash'}"
10321487,Belle Fille Women Green Solid Tailored Jacket,Jacket,1999.0,Green,Belle Fille,http://assets.myntassets.com/assets/images/10321487/2019/8/9/af52b699-6f8d-491b-81c8-aac877c21d341565333662331-Belle-Fille-Women-Green-Solid-Tailored-Jacket-58156533366019-1.jpg,,,"Green solid jacket with zip detail, has a mandarin collar, two pockets, button closures, long sleeves, straight hem,&nbsp;fleece liningCotton<br>Hand-washThe model (height 5'8"") is wearing a size S","{'Add-Ons': 'NA', 'Body Shape ID': '443,324,333,424', 'Closure': 'Button', 'Collar': 'Mandarin Collar', 'Fabric': 'Cotton', 'Features': 'NA', 'Hemline': 'Straight', 'Length': 'Regular', 'Lining Fabric': 'Fleece', 'Number of Pockets': '2', 'Occasion': 'Casual', 'Pattern': 'Solid', 'Print or Pattern Type': 'Solid', 'Sleeve Length': 'Long Sleeves', 'Sport': 'NA', 'Surface Styling': 'Zip Detail', 'Technology': 'NA', 'Type': 'Tailored Jacket', 'Wash Care': 'Hand Wash'}"
10320113,Belle Fille Women Navy Blue Solid Tailored Jacket,Jacket,2499.0,Navy Blue,Belle Fille,http://assets.myntassets.com/assets/images/10320113/2019/8/6/fbff02ef-6e08-4690-8939-c81d18df7bd71565090891698-Belle-Fille-Women-Navy-Blue-Solid-Tailored-Jacket-2411565090-1.jpg,,,"Navy Blue solid tailored jacket, has a collarless, 2 pockets, zip closure, long sleeves with embellished detail, straight hem, and polycottonThe model (height 5'8"") is wearing a size SFleece<br> Machine-wash","{'Add-Ons': 'NA', 'Body Shape ID': '424', 'Body or Garment Size': 'To-Fit Denotes Body Measurements in', 'Closure': 'Zip', 'Collar': 'Collarless', 'Fabric': 'Fleece', 'Features': 'NA', 'Hemline': 'Straight', 'Length': 'Longline', 'Lining Fabric': 'Unlined', 'Number of Pockets': '2', 'Occasion': 'Casual', 'Pattern': 'Solid', 'Print or Pattern Type': 'Solid', 'Sleeve Length': 'Long Sleeves', 'Sport': 'NA', 'Surface Styling': 'Studded', 'Technology': 'NA', 'Type': 'Open Front Jacket', 'Wash Care': 'Machine Wash'}"
10321465,Belle Fille Women Green Solid Longline Tailored Jacket,Jacket,2999.0,Green,Belle Fille,http://assets.myntassets.com/assets/images/10321465/2019/8/6/dd60cb32-7acd-4875-8657-26a831a8ff2f1565083177768-Belle-Fille-Women-Green-Solid-Longline-Tailored-Jacket-78915-1.jpg,,,"Green and black solid longline jacket, has a lapel collar, button closures, long sleeves, straight hemThe model (height 5'8"") is wearing a size SCotton<br>Hand-wash","{'Add-Ons': 'NA', 'Body Shape ID': '443,324,424', 'Closure': 'Button', 'Collar': 'Lapel Collar', 'Fabric': 'Cotton', 'Features': 'NA', 'Hemline': 'Straight', 'Length': 'Longline', 'Lining Fabric': 'Unlined', 'Number of Pockets': 'NA', 'Occasion': 'Casual', 'Pattern': 'Solid', 'Print or Pattern Type': 'Solid', 'Sleeve Length': 'Long Sleeves', 'Sport': 'NA', 'Surface Styling': 'NA', 'Technology': 'NA', 'Type': 'Tailored Jacket', 'Wash Care': 'Hand Wash'}"
10321499,Belle Fille Women Navy Blue Solid Tailored Jacket,Jacket,2499.0,Navy Blue,Belle Fille,http://assets.myntassets.com/assets/images/10321499/2019/8/8/a4f738a6-0e91-4500-9f73-9d8f50c8b8431565255996603-Belle-Fille-Women-Navy-Blue-Solid-Tailored-Jacket-6631565255-1.jpg,,,"Navy blue solid jacket, has a notched lapel collar, button closure, long sleeves, straight hem, one pocket,&nbsp;fleece liningThe model (height 5'8"") is wearing a size SCotton<br>Hand-wash","{'Add-Ons': 'NA', 'Body Shape ID': '443,324,333,424', 'Closure': 'Button', 'Collar': 'Lapel Collar', 'Fabric': 'Cotton', 'Features': 'NA', 'Hemline': 'Straight', 'Length': 'Regular', 'Lining Fabric': 'Fleece', 'Number of Pockets': '1', 'Occasion': 'Casual', 'Pattern': 'Solid', 'Print or Pattern Type': 'Solid', 'Sleeve Length': 'Long Sleeves', 'Sport': 'NA', 'Surface Styling': 'NA', 'Technology': 'NA', 'Type': 'Tailored Jacket', 'Wash Care': 'Hand Wash'}"
8508103,Zink London Women White Self Design Woollen Tailored Jacket,Jacket,4999.0,White,Zink London,http://assets.myntassets.com/assets/images/productimage/2019/1/16/de5685e7-d474-4de3-bfb1-90fd75d9899a1547638719259-1.jpg,3.0,3.0,"White self design tailored jacket, has a lapel collar, two pockets, zip closure, long sleeves, straight hem, polyester liningThe model (height 5'8"") is wearing a size S100% Wool<br>Dry-clean","{'Add-Ons': 'NA', 'Body Shape ID': '443,324,333,424', 'Body or Garment Size': 'Garment Measurements in', 'Closure': 'Zip', 'Collar': 'Lapel Collar', 'Fabric': 'Wool', 'Features': 'NA', 'Hemline': 'Straight', 'Length': 'Regular', 'Lining Fabric': 'Polyester', 'Number of Pockets': '2', 'Occasion': 'Casual', 'Pattern': 'Self Design', 'Print or Pattern Type': 'Self Design', 'Sleeve Length': 'Long Sleeves', 'Surface Styling': 'NA', 'Type': 'Tailored Jacket', 'Wash Care': 'Dry Clean'}"
8091269,Miss Chase Women Blue Solid Lightweight Denim Jacket,Jacket,1999.0,Blue,Miss Chase,http://assets.myntassets.com/assets/images/productimage/2018/12/4/7be87657-b200-40e6-94ee-1d8b6cecbf691543925460399-1.jpg,18.0,4.166666666666667,"Blue solid denim jacket, has a spread collar, snap button closure, long sleeves, straight hem, unlined liningCotton<br>Machine-washThe model (height 5'8"") is wearing a size S","{'Add-Ons': 'NA', 'Body Shape ID': '443,333,424', 'Body or Garment Size': 'To-Fit Denotes Body Measurements in', 'Closure': 'Snap Button', 'Collar': 'Spread Collar', 'Fabric': 'Cotton', 'Features': 'Lightweight', 'Hemline': 'Straight', 'Length': 'Regular', 'Lining Fabric': 'Unlined', 'Number of Pockets': 'NA', 'Occasion': 'Casual', 'Pattern': 'Solid', 'Print or Pattern Type': 'Solid', 'Sleeve Length': 'Long Sleeves', 'Surface Styling': 'NA', 'Type': 'Denim Jacket', 'Wash Care': 'Machine Wash'}"
596488,Belle Fille Women Red Hooded Jacket,Jacket,1595.0,Red,Belle Fille,http://assets.myntassets.com/v1/images/style/properties/Belle-Fille-Women-Jackets_312ebe988970b239a14a8eca762d51a3_images.jpg,17.0,3.764705882352941,"<p>Red jacket, has an attached hood with contrast lining, long sleeves with ribbed cuffs, a full button placket on the front, stitched detail on the front, two stylised patch pockets with button detail, and panelled hemline</p>The model (height 5'8'') is wearing a size M<p>Fleece<br>Hand wash</p>","{'Body or Garment Size': 'To-Fit Denotes Body Measurements in', 'Collar': 'Hooded', 'Fabric': 'Wool', 'Occasion': 'Casual', 'Pattern': 'Solid', 'Sleeve Length': 'Long Sleeves'}"
7744586,Belle Fille Women Sea Green Solid Duster Jacket,Duster Jacket,3499.0,Sea Green,Belle Fille,http://assets.myntassets.com/assets/images/7744586/2018/11/6/1c3c45de-0500-4dd0-9b69-5dfcca2bac381541497480886-na-31541497480699-1.jpg,,,"Sea Green solid duster jacket, has a hooded, two pockets, zip closure, long sleeves, straight hem, polyester lining<br>Comes with a fabric beltThe model (height 5'8"") is wearing a size SFleece<br>Hand-wash","{'Add-Ons': 'Belt', 'Body Shape ID': '424', 'Body or Garment Size': 'To-Fit Denotes Body Measurements in', 'Closure': 'Zip', 'Collar': 'Hooded', 'Fabric': 'Fleece', 'Features': 'NA', 'Hemline': 'Straight', 'Length': 'Longline', 'Lining Fabric': 'Polyester', 'Number of Pockets': '2', 'Occasion': 'Casual', 'Pattern': 'Solid', 'Print or Pattern Type': 'Solid', 'Sleeve Length': 'Long Sleeves', 'Surface Styling': 'Faux Fur Trim', 'Type': 'Duster Jacket', 'Wash Care': 'Hand Wash'}"
7744563,Belle Fille Women Teal Solid Bomber,Bomber,2599.0,Teal,Belle Fille,http://assets.myntassets.com/assets/images/7744563/2018/11/6/09878d72-572b-4998-8b2d-c2a1890516d71541497239316-na-9211541497239081-1.jpg,,,"Teal solid bomber, has a mandarin collar, two pockets, zip closure, long sleeves, straight hem, polyester liningThe model (height 5'8"") is wearing a size SFleece<br>Hand-wash","{'Add-Ons': 'NA', 'Body Shape ID': '324,333,424', 'Body or Garment Size': 'To-Fit Denotes Body Measurements in', 'Closure': 'Zip', 'Collar': 'Mandarin Collar', 'Fabric': 'Fleece', 'Features': 'NA', 'Hemline': 'Straight', 'Length': 'Regular', 'Lining Fabric': 'Polyester', 'Number of Pockets': '2', 'Occasion': 'Casual', 'Pattern': 'Solid', 'Print or Pattern Type': 'Solid', 'Sleeve Length': 'Long Sleeves', 'Surface Styling': 'Faux Leather Trim', 'Type': 'Bomber', 'Wash Care': 'Hand Wash'}"
7744558,Belle Fille Women Navy Blue Solid Quilted Jacket,Jacket,2999.0,Navy Blue,Belle Fille,http://assets.myntassets.com/assets/images/7744558/2018/11/6/91a8df26-bbaf-4af3-8c84-b4ea6f97234c1541497194564-na-3541541497194363-1.jpg,,,"Navy Blue solid quilted jacket, has a spread collar, zip closure, long sleeves, straight hem, polyester liningNylon<br> Hand-washThe model (height 5'8"") is wearing a size S","{'Add-Ons': 'NA', 'Body Shape ID': '333,424', 'Body or Garment Size': 'To-Fit Denotes Body Measurements in', 'Closure': 'Zip', 'Collar': 'Spread Collar', 'Fabric': 'Nylon', 'Features': 'NA', 'Hemline': 'Straight', 'Length': 'Regular', 'Lining Fabric': 'Polyester', 'Number of Pockets': 'NA', 'Occasion': 'Casual', 'Pattern': 'Solid', 'Print or Pattern Type': 'Solid', 'Sleeve Length': 'Long Sleeves', 'Surface Styling': 'Zip Detail', 'Type': 'Quilted Jacket', 'Wash Care': 'Hand Wash'}"
7744550,Belle Fille Women Blue Solid Quilted Jacket,Jacket,3999.0,Blue,Belle Fille,http://assets.myntassets.com/assets/images/7744550/2018/11/6/dbc854a0-0932-40b8-a8bb-4487ae85c4f61541497098229-na-431541497098029-1.jpg,1.0,1.0,"Blue solid quilted jacket, has a hooded, two pockets, zip closure, long sleeves, straight hem, polyester liningNylon<br>Hand-washThe model (height 5'8"") is wearing a size S","{'Add-Ons': 'NA', 'Body Shape ID': '333,424', 'Body or Garment Size': 'To-Fit Denotes Body Measurements in', 'Closure': 'Zip', 'Collar': 'Hooded', 'Fabric': 'Nylon', 'Features': 'NA', 'Hemline': 'Straight', 'Length': 'Regular', 'Lining Fabric': 'Polyester', 'Number of Pockets': '2', 'Occasion': 'Casual', 'Pattern': 'Solid', 'Print or Pattern Type': 'Solid', 'Sleeve Length': 'Long Sleeves', 'Surface Styling': 'Zip Detail', 'Type': 'Quilted Jacket', 'Wash Care': 'Hand Wash'}"
6968708,Alcis Women Burgundy Printed Lightweight Sporty Jacket,Jacket,1799.0,Burgundy,Alcis,http://assets.myntassets.com/assets/images/6968708/2018/7/18/96d01711-3641-4182-a1d4-48beeb74c13b1531905524090-Alcis-Women-Burgundy-Printed-Lightweight-Sporty-Jacket-3331531905523850-1.jpg,,,"Burgundy printed sporty jacket, has a hooded, two pockets, zip closure, long sleeves, curved hem, polyester liningPolyester<br>Machine-washThe model (height 5'8"") is wearing a size S","{'Add-Ons': 'NA', 'Body Shape ID': '333,424', 'Body or Garment Size': 'Garment Measurements in', 'Closure': 'Zip', 'Collar': 'Hooded', 'Fabric': 'Polyester', 'Features': 'Lightweight', 'Hemline': 'Curved', 'Length': 'Regular', 'Lining Fabric': 'Polyester', 'Number of Pockets': '2', 'Occasion': 'Sports', 'Pattern': 'Printed', 'Print or Pattern Type': 'Self Design', 'Sleeve Length': 'Long Sleeves', 'Surface Styling': 'NA', 'Type': 'Sporty Jacket', 'Wash Care': 'Machine Wash'}"
6827804,NIZA Women Black Self Design Tailored Jacket,Jacket,5592.0,Black,NIZA,http://assets.myntassets.com/assets/images/6827804/2018/7/2/ebcd8f51-7049-4469-b518-7755d6e860ff1530513565481-NA-3171530513565367-1.jpg,,,"Black self design lightweight tailored jacket, has collarless, button closure, long sleeves, curved hem, polyester liningPolyester<br> Machine-washThe model (height 5'8"") is wearing a size S","{'Add-Ons': 'NA', 'Body Shape ID': '333,424', 'Body or Garment Size': 'Garment Measurements in', 'Closure': 'Button', 'Collar': 'Collarless', 'Fabric': 'Polyester', 'Features': 'NA', 'Hemline': 'Curved', 'Length': 'Regular', 'Lining Fabric': 'Polyester', 'Number of Pockets': 'NA', 'Occasion': 'Casual', 'Pattern': 'Self Design', 'Print or Pattern Type': 'Self Design', 'Sleeve Length': 'Long Sleeves', 'Surface Styling': 'NA', 'Type': 'Tailored Jacket', 'Wash Care': 'Machine Wash'}"
4044583,Miss Chase Women Grey Solid Lightweight Tailored Jacket,Jacket,1849.0,Grey,Miss Chase,http://assets.myntassets.com/assets/images/4044583/2018/3/14/11521023818533-Quick-Pick-Panelled-Peplum-Jacket-5601521023818315-1.jpg,,,"Grey solid tailored jacket, has a collarless, none pockets, zip closure, long sleeves, flared hem, unlinedCotton<br> Machine-washThe model (height 5'8"") is wearing a size S","{'Add-Ons': 'NA', 'Body Shape ID': '333,424', 'Body or Garment Size': 'To-Fit Denotes Body Measurements in', 'Closure': 'Zip', 'Collar': 'Collarless', 'Fabric': 'Cotton', 'Features': 'Lightweight', 'Hemline': 'Curved', 'Length': 'Regular', 'Lining Fabric': 'Unlined', 'Occasion': 'Casual', 'Pattern': 'Solid', 'Print or Pattern Type': 'Solid', 'Sleeve Length': 'Long Sleeves', 'Surface Styling': 'Zip Detail', 'Type': 'Tailored Jacket', 'Wash Care': 'Machine Wash'}"
2404746,Alcis Women Grey Solid Hooded Sporty Jacket,"Jacket, Sporty Jacket, Hooded Jacket",2499.0,Grey,Alcis,http://assets.myntassets.com/assets/images/2404746/2018/1/17/11516171033105-Alcis-Womens-Solid-Grey-Sweat-Jacket-7821516171033027-1.jpg,,,"Grey solid sporty jacket, has a hood, 2 pockets, zip closure, long sleeves, straight hemThe model (height 5'8"") is wearing a size SPolyester and Lycra blend<br>Machine-wash","{'Add-Ons': 'NA', 'Body Shape ID': '333,424', 'Body or Garment Size': 'Garment Measurements in', 'Closure': 'Zip', 'Collar': 'Hooded', 'Fabric': 'Polyester', 'Features': 'NA', 'Hemline': 'Straight', 'Length': 'Regular', 'Lining Fabric': 'Unlined', 'Number of Pockets': '2', 'Occasion': 'Sports', 'Pattern': 'Solid', 'Print or Pattern Type': 'Solid', 'Sleeve Length': 'Long Sleeves', 'Surface Styling': 'NA', 'Type': 'Sporty Jacket', 'Wash Care': 'Machine Wash'}"
2248780,Belle Fille Women Mustard Yellow Solid Lightweight Bomber Jacket,Jacket,1599.0,Mustard,Belle Fille,http://assets.myntassets.com/assets/images/2248780/2017/11/14/11510652705182-na-3471510652704993-1.jpg,,,"Mustard yellow solid bomber jacket, has a mock collar, 2 pockets, zip and button closure, long sleeves, straight hem, fleece liningFleece <br> Hand-washThe model (height 5'8"") is wearing a size S","{'Add-Ons': 'NA', 'Body Shape ID': '324,333,424', 'Body or Garment Size': 'To-Fit Denotes Body Measurements in', 'Closure': 'Zip', 'Collar': 'Mock Collar', 'Fabric': 'Fleece', 'Features': 'Lightweight', 'Hemline': 'Straight', 'Length': 'Regular', 'Lining Fabric': 'Fleece', 'Number of Pockets': '2', 'Occasion': 'Casual', 'Pattern': 'Solid', 'Print or Pattern Type': 'Solid', 'Sleeve Length': 'Long Sleeves', 'Surface Styling': 'NA', 'Type': 'Bomber', 'Wash Care': 'Hand Wash'}"
2248739,Belle Fille Women Purple Solid Lightweight Bomber Jacket,Jacket,1599.0,Purple,Belle Fille,http://assets.myntassets.com/assets/images/2248739/2017/11/14/11510652609009-na-6911510652608784-1.jpg,,,"Purple solid bomber jacket, has a mandarin collar, 2 pockets, zip closure, long sleeves, straight hem, fleece liningThe model (height 5'8"") is wearing a size SFleece <br> Hand-wash","{'Add-Ons': 'NA', 'Body Shape ID': '324,333,424', 'Body or Garment Size': 'To-Fit Denotes Body Measurements in', 'Closure': 'Zip', 'Collar': 'Mandarin Collar', 'Fabric': 'Fleece', 'Features': 'Lightweight', 'Hemline': 'Straight', 'Length': 'Regular', 'Lining Fabric': 'Fleece', 'Number of Pockets': '2', 'Occasion': 'Casual', 'Pattern': 'Solid', 'Print or Pattern Type': 'Solid', 'Sleeve Length': 'Long Sleeves', 'Surface Styling': 'NA', 'Type': 'Bomber', 'Wash Care': 'Hand Wash'}"
2234612,Belle Fille Women Grey Solid Lightweight Tailored Jacket,Jacket,1599.0,Grey,Belle Fille,http://assets.myntassets.com/assets/images/2234612/2017/11/8/11510140650781-na-6791510140650544-1.jpg,,,"Grey solid tailored jacket, has a mandarin collar, 2 pockets, zip closure, long sleeves, straight hem, fleece liningFleece <br> Machine-washThe model (height 5'8"") is wearing a size S","{'Add-Ons': 'NA', 'Body Shape ID': '443,324,333,424', 'Body or Garment Size': 'To-Fit Denotes Body Measurements in', 'Closure': 'Zip', 'Collar': 'Mandarin Collar', 'Fabric': 'Fleece', 'Features': 'Lightweight', 'Hemline': 'Straight', 'Length': 'Regular', 'Lining Fabric': 'Fleece', 'Number of Pockets': '2', 'Occasion': 'Casual', 'Pattern': 'Solid', 'Print or Pattern Type': 'Solid', 'Sleeve Length': 'Long Sleeves', 'Surface Styling': 'NA', 'Type': 'Tailored Jacket', 'Wash Care': 'Machine Wash'}"
7413634,SASSAFRAS Women Olive Green & Black Printed Bomber Jacket,Bomber Jacket,1999.0,Olive,SASSAFRAS,http://assets.myntassets.com/assets/images/7413634/2018/9/25/698989b2-7431-4da8-891d-746b903a8d2e1537854481515-SASSAFRAS-Women-Olive-Green-Printed-Bomber-5461537854481335-1.jpg,2677.0,4.240567799775868,"Olive Green and black printed bomber jacket, has a stand collar, two pockets, snap button placket, long sleeves, straight hem, unlined&nbsp;90% cotton, 10% spandex<br>Dry-cleanThe model (height 5'8"") is wearing a size S","{'Add-Ons': 'NA', 'Body Shape ID': '324,333,424', 'Body or Garment Size': 'To-Fit Denotes Body Measurements in', 'Closure': 'Snap Button', 'Collar': 'Stand Collar', 'Fabric': 'Cotton', 'Features': 'NA', 'Hemline': 'Straight', 'Length': 'Regular', 'Lining Fabric': 'Unlined', 'Number of Pockets': '2', 'Occasion': 'Casual', 'Pattern': 'Printed', 'Print or Pattern Type': 'Camouflage', 'Sleeve Length': 'Long Sleeves', 'Surface Styling': 'NA', 'Type': 'Bomber', 'Wash Care': 'Dry Clean'}"
6789106,HERE&NOW Women Olive Green Hooded Padded Jacket,Jacket,5199.0,Olive,HERE&NOW,http://assets.myntassets.com/assets/images/6789106/2021/7/19/1abefac4-7d35-4619-96d9-2a06bba8e6ae1626690031417-HERENOW-Women-Olive-Green-Hooded-Padded-Jacket-1371626690030-1.jpg,226.0,4.234513274336283,"Olive green solid padded jacket,  has a hooded,  2  pockets ,has a zip closure, long sleeves,  straight  hemline, polyester  liningThe model (height 5'8) is wearing a size SOuter shell: 100% Polyester<br>Lining fabric: Polyester<br>Dry clean","{'Add-Ons': 'NA', 'Body Shape ID': '333,424', 'Body or Garment Size': 'Garment Measurements in', 'Character': 'NA', 'Closure': 'Zip', 'Collar': 'Hooded', 'Fabric': 'Polyester', 'Features': 'NA', 'Hemline': 'Straight', 'Length': 'Regular', 'Lining Fabric': 'Polyester', 'Main Trend': 'NA', 'Number of Pockets': '2', 'Occasion': 'Casual', 'Pattern': 'Solid', 'Print or Pattern Type': 'Solid', 'Sleeve Length': 'Long Sleeves', 'Sport': 'NA', 'Surface Styling': 'NA', 'Sustainable': 'Regular', 'Technology': 'NA', 'Technology Present': 'No', 'Type': 'Padded Jacket', 'Wash Care': 'Dry Clean', 'Weave Type': 'Woven'}"
1052282,SASSAFRAS Black Embellished Slim Fit Jacket,Jacket,1699.0,Black,SASSAFRAS,http://assets.myntassets.com/assets/images/1052282/2015/10/30/11446208034855-SASSAFRAS-Black-Embellished-Slim-Fit-Jacket-6441446208034440-1.jpg,,,"<p>Black embellished jacket, has a round neck, puffed long sleeves, zip closure on the front with a slit below</p>Slim fit <br>The model (height 5'8'') is wearing a size S<p>Polyester<br>Dry-clean</p>","{'Add-Ons': 'NA', 'Body Shape ID': '333,424', 'Body or Garment Size': 'To-Fit Denotes Body Measurements in', 'Closure': 'Zip', 'Collar': 'Collarless', 'Fabric': 'Polyester', 'Features': 'NA', 'Hemline': 'Straight', 'Length': 'Regular', 'Lining Fabric': 'Polyester', 'Number of Pockets': '2', 'Occasion': 'Casual', 'Pattern': 'Solid', 'Print or Pattern Type': 'Solid', 'Sleeve Length': 'Long Sleeves', 'Sport': 'NA', 'Surface Styling': 'NA', 'Technology': 'NA', 'Type': 'Tailored Jacket', 'Wash Care': 'Machine Wash'}"
10579746,Deewa Women Brown Solid Padded Jacket with Detachable Hood,Jacket,2499.0,Brown,Deewa,http://assets.myntassets.com/assets/images/10579746/2019/9/17/a8077caa-68d5-464e-bfd4-da6f04339a611568723864004-Deewa-Women-Hoode-Jacket-casualformal-9881568723862728-1.jpg,17.0,3.176470588235294,"Brown solid jacket with faux fur trim, has a detachable hood, 2 pockets, zip closure, sleeveless, straight hem, and an attached liningNylon<br> Hand-washThe model (height 5'8"") is wearing a size S","{'Add-Ons': 'NA', 'Body Shape ID': '333,424', 'Body or Garment Size': 'Garment Measurements in', 'Closure': 'Zip', 'Collar': 'Hooded', 'Fabric': 'Nylon', 'Features': 'NA', 'Hemline': 'Straight', 'Length': 'Regular', 'Lining Fabric': 'Faux Fur', 'Number of Pockets': '2', 'Occasion': 'Casual', 'Pattern': 'Solid', 'Print or Pattern Type': 'Solid', 'Sleeve Length': 'Sleeveless', 'Sport': 'NA', 'Surface Styling': 'Faux Fur Trim', 'Technology': 'NA', 'Type': 'Padded Jacket', 'Wash Care': 'Hand Wash'}"
10565726,Flying Machine Women Pink Solid Puffer Jacket,Jacket,2599.0,Pink,Flying Machine,http://assets.myntassets.com/assets/images/10565726/2020/2/6/3fb74e0e-349a-47f8-b43b-f3e74961a8d21580984941893-Flying-Machine-Women-Pink-Solid-Puffer-Jacket-52415809849394-1.jpg,67.0,4.208955223880597,"Pink solid jacket, has a stand collar, 2 pockets, zip closure, sleeveless, straight hem, and polyesterMaterial: 100% polyester<br>Machine WashThe model (height 5'8"") is wearing a size S","{'Add-Ons': 'NA', 'Body Shape ID': '333,424', 'Body or Garment Size': 'Garment Measurements in', 'Closure': 'Zip', 'Collar': 'Stand Collar', 'Fabric': 'Polyester', 'Features': 'NA', 'Hemline': 'Straight', 'Length': 'Regular', 'Lining Fabric': 'Polyester', 'Number of Pockets': '2', 'Occasion': 'Casual', 'Pattern': 'Solid', 'Print or Pattern Type': 'Solid', 'Sleeve Length': 'Sleeveless', 'Sport': 'NA', 'Surface Styling': 'NA', 'Technology': 'NA', 'Type': 'Puffer Jacket', 'Wash Care': 'Machine Wash'}"
1010455,Belle Fille Red Jacket,Jacket,1599.0,Red,Belle Fille,http://assets.myntassets.com/assets/images/1010455/2015/10/5/11444035020725-Belle-Fille-Women-Jackets-1421444035020329-1.jpg,,,"Red knitted jacket, has a stand collar, long sleeves, a contrast full zip closure on the front, two stylised insert pocketsBlendedHand-washThe model (height 5'8'') is wearing a size S","{'Add-Ons': 'NA', 'Body Shape ID': '443,324,333,424', 'Body or Garment Size': 'To-Fit Denotes Body Measurements in', 'Closure': 'Zip', 'Collar': 'Stand Collar', 'Features': 'NA', 'Hemline': 'Straight', 'Length': 'Regular', 'Lining Fabric': 'Unlined', 'Number of Pockets': '2', 'Occasion': 'Casual', 'Pattern': 'Solid', 'Print or Pattern Type': 'Solid', 'Sleeve Length': 'Long Sleeves', 'Surface Styling': 'NA', 'Type': 'Sporty Jacket', 'Wash Care': 'Hand Wash'}"
10714842,KASSUALLY Women Yellow Solid Jacket,Jacket,1699.0,Yellow,KASSUALLY,http://assets.myntassets.com/assets/images/productimage/2019/9/24/003918b5-bc52-4413-8931-7b569615d3cd1569275318655-1.jpg,34.0,3.6176470588235294,"Yellow solid jacket, has a lapel collar, button closure, long sleeves, straight hem, and polyester liningThe model (height 5'8"") is wearing a size SPolyester<br>Dry-clean","{'Add-Ons': 'NA', 'Body Shape ID': '443,324,333,424', 'Body or Garment Size': 'Garment Measurements in', 'Closure': 'Button', 'Collar': 'Lapel Collar', 'Fabric': 'Polyester', 'Features': 'NA', 'Hemline': 'Straight', 'Length': 'Regular', 'Lining Fabric': 'Polyester', 'Number of Pockets': 'NA', 'Occasion': 'Casual', 'Pattern': 'Solid', 'Print or Pattern Type': 'Solid', 'Sleeve Length': 'Long Sleeves', 'Sport': 'NA', 'Surface Styling': 'NA', 'Technology': 'NA', 'Type': 'Tailored Jacket', 'Wash Care': 'Dry Clean'}"
10319725,Belle Fille Women Navy Blue Solid Lightweight Jacket,Jacket,2499.0,Navy Blue,Belle Fille,http://assets.myntassets.com/assets/images/10319725/2019/8/12/3a23d164-6e6f-48ff-b773-ad49e09c7ef91565606366127-Belle-Fille-Women-Navy-Blue-Solid-Lightweight-Jacket-7241565-1.jpg,,,"Navy Blue solid jacket, has a hooded, 2 pockets, zip closure, long sleeves, straight hem, and polycotton liningNylon<br>Machine-washThe model (height 5'8"") is wearing a size S","{'Add-Ons': 'NA', 'Body Shape ID': '424', 'Body or Garment Size': 'To-Fit Denotes Body Measurements in', 'Closure': 'Zip', 'Collar': 'Hooded', 'Fabric': 'Nylon', 'Features': 'Lightweight', 'Hemline': 'Straight', 'Length': 'Regular', 'Lining Fabric': 'Polycotton', 'Number of Pockets': '2', 'Occasion': 'Casual', 'Pattern': 'Solid', 'Print or Pattern Type': 'Solid', 'Sleeve Length': 'Long Sleeves', 'Sport': 'NA', 'Surface Styling': 'NA', 'Technology': 'NA', 'Type': 'Open Front Jacket', 'Wash Care': 'Machine Wash'}"
10850202,Miss Chase Women Grey & Blue Solid Bomber Jacket,Bomber Jacket,1899.0,Grey,Miss Chase,http://assets.myntassets.com/assets/images/productimage/2019/10/22/9ab99aae-f48d-4774-b6a0-89e39c728a5e1571729480451-1.jpg,,,"Grey and blue solid bomber jacket, has a collarless, zip closure, long sleeves, straight hem, and unlined lining100% polyester<br>Hand-washThe model (height 5'8"") is wearing a size S","{'Add-Ons': 'NA', 'Body Shape ID': '333,424', 'Body or Garment Size': 'To-Fit Denotes Body Measurements in', 'Closure': 'Zip', 'Collar': 'Collarless', 'Fabric': 'Polyester', 'Features': 'NA', 'Hemline': 'Straight', 'Length': 'Regular', 'Lining Fabric': 'Unlined', 'Number of Pockets': 'NA', 'Occasion': 'Casual', 'Pattern': 'Solid', 'Print or Pattern Type': 'Solid', 'Sleeve Length': 'Long Sleeves', 'Sport': 'NA', 'Surface Styling': 'Zip Detail', 'Technology': 'NA', 'Type': 'Bomber', 'Wash Care': 'Hand Wash'}"
10321451,Belle Fille Women Green Solid Tailored Jacket,Jacket,2499.0,Green,Belle Fille,http://assets.myntassets.com/assets/images/10321451/2019/8/5/635535eb-63b5-4bfd-95d9-c135f1fc0b1d1564996822696-Belle-Fille-Women-Coats-9761564996820886-1.jpg,,,"Olive solid tailored jacket, has a lapel collar, button closure, long sleeves, straight hem, fleece lining, two pocketsThe model (height 5'8"") is wearing a size SCotton<br>Hand-wash","{'Add-Ons': 'NA', 'Body Shape ID': '443,324,333,424', 'Closure': 'Button', 'Collar': 'Lapel Collar', 'Fabric': 'Cotton', 'Features': 'NA', 'Hemline': 'Straight', 'Length': 'Regular', 'Lining Fabric': 'Fleece', 'Number of Pockets': '2', 'Occasion': 'Casual', 'Pattern': 'Solid', 'Print or Pattern Type': 'Solid', 'Sleeve Length': 'Long Sleeves', 'Sport': 'NA', 'Surface Styling': 'Faux Fur Trim', 'Technology': 'NA', 'Type': 'Tailored Jacket', 'Wash Care': 'Hand Wash'}"
6789137,HERE&NOW Women Olive Green Solid Padded Jacket,Jacket,4999.0,Olive,HERE&NOW,http://assets.myntassets.com/assets/images/6789137/2021/7/19/edd32751-d9ae-473a-99c4-c4d3b183e37d1626688212755-HERENOW-Women-Olive-Green-Solid-Padded-Jacket-56116266882119-1.jpg,301.0,3.963455149501661,"Olive green solid padded jacket,  has a hooded,  2  pockets ,has a zip closure, long sleeves,  straight  hemline, polyester  liningOuter shell: 100% Polyester<br>Lining fabric: Polyester<br>Dry cleanThe model (height 5'8) is wearing a size S","{'Add-Ons': 'NA', 'Body Shape ID': '333,424', 'Body or Garment Size': 'Garment Measurements in', 'Character': 'NA', 'Closure': 'Zip', 'Collar': 'Hooded', 'Fabric': 'Polyester', 'Features': 'NA', 'Hemline': 'Straight', 'Length': 'Regular', 'Lining Fabric': 'Polyester', 'Main Trend': 'NA', 'Number of Pockets': '2', 'Occasion': 'Casual', 'Pattern': 'Solid', 'Print or Pattern Type': 'Solid', 'Sleeve Length': 'Long Sleeves', 'Sport': 'NA', 'Surface Styling': 'NA', 'Sustainable': 'Regular', 'Technology': 'NA', 'Technology Present': 'No', 'Type': 'Padded Jacket', 'Wash Care': 'Dry Clean', 'Weave Type': 'Knitted'}"
1644110,Belle Fille Pink Hooded Jacket,Jacket,1599.0,Pink,Belle Fille,http://assets.myntassets.com/assets/images/1644110/2016/11/18/11479466052077-Belle-Fille-Women-Jackets-8011479466051871-1.jpg,,,"Pink jacket, has an attached hood, a full zip closure, long sleeves, two insert pockets, ribbed hemCotton<br>Hand-washThe model (height 5'8'') is wearing a size S","{'Add-Ons': 'NA', 'Body Shape ID': '333,424', 'Body or Garment Size': 'To-Fit Denotes Body Measurements in', 'Closure': 'Zip', 'Collar': 'Hooded', 'Fabric': 'Cotton', 'Features': 'NA', 'Hemline': 'Straight', 'Length': 'Regular', 'Lining Fabric': 'Unlined', 'Number of Pockets': '2', 'Occasion': 'Casual', 'Pattern': 'Solid', 'Print or Pattern Type': 'Solid', 'Sleeve Length': 'Long Sleeves', 'Surface Styling': 'NA', 'Type': 'Sporty Jacket', 'Wash Care': 'Hand Wash'}"
7744588,Belle Fille Women Navy Blue Solid Padded Jacket,Jacket,3999.0,Navy Blue,Belle Fille,http://assets.myntassets.com/assets/images/7744588/2018/11/6/8007d389-2004-49b7-b433-a223190f10e11541497499266-na-891541497499028-1.jpg,,,"Navy Blue solid Padded&nbsp;jacket, has a hooded, two pockets, zip closure, long sleeves, straight hem, polyester liningNylon<br>Hand-washThe model (height 5'8"") is wearing a size S","{'Add-Ons': 'NA', 'Body Shape ID': '333,424', 'Body or Garment Size': 'To-Fit Denotes Body Measurements in', 'Closure': 'Zip', 'Collar': 'Hooded', 'Fabric': 'Nylon', 'Features': 'NA', 'Hemline': 'Straight', 'Length': 'Regular', 'Lining Fabric': 'Polyester', 'Number of Pockets': '2', 'Occasion': 'Casual', 'Pattern': 'Solid', 'Print or Pattern Type': 'Solid', 'Sleeve Length': 'Long Sleeves', 'Surface Styling': 'Zip Detail', 'Type': 'Padded Jacket', 'Wash Care': 'Hand Wash'}"
8119635,Tokyo Talkies Women Navy Blue Solid Puffer Jacket,Puffer Jacket,3349.0,Navy Blue,Tokyo Talkies,http://assets.myntassets.com/assets/images/8119635/2020/11/18/ba9c2f96-1887-490e-b948-95e64acc53571605695940313TokyoTalkiesWomenNavyBlueSolidPufferJacket1.jpg,36.0,4.0,"Navy Blue solid puffer jacket, has a spread collar, two pockets, zip closure, long sleeves, straight hem, unlined liningThe model (height 5'8"") is wearing a size SPolyester<br>Machine-wash","{'Add-Ons': 'NA', 'Body Shape ID': '333,424', 'Body or Garment Size': 'To-Fit Denotes Body Measurements in', 'Closure': 'Zip', 'Collar': 'Spread Collar', 'Fabric': 'Polyester', 'Features': 'NA', 'Hemline': 'Straight', 'Length': 'Regular', 'Lining Fabric': 'Unlined', 'Number of Pockets': '2', 'Occasion': 'Casual', 'Pattern': 'Solid', 'Print or Pattern Type': 'NA', 'Sleeve Length': 'Long Sleeves', 'Surface Styling': 'NA', 'Type': 'Puffer Jacket', 'Wash Care': 'Machine Wash'}"
6404218,Roadster Fast and Furious Women Blue Solid Denim Jacket,Jacket,2899.0,Blue,Roadster Fast and Furious,http://assets.myntassets.com/assets/images/6404218/2018/11/26/876d3819-7658-46f2-b613-5738a41ce4871543214680356-Roadster-Women-Jackets-3441543214679617-1.jpg,2579.0,4.219852656068244,"Blue solid denim jacket, has a faux fur spread collar, four pockets, button closure, long sleeves, straight hem, faux fur liningThe model (height 5'8"") is wearing a size SCotton<br> Machine-wash","{'Add-Ons': 'NA', 'Body Shape ID': '443,333,424', 'Body or Garment Size': 'Garment Measurements in', 'Closure': 'Button', 'Collar': 'Spread Collar', 'Fabric': 'Cotton', 'Features': 'NA', 'Hemline': 'Straight', 'Length': 'Regular', 'Lining Fabric': 'Faux Fur', 'Number of Pockets': '4', 'Occasion': 'Casual', 'Pattern': 'Solid', 'Print or Pattern Type': 'Washed', 'Sleeve Length': 'Long Sleeves', 'Surface Styling': 'NA', 'Type': 'Denim Jacket', 'Wash Care': 'Machine Wash'}"
10562374,The Roadster Lifestyle Co Women Blue Solid Denim Jacket,Denim Jacket,2899.0,Blue,Roadster,http://assets.myntassets.com/assets/images/10562374/2019/11/8/547d0312-ef99-479b-bc28-1a1c21fa10a41573192312888-Roadster-Women-Jackets-6511573192310225-1.jpg,269.0,4.289962825278811,"Blue solid denim jacket, has a spread collar, four pockets, button closure, long sleeves, straight hemThe model (height 5'8"") is wearing a size SCotton<br>Machine-wash","{'Add-Ons': 'NA', 'Body Shape ID': '443,333,424', 'Body or Garment Size': 'To-Fit Denotes Body Measurements in', 'Closure': 'Button', 'Collar': 'Spread Collar', 'Fabric': 'Cotton', 'Features': 'NA', 'Hemline': 'Straight', 'Length': 'Regular', 'Lining Fabric': 'Unlined', 'Number of Pockets': '4', 'Occasion': 'Casual', 'Pattern': 'Solid', 'Print or Pattern Type': 'Solid', 'Sleeve Length': 'Long Sleeves', 'Sport': 'NA', 'Surface Styling': 'Embroidered', 'Technology': 'NA', 'Type': 'Denim Jacket', 'Wash Care': 'Machine Wash'}"
10698744,Tokyo Talkies Women Blue Solid Denim Jacket,Denim Jacket,1699.0,Blue,Tokyo Talkies,http://assets.myntassets.com/assets/images/10698744/2019/11/7/5181a889-142e-4305-a28e-ecccd1b7c7531573117758510-Tokyo-Talkies-Women-Blue-Solid-Denim-Jacket-9001573117756938-1.jpg,204.0,4.450980392156863,"Blue solid jacket, has a spread collar, 4 pockets, button closure, long sleeves, straight hem, and unlinedCotton<br> Machine-washThe model (height 5'8"") is wearing a size S","{'Add-Ons': 'NA', 'Body Shape ID': '443,333,424', 'Body or Garment Size': 'To-Fit Denotes Body Measurements in', 'Closure': 'Button', 'Collar': 'Spread Collar', 'Fabric': 'Cotton', 'Features': 'NA', 'Hemline': 'Straight', 'Length': 'Regular', 'Lining Fabric': 'Unlined', 'Number of Pockets': '4', 'Occasion': 'Casual', 'Pattern': 'Solid', 'Print or Pattern Type': 'Solid', 'Sleeve Length': 'Long Sleeves', 'Sport': 'NA', 'Surface Styling': 'NA', 'Technology': 'NA', 'Type': 'Denim Jacket', 'Wash Care': 'Machine Wash'}"
2310782,HERE&NOW Women Blue Solid Denim Jacket,Jacket,2899.0,Blue,HERE&NOW,http://assets.myntassets.com/assets/images/2310782/2020/9/11/b490f951-b35b-43cb-9b48-a4dd48407ec41599819993637-HERENOW-Women-Blue-Solid-Denim-Jacket-6631599819991535-1.jpg,96.0,4.447916666666667,"Blue solid denim jacket, has a spread collar, 6 pockets, button closure closure, long sleeves, straight hem, unlined liningThe model (height 5'8"") is wearing a size SCotton <br> Machine-wash","{'Add-Ons': 'NA', 'Body Shape ID': '443,333,424', 'Body or Garment Size': 'Garment Measurements in', 'Closure': 'Button', 'Collar': 'Spread Collar', 'Fabric': 'Cotton', 'Features': 'NA', 'Hemline': 'Straight', 'Length': 'Regular', 'Lining Fabric': 'Unlined', 'Number of Pockets': '6', 'Occasion': 'Casual', 'Pattern': 'Solid', 'Print or Pattern Type': 'Solid', 'Sleeve Length': 'Long Sleeves', 'Surface Styling': 'NA', 'Type': 'Denim Jacket', 'Wash Care': 'Machine Wash'}"
10320203,Belle Fille Women Maroon Solid Tailored Jacket,Jacket,2199.0,Maroon,Belle Fille,http://assets.myntassets.com/assets/images/10320203/2019/8/6/3a0ec43c-c5ef-4e6f-9395-f023010258501565092014872-Belle-Fille-Women-Maroon-Solid-Tailored-Jacket--564156509201-1.jpg,,,"Maroon solid tailored jacket with embellished detail, has a zip closure, 2 pockets, collarless, long sleeves, straight hem, and polycottonThe model (height 5'8"") is wearing a size SFleece<br> Machine-wash","{'Add-Ons': 'NA', 'Body Shape ID': '333,424', 'Body or Garment Size': 'To-Fit Denotes Body Measurements in', 'Closure': 'Zip', 'Collar': 'Collarless', 'Fabric': 'Fleece', 'Features': 'NA', 'Hemline': 'Straight', 'Length': 'Regular', 'Lining Fabric': 'Unlined', 'Number of Pockets': '2', 'Occasion': 'Casual', 'Pattern': 'Solid', 'Print or Pattern Type': 'Solid', 'Sleeve Length': 'Three-Quarter Sleeves', 'Sport': 'NA', 'Surface Styling': 'Studded', 'Technology': 'NA', 'Type': 'Tailored Jacket', 'Wash Care': 'Machine Wash'}"
10321385,Belle Fille Women Blue Solid Double-Breasted Tailored Jacket,Jacket,2499.0,Blue,Belle Fille,http://assets.myntassets.com/assets/images/10321385/2019/8/5/793aac41-7e86-4057-8dbc-8560b566caba1564996702506-Belle-Fille-Women-Coats-1261564996700460-1.jpg,5.0,3.6,"Blue solid double-breasted tailored jacket, has a notched lapel collar, two pockets, button closures, long sleeves, straight hem, fleece lining<br>Comes with a beltThe model (height 5'8"") is wearing a size SCotton<br>Hand-wash","{'Add-Ons': 'Belt', 'Body Shape ID': '443,324,333,424', 'Closure': 'Button', 'Collar': 'Lapel Collar', 'Fabric': 'Cotton', 'Features': 'NA', 'Hemline': 'Straight', 'Length': 'Regular', 'Lining Fabric': 'Fleece', 'Number of Pockets': '2', 'Occasion': 'Casual', 'Pattern': 'Solid', 'Print or Pattern Type': 'Solid', 'Sleeve Length': 'Long Sleeves', 'Sport': 'NA', 'Surface Styling': 'Shoulder Tabs', 'Technology': 'NA', 'Type': 'Tailored Jacket', 'Wash Care': 'Hand Wash'}"
10321507,Belle Fille Women Orange Double-Breasted Solid Jacket,Jacket,2499.0,Orange,Belle Fille,http://assets.myntassets.com/assets/images/10321507/2019/8/6/72ee2e85-cfac-4995-bc7c-e0c6f59e04e51565090478797-Belle-Fille-Women-Orange-Double-Breasted-Solid-Jacket-138156-1.jpg,,,"Orange solid double-breasted tailored jacket, has a notched lapel collar, 2 pockets, button closure, long sleeves, straight hem, and unlinedFleece<br> Hand-washThe model (height 5'8"") is wearing a size S","{'Add-Ons': 'NA', 'Body Shape ID': '443,324,333,424', 'Closure': 'Button', 'Collar': 'Lapel Collar', 'Fabric': 'Fleece', 'Features': 'NA', 'Hemline': 'Straight', 'Length': 'Regular', 'Lining Fabric': 'Unlined', 'Number of Pockets': '2', 'Occasion': 'Casual', 'Pattern': 'Solid', 'Print or Pattern Type': 'Solid', 'Sleeve Length': 'Long Sleeves', 'Sport': 'NA', 'Surface Styling': 'NA', 'Technology': 'NA', 'Type': 'Tailored Jacket', 'Wash Care': 'Hand Wash'}"
10321361,Belle Fille Women Pink Solid Tailored Jacket,Jacket,2499.0,Pink,Belle Fille,http://assets.myntassets.com/assets/images/10321361/2019/8/6/d634210f-6431-47c6-b2be-bb98460d69901565085321831-Belle-Fille-Women-Pink-Solid-Tailored-Jacket-468156508532013-1.jpg,2.0,3.0,"Pink solid tailored jacket, has a notched lapel collar, 2 pockets, button closure, long sleeves, straight hemThe model (height 5'8"") is wearing a size SFleece<br>Hand-wash","{'Add-Ons': 'NA', 'Body Shape ID': '443,324,333,424', 'Body or Garment Size': 'To-Fit Denotes Body Measurements in', 'Closure': 'Button', 'Collar': 'Lapel Collar', 'Fabric': 'Fleece', 'Features': 'NA', 'Hemline': 'Straight', 'Length': 'Regular', 'Lining Fabric': 'Unlined', 'Number of Pockets': '2', 'Occasion': 'Casual', 'Pattern': 'Solid', 'Print or Pattern Type': 'Solid', 'Sleeve Length': 'Long Sleeves', 'Sport': 'NA', 'Surface Styling': 'Faux Fur Trim', 'Technology': 'NA', 'Type': 'Tailored Jacket', 'Wash Care': 'Hand Wash'}"
1603852,W Green Sheer High Slit Longline Ethnic Jacket,Jacket,1699.0,Green,W,http://assets.myntassets.com/assets/images/1603852/2018/9/4/d5516506-4060-475f-8dc3-1c6a701aa1b01536043070362-W-Green-Sheer-High-Slit-Longline-Ethnic-Jacket-321536043070149-1.jpg,6.0,4.666666666666667,"Green woven&nbsp;sheer longline ethnic jacket, has an open front, sleeveless, and high side slitsThe model (height 5'8"" and chest 33"") is wearing a size S100% polyester<br>Hand-wash","{'Add-Ons': 'NA', 'Body Shape ID': '424', 'Body or Garment Size': 'To-Fit Denotes Body Measurements in', 'Collar': 'Collarless', 'Fabric': 'Polyester', 'Features': 'NA', 'Hemline': 'Straight', 'Length': 'Longline', 'Lining Fabric': 'Unlined', 'Occasion': 'Ethnic', 'Pattern': 'Solid', 'Print or Pattern Type': 'Solid', 'Sleeve Length': 'Sleeveless', 'Surface Styling': 'NA', 'Type': 'Tailored Jacket', 'Wash Care': 'Hand Wash'}"
6994056,SASSAFRAS Yellow & Navy Blue Floral Velvet Finish Open-Front Jacket,Jacket,3499.0,Yellow,SASSAFRAS,http://assets.myntassets.com/assets/images/6994056/2018/7/26/87af161a-0823-4ff0-87b7-2a9dfbdda7301532601898330-SASSAFRAS-Women-Blazers-521532601898187-1.jpg,,,"Yellow and navy blue floral print&nbsp;casual front open jacket with velvet finish, has a notched lapel, three-quarter sleeves, two welt pockets and a vented hemThe model (height 5'8'') is wearing a size S75% polyester, 20% viscose and 5% spandex&nbsp;<br>Dry-clean","{'Add-Ons': 'NA', 'Body Shape ID': '324,424', 'Body or Garment Size': 'To-Fit Denotes Body Measurements in', 'Closure': 'NA', 'Collar': 'Lapel Collar', 'Fabric': 'Polyester', 'Features': 'NA', 'Hemline': 'Straight', 'Length': 'Regular', 'Lining Fabric': 'Cotton', 'Number of Pockets': '2', 'Occasion': 'Casual', 'Pattern': 'Printed', 'Print or Pattern Type': 'Floral', 'Sleeve Length': 'Three-Quarter Sleeves', 'Surface Styling': 'NA', 'Type': 'Open Front Jacket', 'Wash Care': 'Dry Clean'}"
9713481,Miss Chase Women Navy Blue Solid Denim Bomber,Denim Bomber,2399.0,Navy Blue,Miss Chase,http://assets.myntassets.com/assets/images/productimage/2019/5/17/6095c3c4-5abc-431b-8c86-264e214296c61558040439676-1.jpg,,,"Navy Blue Solid Denimbomber, has a mandarin collar, zip closure, long sleeves, straight hem, unlined liningThe model (height 5'8"") is wearing a size SCotton<br>Machine-wash","{'Add-Ons': 'NA', 'Body Shape ID': '324,333,424', 'Body or Garment Size': 'To-Fit Denotes Body Measurements in', 'Closure': 'Zip', 'Collar': 'Mandarin Collar', 'Fabric': 'Cotton', 'Features': 'NA', 'Hemline': 'Straight', 'Length': 'Regular', 'Lining Fabric': 'Unlined', 'Number of Pockets': 'NA', 'Occasion': 'Casual', 'Pattern': 'Solid', 'Print or Pattern Type': 'Solid', 'Sleeve Length': 'Long Sleeves', 'Sport': 'NA', 'Surface Styling': 'NA', 'Technology': 'NA', 'Type': 'Bomber', 'Wash Care': 'Machine Wash'}"
8367057,Kotty Women Black Solid Quilted Jacket,Jacket,3999.0,Black,Kotty,http://assets.myntassets.com/assets/images/productimage/2018/12/29/6af16ab0-85bb-4e12-a998-518ec832e7e51546070253626-1.jpg,,,"Black solid quilted jacket, has a collarless, two pockets, zip closure, long sleeves, straight hem, cotton liningCotton<br> Hand-washThe model (height 5'8"") is wearing a size S","{'Add-Ons': 'NA', 'Body Shape ID': '333,424', 'Body or Garment Size': 'Garment Measurements in', 'Closure': 'Zip', 'Collar': 'Collarless', 'Fabric': 'Cotton', 'Features': 'NA', 'Hemline': 'Straight', 'Length': 'Regular', 'Lining Fabric': 'Cotton', 'Number of Pockets': '2', 'Occasion': 'Casual', 'Pattern': 'Solid', 'Print or Pattern Type': 'Solid', 'Sleeve Length': 'Long Sleeves', 'Surface Styling': 'NA', 'Type': 'Quilted Jacket', 'Wash Care': 'Hand Wash'}"
6523508,MABISH by Sonal Jain Women Blue Solid Open Front Jacket,Jacket,1819.0,Blue,MABISH by Sonal Jain,http://assets.myntassets.com/assets/images/6523508/2018/5/24/aec938de-c5c5-486a-9c94-23ba386133fa1527144816370-a-7991527144816176-1.jpg,37.0,2.864864864864865,"Blue solid open front jacket, has a mandarin collar, 2 pockets, zip closure, long sleeves, straight hem, unlinedThe model (height 5'8"") is wearing a size SPolyester<br>Hand-wash","{'Add-Ons': 'NA', 'Body Shape ID': '324,424', 'Body or Garment Size': 'Garment Measurements in', 'Closure': 'Zip', 'Collar': 'Mandarin Collar', 'Fabric': 'Polyester', 'Features': 'NA', 'Hemline': 'Straight', 'Length': 'Regular', 'Lining Fabric': 'Unlined', 'Number of Pockets': '2', 'Occasion': 'Casual', 'Pattern': 'Solid', 'Print or Pattern Type': 'Solid', 'Sleeve Length': 'Long Sleeves', 'Surface Styling': 'NA', 'Type': 'Open Front Jacket', 'Wash Care': 'Hand Wash'}"
2248785,Belle Fille Women Brown Solid Lightweight Open Front Jacket,Jacket,1599.0,Brown,Belle Fille,http://assets.myntassets.com/assets/images/2248785/2017/11/14/11510658071217-Belle-Fille-Women-Brown-Solid-Lightweight-Open-Front-Jacket-8741510658071059-1.jpg,,,"Brown solid open front jacket, has a mock collar, 2 pockets, button closure closure, long sleeves, straight hem, fleece liningFleece <br> Hand-washThe model (height 5'8"") is wearing a size S","{'Add-Ons': 'NA', 'Body Shape ID': '324,424', 'Body or Garment Size': 'To-Fit Denotes Body Measurements in', 'Closure': 'Button', 'Collar': 'Mock Collar', 'Fabric': 'Fleece', 'Features': 'Lightweight', 'Hemline': 'Straight', 'Length': 'Regular', 'Lining Fabric': 'Fleece', 'Number of Pockets': '2', 'Occasion': 'Casual', 'Pattern': 'Solid', 'Print or Pattern Type': 'Solid', 'Sleeve Length': 'Long Sleeves', 'Surface Styling': 'NA', 'Type': 'Open Front Jacket', 'Wash Care': 'Hand Wash'}"
2248755,Belle Fille Women Purple Solid Lightweight Open Front Jacket,Jacket,1599.0,Purple,Belle Fille,http://assets.myntassets.com/assets/images/2248755/2017/11/14/11510658017777-Belle-Fille-Women-Purple-Solid-Lightweight-Open-Front-Jacket-9681510658017483-1.jpg,,,"Purple solid open front jacket, has a mock collar, 2 pockets, zip closure, long sleeves, straight hem, fleece liningThe model (height 5'8"") is wearing a size SFleece<br> Hand-wash","{'Add-Ons': 'NA', 'Body Shape ID': '324,424', 'Body or Garment Size': 'To-Fit Denotes Body Measurements in', 'Closure': 'Zip', 'Collar': 'Mock Collar', 'Fabric': 'Fleece', 'Features': 'Lightweight', 'Hemline': 'Straight', 'Length': 'Regular', 'Lining Fabric': 'Fleece', 'Number of Pockets': '2', 'Occasion': 'Casual', 'Pattern': 'Solid', 'Print or Pattern Type': 'Solid', 'Sleeve Length': 'Long Sleeves', 'Surface Styling': 'NA', 'Type': 'Open Front Jacket', 'Wash Care': 'Hand Wash'}"
2248745,Belle Fille Women Nude-Coloured Solid Lightweight Bomber jacket,Bomber jacket,1599.0,Nude,Belle Fille,http://assets.myntassets.com/assets/images/2248745/2017/11/14/11510652626359-na-3891510652626135-1.jpg,,,"Nude-coloured solid bomber jacket, has a mandarin collar, 2 pockets, zip closure, long sleeves, straight hem, fleece liningThe model (height 5'8"") is wearing a size SFleece <br> Hand-wash","{'Add-Ons': 'NA', 'Body Shape ID': '324,333,424', 'Body or Garment Size': 'To-Fit Denotes Body Measurements in', 'Closure': 'Zip', 'Collar': 'Mandarin Collar', 'Fabric': 'Fleece', 'Features': 'Lightweight', 'Hemline': 'Straight', 'Length': 'Regular', 'Lining Fabric': 'Fleece', 'Number of Pockets': '2', 'Occasion': 'Casual', 'Pattern': 'Solid', 'Print or Pattern Type': 'Solid', 'Sleeve Length': 'Long Sleeves', 'Surface Styling': 'NA', 'Type': 'Bomber', 'Wash Care': 'Hand Wash'}"
2228999,Belle Fille Women Red Solid Puffer Jacket,Jacket,2599.0,Red,Belle Fille,http://assets.myntassets.com/assets/images/2228999/2017/11/7/11510037143438-Belle-Fille-Women-Red-Solid-Puffer-Jacket-51510037143188-1.jpg,,,"Red solid puffer jacket, has a mock collar, 2 pockets, zip closure, long sleeves, straight hem, fleece liningThe model (height 5'8"") is wearing a size SPU<br> Hand-wash","{'Add-Ons': 'NA', 'Body Shape ID': '333,424', 'Body or Garment Size': 'To-Fit Denotes Body Measurements in', 'Closure': 'Zip', 'Collar': 'Mock Collar', 'Fabric': 'PU', 'Features': 'NA', 'Hemline': 'Straight', 'Length': 'Regular', 'Lining Fabric': 'Fleece', 'Number of Pockets': '2', 'Occasion': 'Casual', 'Pattern': 'Solid', 'Print or Pattern Type': 'Solid', 'Sleeve Length': 'Long Sleeves', 'Surface Styling': 'Zip Detail', 'Type': 'Puffer Jacket', 'Wash Care': 'Hand Wash'}"
2053322,Belle Fille Women Maroon Solid Jacket,Jacket,1999.0,Maroon,Belle Fille,http://assets.myntassets.com/assets/images/2053322/2017/8/17/11502970202698-Belle-Fille-Women-Jackets-3281502970202468-1.jpg,,,"Maroon solid jacket, has a stand collar, 2 pockets, zip closure, long sleeves, straight hem, unlined liningThe model (height 5'8"") is wearing a size SFleece <br> Hand-wash","{'Add-Ons': 'NA', 'Body Shape ID': '443,324,333,424', 'Body or Garment Size': 'To-Fit Denotes Body Measurements in', 'Closure': 'Zip', 'Collar': 'Stand Collar', 'Fabric': 'Fleece', 'Features': 'NA', 'Hemline': 'Straight', 'Length': 'Regular', 'Lining Fabric': 'Unlined', 'Number of Pockets': '2', 'Occasion': 'Casual', 'Pattern': 'Solid', 'Print or Pattern Type': 'Solid', 'Sleeve Length': 'Long Sleeves', 'Surface Styling': 'Faux Leather Trim', 'Type': 'Tailored Jacket', 'Wash Care': 'Hand Wash'}"
1679213,Gipsy Black Printed Jacket,Jacket,2495.0,Black,Gipsy,http://assets.myntassets.com/assets/images/1679213/2016/12/15/11481785579974-Gipsy-Women-Jackets-771481785579717-1.jpg,,,"Black printed jacket, has a round neck, a full zip closure on the front, long sleeves, two insert pocketsThe model (height 5'8"" and chest 33"") is wearing a size SPolyester<br>Dry-clean","{'Add-Ons': 'NA', 'Body Shape ID': '333,424', 'Body or Garment Size': 'To-Fit Denotes Body Measurements in', 'Closure': 'Zip', 'Collar': 'Collarless', 'Fabric': 'Polyester', 'Features': 'NA', 'Hemline': 'Straight', 'Length': 'Regular', 'Lining Fabric': 'Polyester', 'Number of Pockets': '2', 'Occasion': 'Casual', 'Pattern': 'Printed', 'Print or Pattern Type': 'Floral', 'Sleeve Length': 'Long Sleeves', 'Surface Styling': 'NA', 'Type': 'Tailored Jacket', 'Wash Care': 'Dry Clean'}"
1577274,Fort Collins Black Faux Leather Jacket,Jacket,3075.0,Black,Fort Collins,http://assets.myntassets.com/assets/images/1577274/2016/11/8/11478595345459-Fort-Collins-Women-Jackets-4111478595345147-1.jpg,2.0,5.0,"Black woven faux leather jacket, has a faux fur panel,&nbsp;a notched lapel, padded shoulders, long sleeves, a full asymmetric zip closure, two mock pockets on the frontPU<br>Hand-washThe model (height 5'8'') is wearing a size S","{'Add-Ons': 'NA', 'Body Shape ID': '324,333,424', 'Body or Garment Size': 'Garment Measurements in', 'Closure': 'Zip', 'Collar': 'Lapel Collar', 'Fabric': 'Leather', 'Features': 'NA', 'Hemline': 'Straight', 'Length': 'Regular', 'Lining Fabric': 'Polyester', 'Number of Pockets': '2', 'Occasion': 'Casual', 'Pattern': 'Solid', 'Print or Pattern Type': 'Solid', 'Sleeve Length': 'Long Sleeves', 'Surface Styling': 'NA', 'Type': 'Biker Jacket', 'Wash Care': 'Hand Wash'}"
987125,Owncraft Purple Woollen Jacket,Jacket,2999.0,Purple,Owncraft,http://assets.myntassets.com/v1/image/style/properties/987125/Owncraft-Women-Jackets_1_453677ed68be3ec9217059b73ef6ef5d.jpg,,,"Purple knitted jacket, has a stylised round neck, short&nbsp;sleeves, button&nbsp;closure on the front, two insert pocketsWool<br>Dry-cleanThe model (height 5'8"" and chest 33"") is wearing a size S<br>","{'Body or Garment Size': 'Garment Measurements in', 'Fabric': 'Wool', 'Occasion': 'Casual', 'Pattern': 'Solid', 'Sleeve Length': 'Short Sleeves'}"
6404228,Roadster Women Brown Solid Corduroy Tailored Jacket,Jacket,2899.0,Brown,Roadster Fast and Furious,http://assets.myntassets.com/assets/images/6404228/2018/11/26/57e865c8-ac1e-4518-9a52-8d92498c5c641543228215195-Roadster-Women-Jackets-3151543228215015-1.jpg,1438.0,4.1390820584144645,"Brown solid corduroy tailored jacket, has a spread collar with faux fur detail, four pockets, button closure, long sleeves, straight hem, polyester liningThe model (height 5'8"") is wearing a size S100% cotton<br>Machine-wash","{'Add-Ons': 'NA', 'Body Shape ID': '443,333,424', 'Body or Garment Size': 'Garment Measurements in', 'Character': 'NA', 'Closure': 'Button', 'Collar': 'Spread Collar', 'Fabric': 'Corduroy', 'Features': 'NA', 'Hemline': 'Straight', 'Length': 'Regular', 'Lining Fabric': 'Polyester', 'Main Trend': 'NA', 'Number of Pockets': '4', 'Occasion': 'Casual', 'Pattern': 'Solid', 'Print or Pattern Type': 'Solid', 'Sleeve Length': 'Long Sleeves', 'Sport': 'NA', 'Surface Styling': 'Faux Fur Trim', 'Sustainable': 'Regular', 'Technology': 'NA', 'Technology Present': 'No', 'Type': 'Tailored Jacket', 'Wash Care': 'Machine Wash', 'Weave Type': 'Knitted'}"
9479095,The Roadster Lifestyle Co Women Peach-Coloured Solid Puffer Jacket,Puffer Jacket,3699.0,Peach,Roadster,http://assets.myntassets.com/assets/images/9479095/2019/10/15/bba527bf-c86e-4f8a-aa6c-0b56bb56c6761571118978884-Roadster-Women-Jackets-9501571118976537-1.jpg,876.0,4.315068493150685,"Peach-coloured solid puffer jacket, has a mock collar, 2 pockets, zip closure, long sleeves, straight hem, and polyester liningShell &amp; Lining: 100% Polyester<br>Machine-washThe model (height 5'8"") is wearing a size S","{'Add-Ons': 'NA', 'Body Shape ID': '333,424', 'Body or Garment Size': 'To-Fit Denotes Body Measurements in', 'Character': 'NA', 'Closure': 'Zip', 'Collar': 'Mock Collar', 'Fabric': 'Polyester', 'Features': 'NA', 'Hemline': 'Straight', 'Length': 'Regular', 'Lining Fabric': 'Polyester', 'Main Trend': 'NA', 'Number of Pockets': '2', 'Occasion': 'Casual', 'Pattern': 'Solid', 'Print or Pattern Type': 'Solid', 'Sleeve Length': 'Long Sleeves', 'Sport': 'NA', 'Surface Styling': 'NA', 'Sustainable': 'Regular', 'Technology': 'NA', 'Technology Present': 'No', 'Type': 'Puffer Jacket', 'Wash Care': 'Machine Wash', 'Weave Type': 'Woven'}"
10856152,SASSAFRAS Women Burgundy Solid Tailored Jacket,Jacket,1999.0,Burgundy,SASSAFRAS,http://assets.myntassets.com/assets/images/10856152/2019/11/2/a6b716db-ba4b-447d-853e-9cdf11d7d9ea1572675494068-SASSAFRAS-Women-Jackets-2211572675492594-1.jpg,554.0,4.234657039711191,"Burgundy solid tailored jacket, has a round neck, button closure, long sleeves, flared hem, unlined96% polyscuba, 4% spandex<br>Dry-cleanThe model (height 5'8"") is wearing a size S","{'Add-Ons': 'NA', 'Body Shape ID': '333,424', 'Body or Garment Size': 'To-Fit Denotes Body Measurements in', 'Closure': 'Button', 'Collar': 'Collarless', 'Fabric': 'Polyester', 'Features': 'NA', 'Hemline': 'Straight', 'Length': 'Regular', 'Lining Fabric': 'Unlined', 'Number of Pockets': 'NA', 'Occasion': 'Casual', 'Pattern': 'Solid', 'Print or Pattern Type': 'Solid', 'Sleeve Length': 'Long Sleeves', 'Sport': 'NA', 'Surface Styling': 'NA', 'Technology': 'NA', 'Type': 'Tailored Jacket', 'Wash Care': 'Dry Clean'}"
1845133,Roadster Women Red Solid Padded Jacket,Jacket,2999.0,Red,Roadster,http://assets.myntassets.com/assets/images/1845133/2017/9/20/11505896266535-Roadster-Women-Red-Solid-Padded-Jacket-6651505896266281-1.jpg,670.0,4.161194029850746,"Red solid padded jacket, has a hooded, 3 pockets, zip closure, long sleeves, straight hem, polyester liningThe model (height 5'8"") is wearing a size SPU <br> Machine-wash","{'Add-Ons': 'NA', 'Body Shape ID': '333,424', 'Body or Garment Size': 'To-Fit Denotes Body Measurements in', 'Closure': 'Zip', 'Collar': 'Hooded', 'Fabric': 'PU', 'Features': 'NA', 'Hemline': 'Straight', 'Length': 'Regular', 'Lining Fabric': 'Polyester', 'Number of Pockets': '3', 'Occasion': 'Casual', 'Pattern': 'Solid', 'Print or Pattern Type': 'Solid', 'Sleeve Length': 'Long Sleeves', 'Surface Styling': 'NA', 'Type': 'Padded Jacket', 'Wash Care': 'Machine Wash'}"
10707834,Cayman Women Charcoal Grey Solid Tailored Jacket,Tailored Jacket,4645.0,Charcoal,Cayman,http://assets.myntassets.com/assets/images/10707834/2019/10/3/a8d1cbb7-4db9-44f3-8d52-e5d965470e481570098860243-Cayman-Women-Coats-9961570098858870-1.jpg,,,"Charcoal grey solid tailored jacket with faux fur detail, has a mock collar, 2 pockets, zip closure, long sleeves, straight hem, and unlinedWool blend<br>Machine-washThe model (height 5'8"") is wearing a size S","{'Add-Ons': 'NA', 'Body Shape ID': '443,324,333,424', 'Body or Garment Size': 'Garment Measurements in', 'Closure': 'Zip', 'Collar': 'Mock Collar', 'Fabric': 'Wool', 'Features': 'NA', 'Hemline': 'Straight', 'Length': 'Regular', 'Lining Fabric': 'Unlined', 'Number of Pockets': '2', 'Occasion': 'Casual', 'Pattern': 'Solid', 'Print or Pattern Type': 'Solid', 'Sleeve Length': 'Long Sleeves', 'Sport': 'NA', 'Surface Styling': 'Zip Detail', 'Technology': 'NA', 'Type': 'Tailored Jacket', 'Wash Care': 'Machine Wash'}"
10786324,The Vanca Women Navy Blue Solid Tailored Jacket,Jacket,2799.0,Navy Blue,The Vanca,http://assets.myntassets.com/assets/images/productimage/2019/10/10/91fe1a2d-f4d6-4b57-a98d-106b96d759da1570681521656-1.jpg,31.0,3.741935483870968,"Navy Blue solid jacket, has a lapel collar, 2 pockets, button closure, long sleeves, straight hem, and fleeceFleece<br> Machine-washThe model (height 5'8"") is wearing a size S","{'Add-Ons': 'NA', 'Body Shape ID': '443,324,333,424', 'Body or Garment Size': 'Garment Measurements in', 'Closure': 'Button', 'Collar': 'Lapel Collar', 'Fabric': 'Fleece', 'Features': 'NA', 'Hemline': 'Straight', 'Length': 'Regular', 'Lining Fabric': 'Fleece', 'Number of Pockets': '2', 'Occasion': 'Formal', 'Pattern': 'Solid', 'Print or Pattern Type': 'Solid', 'Sleeve Length': 'Long Sleeves', 'Sport': 'NA', 'Surface Styling': 'NA', 'Technology': 'NA', 'Type': 'Tailored Jacket', 'Wash Care': 'Machine Wash'}"
10319833,Belle Fille Women Blue Solid Hooded Tailored  Jacket,Jacket,1999.0,Blue,Belle Fille,http://assets.myntassets.com/assets/images/10319833/2019/8/5/e238831e-b178-4599-afa2-b6564a337bc51565001774123-Belle-Fille-Women-Jackets-1011565001772597-1.jpg,5.0,3.6,"Blue&nbsp;solid tailored jacket, has a hood, 2 pockets, concealed zip closure, long sleeves, straight hemThe model (height 5'8"") is wearing a size SFleece<br>Machine-wash","{'Add-Ons': 'NA', 'Body Shape ID': '333,424', 'Closure': 'Zip', 'Collar': 'Hooded', 'Fabric': 'Fleece', 'Features': 'NA', 'Hemline': 'Straight', 'Length': 'Regular', 'Lining Fabric': 'Unlined', 'Number of Pockets': '2', 'Occasion': 'Casual', 'Pattern': 'Solid', 'Print or Pattern Type': 'Solid', 'Sleeve Length': 'Long Sleeves', 'Sport': 'NA', 'Surface Styling': 'NA', 'Technology': 'NA', 'Type': 'Tailored Jacket', 'Wash Care': 'Machine Wash'}"
10829334,Tokyo Talkies Women Beige Solid Puffer Jacket,Jacket,3449.0,Beige,Tokyo Talkies,http://assets.myntassets.com/assets/images/productimage/2019/10/17/b4e9eb2a-901d-4675-bbe4-df8f4f3cf53c1571252093071-1.jpg,161.0,4.192546583850931,"Beige solid puffer jacket, has a hooded, 2 pockets, zip closure, long sleeves, curved hem, and unlinedPolyester<br> Machine-washThe model (height 5'8"") is wearing a size S","{'Add-Ons': 'NA', 'Body Shape ID': '333,424', 'Body or Garment Size': 'To-Fit Denotes Body Measurements in', 'Closure': 'Zip', 'Collar': 'Hooded', 'Fabric': 'Polyester', 'Features': 'NA', 'Hemline': 'Curved', 'Length': 'Regular', 'Lining Fabric': 'Unlined', 'Number of Pockets': '2', 'Occasion': 'Casual', 'Pattern': 'Solid', 'Print or Pattern Type': 'Solid', 'Sleeve Length': 'Long Sleeves', 'Sport': 'NA', 'Surface Styling': 'NA', 'Technology': 'NA', 'Type': 'Puffer Jacket', 'Wash Care': 'Machine Wash'}"
10319819,Belle Fille Women Orange Solid Hooded Jacket,Jacket,1999.0,Orange,Belle Fille,http://assets.myntassets.com/assets/images/10319819/2019/8/8/d0409ab4-5311-4844-8c36-5cafc7fb8b541565259969724-Belle-Fille-Women-Orange-Solid-Hooded-Jacket-698156525996833-1.jpg,2.0,4.0,"Orange solid jacket, has a mock collar, 2 pockets, concealed zip closure, long sleeves, straight hemFleece<br>Machine-washThe model (height 5'8"") is wearing a size S","{'Add-Ons': 'NA', 'Body Shape ID': '443,324,333,424', 'Body or Garment Size': 'To-Fit Denotes Body Measurements in', 'Closure': 'Zip', 'Collar': 'Mock Collar', 'Fabric': 'Fleece', 'Features': 'NA', 'Hemline': 'Straight', 'Length': 'Regular', 'Lining Fabric': 'Unlined', 'Number of Pockets': '2', 'Occasion': 'Casual', 'Pattern': 'Solid', 'Print or Pattern Type': 'Solid', 'Sleeve Length': 'Long Sleeves', 'Sport': 'NA', 'Surface Styling': 'NA', 'Technology': 'NA', 'Type': 'Tailored Jacket', 'Wash Care': 'Machine Wash'}"
10319921,Belle Fille Women Black Solid Tailored Jacket,Jacket,2499.0,Black,Belle Fille,http://assets.myntassets.com/assets/images/10319921/2019/8/5/2a7be937-9d43-4e0e-8973-5570085f698e1565001836835-Belle-Fille-Women-Jackets-2271565001835288-1.jpg,,,"Black solid tailored jacket, has&nbsp;2 pockets, collarless, zip closure, long sleeves with embellished detail, straight hemFleece<br> Machine-washThe model (height 5'8"") is wearing a size S","{'Add-Ons': 'NA', 'Body Shape ID': '333,424', 'Body or Garment Size': 'To-Fit Denotes Body Measurements in', 'Closure': 'Zip', 'Collar': 'Collarless', 'Fabric': 'Fleece', 'Features': 'NA', 'Hemline': 'Straight', 'Length': 'Regular', 'Lining Fabric': 'Unlined', 'Number of Pockets': '2', 'Occasion': 'Casual', 'Pattern': 'Solid', 'Print or Pattern Type': 'Solid', 'Sleeve Length': 'Long Sleeves', 'Sport': 'NA', 'Surface Styling': 'Studded', 'Technology': 'NA', 'Type': 'Tailored Jacket', 'Wash Care': 'Machine Wash'}"
10319651,Belle Fille Women Blue Solid Hooded Jacket,Jacket,1999.0,Blue,Belle Fille,http://assets.myntassets.com/assets/images/10319651/2019/8/8/a5315fdf-d625-4f44-a8df-fa9abdd584091565251862263-Belle-Fille-Women-Blue-Solid-Hooded-Jacket-6411565251861052-1.jpg,,,"Blue solid tailored jacket with button detail, has a hood, 2 pockets, zip closure, long sleeves, straight hemThe model (height 5'8"") is wearing a size SFleece<br>Machine-wash","{'Add-Ons': 'NA', 'Body Shape ID': '333,424', 'Body or Garment Size': 'To-Fit Denotes Body Measurements in', 'Closure': 'Zip', 'Collar': 'Hooded', 'Fabric': 'Fleece', 'Features': 'NA', 'Hemline': 'Straight', 'Length': 'Regular', 'Lining Fabric': 'Unlined', 'Number of Pockets': '2', 'Occasion': 'Casual', 'Pattern': 'Solid', 'Print or Pattern Type': 'Solid', 'Sleeve Length': 'Long Sleeves', 'Sport': 'NA', 'Surface Styling': 'NA', 'Technology': 'NA', 'Type': 'Tailored Jacket', 'Wash Care': 'Machine Wash'}"
2053475,Belle Fille Women Navy Blue Solid Bomber Jacket,Bomber Jacket,1599.0,Navy Blue,Belle Fille,http://assets.myntassets.com/assets/images/2053475/2017/8/17/11502972040701-Belle-Fille-Women-Jackets-7861502972040533-1.jpg,69.0,3.869565217391304,"Navy blue solid bomber jacket, has a mandarin collar, 2 pockets, zip closure, long sleeves, ribbed hemsFleece <br>Hand-washThe model (height 5'8"") is wearing a size S","{'Add-Ons': 'NA', 'Body Shape ID': '324,333,424', 'Body or Garment Size': 'To-Fit Denotes Body Measurements in', 'Closure': 'Zip', 'Collar': 'Mandarin Collar', 'Fabric': 'Fleece', 'Features': 'NA', 'Hemline': 'Straight', 'Length': 'Regular', 'Lining Fabric': 'Unlined', 'Number of Pockets': '2', 'Occasion': 'Casual', 'Pattern': 'Solid', 'Print or Pattern Type': 'Solid', 'Sleeve Length': 'Long Sleeves', 'Surface Styling': 'NA', 'Type': 'Bomber', 'Wash Care': 'Hand Wash'}"
7779375,Athena Women White Solid Cropped Denim Jacket,Jacket,1999.0,White,Athena,http://assets.myntassets.com/assets/images/7779375/2018/11/20/01fb8f95-a06f-4e27-9e9d-18c8cec3867c1542695000397-Athena-white-denim-raw-hem-crop-jacket-with-full-sleeves-and-collar-4851542695000235-1.jpg,119.0,4.025210084033613,"White solid cropped denim jacket, has a spread collar, button closure, long sleeves, straight hem, unlined, flap detail on the frontThe model (height 5'8"") is wearing a size SCotton<br>Hand-wash","{'Add-Ons': 'NA', 'Body Shape ID': '333,424', 'Body or Garment Size': 'Garment Measurements in', 'Closure': 'Button', 'Collar': 'Spread Collar', 'Fabric': 'Cotton', 'Features': 'NA', 'Hemline': 'Straight', 'Length': 'Crop', 'Lining Fabric': 'Unlined', 'Number of Pockets': 'NA', 'Occasion': 'Casual', 'Pattern': 'Solid', 'Print or Pattern Type': 'Solid', 'Sleeve Length': 'Long Sleeves', 'Surface Styling': 'NA', 'Type': 'Denim Jacket', 'Wash Care': 'Hand Wash'}"
7040155,Style Quotient by noi Women White Solid Denim Jacket,Denim Jacket,1699.0,White,Style Quotient,http://assets.myntassets.com/assets/images/7040155/2018/8/25/2866c4db-3828-4362-b7d0-6084417373741535173484201-Style-Quotient-Women-White-Solid-Denim-Jacket-6951535173484037-1.jpg,47.0,4.23404255319149,"White solid denim jacket, has a spread collar, two pockets, button closure, long sleeves, straight hem, unlined liningThe model (height 5'8"") is wearing a size SCotton<br>Hand-wash","{'Add-Ons': 'NA', 'Body Shape ID': '443,333,424', 'Body or Garment Size': 'To-Fit Denotes Body Measurements in', 'Closure': 'Button', 'Collar': 'Spread Collar', 'Fabric': 'Cotton', 'Features': 'NA', 'Hemline': 'Straight', 'Length': 'Regular', 'Lining Fabric': 'Unlined', 'Number of Pockets': '2', 'Occasion': 'Casual', 'Pattern': 'Solid', 'Print or Pattern Type': 'Solid', 'Sleeve Length': 'Long Sleeves', 'Surface Styling': 'NA', 'Type': 'Denim Jacket', 'Wash Care': 'Hand Wash'}"
9020441,Purple State Women Blue Solid Single-Breasted Casual Blazer,Blazer,3499.0,Blue,Purple State,http://assets.myntassets.com/assets/images/productimage/2019/3/13/7048480e-5029-423b-ab1b-60a4babddc411552473671453-1.jpg,51.0,4.333333333333333,"<p>Blue solid slim-fit casual blazer, has a notched lapel collar, single-breasted with double-button closure, long sleeves, two flap pockets, and an attached lining.</p><p>Slim Fit<br>The model (height 5'8"") is wearing size s</p><p>Cotton blend<br>Machine wash</p>","{'Body Shape ID': '324,333,424', 'Body or Garment Size': 'Garment Measurements in', 'Closure': 'Button', 'Collar': 'Peaked Lapel', 'Fabric': 'Cotton Blend', 'Fabric Type': 'NA', 'Fit': 'Slim Fit', 'Front Styling': 'Single-Breasted', 'Length': 'Regular', 'Lining Fabric': 'Polyester', 'Occasion': 'Casual', 'Pattern': 'Solid', 'Sleeve Length': 'Long Sleeves', 'Wash Care': 'Machine Wash'}"
1052287,SASSAFRAS Brown Crop Waistcoat,Crop Waistcoat,1399.0,Brown,SASSAFRAS,http://assets.myntassets.com/assets/images/1052287/2015/10/30/11446198824433-SASSAFRAS-Brown-Crop-Waistcoat-6231446198823949-1.jpg,,,"Brown crop waistcoat, has an open front, fringe detailSuede<br>Machine-washThe model (height 5'8'') is wearing a size S","{'Add-Ons': 'NA', 'Body or Garment Size': 'To-Fit Denotes Body Measurements in', 'Fabric': 'Cotton Blend', 'Number of Pockets': '1', 'Occasion': 'Casual', 'Pattern': 'Solid', 'Wash Care': 'Machine Wash', 'Weave Type': 'Woven'}"
10604590,SASSAFRAS Women Black Solid Double-Breasted Casual Blazer,Blazer,2599.0,Black,SASSAFRAS,http://assets.myntassets.com/assets/images/10604590/2019/9/11/f54f7c17-fa4a-4a11-9e38-2e5153c777d21568207098706-SASSAFRAS-Women-Blazers-2261568207097475-1.jpg,22.0,4.090909090909091,"Black solid casual blazer with elastication around waist , has shawl collar, double-breasted with button closure, three-quarter sleeves, two pockets96% Polyester and 4% Spandex<br>Machine washThe model (height 5'8"") is wearing a size S","{'Body Shape ID': '443,324,333,424', 'Body or Garment Size': 'To-Fit Denotes Body Measurements in', 'Closure': 'Button', 'Collar': 'Shawl Collar', 'Fabric': 'Polyester', 'Fabric Type': 'NA', 'Fit': 'Regular Fit', 'Front Styling': 'Double-Breasted', 'Length': 'Regular', 'Lining Fabric': 'Unlined', 'Occasion': 'Casual', 'Pattern': 'Solid', 'Sleeve Length': 'Long Sleeves', 'Sustainable': 'Regular', 'Wash Care': 'Dry Clean'}"
2196419,SASSAFRAS Grey Blazer,Blazer,1799.0,Grey,SASSAFRAS,http://assets.myntassets.com/assets/images/2196419/2017/10/25/11508934598492-SASSAFRAS-Grey-Blazer-3781508934598286-1.jpg,115.0,3.695652173913044,"<p>Grey blazer with pleated detail, has a V-neck, a single button closure, three-quarter balloon-style sleeves with cuffed hems</p>100% cotton<br>Dry-clean<p>The model (height 5'8'') is wearing a size S</p>","{'Body or Garment Size': 'To-Fit Denotes Body Measurements in', 'Closure': 'Button', 'Fit': 'Slim Fit', 'Length': 'Regular', 'Lining Fabric': 'Unlined', 'Occasion': 'Party', 'Pattern': 'Solid', 'Sleeve Length': 'Three-Quarter Sleeves', 'Wash Care': 'Dry Clean'}"
2076837,COVER STORY Women Striped Semiformal Blazer,Blazer,4290.0,Black,COVER STORY,http://assets.myntassets.com/assets/images/2076837/2017/8/25/11503637609049-COVER-STORY-Women-Jackets-2021503637608813-1.jpg,,,"Black striped blazer, has a notched lapel, single-breasted with a button closure, long sleeves with button and pleated detail, two flap detail, attached liningThe model (height 5'8'') is wearing a size M100% polyester<br>Machine-wash","{'Body or Garment Size': 'Garment Measurements in', 'Closure': 'Button', 'Collar': 'Notched Lapel', 'Fabric': 'Polyester', 'Fabric Type': 'NA', 'Length': 'Regular', 'Lining Fabric': 'Polyester', 'Occasion': 'Formal', 'Pattern': 'Striped', 'Sleeve Length': 'Long Sleeves', 'Wash Care': 'Machine Wash'}"
2196409,SASSAFRAS Off-White & Red Floral Print Single-Breasted Blazer,Blazer,1799.0,Off White,SASSAFRAS,http://assets.myntassets.com/assets/images/2196409/2019/5/21/56ba3553-6e7b-4a7e-8ccf-00bf3886c4e71558417366587-SASSAFRAS-Off-White--Red-Floral-Print-Single-Breasted-Blazer-1.jpg,3.0,1.0,"Off-white and red woven floral print casual blazer, has a notched lapel, single-breasted with a button closure, long sleeves, two flap pockets and an attached liningShell: 90% cotton,10% wool<br>Lining: cotton<br>Machine-wash<p>The model (height 5'8'') is wearing a size S</p>","{'Body Shape ID': '443,324,333,424', 'Body or Garment Size': 'To-Fit Denotes Body Measurements in', 'Closure': 'Button', 'Collar': 'Notched Lapel', 'Fabric': 'Cotton Blend', 'Fabric Type': 'NA', 'Fit': 'Regular Fit', 'Front Styling': 'Single-Breasted', 'Length': 'Regular', 'Lining Fabric': 'Cotton', 'Occasion': 'Casual', 'Pattern': 'Printed', 'Sleeve Length': 'Long Sleeves', 'Wash Care': 'Dry Clean'}"
1730223,PURYS Off-White & Red Floral Print Fringed Shrug,Shrug,1299.0,Off White,PURYS,http://assets.myntassets.com/assets/images/1730223/2017/1/20/11484898903317-PURYS-Women-Shrug-9601484898903083-1.jpg,572.0,4.244755244755245,"Off-white and red floral print open front shrug, three-quarter bell sleeves, a high-low fringed hemThe model (height 5'8'') is wearing a free sizePolyester<br>Dry Clean Only","{'Body or Garment Size': 'To-Fit Denotes Body Measurements in', 'Fabric': 'Polyester', 'Front Styling': 'Open Front', 'Hemline': 'High-Low', 'Length': 'Longline', 'Main Trend': 'Floral Print', 'Occasion': 'Casual', 'Pattern': 'Printed', 'Sleeve Length': 'Three-Quarter Sleeves', 'Surface Styling': 'NA', 'Sustainable': 'Regular', 'Wash Care': 'Dry Clean'}"
10182385,Style Quotient Women White Self Design Open Front Shrug,Shrug,1599.0,White,Style Quotient,http://assets.myntassets.com/assets/images/10182385/2019/7/25/1576a8df-1c0f-4f6d-baea-09aa65f334431564038586181-Style-Quotient-Women-White-Printed-Open-Front-Shrug-92115640-1.jpg,1559.0,4.433611289288005,"White self design open front regular shrug, has three-quarter sleeves, straight hemThe model (height 5'8'') is wearing a size SCotton<br>Hand-wash","{'Body or Garment Size': 'Garment Measurements in', 'Fabric': 'Cotton', 'Front Styling': 'Open Front', 'Hemline': 'Straight', 'Length': 'Regular', 'Main Trend': 'Sheer', 'Occasion': 'Casual', 'Pattern': 'Self Design', 'Sleeve Length': 'Three-Quarter Sleeves', 'Surface Styling': 'NA', 'Wash Care': 'Hand Wash'}"
10197809,WISSTLER Women Black & Off-White Printed Open Front Longline Shrug,Shrug,1199.0,Black,WISSTLER,http://assets.myntassets.com/assets/images/10197809/2019/7/11/171c63f3-e11f-483c-9e20-6fc43cbdd6021562835456861-WISSTLER-Women-Black-Shrug-5441562835455344-1.jpg,1335.0,4.289887640449439,"Black ad off-white printed open front longline shrug, has three-quarter bell sleeves, straight hemThe model (height 5'8'') is wearing a size SPoly Georgette<br> Hand-wash","{'Body or Garment Size': 'To-Fit Denotes Body Measurements in', 'Fabric': 'Poly Georgette', 'Front Styling': 'Open Front', 'Hemline': 'Straight', 'Length': 'Longline', 'Main Trend': 'Geometric Print', 'Occasion': 'Casual', 'Pattern': 'Printed', 'Sleeve Length': 'Three-Quarter Sleeves', 'Surface Styling': 'NA', 'Wash Care': 'Hand Wash'}"
2402042,Espresso Black Solid Open Front Shrug,Shrug,999.0,Black,Espresso,http://assets.myntassets.com/assets/images/2402042/2018/1/17/11516190863484-Espresso-Womens-Waterfall-Long-Shrug-4541516190863411-1.jpg,190.0,4.547368421052632,"Black solid open front regular shrug, has long sleeves, high-low hemViscose Rayon <br> Machine-washThe model (height 5'8'') is wearing a size S","{'Body or Garment Size': 'Garment Measurements in', 'Fabric': 'Viscose Rayon', 'Front Styling': 'Open Front', 'Hemline': 'High-Low', 'Length': 'Regular', 'Main Trend': 'New Basics', 'Occasion': 'Casual', 'Pattern': 'Solid', 'Sleeve Length': 'Long Sleeves', 'Surface Styling': 'NA', 'Wash Care': 'Machine Wash'}"
9009991,Style Quotient Off-White Solid Open Front Shrug,Shrug,1499.0,Off White,Style Quotient,http://assets.myntassets.com/assets/images/9009991/2019/3/26/4f620bdb-069a-492b-85cd-adf5aad92c251553603086741-Style-Quotient-Women-Shrug-8311553603084815-1.jpg,384.0,4.033854166666667,"Off-White solid open front regular shrug, has three-quarter sleeves, straight hemThe model (height 5'8'') is wearing a size SCotton<br>Hand-wash","{'Body or Garment Size': 'Garment Measurements in', 'Fabric': 'Cotton', 'Front Styling': 'Open Front', 'Hemline': 'Straight', 'Length': 'Regular', 'Main Trend': 'New Basics', 'Occasion': 'Casual', 'Pattern': 'Solid', 'Sleeve Length': 'Three-Quarter Sleeves', 'Surface Styling': 'NA', 'Wash Care': 'Hand Wash'}"
2280926,SASSAFRAS Navy Solid Longline Open Front Shrug,Shrug,1899.0,Navy Blue,SASSAFRAS,http://assets.myntassets.com/assets/images/2280926/2017/12/5/11512454558985-SASSAFRAS-Navy-Blue-Solid-Open-Front-Shrug-8411512454558852-1.jpg,273.0,4.501831501831502,"Navy solid longline open front shrug, has long sleeves, two pockets, straight hemThe model (height 5'8'') is wearing a size S95% polyester, 5% spandex<br>Hand-wash","{'Body or Garment Size': 'To-Fit Denotes Body Measurements in', 'Fabric': 'Polyester', 'Front Styling': 'Open Front', 'Hemline': 'Straight', 'Length': 'Longline', 'Main Trend': 'Nautical', 'Occasion': 'Casual', 'Pattern': 'Solid', 'Sleeve Length': 'Long Sleeves', 'Surface Styling': 'Chest Pocket', 'Wash Care': 'Hand Wash'}"
10720170,Style Quotient Women Pink Self Design Crop Shrug,Crop Shrug,1399.0,Pink,Style Quotient,http://assets.myntassets.com/assets/images/10720170/2019/11/23/632759e2-a45b-48df-82fa-0fd580325b7d1574511581425-Style-Quotient-Women-Shrug-2201574511580200-1.jpg,70.0,3.9857142857142858,"Pink self design crop shrug with brooch, has three-quarter sleeves, straight hemMaterial: Cotton<br> Hand WashThe model (height 5'8'') is wearing a size S","{'Body or Garment Size': 'Garment Measurements in', 'Fabric': 'Cotton', 'Front Styling': 'Button', 'Hemline': 'Straight', 'Length': 'Crop', 'Main Trend': 'Floral Print', 'Occasion': 'Casual', 'Pattern': 'Self Design', 'Sleeve Length': 'Three-Quarter Sleeves', 'Surface Styling': 'NA', 'Wash Care': 'Hand Wash'}"
7842635,SCORPIUS Pink Printed Long line Shrug,Shrug,1299.0,Pink,SCORPIUS,http://assets.myntassets.com/assets/images/productimage/2018/11/22/01a721cf-5978-44ac-90a0-bb464709fbc21542834184419-1.jpg,241.0,3.804979253112033,"Pink printed open front longline shrug ,has three-quarter sleeves, straight hemPoly Georgette<br>Hand WashThe model (height 5'8'') is wearing a size S","{'Body or Garment Size': 'Garment Measurements in', 'Fabric': 'Poly Georgette', 'Front Styling': 'Open Front', 'Hemline': 'Straight', 'Length': 'Longline', 'Main Trend': 'Floral Print', 'Occasion': 'Casual', 'Pattern': 'Printed', 'Sleeve Length': 'Three-Quarter Sleeves', 'Surface Styling': 'NA', 'Wash Care': 'Hand Wash'}"
2977056,SCORPIUS White & Maroon Printed Open Front Shrug,Shrug,1299.0,White,SCORPIUS,http://assets.myntassets.com/assets/images/2977056/2018/3/7/11520412575097-Na-1951520412574912-1.jpg,41.0,3.731707317073171,"White and maroon printed open front longline shrug, has short sleeves, asymmetric hemPolyester<br>Dry-cleanThe model (height 5'8'') is wearing a size S","{'Body or Garment Size': 'Garment Measurements in', 'Fabric': 'Poly Crepe', 'Front Styling': 'Open Front', 'Hemline': 'Asymmetric', 'Length': 'Longline', 'Main Trend': 'Floral Print', 'Occasion': 'Casual', 'Pattern': 'Printed', 'Sleeve Length': 'Short Sleeves', 'Surface Styling': 'NA', 'Wash Care': 'Dry Clean'}"
2402024,Espresso Off-White Solid Open Front Shrug,Shrug,999.0,Off White,Espresso,http://assets.myntassets.com/assets/images/2402024/2018/1/17/11516190680198-Espresso-Womens-Waterfall-Long-Shrug-6611516190680090-1.jpg,17.0,4.235294117647059,"Off-White solid open front regular shrug, has three-quarter sleeves, high-low hemThe model (height 5'8'') is wearing a size SViscose Rayon <br> Machine-wash","{'Body or Garment Size': 'Garment Measurements in', 'Fabric': 'Viscose Rayon', 'Front Styling': 'Open Front', 'Hemline': 'High-Low', 'Length': 'Regular', 'Main Trend': 'New Basics', 'Occasion': 'Casual', 'Pattern': 'Solid', 'Sleeve Length': 'Three-Quarter Sleeves', 'Surface Styling': 'NA', 'Wash Care': 'Machine Wash'}"
5834676,Style Quotient by noi Green Solid Crop Shrug,Crop Shrug,1299.0,Green,Style Quotient,http://assets.myntassets.com/assets/images/5834676/2018/5/28/bacf2a72-6b11-4f66-b99b-091d59fa04151527498684711-Style-Quotient-Green-Solid-Button-Shrug-6391527498684594-1.jpg,60.0,4.266666666666667,"Green solid button crop shrug, has three-quarter sleeves, button closure, straight hemAcrylic<br>Hand-washThe model (height 5'8'') is wearing a size S","{'Body or Garment Size': 'Garment Measurements in', 'Fabric': 'Acrylic', 'Front Styling': 'Button', 'Hemline': 'Straight', 'Length': 'Crop', 'Main Trend': 'New Basics', 'Occasion': 'Casual', 'Pattern': 'Solid', 'Sleeve Length': 'Three-Quarter Sleeves', 'Surface Styling': 'NA', 'Wash Care': 'Hand Wash'}"
9076959,Style Quotient Women Mustard Yellow Solid Cropped Shrug,Shrug,1299.0,Mustard,Style Quotient,http://assets.myntassets.com/assets/images/9076959/2019/4/4/9945dba6-0dc7-40a4-8196-487ed7ec6b8d1554376720195-Style-Quotient-Women-Shrug-8581554376718641-1.jpg,45.0,4.422222222222223,"Mustard yellow solid shrug, has a round neck, three-quarter sleeves, ribbed hem, single button closureThe model (height 5'8"") is wearing a size SCotton<br>Hand-wash","{'Fabric': 'Cotton', 'Front Styling': 'Button', 'Hemline': 'Straight', 'Length': 'Crop', 'Main Trend': 'New Basics', 'Occasion': 'Casual', 'Pattern': 'Solid', 'Sleeve Length': 'Long Sleeves', 'Surface Styling': 'NA', 'Wash Care': 'Machine Wash'}"
7812107,Hypernation Rust Solid Open Front Shrug,Shrug,985.0,Rust,Hypernation,http://assets.myntassets.com/assets/images/7812107/2018/11/20/58fa3d5f-ef6a-48c6-8a88-a4d8438091d61542696833920-Hypernation-Rust-Solid-Open-Front-Shrug-9811542696833703-1.jpg,69.0,4.144927536231884,"Peach-coloured solid open front regular shrug, has long sleeves, asymmetric hemThe model (height 5'8'') is wearing a size SCotton<br>Machine-wash","{'Body or Garment Size': 'Garment Measurements in', 'Fabric': 'Cotton', 'Front Styling': 'Open Front', 'Hemline': 'Asymmetric', 'Length': 'Regular', 'Main Trend': 'New Basics', 'Occasion': 'Casual', 'Pattern': 'Solid', 'Sleeve Length': 'Long Sleeves', 'Surface Styling': 'NA', 'Wash Care': 'Machine Wash'}"
2322431,Hypernation Navy Blue Solid Open Front Shrug,Shrug,985.0,Navy Blue,Hypernation,http://assets.myntassets.com/assets/images/2322431/2017/12/8/11512734437424-Hypernation-Navy-Blue-Solid-Open-Front-Shrug-1611512734437024-1.jpg,18.0,4.444444444444445,"Navy Blue solid open front longline shrug, has long sleeves, asymmetric hemCotton <br> Hand-washThe model (height 5'8'') is wearing a size S","{'Body or Garment Size': 'Garment Measurements in', 'Fabric': 'Cotton', 'Front Styling': 'Open Front', 'Hemline': 'Asymmetric', 'Length': 'Longline', 'Main Trend': 'New Basics', 'Occasion': 'Casual', 'Pattern': 'Solid', 'Sleeve Length': 'Long Sleeves', 'Surface Styling': 'NA', 'Wash Care': 'Hand Wash'}"
2254373,SCORPIUS Navy Blue Solid Open Front Longline Shrug,Shrug,1699.0,Navy Blue,SCORPIUS,http://assets.myntassets.com/assets/images/2254373/2017/11/16/11510819120412-na-2541510819120236-1.jpg,14.0,4.285714285714286,"<p>Navy blue solid open front longline shrug, has long sleeves, straight hem</p><p>The model (height 5'8'') is wearing a size S</p><p>Cotton<br>Hand-wash</p>","{'Body or Garment Size': 'Garment Measurements in', 'Fabric': 'Cotton', 'Front Styling': 'Open Front', 'Hemline': 'Straight', 'Length': 'Longline', 'Main Trend': 'Nautical', 'Occasion': 'Casual', 'Pattern': 'Solid', 'Sleeve Length': 'Long Sleeves', 'Surface Styling': 'NA', 'Wash Care': 'Hand Wash'}"
9339603,SCORPIOUS Women Pack of two Shrugs,Shrugs,2098.0,Multi,SCORPIUS,http://assets.myntassets.com/assets/images/9339603/2019/4/30/076efe28-d5c4-4048-bb84-e01bff3e16051556612896839-SCORPIOUS-Women-Pack-of-two-Shrugs-4661556612895361-1.jpg,13.0,3.3076923076923075,"Pack of two shrugs<br>Red solid open front regular shrug, has long sleeves, straight hem<br>Multicoloured printed open front longline shrug, has three-quarter sleeves, straight hemPoly Georgette<br>Hand-wash<br><br>Poly Chiffon<br>Hand-wash<p>The model (height 5'8"") is wearing a size S</p>","{'Body or Garment Size': 'Garment Measurements in', 'Fabric': 'Poly Chiffon', 'Front Styling': 'Open Front', 'Hemline': 'Straight', 'Length': 'Longline', 'Main Trend': 'Floral Print', 'Occasion': 'Casual', 'Pattern': 'Printed', 'Sleeve Length': 'Three-Quarter Sleeves', 'Surface Styling': 'NA', 'Wash Care': 'Hand Wash'}"
10166591,Hypernation Women Grey Solid Open Front Shrug,Shrug,985.0,Grey,Hypernation,http://assets.myntassets.com/assets/images/productimage/2019/6/28/64134b15-4c6b-4c3b-9df9-abf2f226e8a31561716085079-1.jpg,12.0,4.083333333333333,"Grey solid open front longline shrug, has sleeveless, asymmetric hem65% Cotton 35% Polyester<br>Machine-washThe model (height 5'8'') is wearing a size S","{'Fabric': 'Polycotton', 'Front Styling': 'Open Front', 'Hemline': 'Asymmetric', 'Length': 'Longline', 'Main Trend': 'New Basics', 'Occasion': 'Casual', 'Pattern': 'Solid', 'Sleeve Length': 'Sleeveless', 'Surface Styling': 'NA', 'Wash Care': 'Machine Wash'}"
10713112,Rute Women Red Self Design Lace Open Front Shrug,Shrug,2099.0,Red,Rute,http://assets.myntassets.com/assets/images/productimage/2019/9/24/62d178fe-650d-41cf-9c7d-2fc03a18a1ab1569271407371-1.jpg,6.0,3.6666666666666665,"Red self design lace open front regular shrug, has three-quarter sleeves, straight hemThe model (height 5'8'') is wearing a size S100% Cotton Lace<br>Machine-wash","{'Body or Garment Size': 'Garment Measurements in', 'Fabric': 'Cotton', 'Front Styling': 'Open Front', 'Hemline': 'Straight', 'Length': 'Regular', 'Main Trend': 'New Basics', 'Occasion': 'Casual', 'Pattern': 'Self Design', 'Sleeve Length': 'Three-Quarter Sleeves', 'Surface Styling': 'NA', 'Wash Care': 'Machine Wash'}"
2281186,SCORPIUS Red Solid Open Front Shrug,Shrug,899.0,Red,SCORPIUS,http://assets.myntassets.com/assets/images/2281186/2017/11/25/11511598846691-SCORPIUS-Women-Shrug-6341511598846565-1.jpg,,,"Red solid open front regular shrug, has long sleeves, straight hemThe model (height 5'8'') is wearing a size SPoly Georgette <br> Hand-wash","{'Body or Garment Size': 'Garment Measurements in', 'Fabric': 'Poly Georgette', 'Front Styling': 'Open Front', 'Hemline': 'Straight', 'Length': 'Regular', 'Main Trend': 'New Basics', 'Occasion': 'Casual', 'Pattern': 'Solid', 'Sleeve Length': 'Long Sleeves', 'Surface Styling': 'NA', 'Wash Care': 'Hand Wash'}"
1979165,Label Ritu Kumar Blue Printed Longline Shrug,Shrug,3890.0,Blue,Label Ritu Kumar,http://assets.myntassets.com/assets/images/1979165/2017/6/29/11498719099654-Label-Ritu-Kumar-Women-Shrug-3821498719099456-1.jpg,,,"Blue woven printed longline shrug, has an open front and long sleevesViscose<br>Dry-cleanThis model (Height 5'7"") is wearing a size S","{'Body or Garment Size': 'To-Fit Denotes Body Measurements in', 'Fabric': 'Viscose Rayon', 'Length': 'Longline', 'Main Trend': 'Geometric Print', 'Occasion': 'Casual', 'Pattern': 'Printed', 'Sleeve Length': 'Long Sleeves', 'Surface Styling': 'NA', 'Wash Care': 'Dry Clean'}"
7811531,Hypernation Burgundy Solid Open Front Shrug,Shrug,999.0,Burgundy,Hypernation,http://assets.myntassets.com/assets/images/7811531/2018/11/20/09416ba3-f719-4c57-8a2c-6569016e77df1542691402393-na-1051542691402140-1.jpg,6.0,3.5,"Burgundy solid open front longline shrug, has long sleeves, straight hemCotton<br>Machine-washThe model (height 5'8'') is wearing a size S","{'Body or Garment Size': 'Garment Measurements in', 'Fabric': 'Cotton', 'Front Styling': 'Open Front', 'Hemline': 'Straight', 'Length': 'Longline', 'Main Trend': 'New Basics', 'Occasion': 'Casual', 'Pattern': 'Solid', 'Sleeve Length': 'Long Sleeves', 'Surface Styling': 'NA', 'Wash Care': 'Machine Wash'}"
2158003,Rue Collection Pink Floral Print Long Shrug,Shrug,2199.0,Pink,Rue Collection,http://assets.myntassets.com/assets/images/2158003/2017/10/4/11507108156543-Rue-Collection-Pink-Floral-Print-Long-Shrug-8711507108156292-1.jpg,,,"Pink woven floral print longline shrug, has an open front, short sleeves, slit hemThe model (height 5'7"") is wearing a size SPolyester<br>Machine-wash","{'Body or Garment Size': 'Garment Measurements in', 'Fabric': 'Polyester', 'Front Styling': 'Open Front', 'Hemline': 'Straight', 'Length': 'Longline', 'Main Trend': 'Floral Print', 'Occasion': 'Casual', 'Pattern': 'Printed', 'Sleeve Length': 'Short Sleeves', 'Surface Styling': 'NA', 'Wash Care': 'Machine Wash'}"
610761,Owncraft White Checked Woollen Shrug,Shrug,2199.0,White,Owncraft,http://assets.myntassets.com/assets/images/610761/2021/12/16/ff079a62-1da8-4779-9827-032b5e1e9aa91639643643193OwncraftWhiteCheckedWoollenShrug1.jpg,,,"<p>White shrug, sleeveless, has checked detail throughout, a contrast shawl collar with stitched detail, open front, uneven hem</p><p>The model (height 5'8"" and chest 33"") is wearing a size S</p><p>Wool<br>Dry clean</p>","{'Better Cotton Initiative': 'Regular', 'Body or Garment Size': 'Garment Measurements in', 'Fabric': 'Wool', 'Front Styling': 'Open Front', 'Hemline': 'Dipped', 'Length': 'Regular', 'Main Trend': 'New Basics', 'Occasion': 'Casual', 'Pattern': 'Checked', 'Sleeve Length': 'Sleeveless', 'Surface Styling': 'NA', 'Sustainable': 'Regular', 'Wash Care': 'Dry Clean'}"
9339451,SCORPIOUS Women Pack of two Shrugs,Shrugs,2098.0,Multi,SCORPIUS,http://assets.myntassets.com/assets/images/9339451/2019/4/30/cc20e6be-8cb4-4703-927c-41bb2a834e301556609177657-SCORPIOUS-Women-Pack-of-two-Shrugs-2291556609175540-1.jpg,37.0,3.3783783783783785,"Pack of two shrugs<br>Multicoloured printed open front longline shrug, has three-quarter sleeves, straight hem<br>Coral-coloured printed open front regular shrug, has long sleeves, straight hem<p>The model (height 5'8"") is wearing a size S</p>Poly Chiffon<br>Hand-wash<br><br>Poly georgette<br>Hand-wash","{'Body or Garment Size': 'Garment Measurements in', 'Fabric': 'Poly Chiffon', 'Front Styling': 'Open Front', 'Hemline': 'Straight', 'Length': 'Longline', 'Main Trend': 'Floral Print', 'Occasion': 'Casual', 'Pattern': 'Printed', 'Sleeve Length': 'Three-Quarter Sleeves', 'Surface Styling': 'NA', 'Wash Care': 'Hand Wash'}"
9339607,SCORPIOUS Women Pack of two Shrugs,Shrugs,2098.0,Multi,SCORPIUS,http://assets.myntassets.com/assets/images/9339607/2019/4/30/aa12d009-16e1-4ea9-93f2-ed3d18e1cfc01556612906032-SCORPIOUS-Women-Pack-of-two-Shrugs-2801556612903112-1.jpg,35.0,3.4,"Pack of two shrugs<br>Multicoloured printed open front longline shrug, has long sleeves, straight hem<br>Coral-coloured printed open front regular shrug, has long sleeves, straight hem<p>The model (height 5'8"") is wearing a size S</p>Poly Chiffon<br>Dry-clean<br><br>Poly georgette<br>Hand-wash","{'Body or Garment Size': 'Garment Measurements in', 'Fabric': 'Poly Chiffon', 'Front Styling': 'Open Front', 'Hemline': 'Straight', 'Length': 'Longline', 'Main Trend': 'Floral Print', 'Occasion': 'Casual', 'Pattern': 'Printed', 'Sleeve Length': 'Long Sleeves', 'Surface Styling': 'NA', 'Wash Care': 'Dry Clean'}"
8928319,Hypernation Khaki Solid Open Front Longline Shrug,Shrug,999.0,Khaki,Hypernation,http://assets.myntassets.com/assets/images/8928319/2019/3/22/f5216e58-e0ae-47a7-9cc6-1828a7d8e7d71553247633364-Hypernation-Khaki-Solid-Open-Front-Longline-Shrug-8301553247-1.jpg,5.0,4.8,"Khaki solid open front longline shrug, has long sleeves, asymmetric hemThe model (height 5'8'') is wearing a size S65% Cotton and 35% Polyester&nbsp;<br>Machine-wash","{'Body or Garment Size': 'Garment Measurements in', 'Fabric': 'Polycotton', 'Front Styling': 'Open Front', 'Hemline': 'Asymmetric', 'Length': 'Longline', 'Main Trend': 'New Basics', 'Occasion': 'Casual', 'Pattern': 'Solid', 'Sleeve Length': 'Long Sleeves', 'Surface Styling': 'NA', 'Wash Care': 'Machine Wash'}"
8928317,Hypernation Rust Brown Solid Open Front Longline Shrug,Shrug,999.0,Rust,Hypernation,http://assets.myntassets.com/assets/images/8928317/2019/3/19/57eaff12-d422-4b17-ba23-1bbaa81f45391552997145540-Hypernation-Rust-Brown-Solid-Open-Front-Longline-Shrug-49015-1.jpg,,,"Rust brown solid open front longline shrug, has long sleeves, asymmetric hem100% Cotton<br>Machine-washThe model (height 5'8'') is wearing a size S","{'Body or Garment Size': 'Garment Measurements in', 'Fabric': 'Cotton', 'Front Styling': 'Open Front', 'Hemline': 'Asymmetric', 'Length': 'Longline', 'Main Trend': 'New Basics', 'Occasion': 'Casual', 'Pattern': 'Solid', 'Sleeve Length': 'Long Sleeves', 'Surface Styling': 'NA', 'Wash Care': 'Machine Wash'}"
7811579,Hypernation Charcoal Solid Open Front Longline Shrug,Shrug,999.0,Charcoal,Hypernation,http://assets.myntassets.com/assets/images/7811579/2018/11/20/abd4f5f9-b749-45d4-b3c8-b437f99ec3d61542691973483-na-2011542691973173-1.jpg,,,"Charcoal solid open front longline shrug, has long sleeves, asymmetric hem100% cotton<br>Machine-washThe model (height 5'8'') is wearing a size S","{'Body or Garment Size': 'Garment Measurements in', 'Fabric': 'Cotton', 'Front Styling': 'Open Front', 'Hemline': 'Asymmetric', 'Length': 'Longline', 'Main Trend': 'New Basics', 'Occasion': 'Casual', 'Pattern': 'Solid', 'Sleeve Length': 'Long Sleeves', 'Surface Styling': 'NA', 'Wash Care': 'Machine Wash'}"
7811561,Hypernation Orange Solid Open Front Shrug,Shrug,999.0,Orange,Hypernation,http://assets.myntassets.com/assets/images/7811561/2018/11/20/7fc22975-704b-49ba-bf1c-7a74c1207e181542701207337-Hypernation-Orange-Solid-Open-Front-Shrug-7061542701207165-1.jpg,,,"Orange solid open front longline shrug, has long sleeves, asymmetric hemThe model (height 5'8'') is wearing a size SCotton<br> Machine-wash","{'Body or Garment Size': 'Garment Measurements in', 'Fabric': 'Cotton', 'Front Styling': 'Open Front', 'Hemline': 'Asymmetric', 'Length': 'Longline', 'Main Trend': 'New Basics', 'Occasion': 'Casual', 'Pattern': 'Solid', 'Sleeve Length': 'Long Sleeves', 'Surface Styling': 'NA', 'Wash Care': 'Machine Wash'}"
7811555,Hypernation Brown Solid Open Front Shrug,Shrug,999.0,Brown,Hypernation,http://assets.myntassets.com/assets/images/7811555/2018/11/20/4b7e69dd-d5b6-4abe-b454-65a8c166079e1542691631182-na-1161542691631018-1.jpg,,,"Brown solid open front longline shrug, has long sleeves, asymmetric hemThe model (height 5'8'') is wearing a size SCotton<br>Machine-wash","{'Body or Garment Size': 'Garment Measurements in', 'Fabric': 'Cotton', 'Front Styling': 'Open Front', 'Hemline': 'Asymmetric', 'Length': 'Longline', 'Main Trend': 'New Basics', 'Occasion': 'Casual', 'Pattern': 'Solid', 'Sleeve Length': 'Long Sleeves', 'Surface Styling': 'NA', 'Wash Care': 'Machine Wash'}"
9338433,SCORPIOUS Women Pack of Shrug & Top,"Shrug, Top",2198.0,Multi,SCORPIUS,http://assets.myntassets.com/assets/images/9338433/2019/4/27/b89b04d5-ae96-4295-a279-a2b192e425b31556350387054-SCORPIOUS-Women-Pack-of-Shrug--Top-5411556350385600-1.jpg,831.0,4.193742478941035,"<p>Pack of shrug and top<br><br><b>SCORPIUS Women Black Solid Crop Top</b><br>Black solid knitted regular top, has a high neck, short sleeves<br><br><b>SCORPIUS Multicoloured Printed Open Front Shrug</b><br>Multicoloured printed open front longline shrug, has long sleeves, straight hem</p><p>The model (height 5'8"") is wearing a size S</p><p>Polycotton <br> Dry-clean<br>Poly Chiffon <br> Dry-clean</p>","{'Body or Garment Size': 'Garment Measurements in', 'Fabric': 'Poly Chiffon', 'Front Styling': 'Open Front', 'Hemline': 'Straight', 'Length': 'Longline', 'Main Trend': 'Floral Print', 'Occasion': 'Casual', 'Pattern': 'Printed', 'Sleeve Length': 'Long Sleeves', 'Surface Styling': 'NA', 'Wash Care': 'Dry Clean'}"
9338423,SCORPIOUS Women Pack of Shrug & Top,"Shrug, Top",2198.0,Multi,SCORPIUS,http://assets.myntassets.com/assets/images/9338423/2019/4/27/c2de2ceb-303e-4192-84cd-ff2cacfcddd91556350301134-SCORPIOUS-Women-Pack-of-Shrug--Top-6611556350299381-1.jpg,15.0,3.4,"<p>Pack of shrug and top<br><br><b>SCORPIUS Women Multicoloured Printed Top</b><br>Multicoloured printed woven regular top, has a round neck, short sleeves<br><br><b>SCORPIUS Multicoloured Printed Open Front Shrug</b><br>Multicoloured printed open front longline shrug, has long sleeves, straight hem</p><p>The model (height 5'8"") is wearing a size S</p><p>Viscose Rayon <br> Hand wash<br>Poly Chiffon <br> Dry-clean</p>","{'Body or Garment Size': 'Garment Measurements in', 'Fabric': 'Poly Chiffon', 'Front Styling': 'Open Front', 'Hemline': 'Straight', 'Length': 'Longline', 'Main Trend': 'Floral Print', 'Occasion': 'Casual', 'Pattern': 'Printed', 'Sleeve Length': 'Long Sleeves', 'Surface Styling': 'NA', 'Wash Care': 'Dry Clean'}"
9338421,SCORPIOUS Women Pack of Shrug & Top,"Shrug, Top",2198.0,Multi,SCORPIUS,http://assets.myntassets.com/assets/images/9338421/2019/4/27/1289ad88-c392-48dc-9669-ed0948f67ca61556350287685-SCORPIOUS-Women-Pack-of-Shrug--Top-2881556350285998-1.jpg,20.0,3.75,"<p>Pack of shrug and top<br><br><b>SCORPIUS Multicoloured Printed Open Front Shrug</b><br>Multicoloured printed open front longline shrug, has long sleeves, straight hem<br><br><b>SCORPIUS Women Red Solid Top</b><br>Red solid knitted regular top, has a round neck, three-quarter sleeves</p><p>Poly Chiffon <br> Dry-clean<br>Pure Cotton <br> Hand wash</p><p>The model (height 5'8"") is wearing a size S</p>","{'Body or Garment Size': 'Garment Measurements in', 'Fabric': 'Poly Chiffon', 'Front Styling': 'Open Front', 'Hemline': 'Straight', 'Length': 'Longline', 'Main Trend': 'Floral Print', 'Occasion': 'Casual', 'Pattern': 'Printed', 'Sleeve Length': 'Long Sleeves', 'Surface Styling': 'NA', 'Wash Care': 'Dry Clean'}"
9338283,SCORPIOUS Women Pack of Shrug & Top,"Shrug, Top",2198.0,Multi,SCORPIUS,http://assets.myntassets.com/assets/images/9338283/2019/4/27/6ff1dfed-06ba-40b7-bc7a-50cf202b4eda1556361185030-SCORPIOUS-Women-Pack-of-Shrug--Top-1851556361183022-1.jpg,46.0,4.043478260869565,"<p>Pack of shrug and top<br><br><b>SCORPIUS Multicoloured Printed Open Front Shrug</b><br>Multicoloured printed open front longline shrug, has three-quarter sleeves, straight hem<br><br><b>SCORPIUS Women Blue Solid Top</b><br>Blue solid knitted regular top, has a high neck, short sleeves</p><p>Poly Chiffon <br> Hand wash<br>Cotton Blend<br> Hand wash</p><p>The model (height 5'8"") is wearing a size S</p>","{'Body or Garment Size': 'Garment Measurements in', 'Fabric': 'Poly Chiffon', 'Front Styling': 'Open Front', 'Hemline': 'Straight', 'Length': 'Longline', 'Main Trend': 'Floral Print', 'Occasion': 'Casual', 'Pattern': 'Printed', 'Sleeve Length': 'Three-Quarter Sleeves', 'Surface Styling': 'NA', 'Wash Care': 'Hand Wash'}"
9338281,SCORPIOUS Women Pack of Shrug & Top,"Shrug, Top",2198.0,Multi,SCORPIUS,http://assets.myntassets.com/assets/images/9338281/2019/4/27/1781de0e-94cf-4b95-8328-eb903ec90c0c1556361171852-SCORPIOUS-Women-Pack-of-Shrug--Top-7261556361170150-1.jpg,482.0,3.589211618257261,"<p>Pack of shrug and top<br><br><b>SCORPIUS Multicoloured Printed Open Front Shrug</b><br>Multicoloured printed open front longline shrug, has three-quarter sleeves, straight hem<br><br><b>SCORPIUS Women Maroon Solid Top</b><br>Maroon solid knitted regular top, has a round neck, short sleeves</p><p>The model (height 5'8"") is wearing a size S</p><p>Poly Chiffon <br> Hand wash<br>Cotton Blend<br> Hand wash</p>","{'Body or Garment Size': 'Garment Measurements in', 'Fabric': 'Poly Chiffon', 'Front Styling': 'Open Front', 'Hemline': 'Straight', 'Length': 'Longline', 'Main Trend': 'Floral Print', 'Occasion': 'Casual', 'Pattern': 'Printed', 'Sleeve Length': 'Three-Quarter Sleeves', 'Surface Styling': 'NA', 'Wash Care': 'Hand Wash'}"
9338279,SCORPIOUS Women Pack of Shrug & Top,"Shrug, Top",2198.0,Multi,SCORPIUS,http://assets.myntassets.com/assets/images/9338279/2019/4/27/51de6d57-823d-4e7c-81e2-b00aa29210791556361144085-SCORPIOUS-Women-Pack-of-Shrug--Top-3501556361141788-1.jpg,16.0,3.875,"<p>Pack of shrug and top<br><br><b>SCORPIUS Women Green Solid Top</b><br>Green solid knitted regular top, has a round neck, short sleeves<br><br><b>SCORPIUS Multicoloured Printed Open Front Shrug</b><br>Multicoloured printed open front longline shrug, has three-quarter sleeves, straight hem</p><p>The model (height 5'8"") is wearing a size S</p><p>Cotton Blend<br>Hand wash<br>Poly Chiffon <br> Hand wash</p>","{'Body or Garment Size': 'Garment Measurements in', 'Fabric': 'Poly Chiffon', 'Front Styling': 'Open Front', 'Hemline': 'Straight', 'Length': 'Longline', 'Main Trend': 'Floral Print', 'Occasion': 'Casual', 'Pattern': 'Printed', 'Sleeve Length': 'Three-Quarter Sleeves', 'Surface Styling': 'NA', 'Wash Care': 'Hand Wash'}"
9338273,SCORPIOUS Women Pack of Shrug & Top,"Shrug, Top",2198.0,Multi,SCORPIUS,http://assets.myntassets.com/assets/images/9338273/2019/4/27/9c891a78-14da-4dd2-9269-bee0864d67961556361103280-SCORPIOUS-Women-Pack-of-Shrug--Top-2741556361101875-1.jpg,104.0,3.923076923076923,"<p>Pack of shrug and top<br><br><b>SCORPIUS Women Black Solid Crop Top</b><br>Black solid knitted Crop top, has a round neck, short sleeves<br><br><b>SCORPIUS Multicoloured Printed Open Front Shrug</b><br>Multicoloured printed open front longline shrug, has three-quarter sleeves, straight hem</p><p>Viscose Rayon<br> Hand wash<br>Poly Chiffon <br> Hand wash</p><p>The model (height 5'8"") is wearing a size S</p>","{'Body or Garment Size': 'Garment Measurements in', 'Fabric': 'Poly Chiffon', 'Front Styling': 'Open Front', 'Hemline': 'Straight', 'Length': 'Longline', 'Main Trend': 'Floral Print', 'Occasion': 'Casual', 'Pattern': 'Printed', 'Sleeve Length': 'Three-Quarter Sleeves', 'Surface Styling': 'NA', 'Wash Care': 'Hand Wash'}"
9338271,SCORPIOUS Women Pack of Shrug & Top,"Shrug, Top",2198.0,Multi,SCORPIUS,http://assets.myntassets.com/assets/images/9338271/2019/4/27/df596fe0-e1f7-4d42-bf11-1e6fb2335c921556361094834-SCORPIOUS-Women-Pack-of-Shrug--Top-9421556361093128-1.jpg,11.0,3.636363636363636,"<p>Pack of shrug and top<br><br><b>SCORPIUS Women Blue Solid Crop Top</b><br>Blue solid knitted Crop top, has a round neck, short sleeves<br><br><b>SCORPIUS Multicoloured Printed Open Front Shrug</b><br>Multicoloured printed open front longline shrug, has three-quarter sleeves, straight hem</p><p>The model (height 5'8"") is wearing a size S</p><p>Viscose Rayon<br>Hand wash<br>Poly Chiffon <br> Hand wash</p>","{'Body or Garment Size': 'Garment Measurements in', 'Fabric': 'Poly Chiffon', 'Front Styling': 'Open Front', 'Hemline': 'Straight', 'Length': 'Longline', 'Main Trend': 'Floral Print', 'Occasion': 'Casual', 'Pattern': 'Printed', 'Sleeve Length': 'Three-Quarter Sleeves', 'Surface Styling': 'NA', 'Wash Care': 'Hand Wash'}"
9338261,SCORPIOUS Women Pack of Shrug & Top,"Shrug, Top",2198.0,Multi,SCORPIUS,http://assets.myntassets.com/assets/images/9338261/2019/4/27/961e357e-f673-4002-95aa-e63014b2fcc81556361017276-SCORPIOUS-Women-Pack-of-Shrug--Top-1341556361015883-1.jpg,40.0,3.85,"<p>Pack of shrug and top<br><br><b>SCORPIUS Women Red Solid Top</b><br>Red solid knitted regular top, has a boat neck, three-quarter sleeves, lace detail<br><br><b>SCORPIUS Multicoloured Printed Open Front Shrug</b><br>Multicoloured printed open front longline shrug, has three-quarter sleeves, straight hem</p><p>The model (height 5'8"") is wearing a size S</p><p>Viscose Rayon<br> Hand wash<br>Poly Chiffon <br> Hand wash</p>","{'Body or Garment Size': 'Garment Measurements in', 'Fabric': 'Poly Chiffon', 'Front Styling': 'Open Front', 'Hemline': 'Straight', 'Length': 'Longline', 'Main Trend': 'Floral Print', 'Occasion': 'Casual', 'Pattern': 'Printed', 'Sleeve Length': 'Three-Quarter Sleeves', 'Surface Styling': 'NA', 'Wash Care': 'Hand Wash'}"
9338259,SCORPIOUS Women Pack of Shrug & Top,"Shrug, Top",2198.0,Multi,SCORPIUS,http://assets.myntassets.com/assets/images/9338259/2019/4/27/07b4f2f9-e82c-40fd-836c-85b62b6947f61556361002880-SCORPIOUS-Women-Pack-of-Shrug--Top-8531556361000463-1.jpg,11.0,3.636363636363636,"<p>Pack of shrug and top<br><br><b>SCORPIUS Multicoloured Printed Open Front Shrug</b><br>Multicoloured printed open front longline shrug, has three-quarter sleeves, straight hem<br><br><b>SCORPIUS Women Multicoloured Printed Tiered Top</b><br>Multicoloured printed knitted tiered top, has shoulder straps</p><p>Poly Chiffon <br> Hand wash<br>Viscose Rayon<br>Hand wash</p><p>The model (height 5'8"") is wearing a size S</p>","{'Body or Garment Size': 'Garment Measurements in', 'Fabric': 'Poly Chiffon', 'Front Styling': 'Open Front', 'Hemline': 'Straight', 'Length': 'Longline', 'Main Trend': 'Floral Print', 'Occasion': 'Casual', 'Pattern': 'Printed', 'Sleeve Length': 'Three-Quarter Sleeves', 'Surface Styling': 'NA', 'Wash Care': 'Hand Wash'}"
10182373,Style Quotient Women Black & Golden Self Design Shrug,Shrug,1299.0,Black,Style Quotient,http://assets.myntassets.com/assets/images/10182373/2019/7/25/1dac351f-6cf8-4fb4-9175-41453ea404721564043518548-Style-Quotient-Women-Shrug-511564043513644-1.jpg,74.0,3.932432432432433,"Black and golden self design crop shrug, has three-quarter sleeves, straight hem, button closureCotton<br> Hand-washThe model (height 5'8'') is wearing a size S","{'Body or Garment Size': 'Garment Measurements in', 'Fabric': 'Cotton', 'Front Styling': 'Button', 'Hemline': 'Straight', 'Length': 'Crop', 'Main Trend': 'New Basics', 'Occasion': 'Party', 'Pattern': 'Self Design', 'Sleeve Length': 'Three-Quarter Sleeves', 'Surface Styling': 'NA', 'Wash Care': 'Hand Wash'}"
10856140,SASSAFRAS Women Burgundy Ribbed Longline Open Front Shrug,Shrug,1799.0,Burgundy,SASSAFRAS,http://assets.myntassets.com/assets/images/10856140/2019/11/2/3e0ca55d-916b-489a-a2af-f03a6f4426ef1572679900333-SASSAFRAS-Women-Shrug-9191572679899399-1.jpg,3531.0,4.558198810535259,"Burgundy ribbed open front longline shrug, has long sleeves, straight hem98% cotton, 2% spandex<br>Hand-washThe model (height 5'8'') is wearing a size S","{'Body or Garment Size': 'To-Fit Denotes Body Measurements in', 'Fabric': 'Cotton', 'Front Styling': 'Open Front', 'Hemline': 'Straight', 'Length': 'Longline', 'Main Trend': 'New Basics', 'Occasion': 'Casual', 'Pattern': 'Solid', 'Sleeve Length': 'Long Sleeves', 'Surface Styling': 'NA', 'Wash Care': 'Hand Wash'}"
5834686,Style Quotient by noi Off-White Solid Crop Shrug,Crop Shrug,1299.0,Off White,Style Quotient,http://assets.myntassets.com/assets/images/5834686/2018/5/28/b4ae9443-7af8-414f-bf63-b51cec14ed601527498761722-Style-Quotient-Off-White-Solid-Button-Shrug-8131527498761584-1.jpg,262.0,4.274809160305344,"Off-white solid crop shrug, has three-quarter sleeves, button closure, straight hemThe model (height 5'8'') is wearing a size SAcrylic<br>Machine-wash","{'Body or Garment Size': 'Garment Measurements in', 'Fabric': 'Acrylic', 'Front Styling': 'Button', 'Hemline': 'Straight', 'Length': 'Crop', 'Main Trend': 'New Basics', 'Occasion': 'Casual', 'Pattern': 'Solid', 'Sleeve Length': 'Three-Quarter Sleeves', 'Surface Styling': 'NA', 'Wash Care': 'Machine Wash'}"
6670736,StyleStone Women Blue Self Design Open Front Denim Shrug,Shrug,1599.0,Blue,StyleStone,http://assets.myntassets.com/assets/images/6670736/2018/6/7/13cab2e7-0a57-45d0-bea5-8b52aa0a1f051528352379205-StyleStone-Womens-Denim-Dark-Blue-Collar-Style-Shrug-5311528-1.jpg,25.0,4.52,"Blue self design open front crop shrug, has long sleeves, chest pocket detail, high-low hemThe model (height 5'8'') is wearing a size SCotton<br>Machine-wash","{'Body or Garment Size': 'To-Fit Denotes Body Measurements in', 'Fabric': 'Cotton', 'Front Styling': 'Open Front', 'Hemline': 'High-Low', 'Length': 'Crop', 'Main Trend': 'Indigo', 'Occasion': 'Casual', 'Pattern': 'Self Design', 'Sleeve Length': 'Long Sleeves', 'Surface Styling': 'Chest Pocket', 'Wash Care': 'Machine Wash'}"
2402033,Espresso Navy Blue Solid Open Front Shrug,Shrug,699.0,Navy Blue,Espresso,http://assets.myntassets.com/assets/images/2402033/2018/1/17/11516190757992-Espresso-Womens-Open-Cardigan-Shrug-631516190757879-1.jpg,25.0,4.68,"Navy Blue solid open front regular shrug, has three-quarter sleeves, straight hemViscose Rayon <br> Machine-washThe model (height 5'8'') is wearing a size S","{'Body or Garment Size': 'Garment Measurements in', 'Fabric': 'Viscose Rayon', 'Front Styling': 'Open Front', 'Hemline': 'Straight', 'Length': 'Regular', 'Main Trend': 'Nautical', 'Occasion': 'Casual', 'Pattern': 'Solid', 'Sleeve Length': 'Three-Quarter Sleeves', 'Surface Styling': 'NA', 'Wash Care': 'Machine Wash'}"
8946941,Cherokee Green Solid Open Front Shrug,Shrug,799.0,Green,Cherokee,http://assets.myntassets.com/assets/images/8946941/2019/3/6/b6d32a6f-7fc9-439d-b3db-a791e5d329931551869353600-Cherokee-Green-Solid-Open-Front-Shrug-5361551869351998-1.jpg,16.0,4.0625,"Green solid open front longline shrug, has long sleeves, straight hem100% Polyester<br>Machine-washThe model (height 5'8'') is wearing a size S","{'Body or Garment Size': 'Garment Measurements in', 'Fabric': 'Polyester', 'Front Styling': 'Open Front', 'Hemline': 'Straight', 'Length': 'Longline', 'Main Trend': 'New Basics', 'Occasion': 'Casual', 'Pattern': 'Solid', 'Sleeve Length': 'Long Sleeves', 'Surface Styling': 'NA', 'Wash Care': 'Machine Wash'}"
10166565,Hypernation Women Blue Solid Open Front Shrug,Shrug,985.0,Blue,Hypernation,http://assets.myntassets.com/assets/images/productimage/2019/6/28/9bdf794b-4923-42a5-bb07-55e7d80839761561716342798-1.jpg,7.0,4.428571428571429,"Blue solid open front longline shrug, has sleeveless, asymmetric hem65% Cotton 35% Polyester<br>Machine-washThe model (height 5'8'') is wearing a size S","{'Fabric': 'Polycotton', 'Front Styling': 'Open Front', 'Hemline': 'Asymmetric', 'Length': 'Longline', 'Main Trend': 'New Basics', 'Occasion': 'Casual', 'Pattern': 'Solid', 'Sleeve Length': 'Sleeveless', 'Surface Styling': 'NA', 'Wash Care': 'Machine Wash'}"
7149778,Indibelle Black & Pink Printed Button Shrug,Shrug,2299.0,Black,Indibelle,http://assets.myntassets.com/assets/images/7149778/2018/8/14/2c7a4bcd-f49e-4492-adcb-70eeee1b85481534234113089-Indibelle-Rayon-Black-Printed-Shrug-581534234112881-1.jpg,,,"Black and pink printed button longline shrug, has three-quarter sleeves, gathers detail, straight hemThe model (height 5'8'') is wearing a size SViscose Rayon<br>Hand-wash","{'Body or Garment Size': 'Garment Measurements in', 'Fabric': 'Viscose Rayon', 'Front Styling': 'Button', 'Hemline': 'Straight', 'Length': 'Longline', 'Main Trend': 'Geometric Print', 'Occasion': 'Casual', 'Pattern': 'Printed', 'Sleeve Length': 'Three-Quarter Sleeves', 'Surface Styling': 'Gathers', 'Wash Care': 'Hand Wash'}"
10319635,Belle Fille Women Orange Solid Open Front Longline Shrug,Shrug,1999.0,Orange,Belle Fille,http://assets.myntassets.com/assets/images/10319635/2019/8/6/acc47bd0-98ca-4ee3-b69a-46325073956d1565090866848-Belle-Fille-Women-Orange-Solid-Open-Front-Longline-Shrug-448-1.jpg,,,"Orange solid open front longline shrug, has long sleeves, straight hem, two pocketsCotton<br>Machine-washThe model (height 5'8'') is wearing a size S","{'Body or Garment Size': 'Garment Measurements in', 'Fabric': 'Cotton', 'Front Styling': 'Open Front', 'Hemline': 'Straight', 'Length': 'Longline', 'Main Trend': 'New Basics', 'Occasion': 'Casual', 'Pattern': 'Solid', 'Sleeve Length': 'Long Sleeves', 'Surface Styling': 'NA', 'Wash Care': 'Machine Wash'}"
10390215,Miss Chase Women Yellow Printed Longline Shrug,Shrug,1999.0,Yellow,Miss Chase,http://assets.myntassets.com/assets/images/productimage/2019/8/6/3035cd75-f49f-4438-b76f-4a4d0d741e941565050054977-1.jpg,,,"Yellow printed longline shrug, has a tie up detail , three-quarter sleeves, straight hemThe model (height 5'8"") is wearing a size S100% Polyester<br>Machine-wash","{'Fabric': 'Polyester', 'Front Styling': 'Open Front', 'Hemline': 'Straight', 'Length': 'Longline', 'Main Trend': 'Floral Print', 'Occasion': 'Casual', 'Pattern': 'Printed', 'Sleeve Length': 'Three-Quarter Sleeves', 'Surface Styling': 'NA', 'Wash Care': 'Machine Wash'}"
7443782,RANGMANCH BY PANTALOONS Mustard Yellow Embellished Shrug,Shrug,999.0,Mustard,RANGMANCH BY PANTALOONS,http://assets.myntassets.com/assets/images/productimage/2018/9/19/e3f50ea0-26e4-4c3d-9f39-ff574d7ad66e1537346399237-1.jpg,,,"Designed with chequered pattern and sequins on the top, this yellow shrug from Rangmanch by Pantaloons is an ideal pick for layering. This long shrug, made from rayon is soft against the skin too. Cut in regular fit, it will go well with top and black denims along with heels.<ul><br><li><br>Chequered pattern with sequins on the front</li><br><li><br>Open-front design</li><br><li><br>Tipping on the cuffs&nbsp;</li><br><br>&nbsp;</ul><br>Rayon<br>Dry CleanThe model (height 5'8"") is wearing a size S","{'Body or Garment Size': 'Garment Measurements in', 'Fabric': 'Viscose Rayon', 'Front Styling': 'Open Front', 'Hemline': 'Straight', 'Length': 'Longline', 'Main Trend': 'Geometric Print', 'Occasion': 'Casual', 'Pattern': 'Printed', 'Sleeve Length': 'Three-Quarter Sleeves', 'Surface Styling': 'Embellished', 'Wash Care': 'Machine Wash'}"
10319673,Belle Fille Women Purple Solid Open Front Shrug,Shrug,1399.0,Purple,Belle Fille,http://assets.myntassets.com/assets/images/10319673/2019/8/6/9172004c-dd61-4096-8479-0b67198c1e301565091026011-Belle-Fille-Women-Purple-Solid-Open-Front-Shrug-231156509102-1.jpg,,,"Purple solid open front regular shrug, has long sleeves, straight hemThe model (height 5'8'') is wearing a size SPolycotton<br>Machine-wash","{'Body or Garment Size': 'Garment Measurements in', 'Fabric': 'Polycotton', 'Front Styling': 'Open Front', 'Hemline': 'Straight', 'Length': 'Regular', 'Main Trend': 'New Basics', 'Occasion': 'Casual', 'Pattern': 'Solid', 'Sleeve Length': 'Long Sleeves', 'Surface Styling': 'NA', 'Wash Care': 'Machine Wash'}"
7437296,Mayra Black Solid Open Front Shrug,Shrug,995.0,Black,Mayra,http://assets.myntassets.com/assets/images/7437296/2018/9/20/cf179999-0b56-4e7c-b1d6-9b2655e581981537429692127-NA-611537429691926-1.jpg,451.0,3.702882483370289,"Black solid open front regular shrug, has three-quarter sleeves, straight hemThe model (height 5'8'') is wearing a size SViscose Rayon<br> Hand-wash","{'Body or Garment Size': 'To-Fit Denotes Body Measurements in', 'Fabric': 'Viscose Rayon', 'Front Styling': 'Open Front', 'Hemline': 'Straight', 'Length': 'Regular', 'Main Trend': 'New Basics', 'Occasion': 'Casual', 'Pattern': 'Solid', 'Sleeve Length': 'Three-Quarter Sleeves', 'Surface Styling': 'NA', 'Wash Care': 'Hand Wash'}"
2280928,SASSAFRAS Red Solid Waterfall Shrug,Shrug,1499.0,Red,SASSAFRAS,http://assets.myntassets.com/assets/images/2280928/2017/12/5/11512455712151-SASSAFRAS-Red-Solid-Waterfall-Shrug-2421512455712021-1.jpg,42.0,4.119047619047619,"Red solid waterfall shrug, has long sleeves, dipped hem95% polyester, 5% spandex<br>Hand-washThe model (height 5'8'') is wearing a size S","{'Body or Garment Size': 'To-Fit Denotes Body Measurements in', 'Fabric': 'Polyester', 'Front Styling': 'Waterfall', 'Hemline': 'Dipped', 'Length': 'Regular', 'Main Trend': 'New Basics', 'Occasion': 'Casual', 'Pattern': 'Solid', 'Sleeve Length': 'Long Sleeves', 'Surface Styling': 'NA', 'Wash Care': 'Hand Wash'}"
2185647,U.S.Polo Assn. Women Grey Longline Shrug,Shrug,2199.0,Grey,U.S. Polo Assn. Women,http://assets.myntassets.com/assets/images/2185647/2017/11/8/11510139268987-US-Polo-Assn-Women-Women-Tops-4221510139268937-1.jpg,,,"Grey longline shrug, has an open front, sleeveless60% viscose, 40% polyester<br>Machine-washThe model (height 5'8"") is wearing a size S","{'Body or Garment Size': 'Garment Measurements in', 'Fabric': 'Viscose Rayon', 'Front Styling': 'Open Front', 'Hemline': 'Asymmetric', 'Length': 'Longline', 'Main Trend': 'New Basics', 'Occasion': 'Casual', 'Pattern': 'Solid', 'Sleeve Length': 'Sleeveless', 'Surface Styling': 'NA', 'Wash Care': 'Machine Wash'}"
2414051,Splash Blue & White Striped Open Front Shrug,Shrug,1299.0,Blue,Splash,http://assets.myntassets.com/assets/images/2414051/2018/2/8/11518087483273-Splash-Blue--White-Striped-Open-Front-Shrug-6071518087483071-1.jpg,,,"Blue and white striped open front shrug, has three-quarter sleeves, straight hem with tasselsThe model (height 5'8'') is wearing a size SPolyester <br> Hand-wash","{'Body or Garment Size': 'To-Fit Denotes Body Measurements in', 'Fabric': 'Polyester', 'Front Styling': 'Open Front', 'Hemline': 'Straight', 'Length': 'Regular', 'Main Trend': 'New Basics', 'Occasion': 'Casual', 'Pattern': 'Striped', 'Sleeve Length': 'Three-Quarter Sleeves', 'Surface Styling': 'Tasselled', 'Wash Care': 'Hand Wash'}"
10185337,AURELIA Women Black Velvet Finish Self Design Longline Button Shrug,Shrug,1499.0,Black,AURELIA,http://assets.myntassets.com/assets/images/10185337/2021/1/7/6e885663-2019-43c0-91bc-bd882e755e671610010335084-AURELIA-Women-Tunics-9371610010333549-1.jpg,9.0,4.666666666666667,"Black velvet finish self design longline shrug, has sleeveless, straight hem, two pockets and button closureMaterial: 100% Polyester (Chenille)<br>Hand WashThe model (height 5'8'') is wearing a size S","{'Body or Garment Size': 'Garment Measurements in', 'Fabric': 'Polyester', 'Front Styling': 'Button', 'Hemline': 'Straight', 'Length': 'Longline', 'Main Trend': 'New Basics', 'Occasion': 'Casual', 'Pattern': 'Self Design', 'Sleeve Length': 'Sleeveless', 'Surface Styling': 'NA', 'Sustainable': 'Regular', 'Wash Care': 'Hand Wash'}"
10320039,Belle Fille Women Beige Solid Open Front Longline Shrug,Shrug,1999.0,Beige,Belle Fille,http://assets.myntassets.com/assets/images/10320039/2019/8/5/1ab4cda4-7c7b-4eee-b962-7cf248b2d3c01565001053275-Belle-Fille-Women-Shrug-8001565001052016-1.jpg,3.0,3.0,"Beige solid open front longline shrug, has long sleeves, straight hem, two pocketsThe model (height 5'8'') is wearing a size SCotton<br>Machine-wash","{'Body or Garment Size': 'Garment Measurements in', 'Fabric': 'Cotton', 'Front Styling': 'Open Front', 'Hemline': 'Straight', 'Length': 'Longline', 'Main Trend': 'New Basics', 'Occasion': 'Casual', 'Pattern': 'Solid', 'Sleeve Length': 'Long Sleeves', 'Surface Styling': 'NA', 'Wash Care': 'Machine Wash'}"
7223754,Style Quotient by Noi Navy & White Checked Crop Open Front Shrug,Crop Shrug,1699.0,Navy Blue,Style Quotient,http://assets.myntassets.com/assets/images/7223754/2018/9/20/f19ca42d-d224-472f-8c86-e20efdfa6a051537425019044-Shrug-5151537425018854-1.jpg,,,"Navy and white checked crop open front shrug, has three-quarter sleeves, straight hemCotton<br>Hand-washThe model (height 5'8'') is wearing a size S","{'Body or Garment Size': 'Garment Measurements in', 'Fabric': 'Cotton', 'Front Styling': 'Open Front', 'Hemline': 'Straight', 'Length': 'Crop', 'Main Trend': 'Geometric Print', 'Occasion': 'Casual', 'Pattern': 'Checked', 'Sleeve Length': 'Three-Quarter Sleeves', 'Surface Styling': 'NA', 'Wash Care': 'Hand Wash'}"
9818587,Globus Women Grey Solid Tie-Up Shrug,Shrug,1499.0,Grey,Globus,http://assets.myntassets.com/assets/images/9818587/2019/7/16/345be4bd-df38-4d6f-844f-7151ed8624071563268030144-Globus-Women-Grey-Solid-Tie-Up-Shrug-7271563268028449-1.jpg,,,"Grey solid tie-up regular shrug, has long sleeves, asymmetric hemAcrylic<br> Dry-cleanThe model (height 5'8'') is wearing a size S","{'Body or Garment Size': 'To-Fit Denotes Body Measurements in', 'Fabric': 'Acrylic', 'Front Styling': 'Tie-Up', 'Hemline': 'Asymmetric', 'Length': 'Regular', 'Main Trend': 'New Basics', 'Occasion': 'Casual', 'Pattern': 'Solid', 'Sleeve Length': 'Long Sleeves', 'Surface Styling': 'NA', 'Wash Care': 'Dry Clean'}"
2400041,AURELIA Teal Green Solid Sheer Longline Open Front Shrug with Sequinned Detail,Shrug,1299.0,Teal,AURELIA,http://assets.myntassets.com/assets/images/2400041/2019/4/26/e684c82b-53c0-4b19-bfc0-539e326dc8391556281927348-AURELIA-Teal-Green-Solid-Sheer-Longline-Open-Front-Shrug-wit-1.jpg,94.0,4.638297872340425,"Teal green solid sheer longline open front shrug with sequinned detail, has a curved hem and sleevelessThe model (height 5'8'') is wearing a size SPolyester <br> Dry-clean","{'Body or Garment Size': 'Garment Measurements in', 'Fabric': 'Polyester', 'Front Styling': 'Open Front', 'Hemline': 'Straight', 'Length': 'Longline', 'Main Trend': 'Sheer', 'Occasion': 'Party', 'Pattern': 'Solid', 'Sleeve Length': 'Sleeveless', 'Surface Styling': 'Embellished', 'Wash Care': 'Dry Clean'}"
2518348,Bronz Green & Off-White Printed Tie-Up Shrug,Shrug,799.0,Green,Bronz,http://assets.myntassets.com/assets/images/2518348/2018/3/12/11520850446849-Bronz-Green--Off-White-Printed-Tie-Up-Shrug-4971520850446704-1.jpg,,,"Green and off-white printed tie-up regular shrug, has three-quarter sleeves, gathers detail, straight hemThe model (height 5'8'') is wearing a size S100% rayon<br>Hand-wash","{'Body or Garment Size': 'To-Fit Denotes Body Measurements in', 'Fabric': 'Viscose Rayon', 'Front Styling': 'Tie-Up', 'Hemline': 'Straight', 'Length': 'Regular', 'Main Trend': 'Abstract', 'Occasion': 'Casual', 'Pattern': 'Printed', 'Sleeve Length': 'Three-Quarter Sleeves', 'Surface Styling': 'Gathers', 'Wash Care': 'Hand Wash'}"
10319989,Belle Fille Women Beige Solid Open Front Shrug,Shrug,2199.0,Beige,Belle Fille,http://assets.myntassets.com/assets/images/10319989/2019/8/5/ff12f08b-cad3-4640-8e7a-0bdd3fe6a7d71564996138603-Belle-Fille-Women-Shrug-4631564996137151-1.jpg,4.0,3.0,"Beige solid open front shrug, has long sleeves, straight hem, two pocketsCotton<br> Machine-washThe model (height 5'8'') is wearing a size S","{'Body or Garment Size': 'Garment Measurements in', 'Fabric': 'Cotton', 'Front Styling': 'Open Front', 'Hemline': 'Straight', 'Length': 'Regular', 'Main Trend': 'New Basics', 'Occasion': 'Casual', 'Pattern': 'Solid', 'Sleeve Length': 'Long Sleeves', 'Surface Styling': 'NA', 'Wash Care': 'Machine Wash'}"
10319917,Belle Fille Women Navy Blue Solid Open Front Shrug,Shrug,2199.0,Navy Blue,Belle Fille,http://assets.myntassets.com/assets/images/10319917/2019/8/6/3b6f6fda-edd6-40ff-926f-9ab2cd424c031565076484597-Belle-Fille-Women-Navy-Blue-Solid-Open-Front-Shrug-645156507-1.jpg,,,"Navy Blue solid open front shrug, has long sleeves, straight hem, two pocketsThe model (height 5'8'') is wearing a size SCotton<br>Machine-wash","{'Body or Garment Size': 'Garment Measurements in', 'Fabric': 'Cotton', 'Front Styling': 'Open Front', 'Hemline': 'Straight', 'Length': 'Regular', 'Main Trend': 'Nautical', 'Occasion': 'Casual', 'Pattern': 'Solid', 'Sleeve Length': 'Long Sleeves', 'Surface Styling': 'NA', 'Wash Care': 'Machine Wash'}"
10217487,Cation Women Multicoloured Printed Open Front Shrug,Shrug,1799.0,Multi,Cation,http://assets.myntassets.com/assets/images/productimage/2019/7/8/63de4c21-bbe4-4417-91bf-cd4860138d6e1562576180073-1.jpg,,,"Multicoloured printed open front longline shrug, has sleeveless, high-low hemThe model (height 5'8'') is wearing a size SViscose Rayon<br> Hand-wash","{'Fabric': 'Viscose Rayon', 'Front Styling': 'Open Front', 'Hemline': 'High-Low', 'Length': 'Longline', 'Main Trend': 'Floral Print', 'Occasion': 'Casual', 'Pattern': 'Printed', 'Sleeve Length': 'Sleeveless', 'Surface Styling': 'NA', 'Wash Care': 'Hand Wash'}"
1141287,Besiva Grey Shrug,Shrug,1499.0,Grey,Besiva,http://assets.myntassets.com/assets/images/1141287/2015/12/28/11451300044010-Besiva-Women-Sweaters-5471451300043666-1.jpg,20.0,4.55,"Grey shrug, has an open front, long sleevesViscose<br>Hand-washThe model (height 5'8'') is wearing a size S","{'Body or Garment Size': 'To-Fit Denotes Body Measurements in', 'Fabric': 'Viscose Rayon', 'Length': 'Longline', 'Occasion': 'Casual', 'Pattern': 'Solid', 'Sleeve Length': 'Long Sleeves', 'Surface Styling': 'NA'}"
10319919,Belle Fille Women Off-White Solid Open Front Longline Shrug,Shrug,1999.0,Off White,Belle Fille,http://assets.myntassets.com/assets/images/10319919/2019/8/5/24c2ca05-3150-4249-83fd-41b3a967b30b1565001830162-Belle-Fille-Women-Shrug-6091565001828470-1.jpg,,,"Off-White solid open front longline shrug with lace inserts, has long sleeves, straight hemPolycotton<br> Machine-washThe model (height 5'8'') is wearing a size S","{'Body or Garment Size': 'Garment Measurements in', 'Fabric': 'Polycotton', 'Front Styling': 'Open Front', 'Hemline': 'Straight', 'Length': 'Longline', 'Main Trend': 'New Basics', 'Occasion': 'Casual', 'Pattern': 'Solid', 'Sleeve Length': 'Long Sleeves', 'Surface Styling': 'NA', 'Wash Care': 'Machine Wash'}"
9090953,Indibelle Blue & Beige Printed Open Front Shrug,Shrug,1699.0,Blue,Indibelle,http://assets.myntassets.com/assets/images/productimage/2019/3/27/e5a05646-da04-439d-b6d7-e167997a72781553689253858-1.jpg,16.0,3.625,"Blue and beige printed open front regular shrug, has three-quarter sleeves, gathers detail, straight hemCotton<br> Hand-washThe model (height 5'8'') is wearing a size S","{'Body or Garment Size': 'Garment Measurements in', 'Fabric': 'Cotton', 'Front Styling': 'Open Front', 'Hemline': 'Straight', 'Length': 'Regular', 'Main Trend': 'Geometric Print', 'Occasion': 'Casual', 'Pattern': 'Printed', 'Sleeve Length': 'Three-Quarter Sleeves', 'Surface Styling': 'Gathers', 'Wash Care': 'Hand Wash'}"
8441465,Bossini Mustard Yellow Printed Open Front Shrug,Shrug,899.0,Mustard,Bossini,http://assets.myntassets.com/assets/images/8441465/2019/2/27/cb901c0f-b207-494f-9112-aa648dc0a92f1551257266638-Bossini-Mustard-Printed-Open-Front-Shrug-3951551257263851-1.jpg,53.0,4.339622641509434,"Mustard yellow printed open front regular shrug, has three-quarter sleeves, straight hem100% polyester<br>Machine-washThe model (height 5'8'') is wearing a size S","{'Body or Garment Size': 'Garment Measurements in', 'Fabric': 'Polyester', 'Front Styling': 'Open Front', 'Hemline': 'Straight', 'Length': 'Regular', 'Main Trend': 'Floral Print', 'Occasion': 'Casual', 'Pattern': 'Printed', 'Sleeve Length': 'Three-Quarter Sleeves', 'Surface Styling': 'NA', 'Wash Care': 'Machine Wash'}"
8739923,Ira Soleil Grey Solid Sheer Crop Shrug,Crop Shrug,999.0,Navy Blue,Ira Soleil,http://assets.myntassets.com/assets/images/8739923/2019/2/14/019174d8-5c74-44e5-8a29-3f6f3d283f841550133934348-Ira-Soleil-Women-Jackets-5301550133932735-1.jpg,38.0,4.026315789473684,"Grey solid sheer button crop shrug, has short sleeves, embroidered detail, straight hemThe model (height 5'8'') is wearing a size S100% polyester<br>Hand-wash","{'Body or Garment Size': 'To-Fit Denotes Body Measurements in', 'Fabric': 'Polyester', 'Front Styling': 'Button', 'Hemline': 'Straight', 'Length': 'Crop', 'Main Trend': 'New Basics', 'Occasion': 'Casual', 'Pattern': 'Solid', 'Sleeve Length': 'Short Sleeves', 'Surface Styling': 'Embroidered', 'Wash Care': 'Hand Wash'}"
7470428,Rigo Women Navy Blue & White Striped Open Front Shrug,Shrug,1299.0,Navy Blue,Rigo,http://assets.myntassets.com/assets/images/7470428/2018/9/24/11f250f2-8071-440f-a987-f7e808c7b7041537788258295-RIGO-Navy-Blue-Striped-Jacket-for-Women-3601537788258023-1.jpg,7.0,3.4285714285714284,"Navy Blue and white striped open front regular shrug, has long sleeves, straight hemCotton<br>Machine-washThe model (height 5'8'') is wearing a size S","{'Body or Garment Size': 'To-Fit Denotes Body Measurements in', 'Fabric': 'Cotton', 'Front Styling': 'Open Front', 'Hemline': 'Straight', 'Length': 'Regular', 'Main Trend': 'Nautical', 'Occasion': 'Casual', 'Pattern': 'Striped', 'Sleeve Length': 'Long Sleeves', 'Surface Styling': 'NA', 'Wash Care': 'Machine Wash'}"
6810339,Hypernation Mauve Solid Open Front Shrug,Shrug,985.0,Mauve,Hypernation,http://assets.myntassets.com/assets/images/6810339/2018/6/27/45702490-3976-474b-9d50-e9b7dabbc87d1530084644804-Hypernation-Mauve-Color-Cotton-Long-Shrug-For-Women-2011530084644591-1.jpg,,,"Mauve solid open front longline shrug, has long sleeves, straight hemCotton<br>Hand-washThe model (height 5'8'') is wearing a size S","{'Body or Garment Size': 'Garment Measurements in', 'Fabric': 'Cotton', 'Front Styling': 'Open Front', 'Hemline': 'Straight', 'Length': 'Longline', 'Main Trend': 'Frills Bows and Ruffles', 'Occasion': 'Casual', 'Pattern': 'Solid', 'Sleeve Length': 'Long Sleeves', 'Surface Styling': 'NA', 'Wash Care': 'Hand Wash'}"
6539101,MABISH by Sonal Jain Women Yellow Solid Open Front Shrug,Shrug,1839.0,Yellow,MABISH by Sonal Jain,http://assets.myntassets.com/assets/images/6539101/2018/5/25/db727346-088f-41e4-a483-fcb4de5cb69f1527242497112-a-3451527242496934-1.jpg,32.0,3.75,"Yellow solid open front longline shrug, has sleeveless, straight hemThe model (height 5'8'') is wearing a size SPoly Crepe<br>Hand-wash","{'Body or Garment Size': 'Garment Measurements in', 'Fabric': 'Poly Crepe', 'Front Styling': 'Open Front', 'Hemline': 'Straight', 'Length': 'Longline', 'Main Trend': 'New Basics', 'Occasion': 'Casual', 'Pattern': 'Solid', 'Sleeve Length': 'Sleeveless', 'Surface Styling': 'NA', 'Wash Care': 'Hand Wash'}"
2413948,Splash Teal Blue & White Printed Longline Waterfall Shrug,Shrug,1699.0,Teal,Splash,http://assets.myntassets.com/assets/images/2413948/2018/2/5/11517831659609-Splash-Teal--White-Printed-Waterfall-Shrug-3181517831659414-1.jpg,,,"Teal blue and white printed waterfall longline shrug, has three-quarter sleeves, gathers and frill detail, dipped hemThe model (height 5'8'') is wearing a size SViscose<br>Machine-wash","{'Body or Garment Size': 'To-Fit Denotes Body Measurements in', 'Fabric': 'Viscose Rayon', 'Front Styling': 'Waterfall', 'Hemline': 'Dipped', 'Length': 'Longline', 'Main Trend': 'Tribal or Aztec Print', 'Occasion': 'Casual', 'Pattern': 'Printed', 'Sleeve Length': 'Three-Quarter Sleeves', 'Surface Styling': 'Gathers', 'Wash Care': 'Machine Wash'}"
2413930,Splash Rust Brown Tasselled Waterfall Shrug,Shrug,3999.0,Rust,Splash,http://assets.myntassets.com/assets/images/2413930/2018/2/5/11517831645085-Splash-Rust-Solid-Waterfall-Shrug-6731517831644962-1.jpg,,,"Rust brown solid waterfall shrug with tassels, has long sleeves, straight hem89% polyester, 11% elastane<br>Hand-washThe model (height 5'8'') is wearing a size S","{'Body or Garment Size': 'To-Fit Denotes Body Measurements in', 'Fabric': 'Polyester', 'Front Styling': 'Waterfall', 'Hemline': 'Straight', 'Length': 'Regular', 'Main Trend': 'New Basics', 'Occasion': 'Casual', 'Pattern': 'Solid', 'Sleeve Length': 'Long Sleeves', 'Surface Styling': 'Tasselled', 'Wash Care': 'Hand Wash'}"
2335364,Cottinfab Black Solid Open Front Cold Shoulder Shrug,Shrug,1479.0,Black,Cottinfab,http://assets.myntassets.com/assets/images/2335364/2017/12/13/11513167133455-Cottinfab-Solid-Cold-Shoulder-Shrug-4551513167133281-1.jpg,,,"Black solid open front cold shoulder longline shrug, has three-quarter sleeves, straight hemCotton<br>Machine-washThe model (height 5'8'') is wearing a size S","{'Body or Garment Size': 'To-Fit Denotes Body Measurements in', 'Fabric': 'Cotton', 'Front Styling': 'Open Front', 'Hemline': 'Straight', 'Length': 'Longline', 'Main Trend': 'New Basics', 'Occasion': 'Casual', 'Pattern': 'Solid', 'Sleeve Length': 'Three-Quarter Sleeves', 'Surface Styling': 'NA', 'Wash Care': 'Machine Wash'}"
8643263,SASSAFRAS Olive Green & Pink Floral Print Net Open Front Shrug,Shrug,1499.0,Olive,SASSAFRAS,http://assets.myntassets.com/assets/images/8643263/2019/2/4/8eb923d1-6591-45b5-ba44-eebfc7f630f91549287852818-SASSAFRAS-Women-Shrug-7881549287851498-1.jpg,,,"Olive green floral print open front longline shrug, has three-quarter sleeves, straight hemThe model (height 5'8'') is wearing a size S100% polyester<br>Machine-wash","{'Body or Garment Size': 'To-Fit Denotes Body Measurements in', 'Fabric': 'Polyester', 'Front Styling': 'Open Front', 'Hemline': 'Straight', 'Length': 'Longline', 'Main Trend': 'Floral Print', 'Occasion': 'Casual', 'Pattern': 'Printed', 'Sleeve Length': 'Three-Quarter Sleeves', 'Surface Styling': 'NA', 'Wash Care': 'Machine Wash'}"
5693601,Global Desi Grey Printed Waterfall Shrug,Shrug,2199.0,Grey,Global Desi,http://assets.myntassets.com/assets/images/5693601/2019/3/8/543078c1-e9a4-4ffe-9003-ab398d5259f11552042473953-Global-Desi-Grey-Printed-Waterfall-Shrug-11552042472572-1.jpg,9.0,3.6666666666666665,"Grey printed waterfall shrug, has long sleeves, straight hem, 1 pocketThe model (height 5'8'') is wearing a size S100% cotton<br>Machine-wash","{'Body or Garment Size': 'To-Fit Denotes Body Measurements in', 'Fabric': 'Cotton', 'Front Styling': 'Waterfall', 'Hemline': 'Straight', 'Length': 'Regular', 'Main Trend': 'Floral Print', 'Occasion': 'Casual', 'Pattern': 'Printed', 'Sleeve Length': 'Long Sleeves', 'Surface Styling': 'NA', 'Wash Care': 'Machine Wash'}"
1452571,Fusion Beats Orange Polyester Sheer Shrug,Shrug,1999.0,Orange,Fusion Beats,http://assets.myntassets.com/assets/images/1452571/2016/8/17/11471429876571-Fusion-Beats-Women-Shrug-3351471429876333-1.jpg,17.0,4.352941176470588,"Orange sheer shrug in a&nbsp;woven design, has a round neck with a button-and-loop closure, open front, three-quarter lace sleeves, and a curved high-low hem100% polyester<br>Hand-wash coldThe model (height 5'8"" and chest 33"") is wearing a size S","{'Body or Garment Size': 'To-Fit Denotes Body Measurements in', 'Fabric': 'Polyester', 'Length': 'Longline', 'Main Trend': 'Sheer', 'Occasion': 'Casual', 'Sleeve Length': 'Three-Quarter Sleeves', 'Surface Styling': 'NA', 'Wash Care': 'Hand Wash'}"
9090955,Indibelle Women Brown & Cream-Coloured Printed Open Front Shrug,Shrug,1699.0,Brown,Indibelle,http://assets.myntassets.com/assets/images/productimage/2019/3/27/5facd7c3-742c-40d1-b178-82083302a6961553676036266-1.jpg,15.0,4.0,"Brown printed open front longline shrug, has three-quarter sleeves, flared hemCotton<br>Hand-washThe model (height 5'8'') is wearing a size S","{'Body or Garment Size': 'Garment Measurements in', 'Fabric': 'Cotton', 'Front Styling': 'Open Front', 'Hemline': 'Straight', 'Length': 'Longline', 'Main Trend': 'Geometric Print', 'Occasion': 'Casual', 'Pattern': 'Printed', 'Sleeve Length': 'Three-Quarter Sleeves', 'Surface Styling': 'NA', 'Wash Care': 'Hand Wash'}"
9073715,People Women Black Solid Open Front Shrug,Shrug,799.0,Black,People,http://assets.myntassets.com/assets/images/9073715/2019/4/29/f8654b53-800f-40c1-92b8-49200e9ab6d61556515295051-People-Black-Solid-Open-Front-Shrug-921556515293961-1.jpg,41.0,3.414634146341464,"Black solid open front regular shrug, has long sleeves, straight hemThe model (height 5'8'') is wearing a size S100% viscose rayon<br>Hand-wash","{'Body or Garment Size': 'Garment Measurements in', 'Fabric': 'Viscose Rayon', 'Front Styling': 'Open Front', 'Hemline': 'Straight', 'Length': 'Regular', 'Main Trend': 'New Basics', 'Occasion': 'Casual', 'Pattern': 'Solid', 'Sleeve Length': 'Long Sleeves', 'Surface Styling': 'NA', 'Wash Care': 'Hand Wash'}"
9552897,SASSAFRAS Grey & Mustard Yellow Polka Dots Print Open Front Shrug,Shrug,1699.0,Grey,SASSAFRAS,http://assets.myntassets.com/assets/images/9552897/2019/6/17/955285d5-b27b-4ef3-b0df-87cf98c88bff1560765751836-SASSAFRAS-Grey--Mustard-Yellow-Polka-Dots-Print-Open-Front-S-1.jpg,70.0,3.9857142857142858,"Grey and mustard yellow polka dots print open front regular shrug, has long sleeves, straight hem98% viscose, 2% spandex<br>Machine-washThe model (height 5'8'') is wearing a size S","{'Body or Garment Size': 'To-Fit Denotes Body Measurements in', 'Fabric': 'Viscose Rayon', 'Front Styling': 'Open Front', 'Hemline': 'Straight', 'Length': 'Regular', 'Main Trend': 'Geometric Print', 'Occasion': 'Casual', 'Pattern': 'Printed', 'Sleeve Length': 'Long Sleeves', 'Surface Styling': 'NA', 'Wash Care': 'Machine Wash'}"
5829334,Roadster Women Mustard Yellow Solid Hooded Sweatshirt,Hooded Sweatshirt,1199.0,Mustard,Roadster,http://assets.myntassets.com/assets/images/5829334/2018/8/6/f4a9b6ee-a269-47f1-9996-d8bc8e574e031533555274349-Roadster-Women-Mustard-Solid-Hooded-Sweatshirt-3561533555272-1.jpg,5462.0,4.313255217868912,"Mustard yellow solid sweatshirt, has a hood, two pockets, long sleeves, zip closure, straight hemThe model (height 5'8"") is wearing a size S100% cotton<br>Machine-wash","{'Body Shape ID': '443,424,324', 'Body or Garment Size': 'To-Fit Denotes Body Measurements in', 'Closure': 'Zip', 'Fabric': 'Cotton', 'Hemline': 'Straight', 'Hood': 'Hooded', 'Length': 'Regular', 'Neck': 'Hood', 'Number of Pockets': '2', 'Occasion': 'Casual', 'Pattern': 'Solid', 'Pocket': 'Insert Pocket', 'Print or Pattern Type': 'Solid', 'Sleeve Length': 'Long Sleeves', 'Surface Styling': 'NA', 'Type': 'Front-Open', 'Wash Care': 'Machine Wash'}"
10854038,Tokyo Talkies Women Maroon & Navy Blue Solid Sweatshirt,Sweatshirt,1199.0,Maroon,Tokyo Talkies,http://assets.myntassets.com/assets/images/10854038/2020/11/18/b618632f-c306-4a4a-90c7-56f9cc0d50fc1605695871420TokyoTalkiesWomenMaroonNavyBlueSolidSweatshirt1.jpg,1724.0,4.346867749419953,"Maroon solid sweatshirt with slip on closure, round neck, long sleeves, straight hemCotton<br>Machine-washThe model (height 5'8"") is wearing a size S","{'Body Shape ID': '443,424,324', 'Body or Garment Size': 'To-Fit Denotes Body Measurements in', 'Closure': 'NA', 'Fabric': 'Cotton', 'Hemline': 'Straight', 'Hood': 'NA', 'Length': 'Regular', 'Neck': 'Round Neck', 'Number of Pockets': 'NA', 'Occasion': 'Casual', 'Pattern': 'Solid', 'Pocket': 'NA', 'Print or Pattern Type': 'Solid', 'Sleeve Length': 'Long Sleeves', 'Sport': 'NA', 'Surface Styling': 'NA', 'Technology': 'NA', 'Type': 'Pullover', 'Wash Care': 'Machine Wash'}"
5829327,Roadster Women Coral Pink Solid Hooded Sweatshirt,Hooded Sweatshirt,1199.0,Coral,Roadster,http://assets.myntassets.com/assets/images/5829327/2018/9/6/24a5803c-8f86-456d-b534-dbc443642abc1536218261331-Roadster-Women-Sweatshirts-9281536218261057-1.jpg,13938.0,4.226287846175922,"Coral pink solid sweatshirt, has an attached hood, two pockets, long sleeves, zip closure, straight hemThe model (height 5'8"") is wearing a size SCotton blend<br>Machine-wash","{'Body Shape ID': '443,424,324', 'Body or Garment Size': 'To-Fit Denotes Body Measurements in', 'Closure': 'Zip', 'Fabric': 'Cotton', 'Hemline': 'Straight', 'Hood': 'Hooded', 'Length': 'Regular', 'Neck': 'Hood', 'Number of Pockets': '2', 'Occasion': 'Casual', 'Pattern': 'Solid', 'Pocket': 'Kangaroo Pocket', 'Print or Pattern Type': 'Solid', 'Sleeve Length': 'Long Sleeves', 'Sport': 'NA', 'Surface Styling': 'NA', 'Technology': 'NA', 'Type': 'Front-Open', 'Wash Care': 'Machine Wash'}"
10854022,Tokyo Talkies Women Green Solid Hooded Sweatshirt,Hooded Sweatshirt,1249.0,Green,Tokyo Talkies,http://assets.myntassets.com/assets/images/10854022/2021/7/27/0b34186b-519f-48b1-9f6d-4f8e4d3c4cd61627375745938TokyoTalkiesWomenGreenSolidHoodedSweatshirt1.jpg,1856.0,4.457974137931035,"Green solid pullover sweatshirt, has hood, long sleeves and straight hemCotton<br>Machine-washThe model (height 5'8"") is wearing a size S","{'Body Shape ID': '424', 'Body or Garment Size': 'To-Fit Denotes Body Measurements in', 'Closure': 'NA', 'Fabric': 'Cotton', 'Hemline': 'Straight', 'Hood': 'Hooded', 'Length': 'Crop', 'Neck': 'Hood', 'Number of Pockets': 'NA', 'Occasion': 'Casual', 'Pattern': 'Solid', 'Pocket': 'NA', 'Print or Pattern Type': 'Solid', 'Sleeve Length': 'Long Sleeves', 'Sport': 'NA', 'Surface Styling': 'NA', 'Technology': 'NA', 'Type': 'Pullover', 'Wash Care': 'Machine Wash'}"
9477715,The Roadster Lifestyle Co Women Black Solid Sweatshirt,Sweatshirt,1299.0,Black,Roadster,http://assets.myntassets.com/assets/images/9477715/2019/9/11/2a6868b4-b5af-4a58-a55a-6b54fc1fd88f1568180610987-Roadster-Women-Sweatshirts-8651568180609596-1.jpg,789.0,4.248415716096324,"Black solid sweatshirt, has a turtle neck, long sleeves, one kangaroo pocketThe model (height 5'8"") is wearing a size S60% cotton, 40% polyester<br>Machine-wash","{'Body Shape ID': '324', 'Body or Garment Size': 'To-Fit Denotes Body Measurements in', 'Closure': 'NA', 'Fabric': 'Cotton', 'Hemline': 'Straight', 'Hood': 'NA', 'Length': 'Regular', 'Neck': 'Turtle Neck', 'Number of Pockets': '1', 'Occasion': 'Casual', 'Pattern': 'Solid', 'Pocket': 'Kangaroo Pocket', 'Print or Pattern Type': 'Solid', 'Sleeve Length': 'Long Sleeves', 'Sport': 'NA', 'Surface Styling': 'NA', 'Technology': 'NA', 'Type': 'Pullover', 'Wash Care': 'Machine Wash'}"
5447351,Roadster Women Navy Blue Striped Cardigan,Cardigan,1499.0,Navy Blue,Roadster,http://assets.myntassets.com/assets/images/5447351/2018/11/12/eadab6c5-9fa9-426a-9c52-8c7173a2b5951542022490407-Roadster-Women-Navy-Blue-Striped-Cardigan-6391542022490257-1.jpg,683.0,4.071742313323573,"Navy Blue striped cardigan, has a round neck, long sleeves, ribbed hemThe model (height 5'8"") is wearing a size S100% acrylic<br>Machine-wash","{'Body Shape ID': '443,333,324,424', 'Body or Garment Size': 'To-Fit Denotes Body Measurements in', 'Closure': 'Button', 'Fabric': 'Acrylic', 'Hemline': 'Ribbed', 'Neck': 'Round Neck', 'Number of Pockets': 'NA', 'Occasion': 'Casual', 'Pattern': 'Striped', 'Print or Pattern Type': 'Striped', 'Sleeve Length': 'Long Sleeves', 'Surface Styling': 'NA', 'Type': 'Cardigan', 'Wash Care': 'Machine Wash'}"
10683618,Tokyo Talkies Women Navy Blue & Red Colourblocked Hooded Sweatshirt,Hooded Sweatshirt,1199.0,Navy Blue,Tokyo Talkies,http://assets.myntassets.com/assets/images/10683618/2021/7/27/45cad4d0-27bc-4970-b7b6-c312a1216c9e1627375765464TokyoTalkiesWomenNavyBlueRedColourblockedHoodedSweatshirt1.jpg,1261.0,4.367961934972244,"Navy blue, red and white colourblocked sweatshirt, has a hood, long sleeves, straight hemThe model (height 5'8"") is wearing a size S52% Cotton 48% Polyester<br>Machine-wash","{'Body Shape ID': '443,424,324', 'Body or Garment Size': 'To-Fit Denotes Body Measurements in', 'Closure': 'NA', 'Fabric': 'Cotton', 'Hemline': 'Straight', 'Hood': 'Hooded', 'Length': 'Regular', 'Neck': 'Hood', 'Number of Pockets': 'NA', 'Occasion': 'Casual', 'Pattern': 'Colourblocked', 'Pocket': 'NA', 'Print or Pattern Type': 'Colourblocked', 'Sleeve Length': 'Long Sleeves', 'Sport': 'NA', 'Surface Styling': 'NA', 'Technology': 'NA', 'Type': 'Pullover', 'Wash Care': 'Machine Wash'}"
9478873,The Roadster Lifestyle Co Women Green Solid Sweater,Sweater,1299.0,Olive,Roadster,http://assets.myntassets.com/assets/images/9478873/2019/12/18/06dc90df-6bcb-4bed-b6b0-6c5871715da61576662045668-Roadster-Women-Green-Solid-Sweater-5551576662043722-1.jpg,351.0,4.310541310541311,"Green solid sweater, has a V-neck, long sleeves, and ribbed hem100% Acrylic<br>Machine-washThe model (height 5'8"") is wearing a size M","{'Body Shape ID': '443,333,324,424', 'Body or Garment Size': 'To-Fit Denotes Body Measurements in', 'Closure': 'NA', 'Fabric': 'Acrylic', 'Hemline': 'Ribbed', 'Neck': 'V-Neck', 'Number of Pockets': 'NA', 'Occasion': 'Casual', 'Pattern': 'Solid', 'Print or Pattern Type': 'Solid', 'Sleeve Length': 'Long Sleeves', 'Surface Styling': 'NA', 'Type': 'Pullover', 'Wash Care': 'Machine Wash'}"
10856136,SASSAFRAS Women Yellow Embellished Sweatshirt,Sweatshirt,1899.0,Yellow,SASSAFRAS,http://assets.myntassets.com/assets/images/10856136/2019/11/2/f74c845a-f8fe-49e3-afa4-1892c08d881d1572698837176-SASSAFRAS-Women-Sweatshirts-941572698835746-1.jpg,1109.0,4.359783588818756,"Yellow embellished sweatshirt, has a round neck, long sleeves, straight hem, fleece lining52% cotton, 48% polyester<br>Machine-washThe model (height 5'8"") is wearing a size S","{'Body Shape ID': '443,424,324', 'Body or Garment Size': 'To-Fit Denotes Body Measurements in', 'Closure': 'NA', 'Fabric': 'Cotton', 'Hemline': 'Straight', 'Hood': 'NA', 'Length': 'Regular', 'Neck': 'Round Neck', 'Number of Pockets': 'NA', 'Occasion': 'Casual', 'Pattern': 'Embroidered', 'Pocket': 'NA', 'Print or Pattern Type': 'Floral', 'Sleeve Length': 'Long Sleeves', 'Sport': 'NA', 'Surface Styling': 'Embellished', 'Technology': 'NA', 'Type': 'Pullover', 'Wash Care': 'Machine Wash'}"
10761774,Tokyo Talkies Women Black Embroidered Sweatshirt,Sweatshirt,1199.0,Black,Tokyo Talkies,http://assets.myntassets.com/assets/images/10761774/2020/11/18/2076a343-c55f-440f-b34b-0ef31dd84c2e1605695879925TokyoTalkiesWomenBlackEmbroideredSweatshirt1.jpg,305.0,4.445901639344262,"Black embroidered sweatshirt has a round neck, long sleeves&nbsp;and straight hemlineThe model (height 5'8"") is wearing a size S52% Cotton 48% Polyester<br><br>Machine-wash","{'Body Shape ID': '443,424,324', 'Body or Garment Size': 'To-Fit Denotes Body Measurements in', 'Closure': 'NA', 'Fabric': 'Cotton', 'Hemline': 'Straight', 'Hood': 'NA', 'Length': 'Regular', 'Neck': 'Round Neck', 'Number of Pockets': 'NA', 'Occasion': 'Casual', 'Pattern': 'Embroidered', 'Pocket': 'NA', 'Print or Pattern Type': 'Floral', 'Sleeve Length': 'Long Sleeves', 'Sport': 'NA', 'Surface Styling': 'NA', 'Technology': 'NA', 'Type': 'Pullover', 'Wash Care': 'Machine Wash'}"
9478817,The Roadster Lifestyle Co Women Off-White Solid Pullover Sweater,Pullover Sweater,1699.0,Off White,Roadster,http://assets.myntassets.com/assets/images/9478817/2019/11/25/44a94081-b93c-4bb6-8200-7b5ece2a18a51574662921192-Roadster-Women-Sweaters-1781574662918381-1.jpg,509.0,3.471512770137525,"Off-white solid pullover sweater, has a turtle neck, long sleeves, and ribbed hemThe model (height 5'8"") is wearing a size SMaterial: Acrylic<br> Machine Wash","{'Body Shape ID': '333', 'Body or Garment Size': 'To-Fit Denotes Body Measurements in', 'Closure': 'NA', 'Fabric': 'Acrylic', 'Hemline': 'Ribbed', 'Neck': 'Turtle Neck', 'Number of Pockets': 'NA', 'Occasion': 'Casual', 'Pattern': 'Solid', 'Print or Pattern Type': 'Solid', 'Sleeve Length': 'Long Sleeves', 'Surface Styling': 'NA', 'Type': 'Pullover', 'Wash Care': 'Machine Wash'}"
10607430,SASSAFRAS Women Yellow & Silver Printed Hooded Crop Sweatshirt,"Hooded Sweatshirt, Crop Sweatshirt",1699.0,Yellow,SASSAFRAS,http://assets.myntassets.com/assets/images/10607430/2019/9/13/cc138f1d-614b-4f78-9bda-fb60734c0e941568356952277-SASSAFRAS-Women-Sweatshirts-7891568356951144-1.jpg,235.0,4.31063829787234,"Yellow and silver printed crop sweatshirt, has a hooded neck, three-quarter sleeves, straight hemThe model (height 5'8"") is wearing a size SCotton<br> Dry-clean","{'Body Shape ID': '424', 'Body or Garment Size': 'To-Fit Denotes Body Measurements in', 'Closure': 'NA', 'Fabric': 'Cotton', 'Hemline': 'Straight', 'Hood': 'Hooded', 'Length': 'Crop', 'Neck': 'Hood', 'Number of Pockets': 'NA', 'Occasion': 'Casual', 'Pattern': 'Printed', 'Pocket': 'NA', 'Print or Pattern Type': 'Graphic', 'Sleeve Length': 'Three-Quarter Sleeves', 'Sport': 'NA', 'Surface Styling': 'NA', 'Technology': 'NA', 'Type': 'Pullover', 'Wash Care': 'Dry Clean'}"
10825598,her by invictus Women Black Solid Front-Open Sweater,Sweater,2199.0,Black,her by invictus,http://assets.myntassets.com/assets/images/10825598/2019/12/13/a89eac48-a491-433e-a4f1-a30559ec91711576212598286-her-by-invictus-Women-Sweaters-4821576212596330-1.jpg,161.0,3.7639751552795033,"Black solid front-open sweater, has a shawl collar, long sleeves, and ribbed hemMaterial:&nbsp;90% Viscose 10% Nylon<br>Machine WashThe model (height 5'8"") is wearing a size S","{'Body Shape ID': '333,324,424', 'Body or Garment Size': 'To-Fit Denotes Body Measurements in', 'Closure': 'NA', 'Fabric': 'Viscose Rayon', 'Hemline': 'Ribbed', 'Neck': 'Shawl Collar', 'Number of Pockets': 'NA', 'Occasion': 'Casual', 'Pattern': 'Solid', 'Print or Pattern Type': 'Solid', 'Sleeve Length': 'Long Sleeves', 'Surface Styling': 'NA', 'Type': 'Front-Open', 'Wash Care': 'Machine Wash'}"
9478497,The Roadster Lifestyle Co Women Black Solid Sweater,Sweater,1299.0,Black,Roadster,http://assets.myntassets.com/assets/images/9478497/2019/10/29/c5029a87-1ba2-4158-b6c6-7ebfe9f183811572331513353-Roadster-Women-Black-Solid-Sweater-1391572331510866-1.jpg,302.0,4.135761589403973,"Black solid sweater, has a V-neck, long sleeves, and ribbed hemThe model (height 5'8"") is wearing a size M100% Acrylic<br>Machine-wash","{'Body Shape ID': '443,333,324,424', 'Body or Garment Size': 'To-Fit Denotes Body Measurements in', 'Closure': 'NA', 'Fabric': 'Acrylic', 'Hemline': 'Ribbed', 'Neck': 'V-Neck', 'Number of Pockets': 'NA', 'Occasion': 'Casual', 'Pattern': 'Solid', 'Print or Pattern Type': 'Solid', 'Sleeve Length': 'Long Sleeves', 'Surface Styling': 'NA', 'Type': 'Pullover', 'Wash Care': 'Machine Wash'}"
9901971,The Roadster Lifestyle Co Women Pink Solid Hooded Sweatshirt,Hooded Sweatshirt,1299.0,Pink,Roadster,http://assets.myntassets.com/assets/images/9901971/2019/6/18/95a9cc99-ccfc-44ce-9a73-0541f37735df1560846807217-Roadster-Women-Sweatshirts-7541560846805666-1.jpg,1258.0,4.354531001589825,"Pink solid sweatshirt, has a hood, long sleeves, 1 kangaroo pocketThe model (height 5'8"") is wearing a size S52% polyester 48% cotton<br>Machine-wash","{'Body Shape ID': '443,424,324', 'Body or Garment Size': 'To-Fit Denotes Body Measurements in', 'Closure': 'NA', 'Fabric': 'Polyester', 'Hemline': 'Straight', 'Hood': 'Hooded', 'Length': 'Regular', 'Neck': 'Hood', 'Number of Pockets': '1', 'Occasion': 'Casual', 'Pattern': 'Solid', 'Pocket': 'Kangaroo Pocket', 'Print or Pattern Type': 'Solid', 'Sleeve Length': 'Long Sleeves', 'Sport': 'NA', 'Surface Styling': 'NA', 'Technology': 'NA', 'Type': 'Pullover', 'Wash Care': 'Machine Wash'}"
9477945,The Roadster Lifestyle Co Women Teal Blue Solid Hooded Sweatshirt With Taping Detail,Hooded Sweatshirt,1899.0,Teal,Roadster,http://assets.myntassets.com/assets/images/9477945/2020/3/5/09bd92f8-8a7a-41e5-8e64-e7c36232f10b1583409307813-Roadster-Women-Teal-Blue-Solid-Hooded-Sweatshirt-54415834093-1.jpg,146.0,3.8013698630136985,"Teal Blue solid sweatshirt, has a hood, two pockets, long sleeves, zip closure, straight hem and taping detailThe model (height 5'8"") is wearing a size S60% Cotton and 40% polyester<br>Machine-wash","{'Body Shape ID': '443,424,324', 'Body or Garment Size': 'To-Fit Denotes Body Measurements in', 'Closure': 'Zip', 'Fabric': 'Cotton', 'Hemline': 'Straight', 'Hood': 'Hooded', 'Length': 'Regular', 'Neck': 'Hood', 'Number of Pockets': '2', 'Occasion': 'Casual', 'Pattern': 'Solid', 'Pocket': 'Insert Pocket', 'Print or Pattern Type': 'Solid', 'Sleeve Length': 'Long Sleeves', 'Sport': 'NA', 'Surface Styling': 'NA', 'Technology': 'NA', 'Type': 'Front-Open', 'Wash Care': 'Machine Wash'}"
1937040,Roadster Women Purple Solid Sweatshirt,Sweatshirt,1099.0,Purple,Roadster,http://assets.myntassets.com/assets/images/1937040/2017/11/8/11510120589001-Roadster-Women-Blue-Solid-Sweatshirt-5711510120588758-1.jpg,1174.0,4.254684838160136,"Purple solid sweatshirt, has a round neck, long sleeves, straight hemThe model (height 5'8"") is wearing a size SCotton <br> Machine-wash","{'Body Shape ID': '443,424,324', 'Body or Garment Size': 'To-Fit Denotes Body Measurements in', 'Fabric': 'Cotton', 'Hemline': 'Straight', 'Hood': 'NA', 'Length': 'Regular', 'Neck': 'Round Neck', 'Occasion': 'Casual', 'Pattern': 'Solid', 'Pocket': 'NA', 'Print or Pattern Type': 'Solid', 'Sleeve Length': 'Long Sleeves', 'Surface Styling': 'NA', 'Type': 'Pullover', 'Wash Care': 'Machine Wash'}"
8541165,Huetrap Women Grey Printed Hooded Sweatshirt,Hooded Sweatshirt,2299.0,Grey,Huetrap,http://assets.myntassets.com/assets/images/productimage/2019/1/19/af67438b-3705-48a1-9595-fcc26da7d6271547856539061-1.jpg,,,"Grey printed sweatshirt, has a hood, long sleeves, straight hemCotton<br> Machine-washThe model (height 5'8"") is wearing a size S","{'Body Shape ID': '443,424,324', 'Body or Garment Size': 'Garment Measurements in', 'Closure': 'NA', 'Fabric': 'Cotton', 'Hemline': 'Straight', 'Hood': 'Hooded', 'Length': 'Regular', 'Neck': 'Hood', 'Number of Pockets': 'NA', 'Occasion': 'Casual', 'Pattern': 'Printed', 'Pocket': 'NA', 'Print or Pattern Type': 'Graphic', 'Sleeve Length': 'Long Sleeves', 'Surface Styling': 'NA', 'Type': 'Pullover', 'Wash Care': 'Machine Wash'}"
7275914,Belle Fille Women Green Solid Sweatshirt,Sweatshirt,1699.0,Green,Belle Fille,http://assets.myntassets.com/assets/images/7275914/2018/9/4/0199528f-b920-4f62-9f71-79700a82a3931536043703171-na-971536043702998-1.jpg,226.0,3.800884955752213,"Green solid sweatshirt, has a round neck, long sleeves, straight hemThe model (height 5'8"") is wearing a size SFleece<br> Dry-clean","{'Body Shape ID': '443,424,324', 'Body or Garment Size': 'To-Fit Denotes Body Measurements in', 'Closure': 'NA', 'Fabric': 'Fleece', 'Hemline': 'Straight', 'Hood': 'NA', 'Length': 'Regular', 'Neck': 'Round Neck', 'Number of Pockets': 'NA', 'Occasion': 'Casual', 'Pattern': 'Solid', 'Pocket': 'NA', 'Print or Pattern Type': 'Solid', 'Sleeve Length': 'Long Sleeves', 'Surface Styling': 'Embellished', 'Type': 'Pullover', 'Wash Care': 'Dry Clean'}"
5829328,Roadster Women Rust Red Solid Hooded Sweatshirt,Hooded Sweatshirt,1299.0,Rust,Roadster,http://assets.myntassets.com/assets/images/5829328/2018/8/29/7633b7aa-b769-419e-bf8c-c739203221b31535518008144-Roadster-Women-Rust-Solid-Hooded-Sweatshirt-2511535518007438-1.jpg,2222.0,4.285328532853286,"Rust red solid sweatshirt, has a hood, two pockets, long sleeves, zip closure, straight hemCotton<br>Machine-washThe model (height 5'8"") is wearing a size S","{'Body Shape ID': '443,424,324', 'Body or Garment Size': 'To-Fit Denotes Body Measurements in', 'Closure': 'Zip', 'Fabric': 'Cotton', 'Hemline': 'Straight', 'Hood': 'Hooded', 'Length': 'Regular', 'Neck': 'Hood', 'Number of Pockets': '2', 'Occasion': 'Casual', 'Pattern': 'Solid', 'Pocket': 'Kangaroo Pocket', 'Print or Pattern Type': 'Solid', 'Sleeve Length': 'Long Sleeves', 'Surface Styling': 'NA', 'Type': 'Front-Open', 'Wash Care': 'Machine Wash'}"
4423952,DressBerry Women Green Solid Pullover,Pullover,1949.0,Green,DressBerry,http://assets.myntassets.com/assets/images/4423952/2018/8/28/cf600755-d209-4fc9-a437-c9289ab446831535438699092-DressBerry-Women-Sweaters-5661535438696939-1.jpg,340.0,4.517647058823529,"Green solid pullover, has a round neck, long sleeves, ribbed hemThe model (height 5'8"") is wearing a size SAcrylic<br>Machine-wash","{'Body Shape ID': '443,333,324,424', 'Body or Garment Size': 'To-Fit Denotes Body Measurements in', 'Closure': 'NA', 'Fabric': 'Acrylic', 'Hemline': 'Ribbed', 'Neck': 'Round Neck', 'Number of Pockets': 'NA', 'Occasion': 'Casual', 'Pattern': 'Solid', 'Print or Pattern Type': 'Solid', 'Sleeve Length': 'Long Sleeves', 'Surface Styling': 'NA', 'Type': 'Pullover', 'Wash Care': 'Machine Wash'}"
10745406,One Femme Women Black Self Design Cardigan,Cardigan,3300.0,Black,One Femme,http://assets.myntassets.com/assets/images/10745406/2019/10/14/3b803ec4-41d2-4f70-a9a0-f221d586db3e1571045927746-One-Femme-Womens-Woollen-Self-Design-Solid-Color-Cardigan-29-1.jpg,41.0,4.2926829268292686,"Black self-design sweater, has a V-neck, long sleeves, button closure and straight hemWool<br> Hand-washThe model (height 5'8"") is wearing a size S","{'Body Shape ID': '443,333,324,424', 'Body or Garment Size': 'Garment Measurements in', 'Closure': 'Button', 'Fabric': 'Wool', 'Hemline': 'Straight', 'Neck': 'V-Neck', 'Number of Pockets': 'NA', 'Occasion': 'Casual', 'Pattern': 'Self Design', 'Print or Pattern Type': 'Cable Knit', 'Sleeve Length': 'Long Sleeves', 'Surface Styling': 'NA', 'Type': 'Cardigan', 'Wash Care': 'Hand Wash'}"
4423979,DressBerry Women Black & Grey Checked Pullover,Pullover,1999.0,Black,DressBerry,http://assets.myntassets.com/assets/images/4423979/2018/8/24/6dff701f-a6db-4d60-96f4-ed434629a9611535093528829-DressBerry-Women-Black--Grey-Checked-Pullover-46315350935270-1.jpg,319.0,4.4890282131661445,"Black and grey checked pullover, has a round neck, long sleeves, straight hemAcrylic<br> Machine-washThe model (height 5'8"") is wearing a size S","{'Body Shape ID': '443,333,324,424', 'Body or Garment Size': 'To-Fit Denotes Body Measurements in', 'Closure': 'NA', 'Fabric': 'Acrylic', 'Hemline': 'Straight', 'Neck': 'Round Neck', 'Number of Pockets': 'NA', 'Occasion': 'Casual', 'Pattern': 'Checked', 'Print or Pattern Type': 'Checked', 'Sleeve Length': 'Long Sleeves', 'Surface Styling': 'NA', 'Type': 'Pullover', 'Wash Care': 'Machine Wash'}"
5447314,Roadster Women Green Self Design Acrylic Pullover,Pullover,1699.0,Green,Roadster,http://assets.myntassets.com/assets/images/5447314/2018/9/18/d0b721ce-1127-4a85-893b-015a3a0babb01537262396498-Roadster-Women-Teal-Self-Design-Pullover-6921537262396324-1.jpg,239.0,4.087866108786611,"Green self-design pullover, has a round neck, long sleeves, ribbed hemAcrylic<br> Machine-washThe model (height 5'8"") is wearing a size S","{'Body Shape ID': '443,333,324,424', 'Body or Garment Size': 'To-Fit Denotes Body Measurements in', 'Center Front Open': 'No', 'Closure': 'NA', 'Fabric': 'Acrylic', 'Hemline': 'Ribbed', 'Knit or Woven': 'Knitted', 'Length': 'Regular', 'Neck': 'Round Neck', 'Number of Pockets': 'NA', 'Occasion': 'Casual', 'Pattern': 'Self Design', 'Print or Pattern Type': 'Geometric', 'Sleeve Length': 'Long Sleeves', 'Surface Styling': 'NA', 'Sustainable': 'Regular', 'Type': 'Pullover', 'Wash Care': 'Machine Wash'}"
9731961,DressBerry Women Peach-Coloured & Maroon Self Design Sweater,Sweater,2249.0,Peach,DressBerry,http://assets.myntassets.com/assets/images/9731961/2019/12/4/75d0a013-baec-499e-9636-34329673b61b1575438369669-DressBerry-Women-Peach-Coloured--Maroon-Self-Design-Sweater--1.jpg,299.0,4.39799331103679,"Peach-Coloured and Maroon self-design sweater, has a shawl collar, long sleeves, and ribbed hemThe model (height 5'8"") is wearing a size S100% acrylic<br>Machine-wash","{'Body Shape ID': '333,324,424', 'Body or Garment Size': 'To-Fit Denotes Body Measurements in', 'Closure': 'NA', 'Fabric': 'Acrylic', 'Hemline': 'Ribbed', 'Neck': 'Shawl Collar', 'Number of Pockets': 'NA', 'Occasion': 'Casual', 'Pattern': 'Self Design', 'Print or Pattern Type': 'Geometric', 'Sleeve Length': 'Long Sleeves', 'Surface Styling': 'NA', 'Type': 'Front-Open', 'Wash Care': 'Machine Wash'}"
10575458,The Roadster Lifestyle Co Women Black Solid Sweater,Sweater,1699.0,Black,Roadster,http://assets.myntassets.com/assets/images/10575458/2019/10/29/aceeb9b0-9fb6-4902-b283-27e92daf25661572331635220-Roadster-Women-Black-Solid-Sweater-7291572331633577-1.jpg,296.0,4.472972972972973,"Black solid sweater, has a turtle neck, long sleeves, curved hem100% Acrylic<br>Machine-washThe model (height 5'8"") is wearing a size S","{'Body Shape ID': '333', 'Body or Garment Size': 'To-Fit Denotes Body Measurements in', 'Closure': 'NA', 'Fabric': 'Acrylic', 'Hemline': 'Curved', 'Neck': 'Turtle Neck', 'Number of Pockets': 'NA', 'Occasion': 'Casual', 'Pattern': 'Solid', 'Print or Pattern Type': 'Solid', 'Sleeve Length': 'Long Sleeves', 'Surface Styling': 'NA', 'Type': 'Pullover', 'Wash Care': 'Machine Wash'}"
7736701,W Women Teal Blue Solid Front-Open Longline Sweater,Sweater,2099.0,Teal,W,http://assets.myntassets.com/assets/images/7736701/2020/12/24/9d788242-9e34-4912-a3b2-6f36d0a5e3121608806082672-W-Women-Jackets-5041608806080954-1.jpg,9.0,3.888888888888889,"Teal blue solid front-open sweater, has a shawl collar, long sleeves, 2 pockets, and straight hemThe model (height 5'8"") is wearing a size SMaterial: 100% acrylic<br>Machine Wash","{'Body Shape ID': '333,324,424', 'Body or Garment Size': 'To-Fit Denotes Body Measurements in', 'Center Front Open': 'Yes', 'Closure': 'NA', 'Fabric': 'Acrylic', 'Hemline': 'Straight', 'Knit or Woven': 'Knitted', 'Length': 'Longline', 'Neck': 'Shawl Collar', 'Number of Pockets': '2', 'Occasion': 'Casual', 'Pattern': 'Solid', 'Print or Pattern Type': 'Solid', 'Sleeve Length': 'Long Sleeves', 'Surface Styling': 'NA', 'Sustainable': 'Regular', 'Type': 'Front-Open', 'Wash Care': 'Machine Wash'}"
10683730,STREET 9 Women Black Solid Sweater,Sweater,2399.0,Black,STREET 9,http://assets.myntassets.com/assets/images/10683730/2019/10/4/03869c8e-a1be-4867-85d9-3d50330098c71570174372895-STREET-9-Women-Sweaters-1721570174370088-1.jpg,57.0,4.456140350877193,"Black solid sweater, has a turtle neck, long sleeves, and straight hemCotton<br>Machine-washThe model (height 5'8"") is wearing a size S","{'Body Shape ID': '333', 'Body or Garment Size': 'To-Fit Denotes Body Measurements in', 'Closure': 'NA', 'Fabric': 'Cotton', 'Hemline': 'Straight', 'Neck': 'Turtle Neck', 'Number of Pockets': 'NA', 'Occasion': 'Casual', 'Pattern': 'Solid', 'Print or Pattern Type': 'Solid', 'Sleeve Length': 'Long Sleeves', 'Surface Styling': 'NA', 'Type': 'Pullover', 'Wash Care': 'Machine Wash'}"
6726577,Mast & Harbour Women Black Solid Pullover,Pullover,1299.0,Black,Mast & Harbour,http://assets.myntassets.com/assets/images/6726577/2018/12/3/298ea27c-08c6-49ca-bab2-a99f1dd7fd351543841736440-Mast--Harbour-Women-Sweaters-261543841735263-1.jpg,489.0,4.212678936605317,"Black solid pullover, has a round neck, long sleeves, ribbed vented hem, one pocketThe model (height 5'8"") is wearing a size S80% viscose, 20% nylon<br>Machine-wash","{'Body Shape ID': '443,333,324,424', 'Body or Garment Size': 'To-Fit Denotes Body Measurements in', 'Closure': 'NA', 'Fabric': 'Viscose Rayon', 'Hemline': 'Ribbed', 'Neck': 'Round Neck', 'Number of Pockets': 'NA', 'Occasion': 'Casual', 'Pattern': 'Solid', 'Print or Pattern Type': 'Solid', 'Sleeve Length': 'Long Sleeves', 'Surface Styling': 'NA', 'Type': 'Pullover', 'Wash Care': 'Machine Wash'}"
10405893,Campus Sutra Women Grey Solid Sweatshirt,Sweatshirt,2499.0,Grey,Campus Sutra,http://assets.myntassets.com/assets/images/10405893/2019/8/19/4a208c00-3e51-4eb2-a92e-b65b604a52ce1566203221821-Campus-Sutra-Full-Sleeve-Solid-Women-Sweatshirt-481566203220-1.jpg,228.0,4.346491228070176,"Grey solid sweatshirt with a tinge of cream, has a hood, zip detail near the neck, one insert pocket, long sleeves, straight hemThe model (height 5'8"") is wearing a size S100% cotton<br>Machine-wash","{'Body Shape ID': '443,424,324', 'Body or Garment Size': 'To-Fit Denotes Body Measurements in', 'Closure': 'NA', 'Fabric': 'Cotton', 'Hemline': 'Straight', 'Hood': 'NA', 'Length': 'Regular', 'Neck': 'Round Neck', 'Number of Pockets': '1', 'Occasion': 'Casual', 'Pattern': 'Solid', 'Pocket': 'Insert Pocket', 'Print or Pattern Type': 'Solid', 'Sleeve Length': 'Long Sleeves', 'Sport': 'NA', 'Surface Styling': 'Zip Detail', 'Technology': 'NA', 'Type': 'Pullover', 'Wash Care': 'Machine Wash'}"
5567866,DressBerry Women Mustard Yellow Self Design Pullover,Pullover,2299.0,Mustard,DressBerry,http://assets.myntassets.com/assets/images/5567866/2018/11/13/999085e4-ad36-4a9a-8502-c5b88165d1651542088158607-DressBerry-Women-Mustard-Self-Design-Pullover-671542088158331-1.jpg,271.0,4.498154981549815,"Mustard yellow self-design pullover, has a round neck, long sleeves, ribbed hemThe model (height 5'8"") is wearing a size S100% acrylic<br>Machine-wash","{'Body Shape ID': '443,333,324,424', 'Body or Garment Size': 'To-Fit Denotes Body Measurements in', 'Closure': 'NA', 'Fabric': 'Acrylic', 'Hemline': 'Ribbed', 'Neck': 'Round Neck', 'Number of Pockets': 'NA', 'Occasion': 'Casual', 'Pattern': 'Self Design', 'Print or Pattern Type': 'Cable Knit', 'Sleeve Length': 'Long Sleeves', 'Surface Styling': 'Embroidered', 'Type': 'Pullover', 'Wash Care': 'Machine Wash'}"
6726634,Mast & Harbour Women Red Solid Pullover,Pullover,1299.0,Red,Mast & Harbour,http://assets.myntassets.com/assets/images/6726634/2018/12/4/21c5234c-c2d3-4075-8005-f3c31f1407041543902930223-Mast--Harbour-Women-Sweaters-61543902928998-1.jpg,649.0,4.229583975346687,"Red solid pullover, has a round neck, long sleeves, straight hem, one pocket80% viscose, 20% nylon<br>Machine-washThe model (height 5'8"") is wearing a size S","{'Body Shape ID': '443,333,324,424', 'Body or Garment Size': 'To-Fit Denotes Body Measurements in', 'Closure': 'NA', 'Fabric': 'Viscose Rayon', 'Hemline': 'Straight', 'Neck': 'Round Neck', 'Number of Pockets': '1', 'Occasion': 'Casual', 'Pattern': 'Solid', 'Print or Pattern Type': 'Solid', 'Sleeve Length': 'Long Sleeves', 'Surface Styling': 'NA', 'Type': 'Pullover', 'Wash Care': 'Machine Wash'}"
7741411,Taanz Women Grey & Blue Solid Pullover,Pullover,1499.0,Grey,Taanz,http://assets.myntassets.com/assets/images/7741411/2018/11/6/9155c6c7-fa68-44cb-bfa4-f1fca6f69b591541492112960-Taanz-Women-Grey--Blue-Solid-Pullover-8421541492112739-1.jpg,,,"Grey and blue striped pullover, has a round neck, long sleeves, straight hemCotton<br>Machine-washThe model (height 5'8"") is wearing a size S","{'Body Shape ID': '443,333,324,424', 'Body or Garment Size': 'Garment Measurements in', 'Closure': 'NA', 'Fabric': 'Cotton', 'Hemline': 'Straight', 'Neck': 'Round Neck', 'Number of Pockets': 'NA', 'Occasion': 'Casual', 'Pattern': 'Striped', 'Print or Pattern Type': 'Striped', 'Sleeve Length': 'Long Sleeves', 'Surface Styling': 'NA', 'Type': 'Pullover', 'Wash Care': 'Machine Wash'}"
10758220,Athena Women Green Solid Sweatshirt,Sweatshirt,1699.0,Green,Athena,http://assets.myntassets.com/assets/images/productimage/2019/10/1/84183022-46ae-4782-8916-63efb1a858d71569907787724-1.jpg,65.0,4.246153846153846,"<p>Green Solid muffler neck with full sleeve sweatshirt</p>Fleece<br>Hand-washThe model (height 5'8"") is wearing a size S","{'Body Shape ID': '324', 'Body or Garment Size': 'Garment Measurements in', 'Closure': 'NA', 'Fabric': 'Fleece', 'Hemline': 'Straight', 'Hood': 'NA', 'Length': 'Regular', 'Neck': 'High Neck', 'Number of Pockets': 'NA', 'Occasion': 'Casual', 'Pattern': 'Solid', 'Pocket': 'NA', 'Print or Pattern Type': 'Solid', 'Sleeve Length': 'Long Sleeves', 'Sport': 'NA', 'Surface Styling': 'NA', 'Technology': 'NA', 'Type': 'Pullover', 'Wash Care': 'Hand Wash'}"
10758214,Athena Women Burgundy Solid Pullover Sweatshirt,Pullover Sweatshirt,1699.0,Burgundy,Athena,http://assets.myntassets.com/assets/images/productimage/2019/10/1/336a579a-4a53-4098-90d9-358b1b3fd8311569909621146-1.jpg,8.0,4.5,"Burgundy solid muffler neck pullover sweatshirt&nbsp;and long sleevesThe model (height 5'8"") is wearing a size SFleece<br> Hand-wash","{'Body Shape ID': '324', 'Body or Garment Size': 'Garment Measurements in', 'Closure': 'NA', 'Fabric': 'Fleece', 'Hemline': 'Straight', 'Hood': 'NA', 'Length': 'Regular', 'Neck': 'High Neck', 'Number of Pockets': 'NA', 'Occasion': 'Casual', 'Pattern': 'Solid', 'Pocket': 'NA', 'Print or Pattern Type': 'Solid', 'Sleeve Length': 'Long Sleeves', 'Sport': 'NA', 'Surface Styling': 'NA', 'Technology': 'NA', 'Type': 'Pullover', 'Wash Care': 'Hand Wash'}"
7809345,Belle Fille Women Purple & Teal Colourblocked Sweatshirt,Sweatshirt,1699.0,Purple,Belle Fille,http://assets.myntassets.com/assets/images/7809345/2018/11/20/ebc62533-5208-43b3-8ac4-757852be6a9d1542695222699-a-8891542695222397-1.jpg,,,"Purple and teal colourblocked sweatshirt, has a round neck, long sleeves, straight hemFleece<br>Hand-washThe model (height 5'8"") is wearing a size S","{'Body Shape ID': '443,424,324', 'Body or Garment Size': 'To-Fit Denotes Body Measurements in', 'Closure': 'NA', 'Fabric': 'Fleece', 'Hemline': 'Straight', 'Hood': 'NA', 'Length': 'Regular', 'Neck': 'Round Neck', 'Number of Pockets': 'NA', 'Occasion': 'Casual', 'Pattern': 'Colourblocked', 'Pocket': 'NA', 'Print or Pattern Type': 'Colourblocked', 'Sleeve Length': 'Long Sleeves', 'Surface Styling': 'NA', 'Type': 'Pullover', 'Wash Care': 'Hand Wash'}"
7275893,Belle Fille Women Teal Solid Sweatshirt,Sweatshirt,1699.0,Teal,Belle Fille,http://assets.myntassets.com/assets/images/7275893/2018/9/4/914735aa-1d0a-4499-8403-ded38a31b6e51536043827965-na-8061536043827771-1.jpg,,,"Teal solid sweatshirt, has a round neck, long sleeves, snap button closure, straight hemThe model (height 5'8"") is wearing a size SFleece<br>Hand-wash","{'Body Shape ID': '443,424,324', 'Body or Garment Size': 'To-Fit Denotes Body Measurements in', 'Closure': 'Snap Button', 'Fabric': 'Fleece', 'Hemline': 'Straight', 'Hood': 'NA', 'Length': 'Regular', 'Neck': 'Round Neck', 'Number of Pockets': 'NA', 'Occasion': 'Casual', 'Pattern': 'Solid', 'Pocket': 'NA', 'Print or Pattern Type': 'Solid', 'Sleeve Length': 'Long Sleeves', 'Surface Styling': 'Zip Detail', 'Type': 'Pullover', 'Wash Care': 'Hand Wash'}"
1643059,Belle Fille Pink Sweatshirt,Sweatshirt,1599.0,Pink,Belle Fille,http://assets.myntassets.com/assets/images/1643059/2016/11/17/11479367121421-Belle-Fille-Women-Sweatshirts-7251479367121245-1.jpg,98.0,3.438775510204082,"Pink embellished&nbsp;sweatshirt, has a round neck, long sleevesFleece<br>Hand-washThe model (height 5'8'') is wearing a size S","{'Body Shape ID': '443,424,324', 'Body or Garment Size': 'To-Fit Denotes Body Measurements in', 'Fabric': 'Fleece', 'Hemline': 'Curved', 'Hood': 'NA', 'Length': 'Regular', 'Neck': 'Round Neck', 'Occasion': 'Casual', 'Pattern': 'Solid', 'Pocket': 'NA', 'Print or Pattern Type': 'Solid', 'Sleeve Length': 'Long Sleeves', 'Surface Styling': 'NA', 'Type': 'Pullover', 'Wash Care': 'Hand Wash'}"
10320029,Belle Fille Women Brown Solid Sweatshirt,Sweatshirt,1599.0,Brown,Belle Fille,http://assets.myntassets.com/assets/images/10320029/2019/8/8/8316f039-d3f6-4260-8cda-59860bf949da1565234769769-Belle-Fille-Women-Sweatshirts-3811565234768609-1.jpg,,,"Brown solid sweatshirt, has a round neck, long sleeves, ribbed hemFleece<br> Hand-washThe model (height 5'8"") is wearing a size S","{'Body Shape ID': '443,424,324', 'Body or Garment Size': 'To-Fit Denotes Body Measurements in', 'Closure': 'NA', 'Fabric': 'Fleece', 'Hemline': 'Straight', 'Hood': 'NA', 'Length': 'Regular', 'Neck': 'Round Neck', 'Number of Pockets': 'NA', 'Occasion': 'Casual', 'Pattern': 'Solid', 'Pocket': 'NA', 'Print or Pattern Type': 'Solid', 'Sleeve Length': 'Long Sleeves', 'Sport': 'NA', 'Surface Styling': 'NA', 'Technology': 'NA', 'Type': 'Pullover', 'Wash Care': 'Hand Wash'}"
10584392,Campus Sutra Women Black Solid Hooded Sweatshirt,Hooded Sweatshirt,1699.0,Black,Campus Sutra,http://assets.myntassets.com/assets/images/productimage/2019/9/4/596fda55-abcb-42e1-9c8e-f0a16cd31c411567597582089-1.jpg,757.0,4.113606340819023,"Black solid sweatshirt, has long sleeves, attached hood, two kangaroo pocketsCotton<br>Machine-washThe model (height 5'8"") is wearing a size S","{'Body Shape ID': '443,424,324', 'Body or Garment Size': 'To-Fit Denotes Body Measurements in', 'Closure': 'NA', 'Fabric': 'Cotton', 'Hemline': 'Straight', 'Hood': 'Hooded', 'Length': 'Regular', 'Neck': 'Hood', 'Number of Pockets': '2', 'Occasion': 'Casual', 'Pattern': 'Solid', 'Pocket': 'Kangaroo Pocket', 'Print or Pattern Type': 'Solid', 'Sleeve Length': 'Long Sleeves', 'Sport': 'NA', 'Surface Styling': 'NA', 'Technology': 'NA', 'Type': 'Pullover', 'Wash Care': 'Machine Wash'}"
4424008,DressBerry Women Green Solid Pullover,Pullover,1399.0,Green,DressBerry,http://assets.myntassets.com/assets/images/4424008/2018/9/4/cb47f674-e7cc-4091-97e8-c74b85b35bfa1536059897275-DressBerry-Women-Green-Solid-Pullover-4461536059895915-1.jpg,210.0,4.419047619047619,"Green solid pullover, has a round neck, long sleeves, ribbed hem100% Acrylic<br>Machine-washThe model (height 5'8"") is wearing a size S","{'Body Shape ID': '443,333,324,424', 'Body or Garment Size': 'To-Fit Denotes Body Measurements in', 'Closure': 'NA', 'Fabric': 'Acrylic', 'Hemline': 'Ribbed', 'Neck': 'Round Neck', 'Number of Pockets': 'NA', 'Occasion': 'Casual', 'Pattern': 'Solid', 'Print or Pattern Type': 'Solid', 'Sleeve Length': 'Long Sleeves', 'Surface Styling': 'NA', 'Type': 'Pullover', 'Wash Care': 'Machine Wash'}"
7784761,Athena Women Red Embellished Sweatshirt,Sweatshirt,1899.0,Red,Athena,http://assets.myntassets.com/assets/images/7784761/2018/11/20/cf6d8279-a6ff-4f82-a43d-5f59fdf9e2b41542707861219-Athena-Red-embellished-sweatshirt-with-artful-pearl-beading-2861542707861085-1.jpg,,,"Red embellished sweatshirt, has a round neck, long sleeves, straight hemFleece<br>Machine-washThe model (height 5'8"") is wearing a size S","{'Body Shape ID': '443,424,324', 'Body or Garment Size': 'Garment Measurements in', 'Closure': 'NA', 'Fabric': 'Fleece', 'Hemline': 'Straight', 'Hood': 'NA', 'Length': 'Regular', 'Neck': 'Round Neck', 'Number of Pockets': 'NA', 'Occasion': 'Casual', 'Pattern': 'Solid', 'Pocket': 'NA', 'Print or Pattern Type': 'Solid', 'Sleeve Length': 'Long Sleeves', 'Surface Styling': 'Embellished', 'Type': 'Pullover', 'Wash Care': 'Machine Wash'}"
10565688,Flying Machine Women Turquoise Blue Solid Hooded Sweatshirt,Hooded Sweatshirt,1899.0,Turquoise Blue,Flying Machine,http://assets.myntassets.com/assets/images/10565688/2019/12/30/e9e54aad-ecdb-490f-a105-17a31446e66e1577688872324-Flying-Machine-Women-Turquoise-Blue-Solid-Hooded-Sweatshirt--1.jpg,30.0,4.033333333333333,"Turquoise Blue solid sweatshirt with printed detail, has a hood, one pocket, long sleeves, ribbed hem100% cotton<br>Machine-washThe model (height 5'8"") is wearing a size S","{'Body Shape ID': '443,424,324', 'Body or Garment Size': 'Garment Measurements in', 'Closure': 'NA', 'Fabric': 'Cotton', 'Hemline': 'Straight', 'Hood': 'Hooded', 'Length': 'Regular', 'Neck': 'Hood', 'Number of Pockets': '1', 'Occasion': 'Casual', 'Pattern': 'Solid', 'Pocket': 'Kangaroo Pocket', 'Print or Pattern Type': 'Solid', 'Sleeve Length': 'Long Sleeves', 'Sport': 'NA', 'Surface Styling': 'NA', 'Technology': 'NA', 'Type': 'Pullover', 'Wash Care': 'Machine Wash'}"
10597746,Alsace Lorraine Paris Women Black Solid Hooded Sweatshirt,Hooded Sweatshirt,1799.0,Black,Alsace Lorraine Paris,http://assets.myntassets.com/assets/images/10597746/2019/9/17/09727e25-ef11-4f5e-bfc0-f0cdb7638daf1568700255257-Alsace-Lorraine-Paris-Women-Sweatshirts-8511568700253823-1.jpg,6.0,4.833333333333333,"Black solid sweatshirt, has a hood, two pockets, long sleeves, zip closure, straight hemThe model (height 5'8"") is wearing a size SCotton blend<br>Hand-wash","{'Body Shape ID': '443,424,324', 'Body or Garment Size': 'To-Fit Denotes Body Measurements in', 'Closure': 'Zip', 'Fabric': 'Cotton', 'Hemline': 'Straight', 'Hood': 'Hooded', 'Length': 'Regular', 'Neck': 'Hood', 'Number of Pockets': '2', 'Occasion': 'Casual', 'Pattern': 'Solid', 'Pocket': 'Insert Pocket', 'Print or Pattern Type': 'Solid', 'Sleeve Length': 'Long Sleeves', 'Sport': 'NA', 'Surface Styling': 'NA', 'Technology': 'NA', 'Type': 'Front-Open', 'Wash Care': 'Hand Wash'}"
10597830,Alsace Lorraine Paris Women Black Solid Hooded Sweatshirt,Hooded Sweatshirt,1599.0,Black,Alsace Lorraine Paris,http://assets.myntassets.com/assets/images/10597830/2019/9/17/1678a150-8405-4e13-b8f7-6811f5fffff01568700614064-Alsace-Lorraine-Paris-Women-Sweatshirts-3221568700612546-1.jpg,26.0,3.692307692307693,"Black solid sweatshirt, has a hood, two pockets, long sleeves, zip closure, straight hemThe model (height 5'8"") is wearing a size SCotton<br>Hand-wash","{'Body Shape ID': '443,424,324', 'Body or Garment Size': 'To-Fit Denotes Body Measurements in', 'Closure': 'Zip', 'Fabric': 'Cotton', 'Hemline': 'Straight', 'Hood': 'Hooded', 'Length': 'Regular', 'Neck': 'Hood', 'Number of Pockets': '2', 'Occasion': 'Casual', 'Pattern': 'Solid', 'Pocket': 'Kangaroo Pocket', 'Print or Pattern Type': 'Solid', 'Sleeve Length': 'Long Sleeves', 'Sport': 'NA', 'Surface Styling': 'NA', 'Technology': 'NA', 'Type': 'Front-Open', 'Wash Care': 'Hand Wash'}"
10319957,Belle Fille Women Orange & Black Semi-Sheer Solid Hooded Sweatshirt,Hooded Sweatshirt,1999.0,Orange,Belle Fille,http://assets.myntassets.com/assets/images/10319957/2019/8/8/4349c604-6201-49b0-9cbe-a44384d184971565243620535-Belle-Fille-Women-Sweatshirts-2151565243619278-1.jpg,,,"Orange and black semi-sheer solid sweatshirt, has a hood, three-quarter sleeves, straight hemThe model (height 5'8"") is wearing a size SFleece<br> Hand-wash","{'Body Shape ID': '443,424,324', 'Body or Garment Size': 'To-Fit Denotes Body Measurements in', 'Closure': 'NA', 'Fabric': 'Fleece', 'Hemline': 'Straight', 'Hood': 'Hooded', 'Length': 'Regular', 'Neck': 'Hood', 'Number of Pockets': 'NA', 'Occasion': 'Casual', 'Pattern': 'Solid', 'Pocket': 'NA', 'Print or Pattern Type': 'Solid', 'Sleeve Length': 'Three-Quarter Sleeves', 'Sport': 'NA', 'Surface Styling': 'NA', 'Technology': 'NA', 'Type': 'Pullover', 'Wash Care': 'Hand Wash'}"
10565738,Flying Machine Women Pink Printed Sweatshirt,Sweatshirt,1699.0,Pink,Flying Machine,http://assets.myntassets.com/assets/images/10565738/2019/9/26/f52ceb8a-de27-439c-9b8f-5fc6c24bbf991569481659558-Flying-Machine-Women-Sweatshirts-1561569481657627-1.jpg,17.0,4.529411764705882,"Pink printed sweatshirt, has a round neck, long sleeves, ribbed hemThe model (height 5'8"") is wearing a size S100% cotton<br>Machine-wash","{'Body Shape ID': '443,424,324', 'Body or Garment Size': 'Garment Measurements in', 'Closure': 'NA', 'Fabric': 'Cotton', 'Hemline': 'Straight', 'Hood': 'NA', 'Length': 'Regular', 'Neck': 'Round Neck', 'Number of Pockets': 'NA', 'Occasion': 'Casual', 'Pattern': 'Printed', 'Pocket': 'NA', 'Print or Pattern Type': 'Typography', 'Sleeve Length': 'Long Sleeves', 'Sport': 'NA', 'Surface Styling': 'NA', 'Technology': 'NA', 'Type': 'Pullover', 'Wash Care': 'Machine Wash'}"
10611430,Alsace Lorraine Paris Women Orange Solid Hooded Sweatshirt,Hooded Sweatshirt,1599.0,Orange,Alsace Lorraine Paris,http://assets.myntassets.com/assets/images/10611430/2019/9/17/2c607143-4733-477b-a5ad-733ed40c246d1568700958491-Alsace-Lorraine-Paris-Women-Sweatshirts-5091568700957311-1.jpg,,,"Orange solid sweatshirt, has a hood, two pockets, long sleeves, zip closure, straight hemThe model (height 5'8"") is wearing a size SCotton blend<br>Hand-wash","{'Body Shape ID': '443,424,324', 'Body or Garment Size': 'To-Fit Denotes Body Measurements in', 'Closure': 'Zip', 'Fabric': 'Cotton', 'Hemline': 'Straight', 'Hood': 'Hooded', 'Length': 'Regular', 'Neck': 'Hood', 'Number of Pockets': '2', 'Occasion': 'Casual', 'Pattern': 'Solid', 'Pocket': 'Kangaroo Pocket', 'Print or Pattern Type': 'Solid', 'Sleeve Length': 'Long Sleeves', 'Sport': 'NA', 'Surface Styling': 'NA', 'Technology': 'NA', 'Type': 'Front-Open', 'Wash Care': 'Hand Wash'}"
10611428,Alsace Lorraine Paris Women Black Solid Hooded Sweatshirt,Hooded Sweatshirt,1499.0,Black,Alsace Lorraine Paris,http://assets.myntassets.com/assets/images/10611428/2019/9/17/fb22a037-5d95-4b85-b976-74ff31a1bf671568700955949-Alsace-Lorraine-Paris-Women-Sweatshirts-6341568700954625-1.jpg,,,"Black solid sweatshirt, has a hood, one pocket, long puff sleeves, straight hemCotton blend<br>Hand-washThe model (height 5'8"") is wearing a size S","{'Body Shape ID': '443,424,324', 'Body or Garment Size': 'To-Fit Denotes Body Measurements in', 'Closure': 'NA', 'Fabric': 'Cotton', 'Hemline': 'Straight', 'Hood': 'Hooded', 'Length': 'Regular', 'Neck': 'Hood', 'Number of Pockets': '1', 'Occasion': 'Casual', 'Pattern': 'Solid', 'Pocket': 'Kangaroo Pocket', 'Print or Pattern Type': 'Solid', 'Sleeve Length': 'Long Sleeves', 'Sport': 'NA', 'Surface Styling': 'NA', 'Technology': 'NA', 'Type': 'Pullover', 'Wash Care': 'Hand Wash'}"
10597982,Alsace Lorraine Paris Women Orange Solid Hooded Sweatshirt,Hooded Sweatshirt,1499.0,Orange,Alsace Lorraine Paris,http://assets.myntassets.com/assets/images/10597982/2019/9/17/c7702e20-fd7c-4114-971f-7838156ef6be1568700846032-Alsace-Lorraine-Paris-Women-Sweatshirts-4431568700844281-1.jpg,5.0,4.6,"Orange solid sweatshirt, has a hood, one pocket, long sleeves, straight hemThe model (height 5'8"") is wearing a size SCotton blend<br>Hand-wash","{'Body Shape ID': '443,424,324', 'Body or Garment Size': 'To-Fit Denotes Body Measurements in', 'Closure': 'NA', 'Fabric': 'Cotton', 'Hemline': 'Straight', 'Hood': 'Hooded', 'Length': 'Regular', 'Neck': 'Hood', 'Number of Pockets': '1', 'Occasion': 'Casual', 'Pattern': 'Solid', 'Pocket': 'Kangaroo Pocket', 'Print or Pattern Type': 'Solid', 'Sleeve Length': 'Long Sleeves', 'Sport': 'NA', 'Surface Styling': 'NA', 'Technology': 'NA', 'Type': 'Pullover', 'Wash Care': 'Hand Wash'}"
10597886,Alsace Lorraine Paris Women Orange & Green Colourblocked Hooded Sweatshirt,Hooded Sweatshirt,1899.0,Orange,Alsace Lorraine Paris,http://assets.myntassets.com/assets/images/10597886/2019/9/17/71822966-0423-49b5-992b-de01f567d2c21568702277233-Alsace-Lorraine-Paris-Women-Sweatshirts-8161568702275751-1.jpg,,,"Orange and green colourblocked sweatshirt, has a hood, two pockets, long sleeves, zip closure, straight hemCotton blend<br>Hand-washThe model (height 5'8"") is wearing a size S","{'Body Shape ID': '443,424,324', 'Body or Garment Size': 'To-Fit Denotes Body Measurements in', 'Closure': 'Zip', 'Fabric': 'Cotton', 'Hemline': 'Straight', 'Hood': 'Hooded', 'Length': 'Regular', 'Neck': 'Hood', 'Number of Pockets': '2', 'Occasion': 'Casual', 'Pattern': 'Colourblocked', 'Pocket': 'Kangaroo Pocket', 'Print or Pattern Type': 'Colourblocked', 'Sleeve Length': 'Long Sleeves', 'Sport': 'NA', 'Surface Styling': 'NA', 'Technology': 'NA', 'Type': 'Front-Open', 'Wash Care': 'Hand Wash'}"
10597884,Alsace Lorraine Paris Women Rust Brown Solid Hooded Cropped Sweatshirt,"Hooded Sweatshirt, Cropped Sweatshirt",1799.0,Rust,Alsace Lorraine Paris,http://assets.myntassets.com/assets/images/10597884/2019/9/17/821b12e9-8549-4d84-8d9c-de37ec5e90171568701544497-Alsace-Lorraine-Paris-Women-Sweatshirts-901568701543038-1.jpg,,,"Rust brown solid cropped sweatshirt with lace-up detail, has a hood, long sleeves, straight hem, fleece linedCotton blend<br>Hand-washThe model (height 5'8"") is wearing a size S","{'Body Shape ID': '424', 'Body or Garment Size': 'To-Fit Denotes Body Measurements in', 'Closure': 'NA', 'Fabric': 'Cotton', 'Hemline': 'Straight', 'Hood': 'Hooded', 'Length': 'Crop', 'Neck': 'Hood', 'Number of Pockets': 'NA', 'Occasion': 'Casual', 'Pattern': 'Solid', 'Pocket': 'NA', 'Print or Pattern Type': 'Solid', 'Sleeve Length': 'Long Sleeves', 'Sport': 'NA', 'Surface Styling': 'NA', 'Technology': 'NA', 'Type': 'Pullover', 'Wash Care': 'Hand Wash'}"
10607434,SASSAFRAS Women Blue & Yellow Printed Hooded Crop Sweatshirt,"Hooded Sweatshirt, Crop Sweatshirt",1599.0,Blue,SASSAFRAS,http://assets.myntassets.com/assets/images/10607434/2019/9/13/77a31b82-bf5d-4129-b86e-6bd0551639d91568356962870-SASSAFRAS-Women-Sweatshirts-6031568356961497-1.jpg,27.0,4.111111111111111,"Blue and yellow printed crop sweatshirt, has a hooded neck, three-quarter sleeves, straight hemThe model (height 5'8"") is wearing a size SCotton<br> Hand-wash","{'Body Shape ID': '424', 'Body or Garment Size': 'To-Fit Denotes Body Measurements in', 'Closure': 'NA', 'Fabric': 'Cotton', 'Hemline': 'Straight', 'Hood': 'Hooded', 'Length': 'Crop', 'Neck': 'Hood', 'Number of Pockets': 'NA', 'Occasion': 'Casual', 'Pattern': 'Printed', 'Pocket': 'NA', 'Print or Pattern Type': 'Typography', 'Sleeve Length': 'Three-Quarter Sleeves', 'Sport': 'NA', 'Surface Styling': 'NA', 'Technology': 'NA', 'Type': 'Pullover', 'Wash Care': 'Hand Wash'}"
10623674,Campus Sutra Women Black Printed Hooded Sweatshirt,Hooded Sweatshirt,1699.0,Black,Campus Sutra,http://assets.myntassets.com/assets/images/productimage/2019/9/11/da1fffd0-dccf-4aa9-b701-6e921effa7911568193274814-1.jpg,49.0,3.7755102040816326,"<p>Wearing this Women's Hoodies or Sweatshirt from the House of Campus sutra and Its keep you warm in the Cool Season. This Sweatshirts is made of Smooth Cotton, the cotton fabric of hoodie spells pure comfort and warmth. Fetch a casual and cool look for yourself by teaming it with a pair of jeans and sneakers</p>The model (height 5'8"") is wearing a size S<p>Gentle Machine Wash</p>","{'Body Shape ID': '443,424,324', 'Body or Garment Size': 'To-Fit Denotes Body Measurements in', 'Closure': 'NA', 'Fabric': 'Cotton', 'Hemline': 'Straight', 'Hood': 'Hooded', 'Length': 'Regular', 'Neck': 'Hood', 'Number of Pockets': '1', 'Occasion': 'Casual', 'Pattern': 'Printed', 'Pocket': 'Kangaroo Pocket', 'Print or Pattern Type': 'Typography', 'Sleeve Length': 'Long Sleeves', 'Sport': 'NA', 'Surface Styling': 'NA', 'Technology': 'NA', 'Type': 'Pullover', 'Wash Care': 'Machine Wash'}"
10597780,Alsace Lorraine Paris Women Orange Solid Cropped Sweatshirt,"Sweatshirt, Cropped Sweatshirt",1599.0,Orange,Alsace Lorraine Paris,http://assets.myntassets.com/assets/images/10597780/2019/9/17/0512f64e-de37-4516-8774-3670dbdf61ca1568700521519-Alsace-Lorraine-Paris-Women-Sweatshirts-8751568700520068-1.jpg,,,"Orange solid cropped sweatshirt, has a round neck, long sleeves, straight hem, fleece linedThe model (height 5'8"") is wearing a size SCotton blend<br>Hand-wash","{'Body Shape ID': '424', 'Body or Garment Size': 'To-Fit Denotes Body Measurements in', 'Closure': 'NA', 'Fabric': 'Cotton', 'Hemline': 'Straight', 'Hood': 'NA', 'Length': 'Crop', 'Neck': 'Round Neck', 'Number of Pockets': 'NA', 'Occasion': 'Casual', 'Pattern': 'Solid', 'Pocket': 'NA', 'Print or Pattern Type': 'Solid', 'Sleeve Length': 'Long Sleeves', 'Sport': 'NA', 'Surface Styling': 'NA', 'Technology': 'NA', 'Type': 'Pullover', 'Wash Care': 'Hand Wash'}"
10611400,Alsace Lorraine Paris Women Mustard Yellow Solid Sweatshirt,Sweatshirt,1399.0,Mustard,Alsace Lorraine Paris,http://assets.myntassets.com/assets/images/10611400/2019/9/17/8eccc684-e4cd-44d1-8345-d75037faa7e51568700865064-Alsace-Lorraine-Paris-Women-Sweatshirts-8861568700863231-1.jpg,18.0,4.277777777777778,"Mustard yellow solid sweatshirt, has a round neck, long sleeves, straight hemThe model (height 5'8"") is wearing a size SCotton blend<br>Hand-wash","{'Body Shape ID': '443,424,324', 'Body or Garment Size': 'To-Fit Denotes Body Measurements in', 'Closure': 'NA', 'Fabric': 'Cotton', 'Hemline': 'Straight', 'Hood': 'NA', 'Length': 'Regular', 'Neck': 'Round Neck', 'Number of Pockets': 'NA', 'Occasion': 'Casual', 'Pattern': 'Solid', 'Pocket': 'NA', 'Print or Pattern Type': 'Solid', 'Sleeve Length': 'Long Sleeves', 'Sport': 'NA', 'Surface Styling': 'NA', 'Technology': 'NA', 'Type': 'Pullover', 'Wash Care': 'Hand Wash'}"
10597870,Alsace Lorraine Paris Women Grey Melange Solid Hooded Cropped Sweatshirt,"Hooded Sweatshirt, Cropped Sweatshirt",1799.0,Grey Melange,Alsace Lorraine Paris,http://assets.myntassets.com/assets/images/10597870/2019/9/17/5f9b3aaf-35b3-4f87-b3da-4a7e52d2e3651568700744919-Alsace-Lorraine-Paris-Women-Sweatshirts-9361568700743387-1.jpg,,,"Grey melange solid cropped sweatshirt with lace-up detail, has a hood, long sleeves, straight hem, fleece linedCotton blend<br>Hand-washThe model (height 5'8"") is wearing a size S","{'Body Shape ID': '424', 'Body or Garment Size': 'To-Fit Denotes Body Measurements in', 'Closure': 'NA', 'Fabric': 'Cotton', 'Hemline': 'Straight', 'Hood': 'Hooded', 'Length': 'Crop', 'Neck': 'Hood', 'Number of Pockets': 'NA', 'Occasion': 'Casual', 'Pattern': 'Solid', 'Pocket': 'NA', 'Print or Pattern Type': 'Solid', 'Sleeve Length': 'Long Sleeves', 'Sport': 'NA', 'Surface Styling': 'NA', 'Technology': 'NA', 'Type': 'Pullover', 'Wash Care': 'Hand Wash'}"
10319997,Belle Fille Women Yellow & Black Solid Longline Hooded Sweatshirt,Hooded Sweatshirt,2199.0,Yellow,Belle Fille,http://assets.myntassets.com/assets/images/10319997/2019/8/8/73c00880-80c3-4d85-bcc8-9a207c3a75181565234692262-Belle-Fille-Women-Sweatshirts-3291565234691085-1.jpg,,,"Yellow and black solid longline sweatshirt, has a hood, two pockets, long sleeves, button closures, straight hemFleece<br>Hand-washThe model (height 5'8"") is wearing a size S","{'Body Shape ID': '443,424,324', 'Body or Garment Size': 'To-Fit Denotes Body Measurements in', 'Closure': 'Button', 'Fabric': 'Fleece', 'Hemline': 'Straight', 'Hood': 'Hooded', 'Length': 'Longline', 'Neck': 'Hood', 'Number of Pockets': '2', 'Occasion': 'Casual', 'Pattern': 'Solid', 'Pocket': 'Insert Pocket', 'Print or Pattern Type': 'Solid', 'Sleeve Length': 'Long Sleeves', 'Sport': 'NA', 'Surface Styling': 'NA', 'Technology': 'NA', 'Type': 'Front-Open', 'Wash Care': 'Hand Wash'}"
10319947,Belle Fille Women Black & Maroon Colourblocked Sweatshirt,Sweatshirt,2199.0,Black,Belle Fille,http://assets.myntassets.com/assets/images/10319947/2019/8/8/5b2d70db-29c0-4597-9fb6-d8a709496b691565234658649-Belle-Fille-Women-Sweatshirts-6691565234657383-1.jpg,,,"Black and maroon sweatshirt, has a round neck, long sleeves, assymmetric zip detail, straight hemThe model (height 5'8"") is wearing a size SFleece<br>Hand-wash","{'Body Shape ID': '443,424,324', 'Body or Garment Size': 'To-Fit Denotes Body Measurements in', 'Closure': 'Zip', 'Fabric': 'Fleece', 'Hemline': 'Straight', 'Hood': 'NA', 'Length': 'Regular', 'Neck': 'Round Neck', 'Number of Pockets': 'NA', 'Occasion': 'Casual', 'Pattern': 'Colourblocked', 'Pocket': 'NA', 'Print or Pattern Type': 'Colourblocked', 'Sleeve Length': 'Long Sleeves', 'Sport': 'NA', 'Surface Styling': 'Zip Detail', 'Technology': 'NA', 'Type': 'Pullover', 'Wash Care': 'Hand Wash'}"
10320069,Belle Fille Women Black & Orange Colourblocked Hooded Sweatshirt,Hooded Sweatshirt,1999.0,Black,Belle Fille,http://assets.myntassets.com/assets/images/10320069/2019/8/6/00b07438-6cac-4df9-84d8-9d4fc67e99971565083541386-Belle-Fille-Women-Black--Orange-Colourblocked-Hooded-Sweatsh-1.jpg,,,"Black, orange and white colourblocked sweatshirt, has a hood, zip closure, straight hemFleece<br> Hand-washThe model (height 5'8"") is wearing a size S","{'Body Shape ID': '443,424,324', 'Body or Garment Size': 'To-Fit Denotes Body Measurements in', 'Closure': 'Zip', 'Fabric': 'Fleece', 'Hemline': 'Straight', 'Hood': 'Hooded', 'Length': 'Regular', 'Neck': 'Hood', 'Number of Pockets': 'NA', 'Occasion': 'Casual', 'Pattern': 'Colourblocked', 'Pocket': 'NA', 'Print or Pattern Type': 'Colourblocked', 'Sleeve Length': 'Long Sleeves', 'Sport': 'NA', 'Surface Styling': 'NA', 'Technology': 'NA', 'Type': 'Front-Open', 'Wash Care': 'Hand Wash'}"
10597846,Alsace Lorraine Paris Women Burgundy Solid Sweatshirt,Sweatshirt,1699.0,Burgundy,Alsace Lorraine Paris,http://assets.myntassets.com/assets/images/10597846/2019/9/17/61e9e7f3-74d3-4a69-9e1c-3e06cb5098e01568700681199-Alsace-Lorraine-Paris-Women-Sweatshirts-211568700679505-1.jpg,9.0,4.444444444444445,"Burgundy solid sweatshirt, has a turtle neck, long sleeves, zip closure, curved hemThe model (height 5'8"") is wearing a size SCotton<br>Hand-wash","{'Body Shape ID': '324', 'Body or Garment Size': 'To-Fit Denotes Body Measurements in', 'Closure': 'Zip', 'Fabric': 'Cotton', 'Hemline': 'Curved', 'Hood': 'NA', 'Length': 'Regular', 'Neck': 'Turtle Neck', 'Number of Pockets': 'NA', 'Occasion': 'Casual', 'Pattern': 'Solid', 'Pocket': 'NA', 'Print or Pattern Type': 'Solid', 'Sleeve Length': 'Long Sleeves', 'Sport': 'NA', 'Surface Styling': 'NA', 'Technology': 'NA', 'Type': 'Front-Open', 'Wash Care': 'Hand Wash'}"
10321501,Belle Fille Women Maroon  Solid Sweatshirt,Sweatshirt,2499.0,Maroon,Belle Fille,http://assets.myntassets.com/assets/images/10321501/2019/8/6/4e5c1352-1054-448d-80e8-72caf89902f61565087883167-Belle-Fille-Women-Maroon--Solid-Sweatshirt-3631565087880723-1.jpg,,,"Maroon solid sweatshirt, has a spread collar, 2 pockets, long sleeves, straight hem<br>Comes with a beltFleece<br> Hand-washThe model (height 5'8"") is wearing a size S","{'Body Shape ID': '424,324', 'Closure': 'NA', 'Fabric': 'Fleece', 'Hemline': 'Curved', 'Hood': 'NA', 'Length': 'Regular', 'Neck': 'Shirt Collar', 'Number of Pockets': '2', 'Occasion': 'Casual', 'Pattern': 'Solid', 'Pocket': 'Insert Pocket', 'Print or Pattern Type': 'Solid', 'Sleeve Length': 'Long Sleeves', 'Sport': 'NA', 'Surface Styling': 'NA', 'Technology': 'NA', 'Type': 'Pullover', 'Wash Care': 'Machine Wash'}"
10319689,Belle Fille Women Purple Solid Hooded Sweatshirt,Hooded Sweatshirt,2499.0,Purple,Belle Fille,http://assets.myntassets.com/assets/images/10319689/2019/8/12/d39b6ef9-ef30-4fe7-9aaf-93a2145d14da1565606839895-Belle-Fille-Women-Purple-Solid-Hooded-Sweatshirt-89815656068-1.jpg,,,"Purple solid sweatshirt, has a hood, long sleeves, two pockets with sequinned detail, zip closure, straight hemFleece<br>Machine-washThe model (height 5'8"") is wearing a size S","{'Body Shape ID': '443,424,324', 'Closure': 'Zip', 'Fabric': 'Polyester', 'Hemline': 'Straight', 'Hood': 'Hooded', 'Length': 'Regular', 'Neck': 'Hood', 'Number of Pockets': '2', 'Occasion': 'Casual', 'Pattern': 'Solid', 'Pocket': 'Insert Pocket', 'Print or Pattern Type': 'Solid', 'Sleeve Length': 'Long Sleeves', 'Sport': 'NA', 'Surface Styling': 'Sequined', 'Technology': 'NA', 'Type': 'Front-Open', 'Wash Care': 'Machine Wash'}"
10321473,Belle Fille Women Navy Blue Solid Sweatshirt,Sweatshirt,2499.0,Navy Blue,Belle Fille,http://assets.myntassets.com/assets/images/10321473/2019/8/6/5f08af8b-dd2c-4fcf-8e0c-8afceb6b9bda1565091409408-Belle-Fille-Women-Navy-Blue-Solid-Sweatshirt-598156509140795-1.jpg,,,"Navy Blue solid sweatshirt, has a spread collar, 2 pockets, long sleeves, straight hem<br>Comes with a beltThe model (height 5'8"") is wearing a size SFleece<br> Machine-wash","{'Body Shape ID': '424,324', 'Closure': 'NA', 'Fabric': 'Fleece', 'Hemline': 'Straight', 'Hood': 'NA', 'Length': 'Regular', 'Neck': 'Shirt Collar', 'Number of Pockets': '2', 'Occasion': 'Casual', 'Pattern': 'Solid', 'Pocket': 'Insert Pocket', 'Print or Pattern Type': 'Solid', 'Sleeve Length': 'Long Sleeves', 'Sport': 'NA', 'Surface Styling': 'NA', 'Technology': 'NA', 'Type': 'Pullover', 'Wash Care': 'Machine Wash'}"
10597818,Alsace Lorraine Paris Women Navy Blue Solid Hooded Sweatshirt,Hooded Sweatshirt,1799.0,Navy Blue,Alsace Lorraine Paris,http://assets.myntassets.com/assets/images/10597818/2019/9/17/553d2ca0-093f-46ae-8bcd-582f75a6e1f31568700592322-Alsace-Lorraine-Paris-Women-Sweatshirts-6661568700590846-1.jpg,,,"Navy Blue solid sweatshirt, has a hood, two pockets, long sleeves, zip closure, straight hemCotton<br> Hand-washThe model (height 5'8"") is wearing a size S","{'Body Shape ID': '443,424,324', 'Body or Garment Size': 'To-Fit Denotes Body Measurements in', 'Closure': 'Zip', 'Fabric': 'Cotton', 'Hemline': 'Straight', 'Hood': 'Hooded', 'Length': 'Regular', 'Neck': 'Hood', 'Number of Pockets': '2', 'Occasion': 'Casual', 'Pattern': 'Solid', 'Pocket': 'Insert Pocket', 'Print or Pattern Type': 'Solid', 'Sleeve Length': 'Long Sleeves', 'Sport': 'NA', 'Surface Styling': 'NA', 'Technology': 'NA', 'Type': 'Front-Open', 'Wash Care': 'Hand Wash'}"
10611412,Alsace Lorraine Paris Women Rust Brown Solid Sweatshirt,Sweatshirt,1399.0,Rust,Alsace Lorraine Paris,http://assets.myntassets.com/assets/images/10611412/2019/9/17/6c91ca54-c51a-4fb0-8b62-fc85935a7a3e1568718166752-Alsace-Lorraine-Paris-Women-Brown-Solid-Sweatshirt-645156871-1.jpg,,,"Rust brown solid sweatshirt, has a round neck, long sleeves, straight hemThe model (height 5'8"") is wearing a size SCotton blend<br>Hand-wash","{'Body Shape ID': '443,424,324', 'Body or Garment Size': 'To-Fit Denotes Body Measurements in', 'Closure': 'NA', 'Fabric': 'Cotton', 'Hemline': 'Straight', 'Hood': 'NA', 'Length': 'Regular', 'Neck': 'Round Neck', 'Number of Pockets': 'NA', 'Occasion': 'Casual', 'Pattern': 'Solid', 'Pocket': 'NA', 'Print or Pattern Type': 'Solid', 'Sleeve Length': 'Long Sleeves', 'Sport': 'NA', 'Surface Styling': 'NA', 'Technology': 'NA', 'Type': 'Pullover', 'Wash Care': 'Hand Wash'}"
10597802,Alsace Lorraine Paris Women Mustard Yellow & White Colourblocked Hooded Sweatshirt,Hooded Sweatshirt,1999.0,Mustard,Alsace Lorraine Paris,http://assets.myntassets.com/assets/images/10597802/2019/9/17/402761b0-dbf6-4ae4-b77a-4f0dfc0700231568700571661-Alsace-Lorraine-Paris-Women-Sweatshirts-8011568700569763-1.jpg,2.0,2.0,"Mustard yellow, white and green colourblocked sweatshirt, has a hood, two pockets, long sleeves, zip closure, straight hem, fleece linedThe model (height 5'8"") is wearing a size SCotton blend<br>Hand-wash","{'Body Shape ID': '443,424,324', 'Body or Garment Size': 'To-Fit Denotes Body Measurements in', 'Closure': 'Zip', 'Fabric': 'Cotton', 'Hemline': 'Straight', 'Hood': 'Hooded', 'Length': 'Regular', 'Neck': 'Hood', 'Number of Pockets': '2', 'Occasion': 'Casual', 'Pattern': 'Colourblocked', 'Pocket': 'Kangaroo Pocket', 'Print or Pattern Type': 'Colourblocked', 'Sleeve Length': 'Long Sleeves', 'Sport': 'NA', 'Surface Styling': 'NA', 'Technology': 'NA', 'Type': 'Front-Open', 'Wash Care': 'Hand Wash'}"
10320047,Belle Fille Women Pink & Black Colourblocked Hooded Sweatshirt,Hooded Sweatshirt,1999.0,Pink,Belle Fille,http://assets.myntassets.com/assets/images/10320047/2019/8/8/6b0e8065-90bd-43f9-b029-66affd9a32181565234894171-Belle-Fille-Women-Sweatshirts-7561565234893215-1.jpg,4.0,4.0,"Pink and black colourblocked sweatshirt, has a hood, long sleeves, 2 pocketsFleece<br>Hand-washThe model (height 5'8"") is wearing a size S","{'Body Shape ID': '443,424,324', 'Body or Garment Size': 'To-Fit Denotes Body Measurements in', 'Closure': 'NA', 'Fabric': 'Fleece', 'Hemline': 'Straight', 'Hood': 'Hooded', 'Length': 'Regular', 'Neck': 'Hood', 'Number of Pockets': '2', 'Occasion': 'Casual', 'Pattern': 'Colourblocked', 'Pocket': 'Insert Pocket', 'Print or Pattern Type': 'Colourblocked', 'Sleeve Length': 'Long Sleeves', 'Sport': 'NA', 'Surface Styling': 'NA', 'Technology': 'NA', 'Type': 'Pullover', 'Wash Care': 'Hand Wash'}"
10319741,Belle Fille Women Yellow & Black Colourblocked Hooded Sweatshirt,Hooded Sweatshirt,1999.0,Yellow,Belle Fille,http://assets.myntassets.com/assets/images/10319741/2019/8/6/b5b7bf30-bbe1-404a-a5a3-68dc077dd8c21565083207485-Belle-Fille-Women-Sweatshirts-3781565083205971-1.jpg,,,"Yellow and black colourblocked sweatshirt, has a hood, long sleeves, straight hem, two pocketsThe model (height 5'8"") is wearing a size SFleece<br>Hand-wash","{'Body Shape ID': '443,424,324', 'Body or Garment Size': 'To-Fit Denotes Body Measurements in', 'Closure': 'NA', 'Fabric': 'Fleece', 'Hemline': 'Straight', 'Hood': 'Hooded', 'Length': 'Regular', 'Neck': 'Hood', 'Number of Pockets': '2', 'Occasion': 'Casual', 'Pattern': 'Colourblocked', 'Pocket': 'Insert Pocket', 'Print or Pattern Type': 'Colourblocked', 'Sleeve Length': 'Long Sleeves', 'Sport': 'NA', 'Surface Styling': 'NA', 'Technology': 'NA', 'Type': 'Pullover', 'Wash Care': 'Hand Wash'}"
10728850,Taanz Women Grey & White Self Design Pullover Sweater,Pullover Sweater,1499.0,Grey,Taanz,http://assets.myntassets.com/assets/images/productimage/2019/9/26/91699ab6-9bfd-4385-9c26-7b0960518e9f1569453095351-1.jpg,17.0,3.941176470588236,"Grey and white self-design pullover sweater, has a round neck, long raglan sleeves, straight hem and lace insert detailThe model (height 5'8"") is wearing a size S20% polyester 80% cotton<br>Machine-wash","{'Body Shape ID': '443,333,324,424', 'Body or Garment Size': 'Garment Measurements in', 'Closure': 'NA', 'Fabric': 'Cotton', 'Hemline': 'Straight', 'Neck': 'Round Neck', 'Number of Pockets': 'NA', 'Occasion': 'Casual', 'Pattern': 'Self Design', 'Print or Pattern Type': 'Solid', 'Sleeve Length': 'Long Sleeves', 'Surface Styling': 'Lace Inserts', 'Type': 'Pullover', 'Wash Care': 'Machine Wash'}"
10597842,Alsace Lorraine Paris Women Red Solid Crop Sweatshirt,Crop Sweatshirt,1699.0,Red,Alsace Lorraine Paris,http://assets.myntassets.com/assets/images/10597842/2019/9/17/2d900344-91cf-4177-9aa0-53b86a39ca8f1568700664167-Alsace-Lorraine-Paris-Women-Sweatshirts-5291568700662363-1.jpg,,,"Red&nbsp;solid crop sweatshirt, has a round neck, long sleeves with lace-up, straight hemCotton<br>Hand-washThe model (height 5'8"") is wearing a size S","{'Body Shape ID': '424', 'Body or Garment Size': 'To-Fit Denotes Body Measurements in', 'Closure': 'NA', 'Fabric': 'Cotton', 'Hemline': 'Straight', 'Hood': 'NA', 'Length': 'Crop', 'Neck': 'Round Neck', 'Number of Pockets': 'NA', 'Occasion': 'Casual', 'Pattern': 'Solid', 'Pocket': 'NA', 'Print or Pattern Type': 'Solid', 'Sleeve Length': 'Long Sleeves', 'Sport': 'NA', 'Surface Styling': 'NA', 'Technology': 'NA', 'Type': 'Pullover', 'Wash Care': 'Hand Wash'}"
10319965,Belle Fille Women White & Grey Melange Colourblocked Sweatshirt,Sweatshirt,2199.0,White,Belle Fille,http://assets.myntassets.com/assets/images/10319965/2019/8/8/af241792-1c63-446a-bfea-56958a42d1141565234664068-Belle-Fille-Women-Sweatshirts-9671565234662800-1.jpg,,,"White, grey melange and navy colourblocked sweatshirt, has a round neck, long sleeves, zip detail, straight hemThe model (height 5'8"") is wearing a size SFleece<br> Hand-wash","{'Body Shape ID': '443,424,324', 'Body or Garment Size': 'To-Fit Denotes Body Measurements in', 'Closure': 'NA', 'Fabric': 'Fleece', 'Hemline': 'Straight', 'Hood': 'NA', 'Length': 'Regular', 'Neck': 'Round Neck', 'Number of Pockets': 'NA', 'Occasion': 'Casual', 'Pattern': 'Colourblocked', 'Pocket': 'NA', 'Print or Pattern Type': 'Colourblocked', 'Sleeve Length': 'Long Sleeves', 'Sport': 'NA', 'Surface Styling': 'Zip Detail', 'Technology': 'NA', 'Type': 'Pullover', 'Wash Care': 'Hand Wash'}"
10597764,Alsace Lorraine Paris Women Aubergine Solid Hooded Sweatshirt,Hooded Sweatshirt,1799.0,Purple,Alsace Lorraine Paris,http://assets.myntassets.com/assets/images/10597764/2019/9/17/ffb6fe30-0531-432a-8718-13fa87fee3eb1568700277851-Alsace-Lorraine-Paris-Women-Sweatshirts-4791568700276133-1.jpg,15.0,4.2,"Aubergine solid sweatshirt, has a hood, two pockets, long sleeves, zip closure, straight hemThe model (height 5'8"") is wearing a size SCotton blend<br>Hand-wash","{'Body Shape ID': '443,424,324', 'Body or Garment Size': 'To-Fit Denotes Body Measurements in', 'Closure': 'Zip', 'Fabric': 'Cotton', 'Hemline': 'Straight', 'Hood': 'Hooded', 'Length': 'Regular', 'Neck': 'Hood', 'Number of Pockets': '2', 'Occasion': 'Casual', 'Pattern': 'Solid', 'Pocket': 'Insert Pocket', 'Print or Pattern Type': 'Solid', 'Sleeve Length': 'Long Sleeves', 'Sport': 'NA', 'Surface Styling': 'NA', 'Technology': 'NA', 'Type': 'Front-Open', 'Wash Care': 'Hand Wash'}"
10611422,Alsace Lorraine Paris Women Rust Brown Solid Hooded Sweatshirt,Hooded Sweatshirt,1599.0,Rust,Alsace Lorraine Paris,http://assets.myntassets.com/assets/images/10611422/2019/9/17/8fdd597b-7089-4e62-9e23-70614cd714781568700916295-Alsace-Lorraine-Paris-Women-Sweatshirts-7851568700914770-1.jpg,13.0,4.230769230769231,"Rust brown solid sweatshirt, has a hood, two pockets, long sleeves, zip closure, straight hemThe model (height 5'8"") is wearing a size SCotton blend<br>Hand-wash","{'Body Shape ID': '443,424,324', 'Body or Garment Size': 'To-Fit Denotes Body Measurements in', 'Closure': 'Zip', 'Fabric': 'Cotton', 'Hemline': 'Straight', 'Hood': 'Hooded', 'Length': 'Regular', 'Neck': 'Hood', 'Number of Pockets': '2', 'Occasion': 'Casual', 'Pattern': 'Solid', 'Pocket': 'Kangaroo Pocket', 'Print or Pattern Type': 'Solid', 'Sleeve Length': 'Long Sleeves', 'Sport': 'NA', 'Surface Styling': 'NA', 'Technology': 'NA', 'Type': 'Front-Open', 'Wash Care': 'Hand Wash'}"
10819950,Antheaa Women Black Solid Embellished Sweatshirt,Sweatshirt,1659.0,Black,Antheaa,http://assets.myntassets.com/assets/images/10819950/2019/11/13/0d6e0f1e-0b9f-47b9-bfa0-4b7dfc4b27031573637282201-Antheaa-Women-Sweatshirts-2441573637280647-1.jpg,,,"Black solid Embellished&nbsp;sweatshirt, has a round neck, long sleeves, straight hemThe model (height 5'8"") is wearing a size S100% Fleece<br>Hand-wash","{'Body Shape ID': '443,424,324', 'Body or Garment Size': 'To-Fit Denotes Body Measurements in', 'Closure': 'NA', 'Fabric': 'Fleece', 'Hemline': 'Straight', 'Hood': 'NA', 'Length': 'Regular', 'Neck': 'Round Neck', 'Number of Pockets': 'NA', 'Occasion': 'Casual', 'Pattern': 'Solid', 'Pocket': 'NA', 'Print or Pattern Type': 'Solid', 'Sleeve Length': 'Long Sleeves', 'Sport': 'NA', 'Surface Styling': 'Embellished', 'Technology': 'NA', 'Type': 'Pullover', 'Wash Care': 'Hand Wash'}"
10846490,Free Authority Wonder Woman Print Pink Sweatshirt for Women,Sweatshirt,1399.0,Pink,Free Authority,http://assets.myntassets.com/assets/images/10846490/2020/2/5/d30a737e-d046-4d68-958b-e4943383b3471580892444250-Wonder-Woman-Women-Pink-Printed-Sweatshirt-621580892443022-1.jpg,8.0,4.375,"Pink and black printed sweatshirt, has a round neck, long sleeves, straight hemThe model (height 5'8"") is wearing a size SCotton<br>Hand-wash","{'Body Shape ID': '443,424,324', 'Body or Garment Size': 'Garment Measurements in', 'Center Front Open': 'No', 'Character': 'Wonder Woman', 'Closure': 'NA', 'Fabric': 'Cotton', 'Hemline': 'Straight', 'Hood': 'NA', 'Length': 'Regular', 'Multipack Set': 'NA', 'Neck': 'Round Neck', 'Number of Pockets': 'NA', 'Occasion': 'Casual', 'Pattern': 'Printed', 'Pocket': 'NA', 'Print or Pattern Type': 'Alphanumeric', 'Sleeve Length': 'Long Sleeves', 'Sport': 'NA', 'Surface Styling': 'NA', 'Sustainable': 'Regular', 'Technology': 'NA', 'Type': 'Pullover', 'Wash Care': 'Hand Wash', 'Weave Type': 'Knitted'}"
10791506,The Vanca Women Black & Navy Blue Solid Longline Pullover Sweatshirt,Pullover Sweatshirt,1499.0,Black,The Vanca,http://assets.myntassets.com/assets/images/productimage/2019/10/10/1e1474b7-016f-43e2-bd43-9d77dc4221d11570704687555-1.jpg,4.0,3.5,"Black and navy blue solid longline pullover sweatshirt, has round neck, long raglan sleeves and straight hemFleece<br>Machine-washThe model (height 5'8"") is wearing a size S","{'Body Shape ID': '443,424,324', 'Body or Garment Size': 'Garment Measurements in', 'Closure': 'NA', 'Fabric': 'Fleece', 'Hemline': 'Straight', 'Hood': 'NA', 'Length': 'Longline', 'Neck': 'Round Neck', 'Number of Pockets': 'NA', 'Occasion': 'Casual', 'Pattern': 'Solid', 'Pocket': 'NA', 'Print or Pattern Type': 'Solid', 'Sleeve Length': 'Three-Quarter Sleeves', 'Sport': 'NA', 'Surface Styling': 'NA', 'Technology': 'NA', 'Type': 'Pullover', 'Wash Care': 'Machine Wash'}"
10714640,Taanz Women Black Solid Sweatshirt,Sweatshirt,1499.0,Black,Taanz,http://assets.myntassets.com/assets/images/productimage/2019/9/24/5a5e4990-7804-4918-805b-870aa18e64b11569287343570-1.jpg,5.0,4.6,"<p>black v neck sweatshirt</p>The model (height 5'8"") is wearing a size SPolyester<br>Machine-wash","{'Body Shape ID': '443,424,324', 'Body or Garment Size': 'Garment Measurements in', 'Closure': 'NA', 'Fabric': 'Polyester', 'Hemline': 'Straight', 'Hood': 'NA', 'Length': 'Regular', 'Neck': 'Round Neck', 'Number of Pockets': 'NA', 'Occasion': 'Casual', 'Pattern': 'Solid', 'Pocket': 'NA', 'Print or Pattern Type': 'Solid', 'Sleeve Length': 'Long Sleeves', 'Sport': 'NA', 'Surface Styling': 'NA', 'Technology': 'NA', 'Type': 'Pullover', 'Wash Care': 'Machine Wash'}"
10611424,Alsace Lorraine Paris Women Peach-Coloured Solid Hooded Sweatshirt,Hooded Sweatshirt,1499.0,Peach,Alsace Lorraine Paris,http://assets.myntassets.com/assets/images/10611424/2019/9/17/b25d9c5d-51c7-4048-a845-a05e60813c631568700919914-Alsace-Lorraine-Paris-Women-Sweatshirts-3881568700918649-1.jpg,10.0,4.1,"Peach-coloured solid sweatshirt, has a hood, one kangaroo pocket, long puff sleeves, straight hemCotton blend<br>Hand-washThe model (height 5'8"") is wearing a size S","{'Body Shape ID': '443,424,324', 'Body or Garment Size': 'To-Fit Denotes Body Measurements in', 'Closure': 'NA', 'Fabric': 'Cotton', 'Hemline': 'Straight', 'Hood': 'Hooded', 'Length': 'Regular', 'Neck': 'Hood', 'Number of Pockets': '1', 'Occasion': 'Casual', 'Pattern': 'Solid', 'Pocket': 'Kangaroo Pocket', 'Print or Pattern Type': 'Solid', 'Sleeve Length': 'Long Sleeves', 'Sport': 'NA', 'Surface Styling': 'NA', 'Technology': 'NA', 'Type': 'Pullover', 'Wash Care': 'Hand Wash'}"
10611410,Alsace Lorraine Paris Women Peach-Coloured Solid Sweatshirt,Sweatshirt,1399.0,Peach,Alsace Lorraine Paris,http://assets.myntassets.com/assets/images/10611410/2019/9/17/3db1c2aa-c669-427e-b6f1-93e42e1f1e121568700883715-Alsace-Lorraine-Paris-Women-Sweatshirts-9221568700882244-1.jpg,,,"Peach-coloured solid sweatshirt, has a round neck, long sleeves, straight hemThe model (height 5'8"") is wearing a size SCotton blend<br>Hand-wash","{'Body Shape ID': '443,424,324', 'Body or Garment Size': 'To-Fit Denotes Body Measurements in', 'Closure': 'NA', 'Fabric': 'Cotton', 'Hemline': 'Straight', 'Hood': 'Hooded', 'Length': 'Regular', 'Neck': 'Round Neck', 'Number of Pockets': 'NA', 'Occasion': 'Casual', 'Pattern': 'Solid', 'Pocket': 'NA', 'Print or Pattern Type': 'Solid', 'Sleeve Length': 'Long Sleeves', 'Sport': 'NA', 'Surface Styling': 'NA', 'Technology': 'NA', 'Type': 'Pullover', 'Wash Care': 'Hand Wash'}"
10611398,Alsace Lorraine Paris Women Orange Solid Sweatshirt,Sweatshirt,1399.0,Orange,Alsace Lorraine Paris,http://assets.myntassets.com/assets/images/10611398/2019/9/17/849ee53f-1753-4515-b9d0-eef63d27d1eb1568718653762-Alsace-Lorraine-Paris-Women-Orange-Solid-Sweatshirt-25115687-1.jpg,6.0,4.833333333333333,"Orange solid sweatshirt, has a round neck, long sleeves, straight hem<br>The model (height 5'8"") is wearing a size SCotton blend<br>Hand-wash","{'Body Shape ID': '443,424,324', 'Body or Garment Size': 'To-Fit Denotes Body Measurements in', 'Closure': 'NA', 'Fabric': 'Cotton', 'Hemline': 'Straight', 'Hood': 'NA', 'Length': 'Regular', 'Neck': 'Round Neck', 'Number of Pockets': '1', 'Occasion': 'Casual', 'Pattern': 'Solid', 'Pocket': 'NA', 'Print or Pattern Type': 'Solid', 'Sleeve Length': 'Long Sleeves', 'Sport': 'NA', 'Surface Styling': 'NA', 'Technology': 'NA', 'Type': 'Pullover', 'Wash Care': 'Hand Wash'}"
10747908,Alsace Lorraine Paris Women Coral Red Solid Cropped Sweatshirt,"Sweatshirt, Cropped Sweatshirt",1899.0,Coral,Alsace Lorraine Paris,http://assets.myntassets.com/assets/images/10747908/2019/10/18/d57f5c59-87d3-4188-a763-e259716e4a781571399787221-Alsace-Lorraine-Paris-Women-Sweatshirts-8081571399785174-1.jpg,,,"Coral red solid cropped sweatshirt, has a mock collar, two pockets, long sleeves, zip closure, straight hemThe model (height 5'8"") is wearing a size SCotton blend<br>Hand-wash","{'Body Shape ID': '424', 'Body or Garment Size': 'To-Fit Denotes Body Measurements in', 'Closure': 'Zip', 'Fabric': 'Cotton', 'Hemline': 'Straight', 'Hood': 'NA', 'Length': 'Crop', 'Neck': 'Mock Collar', 'Number of Pockets': '2', 'Occasion': 'Casual', 'Pattern': 'Solid', 'Pocket': 'Insert Pocket', 'Print or Pattern Type': 'Solid', 'Sleeve Length': 'Long Sleeves', 'Sport': 'NA', 'Surface Styling': 'NA', 'Technology': 'NA', 'Type': 'Front-Open', 'Wash Care': 'Hand Wash'}"
10747892,Alsace Lorraine Paris Women Coral Red Solid Sweatshirt,Sweatshirt,1699.0,Coral,Alsace Lorraine Paris,http://assets.myntassets.com/assets/images/10747892/2019/10/18/54704e48-58b1-4328-8fbc-cd4dcedb4e1d1571389718722-Alsace-Lorraine-Paris-Women-Sweatshirts-3111571389717211-1.jpg,,,"Coral red solid sweatshirt, has a high neck, long sleeves with rivets detail, straight hem with drawstringThe model (height 5'8"") is wearing a size SCotton blend<br>Hand-wash","{'Body Shape ID': '324', 'Body or Garment Size': 'To-Fit Denotes Body Measurements in', 'Closure': 'NA', 'Fabric': 'Cotton', 'Hemline': 'Hem with Toggle', 'Hood': 'NA', 'Length': 'Regular', 'Neck': 'High Neck', 'Number of Pockets': 'NA', 'Occasion': 'Casual', 'Pattern': 'Solid', 'Pocket': 'NA', 'Print or Pattern Type': 'Solid', 'Sleeve Length': 'Long Sleeves', 'Sport': 'NA', 'Surface Styling': 'Rivets', 'Technology': 'NA', 'Type': 'Pullover', 'Wash Care': 'Hand Wash'}"
10747936,Alsace Lorraine Paris Women Navy Solid Sweatshirt,Sweatshirt,1799.0,Navy Blue,Alsace Lorraine Paris,http://assets.myntassets.com/assets/images/10747936/2019/10/18/52ec0101-b18b-4a24-87ec-c759f6221ffc1571400141387-Alsace-Lorraine-Paris-Women-Navy-Solid-Sweatshirt-4471571400-1.jpg,,,"Navysolid sweatshirt with criss-cross tie-up detail, has a round neck, long sleeves, and straight hemThe model (height 5'8"") is wearing a size SCotton blend<br>Machine-wash","{'Body Shape ID': '443,424,324', 'Body or Garment Size': 'To-Fit Denotes Body Measurements in', 'Closure': 'NA', 'Fabric': 'Cotton', 'Hemline': 'Straight', 'Hood': 'NA', 'Length': 'Regular', 'Neck': 'Round Neck', 'Number of Pockets': 'NA', 'Occasion': 'Casual', 'Pattern': 'Solid', 'Pocket': 'NA', 'Print or Pattern Type': 'Solid', 'Sleeve Length': 'Long Sleeves', 'Sport': 'NA', 'Surface Styling': 'NA', 'Technology': 'NA', 'Type': 'Pullover', 'Wash Care': 'Hand Wash'}"
10747944,Alsace Lorraine Paris Women Yellow & Peach-Coloured Solid Hooded Sweatshirt,Hooded Sweatshirt,1899.0,Yellow,Alsace Lorraine Paris,http://assets.myntassets.com/assets/images/10747944/2019/10/18/d6888606-fb12-4634-a802-d42e24b07f241571387278170-Alsace-Lorraine-Paris-Women-Sweatshirts-3011571387274686-1.jpg,,,"Yellow and peach-coloured solid sweatshirt, has a hood, long sleeves with cold-shoulder detail, and straight hemThe model (height 5'8"") is wearing a size SCotton blend<br>Machine-wash","{'Body Shape ID': '443,424,324', 'Body or Garment Size': 'To-Fit Denotes Body Measurements in', 'Closure': 'NA', 'Fabric': 'Cotton', 'Hemline': 'Straight', 'Hood': 'Hooded', 'Length': 'Regular', 'Neck': 'Hood', 'Number of Pockets': 'NA', 'Occasion': 'Casual', 'Pattern': 'Solid', 'Pocket': 'NA', 'Print or Pattern Type': 'Solid', 'Sleeve Length': 'Long Sleeves', 'Sport': 'NA', 'Surface Styling': 'NA', 'Technology': 'NA', 'Type': 'Pullover', 'Wash Care': 'Hand Wash'}"
10747900,Alsace Lorraine Paris Women Yellow & Green Colourblocked Sweatshirt,Sweatshirt,1899.0,Yellow,Alsace Lorraine Paris,http://assets.myntassets.com/assets/images/10747900/2019/10/18/61058ffc-41de-4037-951c-789a78cf92e11571388403043-Alsace-Lorraine-Paris-Women-Sweatshirts-7211571388401274-1.jpg,,,"Yellow, green and orange colourblocked sweatshirt, has a round neck, long sleeves, ribbed hemThe model (height 5'8"") is wearing a size SCotton blend<br>Hand-wash","{'Body Shape ID': '443,424,324', 'Body or Garment Size': 'To-Fit Denotes Body Measurements in', 'Closure': 'NA', 'Fabric': 'Cotton', 'Hemline': 'Straight', 'Hood': 'NA', 'Length': 'Regular', 'Neck': 'Round Neck', 'Number of Pockets': 'NA', 'Occasion': 'Casual', 'Pattern': 'Colourblocked', 'Pocket': 'NA', 'Print or Pattern Type': 'Colourblocked', 'Sleeve Length': 'Long Sleeves', 'Sport': 'NA', 'Surface Styling': 'NA', 'Technology': 'NA', 'Type': 'Pullover', 'Wash Care': 'Hand Wash'}"
10747902,Alsace Lorraine Paris Women Yellow Solid Sweatshirt,Sweatshirt,1899.0,Yellow,Alsace Lorraine Paris,http://assets.myntassets.com/assets/images/10747902/2019/10/18/2df33cea-f96d-4d87-a19b-b8c52df8bf9f1571391935746-Alsace-Lorraine-Paris-Women-Sweatshirts-3861571391933346-1.jpg,5.0,3.4,"Yellow solid sweatshirt, has a mock collar, two pockets, long sleeves, zip closure, straight hemCotton blend<br>Hand-washThe model (height 5'8"") is wearing a size S","{'Body Shape ID': '443,424,324', 'Body or Garment Size': 'To-Fit Denotes Body Measurements in', 'Closure': 'Zip', 'Fabric': 'Cotton', 'Hemline': 'Straight', 'Hood': 'NA', 'Length': 'Regular', 'Neck': 'Mock Collar', 'Number of Pockets': '2', 'Occasion': 'Casual', 'Pattern': 'Solid', 'Pocket': 'Insert Pocket', 'Print or Pattern Type': 'Solid', 'Sleeve Length': 'Long Sleeves', 'Sport': 'NA', 'Surface Styling': 'NA', 'Technology': 'NA', 'Type': 'Front-Open', 'Wash Care': 'Hand Wash'}"
10747958,Alsace Lorraine Paris Women Black & Yellow Solid Cropped Hooded Sweatshirt,Hooded Sweatshirt,1899.0,Black,Alsace Lorraine Paris,http://assets.myntassets.com/assets/images/10747958/2019/10/18/b9b4c442-d30d-4fba-aa38-76389493b96d1571388506196-Alsace-Lorraine-Paris-Women-Sweatshirts-1991571388503107-1.jpg,4.0,4.5,"Black and yellow solid sweatshirt, has a hood, long sleeves, and straight hemThe model (height 5'8"") is wearing a size SCotton blend<br>Machine-wash","{'Body Shape ID': '424', 'Body or Garment Size': 'To-Fit Denotes Body Measurements in', 'Closure': 'NA', 'Fabric': 'Cotton', 'Hemline': 'Straight', 'Hood': 'Hooded', 'Length': 'Crop', 'Neck': 'Hood', 'Number of Pockets': 'NA', 'Occasion': 'Casual', 'Pattern': 'Solid', 'Pocket': 'NA', 'Print or Pattern Type': 'Solid', 'Sleeve Length': 'Long Sleeves', 'Sport': 'NA', 'Surface Styling': 'NA', 'Technology': 'NA', 'Type': 'Pullover', 'Wash Care': 'Hand Wash'}"
10747922,Alsace Lorraine Paris Women Blue & Orange Colourblocked Hooded Sweatshirt,Hooded Sweatshirt,1899.0,Blue,Alsace Lorraine Paris,http://assets.myntassets.com/assets/images/10747922/2019/10/18/0272f2c1-829a-45df-869b-5a272bed06511571382631799-Alsace-Lorraine-Paris-Women-Sweatshirts-7151571382628099-1.jpg,,,"Blue and orange colourblocked sweatshirt, has a hood, one pocket, long sleeves, zip closure, straight hemCotton blend<br>Hand-washThe model (height 5'8"") is wearing a size S","{'Body Shape ID': '443,424,324', 'Body or Garment Size': 'To-Fit Denotes Body Measurements in', 'Closure': 'Zip', 'Fabric': 'Cotton', 'Hemline': 'Straight', 'Hood': 'Hooded', 'Length': 'Regular', 'Neck': 'Hood', 'Number of Pockets': '1', 'Occasion': 'Casual', 'Pattern': 'Colourblocked', 'Pocket': 'Insert Pocket', 'Print or Pattern Type': 'Colourblocked', 'Sleeve Length': 'Long Sleeves', 'Sport': 'NA', 'Surface Styling': 'NA', 'Technology': 'NA', 'Type': 'Pullover', 'Wash Care': 'Hand Wash'}"
2223198,W Women Red Solid Front-Open Longline Sweater,Sweater,2099.0,Red,W,http://assets.myntassets.com/assets/images/2223198/2017/12/12/11513069354467-W-Women-Red-Solid-Front-Open-531513069354282-1.jpg,59.0,4.186440677966102,"Red solid front-open longline sweater, has long sleeves, straight hemAcrylic<br> Dry-cleanThe model (height 5'8"") is wearing a size S","{'Body Shape ID': '443,333,324,424', 'Body or Garment Size': 'To-Fit Denotes Body Measurements in', 'Fabric': 'Acrylic', 'Hemline': 'Straight', 'Neck': 'Round Neck', 'Occasion': 'Casual', 'Pattern': 'Solid', 'Sleeve Length': 'Long Sleeves', 'Surface Styling': 'NA', 'Type': 'Front-Open', 'Wash Care': 'Dry Clean'}"
7476952,Miss Chase Women Maroon Solid Hooded Cropped Sweatshirt,"Hooded Sweatshirt, Cropped Sweatshirt",1649.0,Maroon,Miss Chase,http://assets.myntassets.com/assets/images/7476952/2018/9/25/99556662-6a25-4440-aee6-91f59811e4f11537863283070-Work-It-Out-Hooded-Crop-Sweatshirt-6311537863282716-1.jpg,119.0,4.361344537815126,"Maroon solid sweatshirt, has a hood, long sleeves, straight hemCotton<br>Machine-washCrop<br>The model (height 5'8"") is wearing a size S","{'Body Shape ID': '424', 'Body or Garment Size': 'Garment Measurements in', 'Closure': 'NA', 'Fabric': 'Cotton', 'Hemline': 'Straight', 'Hood': 'Hooded', 'Length': 'Crop', 'Neck': 'Hood', 'Number of Pockets': 'NA', 'Occasion': 'Casual', 'Pattern': 'Solid', 'Pocket': 'NA', 'Print or Pattern Type': 'Solid', 'Sleeve Length': 'Long Sleeves', 'Surface Styling': 'NA', 'Type': 'Pullover', 'Wash Care': 'Machine Wash'}"
9478961,The Roadster Lifestyle Co Women Mustard Yellow & Black Checked Cardigan,Cardigan,1699.0,Mustard,Roadster,http://assets.myntassets.com/assets/images/9478961/2021/6/21/5b9ab469-93d9-42a6-ad08-6c804c8877371624272625518-Roadster-Women-Mustard-Yellow--Black-Checked-Cardigan-297162-1.jpg,246.0,4.329268292682927,"Mustard yellow checked cardigan ,has a v-neck, long sleeves, button closure, ribbed hemAcrylic <br> Machine washThe model (height 5'8) is wearing a size S","{'Body Shape ID': '443,333,324,424', 'Body or Garment Size': 'To-Fit Denotes Body Measurements in', 'Center Front Open': 'Yes', 'Character': 'NA', 'Closure': 'Button', 'Fabric': 'Acrylic', 'Hemline': 'Ribbed', 'Knit or Woven': 'Knitted', 'Length': 'Regular', 'Multipack Set': 'NA', 'Neck': 'V-Neck', 'Number of Pockets': 'NA', 'Occasion': 'Casual', 'Pattern': 'Checked', 'Print or Pattern Type': 'Checked', 'Sleeve Length': 'Long Sleeves', 'Surface Styling': 'NA', 'Sustainable': 'Regular', 'Type': 'Cardigan', 'Wash Care': 'Machine Wash'}"
9731511,DressBerry Women Pink & Off-White Colourblocked Hooded Sweatshirt,Hooded Sweatshirt,1699.0,Pink,DressBerry,http://assets.myntassets.com/assets/images/9731511/2019/12/12/afcb2807-39c9-4a3e-97d5-c8ac3f5ecf001576126638469-DressBerry-Women-Pink--Off-White-Colourblocked-Hooded-Sweats-1.jpg,338.0,4.28698224852071,"Pink and off-white colourblocked sweatshirt, has a hood, two pockets, long sleeves, zip closure, straight hemMaterial: Cotton<br> Machine WashThe model (height 5'8"") is wearing a size S","{'Body Shape ID': '443,424,324', 'Body or Garment Size': 'To-Fit Denotes Body Measurements in', 'Closure': 'Zip', 'Fabric': 'Cotton', 'Hemline': 'Straight', 'Hood': 'Hooded', 'Length': 'Regular', 'Neck': 'Hood', 'Number of Pockets': '2', 'Occasion': 'Casual', 'Pattern': 'Colourblocked', 'Pocket': 'Kangaroo Pocket', 'Print or Pattern Type': 'Colourblocked', 'Sleeve Length': 'Long Sleeves', 'Sport': 'NA', 'Surface Styling': 'NA', 'Technology': 'NA', 'Type': 'Front-Open', 'Wash Care': 'Machine Wash'}"
9403237,DressBerry Women Mustard Yellow & Olive Green Colourblocked Sweater,Sweater,2099.0,Mustard,DressBerry,http://assets.myntassets.com/assets/images/9403237/2019/9/26/4abb4d58-b8f4-4212-b80a-1a0d0b7f2eb41569489879065-DressBerry-Women-Mustard--Olive-Green-Colourblocked-Sweater--1.jpg,139.0,4.553956834532374,"Mustard yellow, olive green and off-white colourblocked sweater with cable knit detail, has a round neck, long sleeves, and ribbed hemAcrylic<br>Machine-washThe model (height 5'8"") is wearing a size S","{'Body Shape ID': '443,333,324,424', 'Body or Garment Size': 'To-Fit Denotes Body Measurements in', 'Closure': 'NA', 'Fabric': 'Acrylic', 'Hemline': 'Ribbed', 'Neck': 'Round Neck', 'Number of Pockets': 'NA', 'Occasion': 'Casual', 'Pattern': 'Colourblocked', 'Print or Pattern Type': 'Colourblocked', 'Sleeve Length': 'Long Sleeves', 'Surface Styling': 'NA', 'Type': 'Pullover', 'Wash Care': 'Machine Wash'}"
7275903,Belle Fille Women Black Solid Sweatshirt,Sweatshirt,1699.0,Black,Belle Fille,http://assets.myntassets.com/assets/images/7275903/2018/9/4/fe627c30-d6d9-4642-b629-a44143486b2a1536043640863-na-6601536043640635-1.jpg,13.0,3.8461538461538463,"Black solid sweatshirt, has a round neck, long sleeves, straight hemFleece<br>Hand-washThe model (height 5'8"") is wearing a size S","{'Body Shape ID': '443,424,324', 'Body or Garment Size': 'To-Fit Denotes Body Measurements in', 'Closure': 'NA', 'Fabric': 'Fleece', 'Hemline': 'Straight', 'Hood': 'NA', 'Length': 'Regular', 'Neck': 'Round Neck', 'Number of Pockets': 'NA', 'Occasion': 'Casual', 'Pattern': 'Solid', 'Pocket': 'NA', 'Print or Pattern Type': 'Solid', 'Sleeve Length': 'Long Sleeves', 'Surface Styling': 'Rivets', 'Type': 'Pullover', 'Wash Care': 'Hand Wash'}"
7275895,Belle Fille Women Green & Red Colourblocked Sweatshirt,Sweatshirt,1699.0,Green,Belle Fille,http://assets.myntassets.com/assets/images/7275895/2018/9/4/a26f5143-26fb-40a7-b349-b9afa017f0ab1536043607209-na-1761536043606965-1.jpg,,,"Green and red colourblocked sweatshirt, has a round neck, long sleeves, straight hemThe model (height 5'8"") is wearing a size SFleece<br>Hand-wash","{'Body Shape ID': '443,424,324', 'Body or Garment Size': 'To-Fit Denotes Body Measurements in', 'Closure': 'NA', 'Fabric': 'Fleece', 'Hemline': 'Straight', 'Hood': 'NA', 'Length': 'Regular', 'Neck': 'Round Neck', 'Number of Pockets': 'NA', 'Occasion': 'Casual', 'Pattern': 'Colourblocked', 'Pocket': 'NA', 'Print or Pattern Type': 'Colourblocked', 'Sleeve Length': 'Long Sleeves', 'Surface Styling': 'NA', 'Type': 'Pullover', 'Wash Care': 'Hand Wash'}"
7275894,Belle Fille Women Green Solid Sweatshirt,Sweatshirt,1699.0,Green,Belle Fille,http://assets.myntassets.com/assets/images/7275894/2018/9/4/87198e30-b0db-495b-95d5-8ab325ca59331536043834294-na-3401536043834019-1.jpg,,,"Green solid sweatshirt, has a round neck, long sleeves, straight hemThe model (height 5'8"") is wearing a size SFleece<br>Hand-wash","{'Body Shape ID': '443,424,324', 'Body or Garment Size': 'To-Fit Denotes Body Measurements in', 'Closure': 'NA', 'Fabric': 'Fleece', 'Hemline': 'Straight', 'Hood': 'NA', 'Length': 'Regular', 'Neck': 'Round Neck', 'Number of Pockets': 'NA', 'Occasion': 'Casual', 'Pattern': 'Solid', 'Pocket': 'NA', 'Print or Pattern Type': 'Solid', 'Sleeve Length': 'Long Sleeves', 'Surface Styling': 'Rivets', 'Type': 'Pullover', 'Wash Care': 'Hand Wash'}"
