2026-04-09 19:07:49,274 [WARN] from com.jpro.internal.stats.ServerInfo$ in JavaFX Application Thread - high memory usage: 95.71851133628803%
2026-04-09 19:08:09,284 [WARN] from com.jpro.internal.stats.ServerInfo$ in JavaFX Application Thread - high memory usage: 95.81660863013983%
2026-04-09 19:08:29,284 [WARN] from com.jpro.internal.stats.ServerInfo$ in JavaFX Application Thread - high memory usage: 95.91920386811006%
2026-04-09 19:08:49,284 [WARN] from com.jpro.internal.stats.ServerInfo$ in JavaFX Application Thread - high memory usage: 95.99404732996662%
2026-04-09 19:09:09,284 [WARN] from com.jpro.internal.stats.ServerInfo$ in JavaFX Application Thread - high memory usage: 96.07618657125306%
2026-04-09 19:59:12,101 [WARN] from com.jpro.meta.tk.SceneInputListener in JavaFX Application Thread - Unknown Keycode: 190
2026-04-09 19:59:12,223 [WARN] from com.jpro.meta.tk.SceneInputListener in JavaFX Application Thread - Unknown Keycode: 190
2026-04-09 21:13:14,282 [ERROR] from com.jpro.meta.tk.SceneInputListener in JavaFX Application Thread - Error while processing the input: MouseEventToken(MouseReleased,249.60000610351562,29.600000381469727,MouseButtonToken(3),false,false,false,false,false,false,false,false) app: stage title: Visual Product Discovery & Shopping Management System
java.lang.reflect.InvocationTargetException: null
	at java.base/jdk.internal.reflect.DirectMethodHandleAccessor.invoke(DirectMethodHandleAccessor.java:118)
	at java.base/java.lang.reflect.Method.invoke(Method.java:580)
	at simplefx.util.ReflectionUtil$UseReflection.applyDynamic(ReflectionUtil.scala:21)
	at com.jpro.meta.tk.SceneInputListener.processInputInScene(SceneInputListener.scala:304)
	at com.jpro.meta.tk.SceneInputListener.processInput(SceneInputListener.scala:203)
	at com.jpro.meta.tk.SceneInputListener.processInputs(SceneInputListener.scala:133)
	at com.jpro.meta.tk.SceneInputListener.processOrRequest(SceneInputListener.scala:41)
	at com.jpro.meta.tk.SceneInputListener.$anonfun$new$4(SceneInputListener.scala:59)
	at scala.runtime.java8.JFunction0$mcV$sp.apply(JFunction0$mcV$sp.java:23)
	at simplefx.cores.standard.parts.CoreTimeEvent$$anon$3.run(CoreTimeEvent.scala:62)
	at com.sun.javafx.application.PlatformImpl.lambda$runLater$10(PlatformImpl.java:457)
	at java.base/java.security.AccessController.doPrivileged(AccessController.java:400)
	at com.sun.javafx.application.PlatformImpl.lambda$runLater$11(PlatformImpl.java:456)
	at com.sun.glass.ui.monocle.RunnableProcessor.runLoop(RunnableProcessor.java:92)
	at com.sun.glass.ui.monocle.RunnableProcessor.run(RunnableProcessor.java:51)
	at java.base/java.lang.Thread.run(Thread.java:1583)
Caused by: java.lang.reflect.InvocationTargetException: null
	at java.base/jdk.internal.reflect.DirectMethodHandleAccessor.invoke(DirectMethodHandleAccessor.java:118)
	at java.base/java.lang.reflect.Method.invoke(Method.java:580)
	at simplefx.util.ReflectionUtil$UseReflection.applyDynamic(ReflectionUtil.scala:21)
	at com.sun.glass.ui.monocle.input.fork.NativeMouseInput.notifyMouse(NativeMouseInput.scala:330)
	at com.sun.glass.ui.monocle.input.fork.NativeMouseInput.postMouseEvent(NativeMouseInput.scala:226)
	at com.sun.glass.ui.monocle.input.fork.NativeMouseInput.setState(NativeMouseInput.scala:186)
	at java.base/jdk.internal.reflect.DirectMethodHandleAccessor.invoke(DirectMethodHandleAccessor.java:103)
	... 15 common frames omitted
Caused by: java.lang.UnsupportedOperationException: null
	at com.sun.glass.ui.monocle.MonocleApplication.staticCommonDialogs_showFileChooser(MonocleApplication.java:273)
	at com.sun.glass.ui.CommonDialogs.showFileChooser(CommonDialogs.java:213)
	at com.sun.javafx.tk.quantum.QuantumToolkit.showFileChooser(QuantumToolkit.java:1737)
	at javafx.stage.FileChooser.showDialog(FileChooser.java:396)
	at javafx.stage.FileChooser.showOpenDialog(FileChooser.java:331)
	at com.visualshop.controller.ShopController.openVisualSearch(ShopController.java:817)
	at com.visualshop.controller.ShopController.lambda$buildNavbar$6(ShopController.java:172)
	at com.sun.javafx.event.CompositeEventHandler.dispatchBubblingEvent(CompositeEventHandler.java:86)
	at com.sun.javafx.event.EventHandlerManager.dispatchBubblingEvent(EventHandlerManager.java:232)
	at com.sun.javafx.event.EventHandlerManager.dispatchBubblingEvent(EventHandlerManager.java:189)
	at com.sun.javafx.event.CompositeEventDispatcher.dispatchBubblingEvent(CompositeEventDispatcher.java:59)
	at com.sun.javafx.event.BasicEventDispatcher.dispatchEvent(BasicEventDispatcher.java:58)
	at com.sun.javafx.event.EventDispatchChainImpl.dispatchEvent(EventDispatchChainImpl.java:114)
	at com.sun.javafx.event.BasicEventDispatcher.dispatchEvent(BasicEventDispatcher.java:56)
	at com.sun.javafx.event.EventDispatchChainImpl.dispatchEvent(EventDispatchChainImpl.java:114)
	at com.sun.javafx.event.BasicEventDispatcher.dispatchEvent(BasicEventDispatcher.java:56)
	at com.sun.javafx.event.EventDispatchChainImpl.dispatchEvent(EventDispatchChainImpl.java:114)
	at com.sun.javafx.event.EventUtil.fireEventImpl(EventUtil.java:74)
	at com.sun.javafx.event.EventUtil.fireEvent(EventUtil.java:49)
	at javafx.event.Event.fireEvent(Event.java:198)
	at javafx.scene.Node.fireEvent(Node.java:8917)
	at javafx.scene.control.Button.fire(Button.java:203)
	at com.sun.javafx.scene.control.behavior.ButtonBehavior.mouseReleased(ButtonBehavior.java:207)
	at com.sun.javafx.scene.control.inputmap.InputMap.handle(InputMap.java:274)
	at com.sun.javafx.event.CompositeEventHandler$NormalEventHandlerRecord.handleBubblingEvent(CompositeEventHandler.java:247)
	at com.sun.javafx.event.CompositeEventHandler.dispatchBubblingEvent(CompositeEventHandler.java:80)
	at com.sun.javafx.event.EventHandlerManager.dispatchBubblingEvent(EventHandlerManager.java:232)
	at com.sun.javafx.event.EventHandlerManager.dispatchBubblingEvent(EventHandlerManager.java:189)
	at com.sun.javafx.event.CompositeEventDispatcher.dispatchBubblingEvent(CompositeEventDispatcher.java:59)
	at com.sun.javafx.event.BasicEventDispatcher.dispatchEvent(BasicEventDispatcher.java:58)
	at com.sun.javafx.event.EventDispatchChainImpl.dispatchEvent(EventDispatchChainImpl.java:114)
	at com.sun.javafx.event.BasicEventDispatcher.dispatchEvent(BasicEventDispatcher.java:56)
	at com.sun.javafx.event.EventDispatchChainImpl.dispatchEvent(EventDispatchChainImpl.java:114)
	at com.sun.javafx.event.BasicEventDispatcher.dispatchEvent(BasicEventDispatcher.java:56)
	at com.sun.javafx.event.EventDispatchChainImpl.dispatchEvent(EventDispatchChainImpl.java:114)
	at com.sun.javafx.event.EventUtil.fireEventImpl(EventUtil.java:74)
	at com.sun.javafx.event.EventUtil.fireEvent(EventUtil.java:54)
	at javafx.event.Event.fireEvent(Event.java:198)
	at javafx.scene.Scene$MouseHandler.process(Scene.java:4033)
	at javafx.scene.Scene.processMouseEvent(Scene.java:1933)
	at javafx.scene.Scene$ScenePeerListener.mouseEvent(Scene.java:2757)
	at com.sun.javafx.tk.quantum.GlassViewEventHandler$MouseEventNotification.run(GlassViewEventHandler.java:411)
	at com.sun.javafx.tk.quantum.GlassViewEventHandler$MouseEventNotification.run(GlassViewEventHandler.java:301)
	at java.base/java.security.AccessController.doPrivileged(AccessController.java:400)
	at com.sun.javafx.tk.quantum.GlassViewEventHandler.lambda$handleMouseEvent$2(GlassViewEventHandler.java:450)
	at com.sun.javafx.tk.quantum.QuantumToolkit.runWithoutRenderLock(QuantumToolkit.java:436)
	at com.sun.javafx.tk.quantum.GlassViewEventHandler.handleMouseEvent(GlassViewEventHandler.java:449)
	at com.sun.glass.ui.View.handleMouseEvent(View.java:551)
	at com.sun.glass.ui.View.notifyMouse(View.java:937)
	at com.sun.glass.ui.monocle.MonocleView.notifyMouse(MonocleView.java:116)
	at java.base/jdk.internal.reflect.DirectMethodHandleAccessor.invoke(DirectMethodHandleAccessor.java:103)
	... 21 common frames omitted
2026-04-09 21:13:15,284 [ERROR] from com.jpro.meta.tk.SceneInputListener in JavaFX Application Thread - Error while processing the input: MouseEventToken(MouseMoved,252.0,35.20000076293945,MouseButtonToken(2),false,false,false,false,false,false,false,false) app: stage title: Visual Product Discovery & Shopping Management System
java.lang.reflect.InvocationTargetException: null
	at java.base/jdk.internal.reflect.DirectMethodHandleAccessor.invoke(DirectMethodHandleAccessor.java:118)
	at java.base/java.lang.reflect.Method.invoke(Method.java:580)
	at simplefx.util.ReflectionUtil$UseReflection.applyDynamic(ReflectionUtil.scala:21)
	at com.jpro.meta.tk.SceneInputListener.processInputInScene(SceneInputListener.scala:304)
	at com.jpro.meta.tk.SceneInputListener.processInput(SceneInputListener.scala:206)
	at com.jpro.meta.tk.SceneInputListener.processInputs(SceneInputListener.scala:133)
	at com.jpro.meta.tk.SceneInputListener.processOrRequest(SceneInputListener.scala:41)
	at com.jpro.meta.tk.SceneInputListener.$anonfun$new$4(SceneInputListener.scala:59)
	at scala.runtime.java8.JFunction0$mcV$sp.apply(JFunction0$mcV$sp.java:23)
	at simplefx.cores.standard.parts.CoreTimeEvent$$anon$3.run(CoreTimeEvent.scala:62)
	at com.sun.javafx.application.PlatformImpl.lambda$runLater$10(PlatformImpl.java:457)
	at java.base/java.security.AccessController.doPrivileged(AccessController.java:400)
	at com.sun.javafx.application.PlatformImpl.lambda$runLater$11(PlatformImpl.java:456)
	at com.sun.glass.ui.monocle.RunnableProcessor.runLoop(RunnableProcessor.java:92)
	at com.sun.glass.ui.monocle.RunnableProcessor.run(RunnableProcessor.java:51)
	at java.base/java.lang.Thread.run(Thread.java:1583)
Caused by: java.lang.reflect.InvocationTargetException: null
	at java.base/jdk.internal.reflect.DirectMethodHandleAccessor.invoke(DirectMethodHandleAccessor.java:118)
	at java.base/java.lang.reflect.Method.invoke(Method.java:580)
	at simplefx.util.ReflectionUtil$UseReflection.applyDynamic(ReflectionUtil.scala:21)
	at com.sun.glass.ui.monocle.input.fork.NativeMouseInput.notifyMouse(NativeMouseInput.scala:330)
	at com.sun.glass.ui.monocle.input.fork.NativeMouseInput.postMouseEvent(NativeMouseInput.scala:226)
	at com.sun.glass.ui.monocle.input.fork.NativeMouseInput.setState(NativeMouseInput.scala:186)
	at java.base/jdk.internal.reflect.DirectMethodHandleAccessor.invoke(DirectMethodHandleAccessor.java:103)
	... 15 common frames omitted
Caused by: java.lang.UnsupportedOperationException: null
	at com.sun.glass.ui.monocle.MonocleApplication.staticCommonDialogs_showFileChooser(MonocleApplication.java:273)
	at com.sun.glass.ui.CommonDialogs.showFileChooser(CommonDialogs.java:213)
	at com.sun.javafx.tk.quantum.QuantumToolkit.showFileChooser(QuantumToolkit.java:1737)
	at javafx.stage.FileChooser.showDialog(FileChooser.java:396)
	at javafx.stage.FileChooser.showOpenDialog(FileChooser.java:331)
	at com.visualshop.controller.ShopController.openVisualSearch(ShopController.java:817)
	at com.visualshop.controller.ShopController.lambda$buildNavbar$6(ShopController.java:172)
	at com.sun.javafx.event.CompositeEventHandler.dispatchBubblingEvent(CompositeEventHandler.java:86)
	at com.sun.javafx.event.EventHandlerManager.dispatchBubblingEvent(EventHandlerManager.java:232)
	at com.sun.javafx.event.EventHandlerManager.dispatchBubblingEvent(EventHandlerManager.java:189)
	at com.sun.javafx.event.CompositeEventDispatcher.dispatchBubblingEvent(CompositeEventDispatcher.java:59)
	at com.sun.javafx.event.BasicEventDispatcher.dispatchEvent(BasicEventDispatcher.java:58)
	at com.sun.javafx.event.EventDispatchChainImpl.dispatchEvent(EventDispatchChainImpl.java:114)
	at com.sun.javafx.event.BasicEventDispatcher.dispatchEvent(BasicEventDispatcher.java:56)
	at com.sun.javafx.event.EventDispatchChainImpl.dispatchEvent(EventDispatchChainImpl.java:114)
	at com.sun.javafx.event.BasicEventDispatcher.dispatchEvent(BasicEventDispatcher.java:56)
	at com.sun.javafx.event.EventDispatchChainImpl.dispatchEvent(EventDispatchChainImpl.java:114)
	at com.sun.javafx.event.EventUtil.fireEventImpl(EventUtil.java:74)
	at com.sun.javafx.event.EventUtil.fireEvent(EventUtil.java:49)
	at javafx.event.Event.fireEvent(Event.java:198)
	at javafx.scene.Node.fireEvent(Node.java:8917)
	at javafx.scene.control.Button.fire(Button.java:203)
	at com.sun.javafx.scene.control.behavior.ButtonBehavior.mouseReleased(ButtonBehavior.java:207)
	at com.sun.javafx.scene.control.inputmap.InputMap.handle(InputMap.java:274)
	at com.sun.javafx.event.CompositeEventHandler$NormalEventHandlerRecord.handleBubblingEvent(CompositeEventHandler.java:247)
	at com.sun.javafx.event.CompositeEventHandler.dispatchBubblingEvent(CompositeEventHandler.java:80)
	at com.sun.javafx.event.EventHandlerManager.dispatchBubblingEvent(EventHandlerManager.java:232)
	at com.sun.javafx.event.EventHandlerManager.dispatchBubblingEvent(EventHandlerManager.java:189)
	at com.sun.javafx.event.CompositeEventDispatcher.dispatchBubblingEvent(CompositeEventDispatcher.java:59)
	at com.sun.javafx.event.BasicEventDispatcher.dispatchEvent(BasicEventDispatcher.java:58)
	at com.sun.javafx.event.EventDispatchChainImpl.dispatchEvent(EventDispatchChainImpl.java:114)
	at com.sun.javafx.event.BasicEventDispatcher.dispatchEvent(BasicEventDispatcher.java:56)
	at com.sun.javafx.event.EventDispatchChainImpl.dispatchEvent(EventDispatchChainImpl.java:114)
	at com.sun.javafx.event.BasicEventDispatcher.dispatchEvent(BasicEventDispatcher.java:56)
	at com.sun.javafx.event.EventDispatchChainImpl.dispatchEvent(EventDispatchChainImpl.java:114)
	at com.sun.javafx.event.EventUtil.fireEventImpl(EventUtil.java:74)
	at com.sun.javafx.event.EventUtil.fireEvent(EventUtil.java:54)
	at javafx.event.Event.fireEvent(Event.java:198)
	at javafx.scene.Scene$MouseHandler.process(Scene.java:4033)
	at javafx.scene.Scene.processMouseEvent(Scene.java:1933)
	at javafx.scene.Scene$ScenePeerListener.mouseEvent(Scene.java:2757)
	at com.sun.javafx.tk.quantum.GlassViewEventHandler$MouseEventNotification.run(GlassViewEventHandler.java:411)
	at com.sun.javafx.tk.quantum.GlassViewEventHandler$MouseEventNotification.run(GlassViewEventHandler.java:301)
	at java.base/java.security.AccessController.doPrivileged(AccessController.java:400)
	at com.sun.javafx.tk.quantum.GlassViewEventHandler.lambda$handleMouseEvent$2(GlassViewEventHandler.java:450)
	at com.sun.javafx.tk.quantum.QuantumToolkit.runWithoutRenderLock(QuantumToolkit.java:436)
	at com.sun.javafx.tk.quantum.GlassViewEventHandler.handleMouseEvent(GlassViewEventHandler.java:449)
	at com.sun.glass.ui.View.handleMouseEvent(View.java:551)
	at com.sun.glass.ui.View.notifyMouse(View.java:937)
	at com.sun.glass.ui.monocle.MonocleView.notifyMouse(MonocleView.java:116)
	at java.base/jdk.internal.reflect.DirectMethodHandleAccessor.invoke(DirectMethodHandleAccessor.java:103)
	... 21 common frames omitted
2026-04-09 21:13:15,292 [ERROR] from com.jpro.meta.tk.SceneInputListener in JavaFX Application Thread - Error while processing the input: MouseEventToken(MouseMoved,255.1999969482422,41.60000228881836,MouseButtonToken(2),false,false,false,false,false,false,false,false) app: stage title: Visual Product Discovery & Shopping Management System
java.lang.reflect.InvocationTargetException: null
	at java.base/jdk.internal.reflect.DirectMethodHandleAccessor.invoke(DirectMethodHandleAccessor.java:118)
	at java.base/java.lang.reflect.Method.invoke(Method.java:580)
	at simplefx.util.ReflectionUtil$UseReflection.applyDynamic(ReflectionUtil.scala:21)
	at com.jpro.meta.tk.SceneInputListener.processInputInScene(SceneInputListener.scala:304)
	at com.jpro.meta.tk.SceneInputListener.processInput(SceneInputListener.scala:206)
	at com.jpro.meta.tk.SceneInputListener.processInputs(SceneInputListener.scala:133)
	at com.jpro.meta.tk.SceneInputListener.processOrRequest(SceneInputListener.scala:41)
	at com.jpro.meta.tk.SceneInputListener.$anonfun$processOrRequest$2(SceneInputListener.scala:48)
	at scala.runtime.java8.JFunction0$mcV$sp.apply(JFunction0$mcV$sp.java:23)
	at simplefx.cores.standard.parts.CoreTimeEvent$$anon$3.run(CoreTimeEvent.scala:62)
	at com.sun.javafx.application.PlatformImpl.lambda$runLater$10(PlatformImpl.java:457)
	at java.base/java.security.AccessController.doPrivileged(AccessController.java:400)
	at com.sun.javafx.application.PlatformImpl.lambda$runLater$11(PlatformImpl.java:456)
	at com.sun.glass.ui.monocle.RunnableProcessor.runLoop(RunnableProcessor.java:92)
	at com.sun.glass.ui.monocle.RunnableProcessor.run(RunnableProcessor.java:51)
	at java.base/java.lang.Thread.run(Thread.java:1583)
Caused by: java.lang.reflect.InvocationTargetException: null
	at java.base/jdk.internal.reflect.DirectMethodHandleAccessor.invoke(DirectMethodHandleAccessor.java:118)
	at java.base/java.lang.reflect.Method.invoke(Method.java:580)
	at simplefx.util.ReflectionUtil$UseReflection.applyDynamic(ReflectionUtil.scala:21)
	at com.sun.glass.ui.monocle.input.fork.NativeMouseInput.notifyMouse(NativeMouseInput.scala:330)
	at com.sun.glass.ui.monocle.input.fork.NativeMouseInput.postMouseEvent(NativeMouseInput.scala:226)
	at com.sun.glass.ui.monocle.input.fork.NativeMouseInput.setState(NativeMouseInput.scala:186)
	at java.base/jdk.internal.reflect.DirectMethodHandleAccessor.invoke(DirectMethodHandleAccessor.java:103)
	... 15 common frames omitted
Caused by: java.lang.UnsupportedOperationException: null
	at com.sun.glass.ui.monocle.MonocleApplication.staticCommonDialogs_showFileChooser(MonocleApplication.java:273)
	at com.sun.glass.ui.CommonDialogs.showFileChooser(CommonDialogs.java:213)
	at com.sun.javafx.tk.quantum.QuantumToolkit.showFileChooser(QuantumToolkit.java:1737)
	at javafx.stage.FileChooser.showDialog(FileChooser.java:396)
	at javafx.stage.FileChooser.showOpenDialog(FileChooser.java:331)
	at com.visualshop.controller.ShopController.openVisualSearch(ShopController.java:817)
	at com.visualshop.controller.ShopController.lambda$buildNavbar$6(ShopController.java:172)
	at com.sun.javafx.event.CompositeEventHandler.dispatchBubblingEvent(CompositeEventHandler.java:86)
	at com.sun.javafx.event.EventHandlerManager.dispatchBubblingEvent(EventHandlerManager.java:232)
	at com.sun.javafx.event.EventHandlerManager.dispatchBubblingEvent(EventHandlerManager.java:189)
	at com.sun.javafx.event.CompositeEventDispatcher.dispatchBubblingEvent(CompositeEventDispatcher.java:59)
	at com.sun.javafx.event.BasicEventDispatcher.dispatchEvent(BasicEventDispatcher.java:58)
	at com.sun.javafx.event.EventDispatchChainImpl.dispatchEvent(EventDispatchChainImpl.java:114)
	at com.sun.javafx.event.BasicEventDispatcher.dispatchEvent(BasicEventDispatcher.java:56)
	at com.sun.javafx.event.EventDispatchChainImpl.dispatchEvent(EventDispatchChainImpl.java:114)
	at com.sun.javafx.event.BasicEventDispatcher.dispatchEvent(BasicEventDispatcher.java:56)
	at com.sun.javafx.event.EventDispatchChainImpl.dispatchEvent(EventDispatchChainImpl.java:114)
	at com.sun.javafx.event.EventUtil.fireEventImpl(EventUtil.java:74)
	at com.sun.javafx.event.EventUtil.fireEvent(EventUtil.java:49)
	at javafx.event.Event.fireEvent(Event.java:198)
	at javafx.scene.Node.fireEvent(Node.java:8917)
	at javafx.scene.control.Button.fire(Button.java:203)
	at com.sun.javafx.scene.control.behavior.ButtonBehavior.mouseReleased(ButtonBehavior.java:207)
	at com.sun.javafx.scene.control.inputmap.InputMap.handle(InputMap.java:274)
	at com.sun.javafx.event.CompositeEventHandler$NormalEventHandlerRecord.handleBubblingEvent(CompositeEventHandler.java:247)
	at com.sun.javafx.event.CompositeEventHandler.dispatchBubblingEvent(CompositeEventHandler.java:80)
	at com.sun.javafx.event.EventHandlerManager.dispatchBubblingEvent(EventHandlerManager.java:232)
	at com.sun.javafx.event.EventHandlerManager.dispatchBubblingEvent(EventHandlerManager.java:189)
	at com.sun.javafx.event.CompositeEventDispatcher.dispatchBubblingEvent(CompositeEventDispatcher.java:59)
	at com.sun.javafx.event.BasicEventDispatcher.dispatchEvent(BasicEventDispatcher.java:58)
	at com.sun.javafx.event.EventDispatchChainImpl.dispatchEvent(EventDispatchChainImpl.java:114)
	at com.sun.javafx.event.BasicEventDispatcher.dispatchEvent(BasicEventDispatcher.java:56)
	at com.sun.javafx.event.EventDispatchChainImpl.dispatchEvent(EventDispatchChainImpl.java:114)
	at com.sun.javafx.event.BasicEventDispatcher.dispatchEvent(BasicEventDispatcher.java:56)
	at com.sun.javafx.event.EventDispatchChainImpl.dispatchEvent(EventDispatchChainImpl.java:114)
	at com.sun.javafx.event.EventUtil.fireEventImpl(EventUtil.java:74)
	at com.sun.javafx.event.EventUtil.fireEvent(EventUtil.java:54)
	at javafx.event.Event.fireEvent(Event.java:198)
	at javafx.scene.Scene$MouseHandler.process(Scene.java:4033)
	at javafx.scene.Scene.processMouseEvent(Scene.java:1933)
	at javafx.scene.Scene$ScenePeerListener.mouseEvent(Scene.java:2757)
	at com.sun.javafx.tk.quantum.GlassViewEventHandler$MouseEventNotification.run(GlassViewEventHandler.java:411)
	at com.sun.javafx.tk.quantum.GlassViewEventHandler$MouseEventNotification.run(GlassViewEventHandler.java:301)
	at java.base/java.security.AccessController.doPrivileged(AccessController.java:400)
	at com.sun.javafx.tk.quantum.GlassViewEventHandler.lambda$handleMouseEvent$2(GlassViewEventHandler.java:450)
	at com.sun.javafx.tk.quantum.QuantumToolkit.runWithoutRenderLock(QuantumToolkit.java:436)
	at com.sun.javafx.tk.quantum.GlassViewEventHandler.handleMouseEvent(GlassViewEventHandler.java:449)
	at com.sun.glass.ui.View.handleMouseEvent(View.java:551)
	at com.sun.glass.ui.View.notifyMouse(View.java:937)
	at com.sun.glass.ui.monocle.MonocleView.notifyMouse(MonocleView.java:116)
	at java.base/jdk.internal.reflect.DirectMethodHandleAccessor.invoke(DirectMethodHandleAccessor.java:103)
	... 21 common frames omitted
2026-04-09 21:13:16,633 [ERROR] from com.jpro.meta.tk.SceneInputListener in JavaFX Application Thread - Error while processing the input: MouseEventToken(MouseReleased,257.6000061035156,29.600000381469727,MouseButtonToken(3),false,false,false,false,false,false,false,false) app: stage title: Visual Product Discovery & Shopping Management System
java.lang.reflect.InvocationTargetException: null
	at java.base/jdk.internal.reflect.DirectMethodHandleAccessor.invoke(DirectMethodHandleAccessor.java:118)
	at java.base/java.lang.reflect.Method.invoke(Method.java:580)
	at simplefx.util.ReflectionUtil$UseReflection.applyDynamic(ReflectionUtil.scala:21)
	at com.jpro.meta.tk.SceneInputListener.processInputInScene(SceneInputListener.scala:304)
	at com.jpro.meta.tk.SceneInputListener.processInput(SceneInputListener.scala:203)
	at com.jpro.meta.tk.SceneInputListener.processInputs(SceneInputListener.scala:133)
	at com.jpro.meta.tk.SceneInputListener.processOrRequest(SceneInputListener.scala:41)
	at com.jpro.meta.tk.SceneInputListener.$anonfun$new$4(SceneInputListener.scala:59)
	at scala.runtime.java8.JFunction0$mcV$sp.apply(JFunction0$mcV$sp.java:23)
	at simplefx.cores.standard.parts.CoreTimeEvent$$anon$3.run(CoreTimeEvent.scala:62)
	at com.sun.javafx.application.PlatformImpl.lambda$runLater$10(PlatformImpl.java:457)
	at java.base/java.security.AccessController.doPrivileged(AccessController.java:400)
	at com.sun.javafx.application.PlatformImpl.lambda$runLater$11(PlatformImpl.java:456)
	at com.sun.glass.ui.monocle.RunnableProcessor.runLoop(RunnableProcessor.java:92)
	at com.sun.glass.ui.monocle.RunnableProcessor.run(RunnableProcessor.java:51)
	at java.base/java.lang.Thread.run(Thread.java:1583)
Caused by: java.lang.reflect.InvocationTargetException: null
	at java.base/jdk.internal.reflect.DirectMethodHandleAccessor.invoke(DirectMethodHandleAccessor.java:118)
	at java.base/java.lang.reflect.Method.invoke(Method.java:580)
	at simplefx.util.ReflectionUtil$UseReflection.applyDynamic(ReflectionUtil.scala:21)
	at com.sun.glass.ui.monocle.input.fork.NativeMouseInput.notifyMouse(NativeMouseInput.scala:330)
	at com.sun.glass.ui.monocle.input.fork.NativeMouseInput.postMouseEvent(NativeMouseInput.scala:226)
	at com.sun.glass.ui.monocle.input.fork.NativeMouseInput.setState(NativeMouseInput.scala:186)
	at java.base/jdk.internal.reflect.DirectMethodHandleAccessor.invoke(DirectMethodHandleAccessor.java:103)
	... 15 common frames omitted
Caused by: java.lang.UnsupportedOperationException: null
	at com.sun.glass.ui.monocle.MonocleApplication.staticCommonDialogs_showFileChooser(MonocleApplication.java:273)
	at com.sun.glass.ui.CommonDialogs.showFileChooser(CommonDialogs.java:213)
	at com.sun.javafx.tk.quantum.QuantumToolkit.showFileChooser(QuantumToolkit.java:1737)
	at javafx.stage.FileChooser.showDialog(FileChooser.java:396)
	at javafx.stage.FileChooser.showOpenDialog(FileChooser.java:331)
	at com.visualshop.controller.ShopController.openVisualSearch(ShopController.java:817)
	at com.visualshop.controller.ShopController.lambda$buildNavbar$6(ShopController.java:172)
	at com.sun.javafx.event.CompositeEventHandler.dispatchBubblingEvent(CompositeEventHandler.java:86)
	at com.sun.javafx.event.EventHandlerManager.dispatchBubblingEvent(EventHandlerManager.java:232)
	at com.sun.javafx.event.EventHandlerManager.dispatchBubblingEvent(EventHandlerManager.java:189)
	at com.sun.javafx.event.CompositeEventDispatcher.dispatchBubblingEvent(CompositeEventDispatcher.java:59)
	at com.sun.javafx.event.BasicEventDispatcher.dispatchEvent(BasicEventDispatcher.java:58)
	at com.sun.javafx.event.EventDispatchChainImpl.dispatchEvent(EventDispatchChainImpl.java:114)
	at com.sun.javafx.event.BasicEventDispatcher.dispatchEvent(BasicEventDispatcher.java:56)
	at com.sun.javafx.event.EventDispatchChainImpl.dispatchEvent(EventDispatchChainImpl.java:114)
	at com.sun.javafx.event.BasicEventDispatcher.dispatchEvent(BasicEventDispatcher.java:56)
	at com.sun.javafx.event.EventDispatchChainImpl.dispatchEvent(EventDispatchChainImpl.java:114)
	at com.sun.javafx.event.EventUtil.fireEventImpl(EventUtil.java:74)
	at com.sun.javafx.event.EventUtil.fireEvent(EventUtil.java:49)
	at javafx.event.Event.fireEvent(Event.java:198)
	at javafx.scene.Node.fireEvent(Node.java:8917)
	at javafx.scene.control.Button.fire(Button.java:203)
	at com.sun.javafx.scene.control.behavior.ButtonBehavior.mouseReleased(ButtonBehavior.java:207)
	at com.sun.javafx.scene.control.inputmap.InputMap.handle(InputMap.java:274)
	at com.sun.javafx.event.CompositeEventHandler$NormalEventHandlerRecord.handleBubblingEvent(CompositeEventHandler.java:247)
	at com.sun.javafx.event.CompositeEventHandler.dispatchBubblingEvent(CompositeEventHandler.java:80)
	at com.sun.javafx.event.EventHandlerManager.dispatchBubblingEvent(EventHandlerManager.java:232)
	at com.sun.javafx.event.EventHandlerManager.dispatchBubblingEvent(EventHandlerManager.java:189)
	at com.sun.javafx.event.CompositeEventDispatcher.dispatchBubblingEvent(CompositeEventDispatcher.java:59)
	at com.sun.javafx.event.BasicEventDispatcher.dispatchEvent(BasicEventDispatcher.java:58)
	at com.sun.javafx.event.EventDispatchChainImpl.dispatchEvent(EventDispatchChainImpl.java:114)
	at com.sun.javafx.event.BasicEventDispatcher.dispatchEvent(BasicEventDispatcher.java:56)
	at com.sun.javafx.event.EventDispatchChainImpl.dispatchEvent(EventDispatchChainImpl.java:114)
	at com.sun.javafx.event.BasicEventDispatcher.dispatchEvent(BasicEventDispatcher.java:56)
	at com.sun.javafx.event.EventDispatchChainImpl.dispatchEvent(EventDispatchChainImpl.java:114)
	at com.sun.javafx.event.EventUtil.fireEventImpl(EventUtil.java:74)
	at com.sun.javafx.event.EventUtil.fireEvent(EventUtil.java:54)
	at javafx.event.Event.fireEvent(Event.java:198)
	at javafx.scene.Scene$MouseHandler.process(Scene.java:4033)
	at javafx.scene.Scene.processMouseEvent(Scene.java:1933)
	at javafx.scene.Scene$ScenePeerListener.mouseEvent(Scene.java:2757)
	at com.sun.javafx.tk.quantum.GlassViewEventHandler$MouseEventNotification.run(GlassViewEventHandler.java:411)
	at com.sun.javafx.tk.quantum.GlassViewEventHandler$MouseEventNotification.run(GlassViewEventHandler.java:301)
	at java.base/java.security.AccessController.doPrivileged(AccessController.java:400)
	at com.sun.javafx.tk.quantum.GlassViewEventHandler.lambda$handleMouseEvent$2(GlassViewEventHandler.java:450)
	at com.sun.javafx.tk.quantum.QuantumToolkit.runWithoutRenderLock(QuantumToolkit.java:436)
	at com.sun.javafx.tk.quantum.GlassViewEventHandler.handleMouseEvent(GlassViewEventHandler.java:449)
	at com.sun.glass.ui.View.handleMouseEvent(View.java:551)
	at com.sun.glass.ui.View.notifyMouse(View.java:937)
	at com.sun.glass.ui.monocle.MonocleView.notifyMouse(MonocleView.java:116)
	at java.base/jdk.internal.reflect.DirectMethodHandleAccessor.invoke(DirectMethodHandleAccessor.java:103)
	... 21 common frames omitted
2026-04-09 21:13:17,156 [ERROR] from com.jpro.meta.tk.SceneInputListener in JavaFX Application Thread - Error while processing the input: MouseEventToken(MouseMoved,259.20001220703125,29.600000381469727,MouseButtonToken(2),false,false,false,false,false,false,false,false) app: stage title: Visual Product Discovery & Shopping Management System
java.lang.reflect.InvocationTargetException: null
	at java.base/jdk.internal.reflect.DirectMethodHandleAccessor.invoke(DirectMethodHandleAccessor.java:118)
	at java.base/java.lang.reflect.Method.invoke(Method.java:580)
	at simplefx.util.ReflectionUtil$UseReflection.applyDynamic(ReflectionUtil.scala:21)
	at com.jpro.meta.tk.SceneInputListener.processInputInScene(SceneInputListener.scala:304)
	at com.jpro.meta.tk.SceneInputListener.processInput(SceneInputListener.scala:206)
	at com.jpro.meta.tk.SceneInputListener.processInputs(SceneInputListener.scala:133)
	at com.jpro.meta.tk.SceneInputListener.processOrRequest(SceneInputListener.scala:41)
	at com.jpro.meta.tk.SceneInputListener.$anonfun$new$4(SceneInputListener.scala:59)
	at scala.runtime.java8.JFunction0$mcV$sp.apply(JFunction0$mcV$sp.java:23)
	at simplefx.cores.standard.parts.CoreTimeEvent$$anon$3.run(CoreTimeEvent.scala:62)
	at com.sun.javafx.application.PlatformImpl.lambda$runLater$10(PlatformImpl.java:457)
	at java.base/java.security.AccessController.doPrivileged(AccessController.java:400)
	at com.sun.javafx.application.PlatformImpl.lambda$runLater$11(PlatformImpl.java:456)
	at com.sun.glass.ui.monocle.RunnableProcessor.runLoop(RunnableProcessor.java:92)
	at com.sun.glass.ui.monocle.RunnableProcessor.run(RunnableProcessor.java:51)
	at java.base/java.lang.Thread.run(Thread.java:1583)
Caused by: java.lang.reflect.InvocationTargetException: null
	at java.base/jdk.internal.reflect.DirectMethodHandleAccessor.invoke(DirectMethodHandleAccessor.java:118)
	at java.base/java.lang.reflect.Method.invoke(Method.java:580)
	at simplefx.util.ReflectionUtil$UseReflection.applyDynamic(ReflectionUtil.scala:21)
	at com.sun.glass.ui.monocle.input.fork.NativeMouseInput.notifyMouse(NativeMouseInput.scala:330)
	at com.sun.glass.ui.monocle.input.fork.NativeMouseInput.postMouseEvent(NativeMouseInput.scala:226)
	at com.sun.glass.ui.monocle.input.fork.NativeMouseInput.setState(NativeMouseInput.scala:186)
	at java.base/jdk.internal.reflect.DirectMethodHandleAccessor.invoke(DirectMethodHandleAccessor.java:103)
	... 15 common frames omitted
Caused by: java.lang.UnsupportedOperationException: null
	at com.sun.glass.ui.monocle.MonocleApplication.staticCommonDialogs_showFileChooser(MonocleApplication.java:273)
	at com.sun.glass.ui.CommonDialogs.showFileChooser(CommonDialogs.java:213)
	at com.sun.javafx.tk.quantum.QuantumToolkit.showFileChooser(QuantumToolkit.java:1737)
	at javafx.stage.FileChooser.showDialog(FileChooser.java:396)
	at javafx.stage.FileChooser.showOpenDialog(FileChooser.java:331)
	at com.visualshop.controller.ShopController.openVisualSearch(ShopController.java:817)
	at com.visualshop.controller.ShopController.lambda$buildNavbar$6(ShopController.java:172)
	at com.sun.javafx.event.CompositeEventHandler.dispatchBubblingEvent(CompositeEventHandler.java:86)
	at com.sun.javafx.event.EventHandlerManager.dispatchBubblingEvent(EventHandlerManager.java:232)
	at com.sun.javafx.event.EventHandlerManager.dispatchBubblingEvent(EventHandlerManager.java:189)
	at com.sun.javafx.event.CompositeEventDispatcher.dispatchBubblingEvent(CompositeEventDispatcher.java:59)
	at com.sun.javafx.event.BasicEventDispatcher.dispatchEvent(BasicEventDispatcher.java:58)
	at com.sun.javafx.event.EventDispatchChainImpl.dispatchEvent(EventDispatchChainImpl.java:114)
	at com.sun.javafx.event.BasicEventDispatcher.dispatchEvent(BasicEventDispatcher.java:56)
	at com.sun.javafx.event.EventDispatchChainImpl.dispatchEvent(EventDispatchChainImpl.java:114)
	at com.sun.javafx.event.BasicEventDispatcher.dispatchEvent(BasicEventDispatcher.java:56)
	at com.sun.javafx.event.EventDispatchChainImpl.dispatchEvent(EventDispatchChainImpl.java:114)
	at com.sun.javafx.event.EventUtil.fireEventImpl(EventUtil.java:74)
	at com.sun.javafx.event.EventUtil.fireEvent(EventUtil.java:49)
	at javafx.event.Event.fireEvent(Event.java:198)
	at javafx.scene.Node.fireEvent(Node.java:8917)
	at javafx.scene.control.Button.fire(Button.java:203)
	at com.sun.javafx.scene.control.behavior.ButtonBehavior.mouseReleased(ButtonBehavior.java:207)
	at com.sun.javafx.scene.control.inputmap.InputMap.handle(InputMap.java:274)
	at com.sun.javafx.event.CompositeEventHandler$NormalEventHandlerRecord.handleBubblingEvent(CompositeEventHandler.java:247)
	at com.sun.javafx.event.CompositeEventHandler.dispatchBubblingEvent(CompositeEventHandler.java:80)
	at com.sun.javafx.event.EventHandlerManager.dispatchBubblingEvent(EventHandlerManager.java:232)
	at com.sun.javafx.event.EventHandlerManager.dispatchBubblingEvent(EventHandlerManager.java:189)
	at com.sun.javafx.event.CompositeEventDispatcher.dispatchBubblingEvent(CompositeEventDispatcher.java:59)
	at com.sun.javafx.event.BasicEventDispatcher.dispatchEvent(BasicEventDispatcher.java:58)
	at com.sun.javafx.event.EventDispatchChainImpl.dispatchEvent(EventDispatchChainImpl.java:114)
	at com.sun.javafx.event.BasicEventDispatcher.dispatchEvent(BasicEventDispatcher.java:56)
	at com.sun.javafx.event.EventDispatchChainImpl.dispatchEvent(EventDispatchChainImpl.java:114)
	at com.sun.javafx.event.BasicEventDispatcher.dispatchEvent(BasicEventDispatcher.java:56)
	at com.sun.javafx.event.EventDispatchChainImpl.dispatchEvent(EventDispatchChainImpl.java:114)
	at com.sun.javafx.event.EventUtil.fireEventImpl(EventUtil.java:74)
	at com.sun.javafx.event.EventUtil.fireEvent(EventUtil.java:54)
	at javafx.event.Event.fireEvent(Event.java:198)
	at javafx.scene.Scene$MouseHandler.process(Scene.java:4033)
	at javafx.scene.Scene.processMouseEvent(Scene.java:1933)
	at javafx.scene.Scene$ScenePeerListener.mouseEvent(Scene.java:2757)
	at com.sun.javafx.tk.quantum.GlassViewEventHandler$MouseEventNotification.run(GlassViewEventHandler.java:411)
	at com.sun.javafx.tk.quantum.GlassViewEventHandler$MouseEventNotification.run(GlassViewEventHandler.java:301)
	at java.base/java.security.AccessController.doPrivileged(AccessController.java:400)
	at com.sun.javafx.tk.quantum.GlassViewEventHandler.lambda$handleMouseEvent$2(GlassViewEventHandler.java:450)
	at com.sun.javafx.tk.quantum.QuantumToolkit.runWithoutRenderLock(QuantumToolkit.java:436)
	at com.sun.javafx.tk.quantum.GlassViewEventHandler.handleMouseEvent(GlassViewEventHandler.java:449)
	at com.sun.glass.ui.View.handleMouseEvent(View.java:551)
	at com.sun.glass.ui.View.notifyMouse(View.java:937)
	at com.sun.glass.ui.monocle.MonocleView.notifyMouse(MonocleView.java:116)
	at java.base/jdk.internal.reflect.DirectMethodHandleAccessor.invoke(DirectMethodHandleAccessor.java:103)
	... 21 common frames omitted
2026-04-09 21:13:17,163 [ERROR] from com.jpro.meta.tk.SceneInputListener in JavaFX Application Thread - Error while processing the input: MouseEventToken(MouseMoved,259.20001220703125,30.399999618530273,MouseButtonToken(2),false,false,false,false,false,false,false,false) app: stage title: Visual Product Discovery & Shopping Management System
java.lang.reflect.InvocationTargetException: null
	at java.base/jdk.internal.reflect.DirectMethodHandleAccessor.invoke(DirectMethodHandleAccessor.java:118)
	at java.base/java.lang.reflect.Method.invoke(Method.java:580)
	at simplefx.util.ReflectionUtil$UseReflection.applyDynamic(ReflectionUtil.scala:21)
	at com.jpro.meta.tk.SceneInputListener.processInputInScene(SceneInputListener.scala:304)
	at com.jpro.meta.tk.SceneInputListener.processInput(SceneInputListener.scala:206)
	at com.jpro.meta.tk.SceneInputListener.processInputs(SceneInputListener.scala:133)
	at com.jpro.meta.tk.SceneInputListener.processOrRequest(SceneInputListener.scala:41)
	at com.jpro.meta.tk.SceneInputListener.$anonfun$processOrRequest$2(SceneInputListener.scala:48)
	at scala.runtime.java8.JFunction0$mcV$sp.apply(JFunction0$mcV$sp.java:23)
	at simplefx.cores.standard.parts.CoreTimeEvent$$anon$3.run(CoreTimeEvent.scala:62)
	at com.sun.javafx.application.PlatformImpl.lambda$runLater$10(PlatformImpl.java:457)
	at java.base/java.security.AccessController.doPrivileged(AccessController.java:400)
	at com.sun.javafx.application.PlatformImpl.lambda$runLater$11(PlatformImpl.java:456)
	at com.sun.glass.ui.monocle.RunnableProcessor.runLoop(RunnableProcessor.java:92)
	at com.sun.glass.ui.monocle.RunnableProcessor.run(RunnableProcessor.java:51)
	at java.base/java.lang.Thread.run(Thread.java:1583)
Caused by: java.lang.reflect.InvocationTargetException: null
	at java.base/jdk.internal.reflect.DirectMethodHandleAccessor.invoke(DirectMethodHandleAccessor.java:118)
	at java.base/java.lang.reflect.Method.invoke(Method.java:580)
	at simplefx.util.ReflectionUtil$UseReflection.applyDynamic(ReflectionUtil.scala:21)
	at com.sun.glass.ui.monocle.input.fork.NativeMouseInput.notifyMouse(NativeMouseInput.scala:330)
	at com.sun.glass.ui.monocle.input.fork.NativeMouseInput.postMouseEvent(NativeMouseInput.scala:226)
	at com.sun.glass.ui.monocle.input.fork.NativeMouseInput.setState(NativeMouseInput.scala:186)
	at java.base/jdk.internal.reflect.DirectMethodHandleAccessor.invoke(DirectMethodHandleAccessor.java:103)
	... 15 common frames omitted
Caused by: java.lang.UnsupportedOperationException: null
	at com.sun.glass.ui.monocle.MonocleApplication.staticCommonDialogs_showFileChooser(MonocleApplication.java:273)
	at com.sun.glass.ui.CommonDialogs.showFileChooser(CommonDialogs.java:213)
	at com.sun.javafx.tk.quantum.QuantumToolkit.showFileChooser(QuantumToolkit.java:1737)
	at javafx.stage.FileChooser.showDialog(FileChooser.java:396)
	at javafx.stage.FileChooser.showOpenDialog(FileChooser.java:331)
	at com.visualshop.controller.ShopController.openVisualSearch(ShopController.java:817)
	at com.visualshop.controller.ShopController.lambda$buildNavbar$6(ShopController.java:172)
	at com.sun.javafx.event.CompositeEventHandler.dispatchBubblingEvent(CompositeEventHandler.java:86)
	at com.sun.javafx.event.EventHandlerManager.dispatchBubblingEvent(EventHandlerManager.java:232)
	at com.sun.javafx.event.EventHandlerManager.dispatchBubblingEvent(EventHandlerManager.java:189)
	at com.sun.javafx.event.CompositeEventDispatcher.dispatchBubblingEvent(CompositeEventDispatcher.java:59)
	at com.sun.javafx.event.BasicEventDispatcher.dispatchEvent(BasicEventDispatcher.java:58)
	at com.sun.javafx.event.EventDispatchChainImpl.dispatchEvent(EventDispatchChainImpl.java:114)
	at com.sun.javafx.event.BasicEventDispatcher.dispatchEvent(BasicEventDispatcher.java:56)
	at com.sun.javafx.event.EventDispatchChainImpl.dispatchEvent(EventDispatchChainImpl.java:114)
	at com.sun.javafx.event.BasicEventDispatcher.dispatchEvent(BasicEventDispatcher.java:56)
	at com.sun.javafx.event.EventDispatchChainImpl.dispatchEvent(EventDispatchChainImpl.java:114)
	at com.sun.javafx.event.EventUtil.fireEventImpl(EventUtil.java:74)
	at com.sun.javafx.event.EventUtil.fireEvent(EventUtil.java:49)
	at javafx.event.Event.fireEvent(Event.java:198)
	at javafx.scene.Node.fireEvent(Node.java:8917)
	at javafx.scene.control.Button.fire(Button.java:203)
	at com.sun.javafx.scene.control.behavior.ButtonBehavior.mouseReleased(ButtonBehavior.java:207)
	at com.sun.javafx.scene.control.inputmap.InputMap.handle(InputMap.java:274)
	at com.sun.javafx.event.CompositeEventHandler$NormalEventHandlerRecord.handleBubblingEvent(CompositeEventHandler.java:247)
	at com.sun.javafx.event.CompositeEventHandler.dispatchBubblingEvent(CompositeEventHandler.java:80)
	at com.sun.javafx.event.EventHandlerManager.dispatchBubblingEvent(EventHandlerManager.java:232)
	at com.sun.javafx.event.EventHandlerManager.dispatchBubblingEvent(EventHandlerManager.java:189)
	at com.sun.javafx.event.CompositeEventDispatcher.dispatchBubblingEvent(CompositeEventDispatcher.java:59)
	at com.sun.javafx.event.BasicEventDispatcher.dispatchEvent(BasicEventDispatcher.java:58)
	at com.sun.javafx.event.EventDispatchChainImpl.dispatchEvent(EventDispatchChainImpl.java:114)
	at com.sun.javafx.event.BasicEventDispatcher.dispatchEvent(BasicEventDispatcher.java:56)
	at com.sun.javafx.event.EventDispatchChainImpl.dispatchEvent(EventDispatchChainImpl.java:114)
	at com.sun.javafx.event.BasicEventDispatcher.dispatchEvent(BasicEventDispatcher.java:56)
	at com.sun.javafx.event.EventDispatchChainImpl.dispatchEvent(EventDispatchChainImpl.java:114)
	at com.sun.javafx.event.EventUtil.fireEventImpl(EventUtil.java:74)
	at com.sun.javafx.event.EventUtil.fireEvent(EventUtil.java:54)
	at javafx.event.Event.fireEvent(Event.java:198)
	at javafx.scene.Scene$MouseHandler.process(Scene.java:4033)
	at javafx.scene.Scene.processMouseEvent(Scene.java:1933)
	at javafx.scene.Scene$ScenePeerListener.mouseEvent(Scene.java:2757)
	at com.sun.javafx.tk.quantum.GlassViewEventHandler$MouseEventNotification.run(GlassViewEventHandler.java:411)
	at com.sun.javafx.tk.quantum.GlassViewEventHandler$MouseEventNotification.run(GlassViewEventHandler.java:301)
	at java.base/java.security.AccessController.doPrivileged(AccessController.java:400)
	at com.sun.javafx.tk.quantum.GlassViewEventHandler.lambda$handleMouseEvent$2(GlassViewEventHandler.java:450)
	at com.sun.javafx.tk.quantum.QuantumToolkit.runWithoutRenderLock(QuantumToolkit.java:436)
	at com.sun.javafx.tk.quantum.GlassViewEventHandler.handleMouseEvent(GlassViewEventHandler.java:449)
	at com.sun.glass.ui.View.handleMouseEvent(View.java:551)
	at com.sun.glass.ui.View.notifyMouse(View.java:937)
	at com.sun.glass.ui.monocle.MonocleView.notifyMouse(MonocleView.java:116)
	at java.base/jdk.internal.reflect.DirectMethodHandleAccessor.invoke(DirectMethodHandleAccessor.java:103)
	... 21 common frames omitted
2026-04-09 21:13:17,179 [ERROR] from com.jpro.meta.tk.SceneInputListener in JavaFX Application Thread - Error while processing the input: MouseEventToken(MouseMoved,260.0,31.200000762939453,MouseButtonToken(2),false,false,false,false,false,false,false,false) app: stage title: Visual Product Discovery & Shopping Management System
java.lang.reflect.InvocationTargetException: null
	at java.base/jdk.internal.reflect.DirectMethodHandleAccessor.invoke(DirectMethodHandleAccessor.java:118)
	at java.base/java.lang.reflect.Method.invoke(Method.java:580)
	at simplefx.util.ReflectionUtil$UseReflection.applyDynamic(ReflectionUtil.scala:21)
	at com.jpro.meta.tk.SceneInputListener.processInputInScene(SceneInputListener.scala:304)
	at com.jpro.meta.tk.SceneInputListener.processInput(SceneInputListener.scala:206)
	at com.jpro.meta.tk.SceneInputListener.processInputs(SceneInputListener.scala:133)
	at com.jpro.meta.tk.SceneInputListener.processOrRequest(SceneInputListener.scala:41)
	at com.jpro.meta.tk.SceneInputListener.$anonfun$processOrRequest$2(SceneInputListener.scala:48)
	at scala.runtime.java8.JFunction0$mcV$sp.apply(JFunction0$mcV$sp.java:23)
	at simplefx.cores.standard.parts.CoreTimeEvent$$anon$3.run(CoreTimeEvent.scala:62)
	at com.sun.javafx.application.PlatformImpl.lambda$runLater$10(PlatformImpl.java:457)
	at java.base/java.security.AccessController.doPrivileged(AccessController.java:400)
	at com.sun.javafx.application.PlatformImpl.lambda$runLater$11(PlatformImpl.java:456)
	at com.sun.glass.ui.monocle.RunnableProcessor.runLoop(RunnableProcessor.java:92)
	at com.sun.glass.ui.monocle.RunnableProcessor.run(RunnableProcessor.java:51)
	at java.base/java.lang.Thread.run(Thread.java:1583)
Caused by: java.lang.reflect.InvocationTargetException: null
	at java.base/jdk.internal.reflect.DirectMethodHandleAccessor.invoke(DirectMethodHandleAccessor.java:118)
	at java.base/java.lang.reflect.Method.invoke(Method.java:580)
	at simplefx.util.ReflectionUtil$UseReflection.applyDynamic(ReflectionUtil.scala:21)
	at com.sun.glass.ui.monocle.input.fork.NativeMouseInput.notifyMouse(NativeMouseInput.scala:330)
	at com.sun.glass.ui.monocle.input.fork.NativeMouseInput.postMouseEvent(NativeMouseInput.scala:226)
	at com.sun.glass.ui.monocle.input.fork.NativeMouseInput.setState(NativeMouseInput.scala:186)
	at java.base/jdk.internal.reflect.DirectMethodHandleAccessor.invoke(DirectMethodHandleAccessor.java:103)
	... 15 common frames omitted
Caused by: java.lang.UnsupportedOperationException: null
	at com.sun.glass.ui.monocle.MonocleApplication.staticCommonDialogs_showFileChooser(MonocleApplication.java:273)
	at com.sun.glass.ui.CommonDialogs.showFileChooser(CommonDialogs.java:213)
	at com.sun.javafx.tk.quantum.QuantumToolkit.showFileChooser(QuantumToolkit.java:1737)
	at javafx.stage.FileChooser.showDialog(FileChooser.java:396)
	at javafx.stage.FileChooser.showOpenDialog(FileChooser.java:331)
	at com.visualshop.controller.ShopController.openVisualSearch(ShopController.java:817)
	at com.visualshop.controller.ShopController.lambda$buildNavbar$6(ShopController.java:172)
	at com.sun.javafx.event.CompositeEventHandler.dispatchBubblingEvent(CompositeEventHandler.java:86)
	at com.sun.javafx.event.EventHandlerManager.dispatchBubblingEvent(EventHandlerManager.java:232)
	at com.sun.javafx.event.EventHandlerManager.dispatchBubblingEvent(EventHandlerManager.java:189)
	at com.sun.javafx.event.CompositeEventDispatcher.dispatchBubblingEvent(CompositeEventDispatcher.java:59)
	at com.sun.javafx.event.BasicEventDispatcher.dispatchEvent(BasicEventDispatcher.java:58)
	at com.sun.javafx.event.EventDispatchChainImpl.dispatchEvent(EventDispatchChainImpl.java:114)
	at com.sun.javafx.event.BasicEventDispatcher.dispatchEvent(BasicEventDispatcher.java:56)
	at com.sun.javafx.event.EventDispatchChainImpl.dispatchEvent(EventDispatchChainImpl.java:114)
	at com.sun.javafx.event.BasicEventDispatcher.dispatchEvent(BasicEventDispatcher.java:56)
	at com.sun.javafx.event.EventDispatchChainImpl.dispatchEvent(EventDispatchChainImpl.java:114)
	at com.sun.javafx.event.EventUtil.fireEventImpl(EventUtil.java:74)
	at com.sun.javafx.event.EventUtil.fireEvent(EventUtil.java:49)
	at javafx.event.Event.fireEvent(Event.java:198)
	at javafx.scene.Node.fireEvent(Node.java:8917)
	at javafx.scene.control.Button.fire(Button.java:203)
	at com.sun.javafx.scene.control.behavior.ButtonBehavior.mouseReleased(ButtonBehavior.java:207)
	at com.sun.javafx.scene.control.inputmap.InputMap.handle(InputMap.java:274)
	at com.sun.javafx.event.CompositeEventHandler$NormalEventHandlerRecord.handleBubblingEvent(CompositeEventHandler.java:247)
	at com.sun.javafx.event.CompositeEventHandler.dispatchBubblingEvent(CompositeEventHandler.java:80)
	at com.sun.javafx.event.EventHandlerManager.dispatchBubblingEvent(EventHandlerManager.java:232)
	at com.sun.javafx.event.EventHandlerManager.dispatchBubblingEvent(EventHandlerManager.java:189)
	at com.sun.javafx.event.CompositeEventDispatcher.dispatchBubblingEvent(CompositeEventDispatcher.java:59)
	at com.sun.javafx.event.BasicEventDispatcher.dispatchEvent(BasicEventDispatcher.java:58)
	at com.sun.javafx.event.EventDispatchChainImpl.dispatchEvent(EventDispatchChainImpl.java:114)
	at com.sun.javafx.event.BasicEventDispatcher.dispatchEvent(BasicEventDispatcher.java:56)
	at com.sun.javafx.event.EventDispatchChainImpl.dispatchEvent(EventDispatchChainImpl.java:114)
	at com.sun.javafx.event.BasicEventDispatcher.dispatchEvent(BasicEventDispatcher.java:56)
	at com.sun.javafx.event.EventDispatchChainImpl.dispatchEvent(EventDispatchChainImpl.java:114)
	at com.sun.javafx.event.EventUtil.fireEventImpl(EventUtil.java:74)
	at com.sun.javafx.event.EventUtil.fireEvent(EventUtil.java:54)
	at javafx.event.Event.fireEvent(Event.java:198)
	at javafx.scene.Scene$MouseHandler.process(Scene.java:4033)
	at javafx.scene.Scene.processMouseEvent(Scene.java:1933)
	at javafx.scene.Scene$ScenePeerListener.mouseEvent(Scene.java:2757)
	at com.sun.javafx.tk.quantum.GlassViewEventHandler$MouseEventNotification.run(GlassViewEventHandler.java:411)
	at com.sun.javafx.tk.quantum.GlassViewEventHandler$MouseEventNotification.run(GlassViewEventHandler.java:301)
	at java.base/java.security.AccessController.doPrivileged(AccessController.java:400)
	at com.sun.javafx.tk.quantum.GlassViewEventHandler.lambda$handleMouseEvent$2(GlassViewEventHandler.java:450)
	at com.sun.javafx.tk.quantum.QuantumToolkit.runWithoutRenderLock(QuantumToolkit.java:436)
	at com.sun.javafx.tk.quantum.GlassViewEventHandler.handleMouseEvent(GlassViewEventHandler.java:449)
	at com.sun.glass.ui.View.handleMouseEvent(View.java:551)
	at com.sun.glass.ui.View.notifyMouse(View.java:937)
	at com.sun.glass.ui.monocle.MonocleView.notifyMouse(MonocleView.java:116)
	at java.base/jdk.internal.reflect.DirectMethodHandleAccessor.invoke(DirectMethodHandleAccessor.java:103)
	... 21 common frames omitted
2026-04-09 21:13:17,194 [ERROR] from com.jpro.meta.tk.SceneInputListener in JavaFX Application Thread - Error while processing the input: MouseEventToken(MouseMoved,263.20001220703125,33.60000228881836,MouseButtonToken(2),false,false,false,false,false,false,false,false) app: stage title: Visual Product Discovery & Shopping Management System
java.lang.reflect.InvocationTargetException: null
	at java.base/jdk.internal.reflect.DirectMethodHandleAccessor.invoke(DirectMethodHandleAccessor.java:118)
	at java.base/java.lang.reflect.Method.invoke(Method.java:580)
	at simplefx.util.ReflectionUtil$UseReflection.applyDynamic(ReflectionUtil.scala:21)
	at com.jpro.meta.tk.SceneInputListener.processInputInScene(SceneInputListener.scala:304)
	at com.jpro.meta.tk.SceneInputListener.processInput(SceneInputListener.scala:206)
	at com.jpro.meta.tk.SceneInputListener.processInputs(SceneInputListener.scala:133)
	at com.jpro.meta.tk.SceneInputListener.processOrRequest(SceneInputListener.scala:41)
	at com.jpro.meta.tk.SceneInputListener.$anonfun$processOrRequest$2(SceneInputListener.scala:48)
	at scala.runtime.java8.JFunction0$mcV$sp.apply(JFunction0$mcV$sp.java:23)
	at simplefx.cores.standard.parts.CoreTimeEvent$$anon$3.run(CoreTimeEvent.scala:62)
	at com.sun.javafx.application.PlatformImpl.lambda$runLater$10(PlatformImpl.java:457)
	at java.base/java.security.AccessController.doPrivileged(AccessController.java:400)
	at com.sun.javafx.application.PlatformImpl.lambda$runLater$11(PlatformImpl.java:456)
	at com.sun.glass.ui.monocle.RunnableProcessor.runLoop(RunnableProcessor.java:92)
	at com.sun.glass.ui.monocle.RunnableProcessor.run(RunnableProcessor.java:51)
	at java.base/java.lang.Thread.run(Thread.java:1583)
Caused by: java.lang.reflect.InvocationTargetException: null
	at java.base/jdk.internal.reflect.DirectMethodHandleAccessor.invoke(DirectMethodHandleAccessor.java:118)
	at java.base/java.lang.reflect.Method.invoke(Method.java:580)
	at simplefx.util.ReflectionUtil$UseReflection.applyDynamic(ReflectionUtil.scala:21)
	at com.sun.glass.ui.monocle.input.fork.NativeMouseInput.notifyMouse(NativeMouseInput.scala:330)
	at com.sun.glass.ui.monocle.input.fork.NativeMouseInput.postMouseEvent(NativeMouseInput.scala:226)
	at com.sun.glass.ui.monocle.input.fork.NativeMouseInput.setState(NativeMouseInput.scala:186)
	at java.base/jdk.internal.reflect.DirectMethodHandleAccessor.invoke(DirectMethodHandleAccessor.java:103)
	... 15 common frames omitted
Caused by: java.lang.UnsupportedOperationException: null
	at com.sun.glass.ui.monocle.MonocleApplication.staticCommonDialogs_showFileChooser(MonocleApplication.java:273)
	at com.sun.glass.ui.CommonDialogs.showFileChooser(CommonDialogs.java:213)
	at com.sun.javafx.tk.quantum.QuantumToolkit.showFileChooser(QuantumToolkit.java:1737)
	at javafx.stage.FileChooser.showDialog(FileChooser.java:396)
	at javafx.stage.FileChooser.showOpenDialog(FileChooser.java:331)
	at com.visualshop.controller.ShopController.openVisualSearch(ShopController.java:817)
	at com.visualshop.controller.ShopController.lambda$buildNavbar$6(ShopController.java:172)
	at com.sun.javafx.event.CompositeEventHandler.dispatchBubblingEvent(CompositeEventHandler.java:86)
	at com.sun.javafx.event.EventHandlerManager.dispatchBubblingEvent(EventHandlerManager.java:232)
	at com.sun.javafx.event.EventHandlerManager.dispatchBubblingEvent(EventHandlerManager.java:189)
	at com.sun.javafx.event.CompositeEventDispatcher.dispatchBubblingEvent(CompositeEventDispatcher.java:59)
	at com.sun.javafx.event.BasicEventDispatcher.dispatchEvent(BasicEventDispatcher.java:58)
	at com.sun.javafx.event.EventDispatchChainImpl.dispatchEvent(EventDispatchChainImpl.java:114)
	at com.sun.javafx.event.BasicEventDispatcher.dispatchEvent(BasicEventDispatcher.java:56)
	at com.sun.javafx.event.EventDispatchChainImpl.dispatchEvent(EventDispatchChainImpl.java:114)
	at com.sun.javafx.event.BasicEventDispatcher.dispatchEvent(BasicEventDispatcher.java:56)
	at com.sun.javafx.event.EventDispatchChainImpl.dispatchEvent(EventDispatchChainImpl.java:114)
	at com.sun.javafx.event.EventUtil.fireEventImpl(EventUtil.java:74)
	at com.sun.javafx.event.EventUtil.fireEvent(EventUtil.java:49)
	at javafx.event.Event.fireEvent(Event.java:198)
	at javafx.scene.Node.fireEvent(Node.java:8917)
	at javafx.scene.control.Button.fire(Button.java:203)
	at com.sun.javafx.scene.control.behavior.ButtonBehavior.mouseReleased(ButtonBehavior.java:207)
	at com.sun.javafx.scene.control.inputmap.InputMap.handle(InputMap.java:274)
	at com.sun.javafx.event.CompositeEventHandler$NormalEventHandlerRecord.handleBubblingEvent(CompositeEventHandler.java:247)
	at com.sun.javafx.event.CompositeEventHandler.dispatchBubblingEvent(CompositeEventHandler.java:80)
	at com.sun.javafx.event.EventHandlerManager.dispatchBubblingEvent(EventHandlerManager.java:232)
	at com.sun.javafx.event.EventHandlerManager.dispatchBubblingEvent(EventHandlerManager.java:189)
	at com.sun.javafx.event.CompositeEventDispatcher.dispatchBubblingEvent(CompositeEventDispatcher.java:59)
	at com.sun.javafx.event.BasicEventDispatcher.dispatchEvent(BasicEventDispatcher.java:58)
	at com.sun.javafx.event.EventDispatchChainImpl.dispatchEvent(EventDispatchChainImpl.java:114)
	at com.sun.javafx.event.BasicEventDispatcher.dispatchEvent(BasicEventDispatcher.java:56)
	at com.sun.javafx.event.EventDispatchChainImpl.dispatchEvent(EventDispatchChainImpl.java:114)
	at com.sun.javafx.event.BasicEventDispatcher.dispatchEvent(BasicEventDispatcher.java:56)
	at com.sun.javafx.event.EventDispatchChainImpl.dispatchEvent(EventDispatchChainImpl.java:114)
	at com.sun.javafx.event.EventUtil.fireEventImpl(EventUtil.java:74)
	at com.sun.javafx.event.EventUtil.fireEvent(EventUtil.java:54)
	at javafx.event.Event.fireEvent(Event.java:198)
	at javafx.scene.Scene$MouseHandler.process(Scene.java:4033)
	at javafx.scene.Scene.processMouseEvent(Scene.java:1933)
	at javafx.scene.Scene$ScenePeerListener.mouseEvent(Scene.java:2757)
	at com.sun.javafx.tk.quantum.GlassViewEventHandler$MouseEventNotification.run(GlassViewEventHandler.java:411)
	at com.sun.javafx.tk.quantum.GlassViewEventHandler$MouseEventNotification.run(GlassViewEventHandler.java:301)
	at java.base/java.security.AccessController.doPrivileged(AccessController.java:400)
	at com.sun.javafx.tk.quantum.GlassViewEventHandler.lambda$handleMouseEvent$2(GlassViewEventHandler.java:450)
	at com.sun.javafx.tk.quantum.QuantumToolkit.runWithoutRenderLock(QuantumToolkit.java:436)
	at com.sun.javafx.tk.quantum.GlassViewEventHandler.handleMouseEvent(GlassViewEventHandler.java:449)
	at com.sun.glass.ui.View.handleMouseEvent(View.java:551)
	at com.sun.glass.ui.View.notifyMouse(View.java:937)
	at com.sun.glass.ui.monocle.MonocleView.notifyMouse(MonocleView.java:116)
	at java.base/jdk.internal.reflect.DirectMethodHandleAccessor.invoke(DirectMethodHandleAccessor.java:103)
	... 21 common frames omitted
2026-04-09 21:13:17,209 [ERROR] from com.jpro.meta.tk.SceneInputListener in JavaFX Application Thread - Error while processing the input: MouseEventToken(MouseMoved,266.3999938964844,35.20000076293945,MouseButtonToken(2),false,false,false,false,false,false,false,false) app: stage title: Visual Product Discovery & Shopping Management System
java.lang.reflect.InvocationTargetException: null
	at java.base/jdk.internal.reflect.DirectMethodHandleAccessor.invoke(DirectMethodHandleAccessor.java:118)
	at java.base/java.lang.reflect.Method.invoke(Method.java:580)
	at simplefx.util.ReflectionUtil$UseReflection.applyDynamic(ReflectionUtil.scala:21)
	at com.jpro.meta.tk.SceneInputListener.processInputInScene(SceneInputListener.scala:304)
	at com.jpro.meta.tk.SceneInputListener.processInput(SceneInputListener.scala:206)
	at com.jpro.meta.tk.SceneInputListener.processInputs(SceneInputListener.scala:133)
	at com.jpro.meta.tk.SceneInputListener.processOrRequest(SceneInputListener.scala:41)
	at com.jpro.meta.tk.SceneInputListener.$anonfun$processOrRequest$2(SceneInputListener.scala:48)
	at scala.runtime.java8.JFunction0$mcV$sp.apply(JFunction0$mcV$sp.java:23)
	at simplefx.cores.standard.parts.CoreTimeEvent$$anon$3.run(CoreTimeEvent.scala:62)
	at com.sun.javafx.application.PlatformImpl.lambda$runLater$10(PlatformImpl.java:457)
	at java.base/java.security.AccessController.doPrivileged(AccessController.java:400)
	at com.sun.javafx.application.PlatformImpl.lambda$runLater$11(PlatformImpl.java:456)
	at com.sun.glass.ui.monocle.RunnableProcessor.runLoop(RunnableProcessor.java:92)
	at com.sun.glass.ui.monocle.RunnableProcessor.run(RunnableProcessor.java:51)
	at java.base/java.lang.Thread.run(Thread.java:1583)
Caused by: java.lang.reflect.InvocationTargetException: null
	at java.base/jdk.internal.reflect.DirectMethodHandleAccessor.invoke(DirectMethodHandleAccessor.java:118)
	at java.base/java.lang.reflect.Method.invoke(Method.java:580)
	at simplefx.util.ReflectionUtil$UseReflection.applyDynamic(ReflectionUtil.scala:21)
	at com.sun.glass.ui.monocle.input.fork.NativeMouseInput.notifyMouse(NativeMouseInput.scala:330)
	at com.sun.glass.ui.monocle.input.fork.NativeMouseInput.postMouseEvent(NativeMouseInput.scala:226)
	at com.sun.glass.ui.monocle.input.fork.NativeMouseInput.setState(NativeMouseInput.scala:186)
	at java.base/jdk.internal.reflect.DirectMethodHandleAccessor.invoke(DirectMethodHandleAccessor.java:103)
	... 15 common frames omitted
Caused by: java.lang.UnsupportedOperationException: null
	at com.sun.glass.ui.monocle.MonocleApplication.staticCommonDialogs_showFileChooser(MonocleApplication.java:273)
	at com.sun.glass.ui.CommonDialogs.showFileChooser(CommonDialogs.java:213)
	at com.sun.javafx.tk.quantum.QuantumToolkit.showFileChooser(QuantumToolkit.java:1737)
	at javafx.stage.FileChooser.showDialog(FileChooser.java:396)
	at javafx.stage.FileChooser.showOpenDialog(FileChooser.java:331)
	at com.visualshop.controller.ShopController.openVisualSearch(ShopController.java:817)
	at com.visualshop.controller.ShopController.lambda$buildNavbar$6(ShopController.java:172)
	at com.sun.javafx.event.CompositeEventHandler.dispatchBubblingEvent(CompositeEventHandler.java:86)
	at com.sun.javafx.event.EventHandlerManager.dispatchBubblingEvent(EventHandlerManager.java:232)
	at com.sun.javafx.event.EventHandlerManager.dispatchBubblingEvent(EventHandlerManager.java:189)
	at com.sun.javafx.event.CompositeEventDispatcher.dispatchBubblingEvent(CompositeEventDispatcher.java:59)
	at com.sun.javafx.event.BasicEventDispatcher.dispatchEvent(BasicEventDispatcher.java:58)
	at com.sun.javafx.event.EventDispatchChainImpl.dispatchEvent(EventDispatchChainImpl.java:114)
	at com.sun.javafx.event.BasicEventDispatcher.dispatchEvent(BasicEventDispatcher.java:56)
	at com.sun.javafx.event.EventDispatchChainImpl.dispatchEvent(EventDispatchChainImpl.java:114)
	at com.sun.javafx.event.BasicEventDispatcher.dispatchEvent(BasicEventDispatcher.java:56)
	at com.sun.javafx.event.EventDispatchChainImpl.dispatchEvent(EventDispatchChainImpl.java:114)
	at com.sun.javafx.event.EventUtil.fireEventImpl(EventUtil.java:74)
	at com.sun.javafx.event.EventUtil.fireEvent(EventUtil.java:49)
	at javafx.event.Event.fireEvent(Event.java:198)
	at javafx.scene.Node.fireEvent(Node.java:8917)
	at javafx.scene.control.Button.fire(Button.java:203)
	at com.sun.javafx.scene.control.behavior.ButtonBehavior.mouseReleased(ButtonBehavior.java:207)
	at com.sun.javafx.scene.control.inputmap.InputMap.handle(InputMap.java:274)
	at com.sun.javafx.event.CompositeEventHandler$NormalEventHandlerRecord.handleBubblingEvent(CompositeEventHandler.java:247)
	at com.sun.javafx.event.CompositeEventHandler.dispatchBubblingEvent(CompositeEventHandler.java:80)
	at com.sun.javafx.event.EventHandlerManager.dispatchBubblingEvent(EventHandlerManager.java:232)
	at com.sun.javafx.event.EventHandlerManager.dispatchBubblingEvent(EventHandlerManager.java:189)
	at com.sun.javafx.event.CompositeEventDispatcher.dispatchBubblingEvent(CompositeEventDispatcher.java:59)
	at com.sun.javafx.event.BasicEventDispatcher.dispatchEvent(BasicEventDispatcher.java:58)
	at com.sun.javafx.event.EventDispatchChainImpl.dispatchEvent(EventDispatchChainImpl.java:114)
	at com.sun.javafx.event.BasicEventDispatcher.dispatchEvent(BasicEventDispatcher.java:56)
	at com.sun.javafx.event.EventDispatchChainImpl.dispatchEvent(EventDispatchChainImpl.java:114)
	at com.sun.javafx.event.BasicEventDispatcher.dispatchEvent(BasicEventDispatcher.java:56)
	at com.sun.javafx.event.EventDispatchChainImpl.dispatchEvent(EventDispatchChainImpl.java:114)
	at com.sun.javafx.event.EventUtil.fireEventImpl(EventUtil.java:74)
	at com.sun.javafx.event.EventUtil.fireEvent(EventUtil.java:54)
	at javafx.event.Event.fireEvent(Event.java:198)
	at javafx.scene.Scene$MouseHandler.process(Scene.java:4033)
	at javafx.scene.Scene.processMouseEvent(Scene.java:1933)
	at javafx.scene.Scene$ScenePeerListener.mouseEvent(Scene.java:2757)
	at com.sun.javafx.tk.quantum.GlassViewEventHandler$MouseEventNotification.run(GlassViewEventHandler.java:411)
	at com.sun.javafx.tk.quantum.GlassViewEventHandler$MouseEventNotification.run(GlassViewEventHandler.java:301)
	at java.base/java.security.AccessController.doPrivileged(AccessController.java:400)
	at com.sun.javafx.tk.quantum.GlassViewEventHandler.lambda$handleMouseEvent$2(GlassViewEventHandler.java:450)
	at com.sun.javafx.tk.quantum.QuantumToolkit.runWithoutRenderLock(QuantumToolkit.java:436)
	at com.sun.javafx.tk.quantum.GlassViewEventHandler.handleMouseEvent(GlassViewEventHandler.java:449)
	at com.sun.glass.ui.View.handleMouseEvent(View.java:551)
	at com.sun.glass.ui.View.notifyMouse(View.java:937)
	at com.sun.glass.ui.monocle.MonocleView.notifyMouse(MonocleView.java:116)
	at java.base/jdk.internal.reflect.DirectMethodHandleAccessor.invoke(DirectMethodHandleAccessor.java:103)
	... 21 common frames omitted
2026-04-09 21:13:17,224 [ERROR] from com.jpro.meta.tk.SceneInputListener in JavaFX Application Thread - Error while processing the input: MouseEventToken(MouseMoved,269.6000061035156,36.79999923706055,MouseButtonToken(2),false,false,false,false,false,false,false,false) app: stage title: Visual Product Discovery & Shopping Management System
java.lang.reflect.InvocationTargetException: null
	at java.base/jdk.internal.reflect.DirectMethodHandleAccessor.invoke(DirectMethodHandleAccessor.java:118)
	at java.base/java.lang.reflect.Method.invoke(Method.java:580)
	at simplefx.util.ReflectionUtil$UseReflection.applyDynamic(ReflectionUtil.scala:21)
	at com.jpro.meta.tk.SceneInputListener.processInputInScene(SceneInputListener.scala:304)
	at com.jpro.meta.tk.SceneInputListener.processInput(SceneInputListener.scala:206)
	at com.jpro.meta.tk.SceneInputListener.processInputs(SceneInputListener.scala:133)
	at com.jpro.meta.tk.SceneInputListener.processOrRequest(SceneInputListener.scala:41)
	at com.jpro.meta.tk.SceneInputListener.$anonfun$processOrRequest$2(SceneInputListener.scala:48)
	at scala.runtime.java8.JFunction0$mcV$sp.apply(JFunction0$mcV$sp.java:23)
	at simplefx.cores.standard.parts.CoreTimeEvent$$anon$3.run(CoreTimeEvent.scala:62)
	at com.sun.javafx.application.PlatformImpl.lambda$runLater$10(PlatformImpl.java:457)
	at java.base/java.security.AccessController.doPrivileged(AccessController.java:400)
	at com.sun.javafx.application.PlatformImpl.lambda$runLater$11(PlatformImpl.java:456)
	at com.sun.glass.ui.monocle.RunnableProcessor.runLoop(RunnableProcessor.java:92)
	at com.sun.glass.ui.monocle.RunnableProcessor.run(RunnableProcessor.java:51)
	at java.base/java.lang.Thread.run(Thread.java:1583)
Caused by: java.lang.reflect.InvocationTargetException: null
	at java.base/jdk.internal.reflect.DirectMethodHandleAccessor.invoke(DirectMethodHandleAccessor.java:118)
	at java.base/java.lang.reflect.Method.invoke(Method.java:580)
	at simplefx.util.ReflectionUtil$UseReflection.applyDynamic(ReflectionUtil.scala:21)
	at com.sun.glass.ui.monocle.input.fork.NativeMouseInput.notifyMouse(NativeMouseInput.scala:330)
	at com.sun.glass.ui.monocle.input.fork.NativeMouseInput.postMouseEvent(NativeMouseInput.scala:226)
	at com.sun.glass.ui.monocle.input.fork.NativeMouseInput.setState(NativeMouseInput.scala:186)
	at java.base/jdk.internal.reflect.DirectMethodHandleAccessor.invoke(DirectMethodHandleAccessor.java:103)
	... 15 common frames omitted
Caused by: java.lang.UnsupportedOperationException: null
	at com.sun.glass.ui.monocle.MonocleApplication.staticCommonDialogs_showFileChooser(MonocleApplication.java:273)
	at com.sun.glass.ui.CommonDialogs.showFileChooser(CommonDialogs.java:213)
	at com.sun.javafx.tk.quantum.QuantumToolkit.showFileChooser(QuantumToolkit.java:1737)
	at javafx.stage.FileChooser.showDialog(FileChooser.java:396)
	at javafx.stage.FileChooser.showOpenDialog(FileChooser.java:331)
	at com.visualshop.controller.ShopController.openVisualSearch(ShopController.java:817)
	at com.visualshop.controller.ShopController.lambda$buildNavbar$6(ShopController.java:172)
	at com.sun.javafx.event.CompositeEventHandler.dispatchBubblingEvent(CompositeEventHandler.java:86)
	at com.sun.javafx.event.EventHandlerManager.dispatchBubblingEvent(EventHandlerManager.java:232)
	at com.sun.javafx.event.EventHandlerManager.dispatchBubblingEvent(EventHandlerManager.java:189)
	at com.sun.javafx.event.CompositeEventDispatcher.dispatchBubblingEvent(CompositeEventDispatcher.java:59)
	at com.sun.javafx.event.BasicEventDispatcher.dispatchEvent(BasicEventDispatcher.java:58)
	at com.sun.javafx.event.EventDispatchChainImpl.dispatchEvent(EventDispatchChainImpl.java:114)
	at com.sun.javafx.event.BasicEventDispatcher.dispatchEvent(BasicEventDispatcher.java:56)
	at com.sun.javafx.event.EventDispatchChainImpl.dispatchEvent(EventDispatchChainImpl.java:114)
	at com.sun.javafx.event.BasicEventDispatcher.dispatchEvent(BasicEventDispatcher.java:56)
	at com.sun.javafx.event.EventDispatchChainImpl.dispatchEvent(EventDispatchChainImpl.java:114)
	at com.sun.javafx.event.EventUtil.fireEventImpl(EventUtil.java:74)
	at com.sun.javafx.event.EventUtil.fireEvent(EventUtil.java:49)
	at javafx.event.Event.fireEvent(Event.java:198)
	at javafx.scene.Node.fireEvent(Node.java:8917)
	at javafx.scene.control.Button.fire(Button.java:203)
	at com.sun.javafx.scene.control.behavior.ButtonBehavior.mouseReleased(ButtonBehavior.java:207)
	at com.sun.javafx.scene.control.inputmap.InputMap.handle(InputMap.java:274)
	at com.sun.javafx.event.CompositeEventHandler$NormalEventHandlerRecord.handleBubblingEvent(CompositeEventHandler.java:247)
	at com.sun.javafx.event.CompositeEventHandler.dispatchBubblingEvent(CompositeEventHandler.java:80)
	at com.sun.javafx.event.EventHandlerManager.dispatchBubblingEvent(EventHandlerManager.java:232)
	at com.sun.javafx.event.EventHandlerManager.dispatchBubblingEvent(EventHandlerManager.java:189)
	at com.sun.javafx.event.CompositeEventDispatcher.dispatchBubblingEvent(CompositeEventDispatcher.java:59)
	at com.sun.javafx.event.BasicEventDispatcher.dispatchEvent(BasicEventDispatcher.java:58)
	at com.sun.javafx.event.EventDispatchChainImpl.dispatchEvent(EventDispatchChainImpl.java:114)
	at com.sun.javafx.event.BasicEventDispatcher.dispatchEvent(BasicEventDispatcher.java:56)
	at com.sun.javafx.event.EventDispatchChainImpl.dispatchEvent(EventDispatchChainImpl.java:114)
	at com.sun.javafx.event.BasicEventDispatcher.dispatchEvent(BasicEventDispatcher.java:56)
	at com.sun.javafx.event.EventDispatchChainImpl.dispatchEvent(EventDispatchChainImpl.java:114)
	at com.sun.javafx.event.EventUtil.fireEventImpl(EventUtil.java:74)
	at com.sun.javafx.event.EventUtil.fireEvent(EventUtil.java:54)
	at javafx.event.Event.fireEvent(Event.java:198)
	at javafx.scene.Scene$MouseHandler.process(Scene.java:4033)
	at javafx.scene.Scene.processMouseEvent(Scene.java:1933)
	at javafx.scene.Scene$ScenePeerListener.mouseEvent(Scene.java:2757)
	at com.sun.javafx.tk.quantum.GlassViewEventHandler$MouseEventNotification.run(GlassViewEventHandler.java:411)
	at com.sun.javafx.tk.quantum.GlassViewEventHandler$MouseEventNotification.run(GlassViewEventHandler.java:301)
	at java.base/java.security.AccessController.doPrivileged(AccessController.java:400)
	at com.sun.javafx.tk.quantum.GlassViewEventHandler.lambda$handleMouseEvent$2(GlassViewEventHandler.java:450)
	at com.sun.javafx.tk.quantum.QuantumToolkit.runWithoutRenderLock(QuantumToolkit.java:436)
	at com.sun.javafx.tk.quantum.GlassViewEventHandler.handleMouseEvent(GlassViewEventHandler.java:449)
	at com.sun.glass.ui.View.handleMouseEvent(View.java:551)
	at com.sun.glass.ui.View.notifyMouse(View.java:937)
	at com.sun.glass.ui.monocle.MonocleView.notifyMouse(MonocleView.java:116)
	at java.base/jdk.internal.reflect.DirectMethodHandleAccessor.invoke(DirectMethodHandleAccessor.java:103)
	... 21 common frames omitted
2026-04-09 21:13:17,239 [ERROR] from com.jpro.meta.tk.SceneInputListener in JavaFX Application Thread - Error while processing the input: MouseEventToken(MouseMoved,272.8000183105469,38.400001525878906,MouseButtonToken(2),false,false,false,false,false,false,false,false) app: stage title: Visual Product Discovery & Shopping Management System
java.lang.reflect.InvocationTargetException: null
	at java.base/jdk.internal.reflect.DirectMethodHandleAccessor.invoke(DirectMethodHandleAccessor.java:118)
	at java.base/java.lang.reflect.Method.invoke(Method.java:580)
	at simplefx.util.ReflectionUtil$UseReflection.applyDynamic(ReflectionUtil.scala:21)
	at com.jpro.meta.tk.SceneInputListener.processInputInScene(SceneInputListener.scala:304)
	at com.jpro.meta.tk.SceneInputListener.processInput(SceneInputListener.scala:206)
	at com.jpro.meta.tk.SceneInputListener.processInputs(SceneInputListener.scala:133)
	at com.jpro.meta.tk.SceneInputListener.processOrRequest(SceneInputListener.scala:41)
	at com.jpro.meta.tk.SceneInputListener.$anonfun$processOrRequest$2(SceneInputListener.scala:48)
	at scala.runtime.java8.JFunction0$mcV$sp.apply(JFunction0$mcV$sp.java:23)
	at simplefx.cores.standard.parts.CoreTimeEvent$$anon$3.run(CoreTimeEvent.scala:62)
	at com.sun.javafx.application.PlatformImpl.lambda$runLater$10(PlatformImpl.java:457)
	at java.base/java.security.AccessController.doPrivileged(AccessController.java:400)
	at com.sun.javafx.application.PlatformImpl.lambda$runLater$11(PlatformImpl.java:456)
	at com.sun.glass.ui.monocle.RunnableProcessor.runLoop(RunnableProcessor.java:92)
	at com.sun.glass.ui.monocle.RunnableProcessor.run(RunnableProcessor.java:51)
	at java.base/java.lang.Thread.run(Thread.java:1583)
Caused by: java.lang.reflect.InvocationTargetException: null
	at java.base/jdk.internal.reflect.DirectMethodHandleAccessor.invoke(DirectMethodHandleAccessor.java:118)
	at java.base/java.lang.reflect.Method.invoke(Method.java:580)
	at simplefx.util.ReflectionUtil$UseReflection.applyDynamic(ReflectionUtil.scala:21)
	at com.sun.glass.ui.monocle.input.fork.NativeMouseInput.notifyMouse(NativeMouseInput.scala:330)
	at com.sun.glass.ui.monocle.input.fork.NativeMouseInput.postMouseEvent(NativeMouseInput.scala:226)
	at com.sun.glass.ui.monocle.input.fork.NativeMouseInput.setState(NativeMouseInput.scala:186)
	at java.base/jdk.internal.reflect.DirectMethodHandleAccessor.invoke(DirectMethodHandleAccessor.java:103)
	... 15 common frames omitted
Caused by: java.lang.UnsupportedOperationException: null
	at com.sun.glass.ui.monocle.MonocleApplication.staticCommonDialogs_showFileChooser(MonocleApplication.java:273)
	at com.sun.glass.ui.CommonDialogs.showFileChooser(CommonDialogs.java:213)
	at com.sun.javafx.tk.quantum.QuantumToolkit.showFileChooser(QuantumToolkit.java:1737)
	at javafx.stage.FileChooser.showDialog(FileChooser.java:396)
	at javafx.stage.FileChooser.showOpenDialog(FileChooser.java:331)
	at com.visualshop.controller.ShopController.openVisualSearch(ShopController.java:817)
	at com.visualshop.controller.ShopController.lambda$buildNavbar$6(ShopController.java:172)
	at com.sun.javafx.event.CompositeEventHandler.dispatchBubblingEvent(CompositeEventHandler.java:86)
	at com.sun.javafx.event.EventHandlerManager.dispatchBubblingEvent(EventHandlerManager.java:232)
	at com.sun.javafx.event.EventHandlerManager.dispatchBubblingEvent(EventHandlerManager.java:189)
	at com.sun.javafx.event.CompositeEventDispatcher.dispatchBubblingEvent(CompositeEventDispatcher.java:59)
	at com.sun.javafx.event.BasicEventDispatcher.dispatchEvent(BasicEventDispatcher.java:58)
	at com.sun.javafx.event.EventDispatchChainImpl.dispatchEvent(EventDispatchChainImpl.java:114)
	at com.sun.javafx.event.BasicEventDispatcher.dispatchEvent(BasicEventDispatcher.java:56)
	at com.sun.javafx.event.EventDispatchChainImpl.dispatchEvent(EventDispatchChainImpl.java:114)
	at com.sun.javafx.event.BasicEventDispatcher.dispatchEvent(BasicEventDispatcher.java:56)
	at com.sun.javafx.event.EventDispatchChainImpl.dispatchEvent(EventDispatchChainImpl.java:114)
	at com.sun.javafx.event.EventUtil.fireEventImpl(EventUtil.java:74)
	at com.sun.javafx.event.EventUtil.fireEvent(EventUtil.java:49)
	at javafx.event.Event.fireEvent(Event.java:198)
	at javafx.scene.Node.fireEvent(Node.java:8917)
	at javafx.scene.control.Button.fire(Button.java:203)
	at com.sun.javafx.scene.control.behavior.ButtonBehavior.mouseReleased(ButtonBehavior.java:207)
	at com.sun.javafx.scene.control.inputmap.InputMap.handle(InputMap.java:274)
	at com.sun.javafx.event.CompositeEventHandler$NormalEventHandlerRecord.handleBubblingEvent(CompositeEventHandler.java:247)
	at com.sun.javafx.event.CompositeEventHandler.dispatchBubblingEvent(CompositeEventHandler.java:80)
	at com.sun.javafx.event.EventHandlerManager.dispatchBubblingEvent(EventHandlerManager.java:232)
	at com.sun.javafx.event.EventHandlerManager.dispatchBubblingEvent(EventHandlerManager.java:189)
	at com.sun.javafx.event.CompositeEventDispatcher.dispatchBubblingEvent(CompositeEventDispatcher.java:59)
	at com.sun.javafx.event.BasicEventDispatcher.dispatchEvent(BasicEventDispatcher.java:58)
	at com.sun.javafx.event.EventDispatchChainImpl.dispatchEvent(EventDispatchChainImpl.java:114)
	at com.sun.javafx.event.BasicEventDispatcher.dispatchEvent(BasicEventDispatcher.java:56)
	at com.sun.javafx.event.EventDispatchChainImpl.dispatchEvent(EventDispatchChainImpl.java:114)
	at com.sun.javafx.event.BasicEventDispatcher.dispatchEvent(BasicEventDispatcher.java:56)
	at com.sun.javafx.event.EventDispatchChainImpl.dispatchEvent(EventDispatchChainImpl.java:114)
	at com.sun.javafx.event.EventUtil.fireEventImpl(EventUtil.java:74)
	at com.sun.javafx.event.EventUtil.fireEvent(EventUtil.java:54)
	at javafx.event.Event.fireEvent(Event.java:198)
	at javafx.scene.Scene$MouseHandler.process(Scene.java:4033)
	at javafx.scene.Scene.processMouseEvent(Scene.java:1933)
	at javafx.scene.Scene$ScenePeerListener.mouseEvent(Scene.java:2757)
	at com.sun.javafx.tk.quantum.GlassViewEventHandler$MouseEventNotification.run(GlassViewEventHandler.java:411)
	at com.sun.javafx.tk.quantum.GlassViewEventHandler$MouseEventNotification.run(GlassViewEventHandler.java:301)
	at java.base/java.security.AccessController.doPrivileged(AccessController.java:400)
	at com.sun.javafx.tk.quantum.GlassViewEventHandler.lambda$handleMouseEvent$2(GlassViewEventHandler.java:450)
	at com.sun.javafx.tk.quantum.QuantumToolkit.runWithoutRenderLock(QuantumToolkit.java:436)
	at com.sun.javafx.tk.quantum.GlassViewEventHandler.handleMouseEvent(GlassViewEventHandler.java:449)
	at com.sun.glass.ui.View.handleMouseEvent(View.java:551)
	at com.sun.glass.ui.View.notifyMouse(View.java:937)
	at com.sun.glass.ui.monocle.MonocleView.notifyMouse(MonocleView.java:116)
	at java.base/jdk.internal.reflect.DirectMethodHandleAccessor.invoke(DirectMethodHandleAccessor.java:103)
	... 21 common frames omitted
2026-04-09 21:13:17,255 [ERROR] from com.jpro.meta.tk.SceneInputListener in JavaFX Application Thread - Error while processing the input: MouseEventToken(MouseMoved,276.8000183105469,40.79999923706055,MouseButtonToken(2),false,false,false,false,false,false,false,false) app: stage title: Visual Product Discovery & Shopping Management System
java.lang.reflect.InvocationTargetException: null
	at java.base/jdk.internal.reflect.DirectMethodHandleAccessor.invoke(DirectMethodHandleAccessor.java:118)
	at java.base/java.lang.reflect.Method.invoke(Method.java:580)
	at simplefx.util.ReflectionUtil$UseReflection.applyDynamic(ReflectionUtil.scala:21)
	at com.jpro.meta.tk.SceneInputListener.processInputInScene(SceneInputListener.scala:304)
	at com.jpro.meta.tk.SceneInputListener.processInput(SceneInputListener.scala:206)
	at com.jpro.meta.tk.SceneInputListener.processInputs(SceneInputListener.scala:133)
	at com.jpro.meta.tk.SceneInputListener.processOrRequest(SceneInputListener.scala:41)
	at com.jpro.meta.tk.SceneInputListener.$anonfun$processOrRequest$2(SceneInputListener.scala:48)
	at scala.runtime.java8.JFunction0$mcV$sp.apply(JFunction0$mcV$sp.java:23)
	at simplefx.cores.standard.parts.CoreTimeEvent$$anon$3.run(CoreTimeEvent.scala:62)
	at com.sun.javafx.application.PlatformImpl.lambda$runLater$10(PlatformImpl.java:457)
	at java.base/java.security.AccessController.doPrivileged(AccessController.java:400)
	at com.sun.javafx.application.PlatformImpl.lambda$runLater$11(PlatformImpl.java:456)
	at com.sun.glass.ui.monocle.RunnableProcessor.runLoop(RunnableProcessor.java:92)
	at com.sun.glass.ui.monocle.RunnableProcessor.run(RunnableProcessor.java:51)
	at java.base/java.lang.Thread.run(Thread.java:1583)
Caused by: java.lang.reflect.InvocationTargetException: null
	at java.base/jdk.internal.reflect.DirectMethodHandleAccessor.invoke(DirectMethodHandleAccessor.java:118)
	at java.base/java.lang.reflect.Method.invoke(Method.java:580)
	at simplefx.util.ReflectionUtil$UseReflection.applyDynamic(ReflectionUtil.scala:21)
	at com.sun.glass.ui.monocle.input.fork.NativeMouseInput.notifyMouse(NativeMouseInput.scala:330)
	at com.sun.glass.ui.monocle.input.fork.NativeMouseInput.postMouseEvent(NativeMouseInput.scala:226)
	at com.sun.glass.ui.monocle.input.fork.NativeMouseInput.setState(NativeMouseInput.scala:186)
	at java.base/jdk.internal.reflect.DirectMethodHandleAccessor.invoke(DirectMethodHandleAccessor.java:103)
	... 15 common frames omitted
Caused by: java.lang.UnsupportedOperationException: null
	at com.sun.glass.ui.monocle.MonocleApplication.staticCommonDialogs_showFileChooser(MonocleApplication.java:273)
	at com.sun.glass.ui.CommonDialogs.showFileChooser(CommonDialogs.java:213)
	at com.sun.javafx.tk.quantum.QuantumToolkit.showFileChooser(QuantumToolkit.java:1737)
	at javafx.stage.FileChooser.showDialog(FileChooser.java:396)
	at javafx.stage.FileChooser.showOpenDialog(FileChooser.java:331)
	at com.visualshop.controller.ShopController.openVisualSearch(ShopController.java:817)
	at com.visualshop.controller.ShopController.lambda$buildNavbar$6(ShopController.java:172)
	at com.sun.javafx.event.CompositeEventHandler.dispatchBubblingEvent(CompositeEventHandler.java:86)
	at com.sun.javafx.event.EventHandlerManager.dispatchBubblingEvent(EventHandlerManager.java:232)
	at com.sun.javafx.event.EventHandlerManager.dispatchBubblingEvent(EventHandlerManager.java:189)
	at com.sun.javafx.event.CompositeEventDispatcher.dispatchBubblingEvent(CompositeEventDispatcher.java:59)
	at com.sun.javafx.event.BasicEventDispatcher.dispatchEvent(BasicEventDispatcher.java:58)
	at com.sun.javafx.event.EventDispatchChainImpl.dispatchEvent(EventDispatchChainImpl.java:114)
	at com.sun.javafx.event.BasicEventDispatcher.dispatchEvent(BasicEventDispatcher.java:56)
	at com.sun.javafx.event.EventDispatchChainImpl.dispatchEvent(EventDispatchChainImpl.java:114)
	at com.sun.javafx.event.BasicEventDispatcher.dispatchEvent(BasicEventDispatcher.java:56)
	at com.sun.javafx.event.EventDispatchChainImpl.dispatchEvent(EventDispatchChainImpl.java:114)
	at com.sun.javafx.event.EventUtil.fireEventImpl(EventUtil.java:74)
	at com.sun.javafx.event.EventUtil.fireEvent(EventUtil.java:49)
	at javafx.event.Event.fireEvent(Event.java:198)
	at javafx.scene.Node.fireEvent(Node.java:8917)
	at javafx.scene.control.Button.fire(Button.java:203)
	at com.sun.javafx.scene.control.behavior.ButtonBehavior.mouseReleased(ButtonBehavior.java:207)
	at com.sun.javafx.scene.control.inputmap.InputMap.handle(InputMap.java:274)
	at com.sun.javafx.event.CompositeEventHandler$NormalEventHandlerRecord.handleBubblingEvent(CompositeEventHandler.java:247)
	at com.sun.javafx.event.CompositeEventHandler.dispatchBubblingEvent(CompositeEventHandler.java:80)
	at com.sun.javafx.event.EventHandlerManager.dispatchBubblingEvent(EventHandlerManager.java:232)
	at com.sun.javafx.event.EventHandlerManager.dispatchBubblingEvent(EventHandlerManager.java:189)
	at com.sun.javafx.event.CompositeEventDispatcher.dispatchBubblingEvent(CompositeEventDispatcher.java:59)
	at com.sun.javafx.event.BasicEventDispatcher.dispatchEvent(BasicEventDispatcher.java:58)
	at com.sun.javafx.event.EventDispatchChainImpl.dispatchEvent(EventDispatchChainImpl.java:114)
	at com.sun.javafx.event.BasicEventDispatcher.dispatchEvent(BasicEventDispatcher.java:56)
	at com.sun.javafx.event.EventDispatchChainImpl.dispatchEvent(EventDispatchChainImpl.java:114)
	at com.sun.javafx.event.BasicEventDispatcher.dispatchEvent(BasicEventDispatcher.java:56)
	at com.sun.javafx.event.EventDispatchChainImpl.dispatchEvent(EventDispatchChainImpl.java:114)
	at com.sun.javafx.event.EventUtil.fireEventImpl(EventUtil.java:74)
	at com.sun.javafx.event.EventUtil.fireEvent(EventUtil.java:54)
	at javafx.event.Event.fireEvent(Event.java:198)
	at javafx.scene.Scene$MouseHandler.process(Scene.java:4033)
	at javafx.scene.Scene.processMouseEvent(Scene.java:1933)
	at javafx.scene.Scene$ScenePeerListener.mouseEvent(Scene.java:2757)
	at com.sun.javafx.tk.quantum.GlassViewEventHandler$MouseEventNotification.run(GlassViewEventHandler.java:411)
	at com.sun.javafx.tk.quantum.GlassViewEventHandler$MouseEventNotification.run(GlassViewEventHandler.java:301)
	at java.base/java.security.AccessController.doPrivileged(AccessController.java:400)
	at com.sun.javafx.tk.quantum.GlassViewEventHandler.lambda$handleMouseEvent$2(GlassViewEventHandler.java:450)
	at com.sun.javafx.tk.quantum.QuantumToolkit.runWithoutRenderLock(QuantumToolkit.java:436)
	at com.sun.javafx.tk.quantum.GlassViewEventHandler.handleMouseEvent(GlassViewEventHandler.java:449)
	at com.sun.glass.ui.View.handleMouseEvent(View.java:551)
	at com.sun.glass.ui.View.notifyMouse(View.java:937)
	at com.sun.glass.ui.monocle.MonocleView.notifyMouse(MonocleView.java:116)
	at java.base/jdk.internal.reflect.DirectMethodHandleAccessor.invoke(DirectMethodHandleAccessor.java:103)
	... 21 common frames omitted
2026-04-09 21:13:17,270 [ERROR] from com.jpro.meta.tk.SceneInputListener in JavaFX Application Thread - Error while processing the input: MouseEventToken(MouseMoved,281.6000061035156,43.20000076293945,MouseButtonToken(2),false,false,false,false,false,false,false,false) app: stage title: Visual Product Discovery & Shopping Management System
java.lang.reflect.InvocationTargetException: null
	at java.base/jdk.internal.reflect.DirectMethodHandleAccessor.invoke(DirectMethodHandleAccessor.java:118)
	at java.base/java.lang.reflect.Method.invoke(Method.java:580)
	at simplefx.util.ReflectionUtil$UseReflection.applyDynamic(ReflectionUtil.scala:21)
	at com.jpro.meta.tk.SceneInputListener.processInputInScene(SceneInputListener.scala:304)
	at com.jpro.meta.tk.SceneInputListener.processInput(SceneInputListener.scala:206)
	at com.jpro.meta.tk.SceneInputListener.processInputs(SceneInputListener.scala:133)
	at com.jpro.meta.tk.SceneInputListener.processOrRequest(SceneInputListener.scala:41)
	at com.jpro.meta.tk.SceneInputListener.$anonfun$processOrRequest$2(SceneInputListener.scala:48)
	at scala.runtime.java8.JFunction0$mcV$sp.apply(JFunction0$mcV$sp.java:23)
	at simplefx.cores.standard.parts.CoreTimeEvent$$anon$3.run(CoreTimeEvent.scala:62)
	at com.sun.javafx.application.PlatformImpl.lambda$runLater$10(PlatformImpl.java:457)
	at java.base/java.security.AccessController.doPrivileged(AccessController.java:400)
	at com.sun.javafx.application.PlatformImpl.lambda$runLater$11(PlatformImpl.java:456)
	at com.sun.glass.ui.monocle.RunnableProcessor.runLoop(RunnableProcessor.java:92)
	at com.sun.glass.ui.monocle.RunnableProcessor.run(RunnableProcessor.java:51)
	at java.base/java.lang.Thread.run(Thread.java:1583)
Caused by: java.lang.reflect.InvocationTargetException: null
	at java.base/jdk.internal.reflect.DirectMethodHandleAccessor.invoke(DirectMethodHandleAccessor.java:118)
	at java.base/java.lang.reflect.Method.invoke(Method.java:580)
	at simplefx.util.ReflectionUtil$UseReflection.applyDynamic(ReflectionUtil.scala:21)
	at com.sun.glass.ui.monocle.input.fork.NativeMouseInput.notifyMouse(NativeMouseInput.scala:330)
	at com.sun.glass.ui.monocle.input.fork.NativeMouseInput.postMouseEvent(NativeMouseInput.scala:226)
	at com.sun.glass.ui.monocle.input.fork.NativeMouseInput.setState(NativeMouseInput.scala:186)
	at java.base/jdk.internal.reflect.DirectMethodHandleAccessor.invoke(DirectMethodHandleAccessor.java:103)
	... 15 common frames omitted
Caused by: java.lang.UnsupportedOperationException: null
	at com.sun.glass.ui.monocle.MonocleApplication.staticCommonDialogs_showFileChooser(MonocleApplication.java:273)
	at com.sun.glass.ui.CommonDialogs.showFileChooser(CommonDialogs.java:213)
	at com.sun.javafx.tk.quantum.QuantumToolkit.showFileChooser(QuantumToolkit.java:1737)
	at javafx.stage.FileChooser.showDialog(FileChooser.java:396)
	at javafx.stage.FileChooser.showOpenDialog(FileChooser.java:331)
	at com.visualshop.controller.ShopController.openVisualSearch(ShopController.java:817)
	at com.visualshop.controller.ShopController.lambda$buildNavbar$6(ShopController.java:172)
	at com.sun.javafx.event.CompositeEventHandler.dispatchBubblingEvent(CompositeEventHandler.java:86)
	at com.sun.javafx.event.EventHandlerManager.dispatchBubblingEvent(EventHandlerManager.java:232)
	at com.sun.javafx.event.EventHandlerManager.dispatchBubblingEvent(EventHandlerManager.java:189)
	at com.sun.javafx.event.CompositeEventDispatcher.dispatchBubblingEvent(CompositeEventDispatcher.java:59)
	at com.sun.javafx.event.BasicEventDispatcher.dispatchEvent(BasicEventDispatcher.java:58)
	at com.sun.javafx.event.EventDispatchChainImpl.dispatchEvent(EventDispatchChainImpl.java:114)
	at com.sun.javafx.event.BasicEventDispatcher.dispatchEvent(BasicEventDispatcher.java:56)
	at com.sun.javafx.event.EventDispatchChainImpl.dispatchEvent(EventDispatchChainImpl.java:114)
	at com.sun.javafx.event.BasicEventDispatcher.dispatchEvent(BasicEventDispatcher.java:56)
	at com.sun.javafx.event.EventDispatchChainImpl.dispatchEvent(EventDispatchChainImpl.java:114)
	at com.sun.javafx.event.EventUtil.fireEventImpl(EventUtil.java:74)
	at com.sun.javafx.event.EventUtil.fireEvent(EventUtil.java:49)
	at javafx.event.Event.fireEvent(Event.java:198)
	at javafx.scene.Node.fireEvent(Node.java:8917)
	at javafx.scene.control.Button.fire(Button.java:203)
	at com.sun.javafx.scene.control.behavior.ButtonBehavior.mouseReleased(ButtonBehavior.java:207)
	at com.sun.javafx.scene.control.inputmap.InputMap.handle(InputMap.java:274)
	at com.sun.javafx.event.CompositeEventHandler$NormalEventHandlerRecord.handleBubblingEvent(CompositeEventHandler.java:247)
	at com.sun.javafx.event.CompositeEventHandler.dispatchBubblingEvent(CompositeEventHandler.java:80)
	at com.sun.javafx.event.EventHandlerManager.dispatchBubblingEvent(EventHandlerManager.java:232)
	at com.sun.javafx.event.EventHandlerManager.dispatchBubblingEvent(EventHandlerManager.java:189)
	at com.sun.javafx.event.CompositeEventDispatcher.dispatchBubblingEvent(CompositeEventDispatcher.java:59)
	at com.sun.javafx.event.BasicEventDispatcher.dispatchEvent(BasicEventDispatcher.java:58)
	at com.sun.javafx.event.EventDispatchChainImpl.dispatchEvent(EventDispatchChainImpl.java:114)
	at com.sun.javafx.event.BasicEventDispatcher.dispatchEvent(BasicEventDispatcher.java:56)
	at com.sun.javafx.event.EventDispatchChainImpl.dispatchEvent(EventDispatchChainImpl.java:114)
	at com.sun.javafx.event.BasicEventDispatcher.dispatchEvent(BasicEventDispatcher.java:56)
	at com.sun.javafx.event.EventDispatchChainImpl.dispatchEvent(EventDispatchChainImpl.java:114)
	at com.sun.javafx.event.EventUtil.fireEventImpl(EventUtil.java:74)
	at com.sun.javafx.event.EventUtil.fireEvent(EventUtil.java:54)
	at javafx.event.Event.fireEvent(Event.java:198)
	at javafx.scene.Scene$MouseHandler.process(Scene.java:4033)
	at javafx.scene.Scene.processMouseEvent(Scene.java:1933)
	at javafx.scene.Scene$ScenePeerListener.mouseEvent(Scene.java:2757)
	at com.sun.javafx.tk.quantum.GlassViewEventHandler$MouseEventNotification.run(GlassViewEventHandler.java:411)
	at com.sun.javafx.tk.quantum.GlassViewEventHandler$MouseEventNotification.run(GlassViewEventHandler.java:301)
	at java.base/java.security.AccessController.doPrivileged(AccessController.java:400)
	at com.sun.javafx.tk.quantum.GlassViewEventHandler.lambda$handleMouseEvent$2(GlassViewEventHandler.java:450)
	at com.sun.javafx.tk.quantum.QuantumToolkit.runWithoutRenderLock(QuantumToolkit.java:436)
	at com.sun.javafx.tk.quantum.GlassViewEventHandler.handleMouseEvent(GlassViewEventHandler.java:449)
	at com.sun.glass.ui.View.handleMouseEvent(View.java:551)
	at com.sun.glass.ui.View.notifyMouse(View.java:937)
	at com.sun.glass.ui.monocle.MonocleView.notifyMouse(MonocleView.java:116)
	at java.base/jdk.internal.reflect.DirectMethodHandleAccessor.invoke(DirectMethodHandleAccessor.java:103)
	... 21 common frames omitted
2026-04-09 21:13:17,286 [ERROR] from com.jpro.meta.tk.SceneInputListener in JavaFX Application Thread - Error while processing the input: MouseEventToken(MouseMoved,284.8000183105469,44.79999923706055,MouseButtonToken(2),false,false,false,false,false,false,false,false) app: stage title: Visual Product Discovery & Shopping Management System
java.lang.reflect.InvocationTargetException: null
	at java.base/jdk.internal.reflect.DirectMethodHandleAccessor.invoke(DirectMethodHandleAccessor.java:118)
	at java.base/java.lang.reflect.Method.invoke(Method.java:580)
	at simplefx.util.ReflectionUtil$UseReflection.applyDynamic(ReflectionUtil.scala:21)
	at com.jpro.meta.tk.SceneInputListener.processInputInScene(SceneInputListener.scala:304)
	at com.jpro.meta.tk.SceneInputListener.processInput(SceneInputListener.scala:206)
	at com.jpro.meta.tk.SceneInputListener.processInputs(SceneInputListener.scala:133)
	at com.jpro.meta.tk.SceneInputListener.processOrRequest(SceneInputListener.scala:41)
	at com.jpro.meta.tk.SceneInputListener.$anonfun$processOrRequest$2(SceneInputListener.scala:48)
	at scala.runtime.java8.JFunction0$mcV$sp.apply(JFunction0$mcV$sp.java:23)
	at simplefx.cores.standard.parts.CoreTimeEvent$$anon$3.run(CoreTimeEvent.scala:62)
	at com.sun.javafx.application.PlatformImpl.lambda$runLater$10(PlatformImpl.java:457)
	at java.base/java.security.AccessController.doPrivileged(AccessController.java:400)
	at com.sun.javafx.application.PlatformImpl.lambda$runLater$11(PlatformImpl.java:456)
	at com.sun.glass.ui.monocle.RunnableProcessor.runLoop(RunnableProcessor.java:92)
	at com.sun.glass.ui.monocle.RunnableProcessor.run(RunnableProcessor.java:51)
	at java.base/java.lang.Thread.run(Thread.java:1583)
Caused by: java.lang.reflect.InvocationTargetException: null
	at java.base/jdk.internal.reflect.DirectMethodHandleAccessor.invoke(DirectMethodHandleAccessor.java:118)
	at java.base/java.lang.reflect.Method.invoke(Method.java:580)
	at simplefx.util.ReflectionUtil$UseReflection.applyDynamic(ReflectionUtil.scala:21)
	at com.sun.glass.ui.monocle.input.fork.NativeMouseInput.notifyMouse(NativeMouseInput.scala:330)
	at com.sun.glass.ui.monocle.input.fork.NativeMouseInput.postMouseEvent(NativeMouseInput.scala:226)
	at com.sun.glass.ui.monocle.input.fork.NativeMouseInput.setState(NativeMouseInput.scala:186)
	at java.base/jdk.internal.reflect.DirectMethodHandleAccessor.invoke(DirectMethodHandleAccessor.java:103)
	... 15 common frames omitted
Caused by: java.lang.UnsupportedOperationException: null
	at com.sun.glass.ui.monocle.MonocleApplication.staticCommonDialogs_showFileChooser(MonocleApplication.java:273)
	at com.sun.glass.ui.CommonDialogs.showFileChooser(CommonDialogs.java:213)
	at com.sun.javafx.tk.quantum.QuantumToolkit.showFileChooser(QuantumToolkit.java:1737)
	at javafx.stage.FileChooser.showDialog(FileChooser.java:396)
	at javafx.stage.FileChooser.showOpenDialog(FileChooser.java:331)
	at com.visualshop.controller.ShopController.openVisualSearch(ShopController.java:817)
	at com.visualshop.controller.ShopController.lambda$buildNavbar$6(ShopController.java:172)
	at com.sun.javafx.event.CompositeEventHandler.dispatchBubblingEvent(CompositeEventHandler.java:86)
	at com.sun.javafx.event.EventHandlerManager.dispatchBubblingEvent(EventHandlerManager.java:232)
	at com.sun.javafx.event.EventHandlerManager.dispatchBubblingEvent(EventHandlerManager.java:189)
	at com.sun.javafx.event.CompositeEventDispatcher.dispatchBubblingEvent(CompositeEventDispatcher.java:59)
	at com.sun.javafx.event.BasicEventDispatcher.dispatchEvent(BasicEventDispatcher.java:58)
	at com.sun.javafx.event.EventDispatchChainImpl.dispatchEvent(EventDispatchChainImpl.java:114)
	at com.sun.javafx.event.BasicEventDispatcher.dispatchEvent(BasicEventDispatcher.java:56)
	at com.sun.javafx.event.EventDispatchChainImpl.dispatchEvent(EventDispatchChainImpl.java:114)
	at com.sun.javafx.event.BasicEventDispatcher.dispatchEvent(BasicEventDispatcher.java:56)
	at com.sun.javafx.event.EventDispatchChainImpl.dispatchEvent(EventDispatchChainImpl.java:114)
	at com.sun.javafx.event.EventUtil.fireEventImpl(EventUtil.java:74)
	at com.sun.javafx.event.EventUtil.fireEvent(EventUtil.java:49)
	at javafx.event.Event.fireEvent(Event.java:198)
	at javafx.scene.Node.fireEvent(Node.java:8917)
	at javafx.scene.control.Button.fire(Button.java:203)
	at com.sun.javafx.scene.control.behavior.ButtonBehavior.mouseReleased(ButtonBehavior.java:207)
	at com.sun.javafx.scene.control.inputmap.InputMap.handle(InputMap.java:274)
	at com.sun.javafx.event.CompositeEventHandler$NormalEventHandlerRecord.handleBubblingEvent(CompositeEventHandler.java:247)
	at com.sun.javafx.event.CompositeEventHandler.dispatchBubblingEvent(CompositeEventHandler.java:80)
	at com.sun.javafx.event.EventHandlerManager.dispatchBubblingEvent(EventHandlerManager.java:232)
	at com.sun.javafx.event.EventHandlerManager.dispatchBubblingEvent(EventHandlerManager.java:189)
	at com.sun.javafx.event.CompositeEventDispatcher.dispatchBubblingEvent(CompositeEventDispatcher.java:59)
	at com.sun.javafx.event.BasicEventDispatcher.dispatchEvent(BasicEventDispatcher.java:58)
	at com.sun.javafx.event.EventDispatchChainImpl.dispatchEvent(EventDispatchChainImpl.java:114)
	at com.sun.javafx.event.BasicEventDispatcher.dispatchEvent(BasicEventDispatcher.java:56)
	at com.sun.javafx.event.EventDispatchChainImpl.dispatchEvent(EventDispatchChainImpl.java:114)
	at com.sun.javafx.event.BasicEventDispatcher.dispatchEvent(BasicEventDispatcher.java:56)
	at com.sun.javafx.event.EventDispatchChainImpl.dispatchEvent(EventDispatchChainImpl.java:114)
	at com.sun.javafx.event.EventUtil.fireEventImpl(EventUtil.java:74)
	at com.sun.javafx.event.EventUtil.fireEvent(EventUtil.java:54)
	at javafx.event.Event.fireEvent(Event.java:198)
	at javafx.scene.Scene$MouseHandler.process(Scene.java:4033)
	at javafx.scene.Scene.processMouseEvent(Scene.java:1933)
	at javafx.scene.Scene$ScenePeerListener.mouseEvent(Scene.java:2757)
	at com.sun.javafx.tk.quantum.GlassViewEventHandler$MouseEventNotification.run(GlassViewEventHandler.java:411)
	at com.sun.javafx.tk.quantum.GlassViewEventHandler$MouseEventNotification.run(GlassViewEventHandler.java:301)
	at java.base/java.security.AccessController.doPrivileged(AccessController.java:400)
	at com.sun.javafx.tk.quantum.GlassViewEventHandler.lambda$handleMouseEvent$2(GlassViewEventHandler.java:450)
	at com.sun.javafx.tk.quantum.QuantumToolkit.runWithoutRenderLock(QuantumToolkit.java:436)
	at com.sun.javafx.tk.quantum.GlassViewEventHandler.handleMouseEvent(GlassViewEventHandler.java:449)
	at com.sun.glass.ui.View.handleMouseEvent(View.java:551)
	at com.sun.glass.ui.View.notifyMouse(View.java:937)
	at com.sun.glass.ui.monocle.MonocleView.notifyMouse(MonocleView.java:116)
	at java.base/jdk.internal.reflect.DirectMethodHandleAccessor.invoke(DirectMethodHandleAccessor.java:103)
	... 21 common frames omitted
2026-04-09 21:13:18,911 [ERROR] from com.jpro.meta.tk.SceneInputListener in JavaFX Application Thread - Error while processing the input: MouseEventToken(MouseReleased,279.20001220703125,35.20000076293945,MouseButtonToken(3),false,false,false,false,false,false,false,false) app: stage title: Visual Product Discovery & Shopping Management System
java.lang.reflect.InvocationTargetException: null
	at java.base/jdk.internal.reflect.DirectMethodHandleAccessor.invoke(DirectMethodHandleAccessor.java:118)
	at java.base/java.lang.reflect.Method.invoke(Method.java:580)
	at simplefx.util.ReflectionUtil$UseReflection.applyDynamic(ReflectionUtil.scala:21)
	at com.jpro.meta.tk.SceneInputListener.processInputInScene(SceneInputListener.scala:304)
	at com.jpro.meta.tk.SceneInputListener.processInput(SceneInputListener.scala:203)
	at com.jpro.meta.tk.SceneInputListener.processInputs(SceneInputListener.scala:133)
	at com.jpro.meta.tk.SceneInputListener.processOrRequest(SceneInputListener.scala:41)
	at com.jpro.meta.tk.SceneInputListener.$anonfun$new$4(SceneInputListener.scala:59)
	at scala.runtime.java8.JFunction0$mcV$sp.apply(JFunction0$mcV$sp.java:23)
	at simplefx.cores.standard.parts.CoreTimeEvent$$anon$3.run(CoreTimeEvent.scala:62)
	at com.sun.javafx.application.PlatformImpl.lambda$runLater$10(PlatformImpl.java:457)
	at java.base/java.security.AccessController.doPrivileged(AccessController.java:400)
	at com.sun.javafx.application.PlatformImpl.lambda$runLater$11(PlatformImpl.java:456)
	at com.sun.glass.ui.monocle.RunnableProcessor.runLoop(RunnableProcessor.java:92)
	at com.sun.glass.ui.monocle.RunnableProcessor.run(RunnableProcessor.java:51)
	at java.base/java.lang.Thread.run(Thread.java:1583)
Caused by: java.lang.reflect.InvocationTargetException: null
	at java.base/jdk.internal.reflect.DirectMethodHandleAccessor.invoke(DirectMethodHandleAccessor.java:118)
	at java.base/java.lang.reflect.Method.invoke(Method.java:580)
	at simplefx.util.ReflectionUtil$UseReflection.applyDynamic(ReflectionUtil.scala:21)
	at com.sun.glass.ui.monocle.input.fork.NativeMouseInput.notifyMouse(NativeMouseInput.scala:330)
	at com.sun.glass.ui.monocle.input.fork.NativeMouseInput.postMouseEvent(NativeMouseInput.scala:226)
	at com.sun.glass.ui.monocle.input.fork.NativeMouseInput.setState(NativeMouseInput.scala:186)
	at java.base/jdk.internal.reflect.DirectMethodHandleAccessor.invoke(DirectMethodHandleAccessor.java:103)
	... 15 common frames omitted
Caused by: java.lang.UnsupportedOperationException: null
	at com.sun.glass.ui.monocle.MonocleApplication.staticCommonDialogs_showFileChooser(MonocleApplication.java:273)
	at com.sun.glass.ui.CommonDialogs.showFileChooser(CommonDialogs.java:213)
	at com.sun.javafx.tk.quantum.QuantumToolkit.showFileChooser(QuantumToolkit.java:1737)
	at javafx.stage.FileChooser.showDialog(FileChooser.java:396)
	at javafx.stage.FileChooser.showOpenDialog(FileChooser.java:331)
	at com.visualshop.controller.ShopController.openVisualSearch(ShopController.java:817)
	at com.visualshop.controller.ShopController.lambda$buildNavbar$6(ShopController.java:172)
	at com.sun.javafx.event.CompositeEventHandler.dispatchBubblingEvent(CompositeEventHandler.java:86)
	at com.sun.javafx.event.EventHandlerManager.dispatchBubblingEvent(EventHandlerManager.java:232)
	at com.sun.javafx.event.EventHandlerManager.dispatchBubblingEvent(EventHandlerManager.java:189)
	at com.sun.javafx.event.CompositeEventDispatcher.dispatchBubblingEvent(CompositeEventDispatcher.java:59)
	at com.sun.javafx.event.BasicEventDispatcher.dispatchEvent(BasicEventDispatcher.java:58)
	at com.sun.javafx.event.EventDispatchChainImpl.dispatchEvent(EventDispatchChainImpl.java:114)
	at com.sun.javafx.event.BasicEventDispatcher.dispatchEvent(BasicEventDispatcher.java:56)
	at com.sun.javafx.event.EventDispatchChainImpl.dispatchEvent(EventDispatchChainImpl.java:114)
	at com.sun.javafx.event.BasicEventDispatcher.dispatchEvent(BasicEventDispatcher.java:56)
	at com.sun.javafx.event.EventDispatchChainImpl.dispatchEvent(EventDispatchChainImpl.java:114)
	at com.sun.javafx.event.EventUtil.fireEventImpl(EventUtil.java:74)
	at com.sun.javafx.event.EventUtil.fireEvent(EventUtil.java:49)
	at javafx.event.Event.fireEvent(Event.java:198)
	at javafx.scene.Node.fireEvent(Node.java:8917)
	at javafx.scene.control.Button.fire(Button.java:203)
	at com.sun.javafx.scene.control.behavior.ButtonBehavior.mouseReleased(ButtonBehavior.java:207)
	at com.sun.javafx.scene.control.inputmap.InputMap.handle(InputMap.java:274)
	at com.sun.javafx.event.CompositeEventHandler$NormalEventHandlerRecord.handleBubblingEvent(CompositeEventHandler.java:247)
	at com.sun.javafx.event.CompositeEventHandler.dispatchBubblingEvent(CompositeEventHandler.java:80)
	at com.sun.javafx.event.EventHandlerManager.dispatchBubblingEvent(EventHandlerManager.java:232)
	at com.sun.javafx.event.EventHandlerManager.dispatchBubblingEvent(EventHandlerManager.java:189)
	at com.sun.javafx.event.CompositeEventDispatcher.dispatchBubblingEvent(CompositeEventDispatcher.java:59)
	at com.sun.javafx.event.BasicEventDispatcher.dispatchEvent(BasicEventDispatcher.java:58)
	at com.sun.javafx.event.EventDispatchChainImpl.dispatchEvent(EventDispatchChainImpl.java:114)
	at com.sun.javafx.event.BasicEventDispatcher.dispatchEvent(BasicEventDispatcher.java:56)
	at com.sun.javafx.event.EventDispatchChainImpl.dispatchEvent(EventDispatchChainImpl.java:114)
	at com.sun.javafx.event.BasicEventDispatcher.dispatchEvent(BasicEventDispatcher.java:56)
	at com.sun.javafx.event.EventDispatchChainImpl.dispatchEvent(EventDispatchChainImpl.java:114)
	at com.sun.javafx.event.EventUtil.fireEventImpl(EventUtil.java:74)
	at com.sun.javafx.event.EventUtil.fireEvent(EventUtil.java:54)
	at javafx.event.Event.fireEvent(Event.java:198)
	at javafx.scene.Scene$MouseHandler.process(Scene.java:4033)
	at javafx.scene.Scene.processMouseEvent(Scene.java:1933)
	at javafx.scene.Scene$ScenePeerListener.mouseEvent(Scene.java:2757)
	at com.sun.javafx.tk.quantum.GlassViewEventHandler$MouseEventNotification.run(GlassViewEventHandler.java:411)
	at com.sun.javafx.tk.quantum.GlassViewEventHandler$MouseEventNotification.run(GlassViewEventHandler.java:301)
	at java.base/java.security.AccessController.doPrivileged(AccessController.java:400)
	at com.sun.javafx.tk.quantum.GlassViewEventHandler.lambda$handleMouseEvent$2(GlassViewEventHandler.java:450)
	at com.sun.javafx.tk.quantum.QuantumToolkit.runWithoutRenderLock(QuantumToolkit.java:436)
	at com.sun.javafx.tk.quantum.GlassViewEventHandler.handleMouseEvent(GlassViewEventHandler.java:449)
	at com.sun.glass.ui.View.handleMouseEvent(View.java:551)
	at com.sun.glass.ui.View.notifyMouse(View.java:937)
	at com.sun.glass.ui.monocle.MonocleView.notifyMouse(MonocleView.java:116)
	at java.base/jdk.internal.reflect.DirectMethodHandleAccessor.invoke(DirectMethodHandleAccessor.java:103)
	... 21 common frames omitted
2026-04-09 21:13:19,048 [ERROR] from com.jpro.meta.tk.SceneInputListener in JavaFX Application Thread - Error while processing the input: MouseEventToken(MouseReleased,279.20001220703125,35.20000076293945,MouseButtonToken(3),false,false,false,false,false,false,false,false) app: stage title: Visual Product Discovery & Shopping Management System
java.lang.reflect.InvocationTargetException: null
	at java.base/jdk.internal.reflect.DirectMethodHandleAccessor.invoke(DirectMethodHandleAccessor.java:118)
	at java.base/java.lang.reflect.Method.invoke(Method.java:580)
	at simplefx.util.ReflectionUtil$UseReflection.applyDynamic(ReflectionUtil.scala:21)
	at com.jpro.meta.tk.SceneInputListener.processInputInScene(SceneInputListener.scala:304)
	at com.jpro.meta.tk.SceneInputListener.processInput(SceneInputListener.scala:203)
	at com.jpro.meta.tk.SceneInputListener.processInputs(SceneInputListener.scala:133)
	at com.jpro.meta.tk.SceneInputListener.processOrRequest(SceneInputListener.scala:41)
	at com.jpro.meta.tk.SceneInputListener.$anonfun$new$4(SceneInputListener.scala:59)
	at scala.runtime.java8.JFunction0$mcV$sp.apply(JFunction0$mcV$sp.java:23)
	at simplefx.cores.standard.parts.CoreTimeEvent$$anon$3.run(CoreTimeEvent.scala:62)
	at com.sun.javafx.application.PlatformImpl.lambda$runLater$10(PlatformImpl.java:457)
	at java.base/java.security.AccessController.doPrivileged(AccessController.java:400)
	at com.sun.javafx.application.PlatformImpl.lambda$runLater$11(PlatformImpl.java:456)
	at com.sun.glass.ui.monocle.RunnableProcessor.runLoop(RunnableProcessor.java:92)
	at com.sun.glass.ui.monocle.RunnableProcessor.run(RunnableProcessor.java:51)
	at java.base/java.lang.Thread.run(Thread.java:1583)
Caused by: java.lang.reflect.InvocationTargetException: null
	at java.base/jdk.internal.reflect.DirectMethodHandleAccessor.invoke(DirectMethodHandleAccessor.java:118)
	at java.base/java.lang.reflect.Method.invoke(Method.java:580)
	at simplefx.util.ReflectionUtil$UseReflection.applyDynamic(ReflectionUtil.scala:21)
	at com.sun.glass.ui.monocle.input.fork.NativeMouseInput.notifyMouse(NativeMouseInput.scala:330)
	at com.sun.glass.ui.monocle.input.fork.NativeMouseInput.postMouseEvent(NativeMouseInput.scala:226)
	at com.sun.glass.ui.monocle.input.fork.NativeMouseInput.setState(NativeMouseInput.scala:186)
	at java.base/jdk.internal.reflect.DirectMethodHandleAccessor.invoke(DirectMethodHandleAccessor.java:103)
	... 15 common frames omitted
Caused by: java.lang.UnsupportedOperationException: null
	at com.sun.glass.ui.monocle.MonocleApplication.staticCommonDialogs_showFileChooser(MonocleApplication.java:273)
	at com.sun.glass.ui.CommonDialogs.showFileChooser(CommonDialogs.java:213)
	at com.sun.javafx.tk.quantum.QuantumToolkit.showFileChooser(QuantumToolkit.java:1737)
	at javafx.stage.FileChooser.showDialog(FileChooser.java:396)
	at javafx.stage.FileChooser.showOpenDialog(FileChooser.java:331)
	at com.visualshop.controller.ShopController.openVisualSearch(ShopController.java:817)
	at com.visualshop.controller.ShopController.lambda$buildNavbar$6(ShopController.java:172)
	at com.sun.javafx.event.CompositeEventHandler.dispatchBubblingEvent(CompositeEventHandler.java:86)
	at com.sun.javafx.event.EventHandlerManager.dispatchBubblingEvent(EventHandlerManager.java:232)
	at com.sun.javafx.event.EventHandlerManager.dispatchBubblingEvent(EventHandlerManager.java:189)
	at com.sun.javafx.event.CompositeEventDispatcher.dispatchBubblingEvent(CompositeEventDispatcher.java:59)
	at com.sun.javafx.event.BasicEventDispatcher.dispatchEvent(BasicEventDispatcher.java:58)
	at com.sun.javafx.event.EventDispatchChainImpl.dispatchEvent(EventDispatchChainImpl.java:114)
	at com.sun.javafx.event.BasicEventDispatcher.dispatchEvent(BasicEventDispatcher.java:56)
	at com.sun.javafx.event.EventDispatchChainImpl.dispatchEvent(EventDispatchChainImpl.java:114)
	at com.sun.javafx.event.BasicEventDispatcher.dispatchEvent(BasicEventDispatcher.java:56)
	at com.sun.javafx.event.EventDispatchChainImpl.dispatchEvent(EventDispatchChainImpl.java:114)
	at com.sun.javafx.event.EventUtil.fireEventImpl(EventUtil.java:74)
	at com.sun.javafx.event.EventUtil.fireEvent(EventUtil.java:49)
	at javafx.event.Event.fireEvent(Event.java:198)
	at javafx.scene.Node.fireEvent(Node.java:8917)
	at javafx.scene.control.Button.fire(Button.java:203)
	at com.sun.javafx.scene.control.behavior.ButtonBehavior.mouseReleased(ButtonBehavior.java:207)
	at com.sun.javafx.scene.control.inputmap.InputMap.handle(InputMap.java:274)
	at com.sun.javafx.event.CompositeEventHandler$NormalEventHandlerRecord.handleBubblingEvent(CompositeEventHandler.java:247)
	at com.sun.javafx.event.CompositeEventHandler.dispatchBubblingEvent(CompositeEventHandler.java:80)
	at com.sun.javafx.event.EventHandlerManager.dispatchBubblingEvent(EventHandlerManager.java:232)
	at com.sun.javafx.event.EventHandlerManager.dispatchBubblingEvent(EventHandlerManager.java:189)
	at com.sun.javafx.event.CompositeEventDispatcher.dispatchBubblingEvent(CompositeEventDispatcher.java:59)
	at com.sun.javafx.event.BasicEventDispatcher.dispatchEvent(BasicEventDispatcher.java:58)
	at com.sun.javafx.event.EventDispatchChainImpl.dispatchEvent(EventDispatchChainImpl.java:114)
	at com.sun.javafx.event.BasicEventDispatcher.dispatchEvent(BasicEventDispatcher.java:56)
	at com.sun.javafx.event.EventDispatchChainImpl.dispatchEvent(EventDispatchChainImpl.java:114)
	at com.sun.javafx.event.BasicEventDispatcher.dispatchEvent(BasicEventDispatcher.java:56)
	at com.sun.javafx.event.EventDispatchChainImpl.dispatchEvent(EventDispatchChainImpl.java:114)
	at com.sun.javafx.event.EventUtil.fireEventImpl(EventUtil.java:74)
	at com.sun.javafx.event.EventUtil.fireEvent(EventUtil.java:54)
	at javafx.event.Event.fireEvent(Event.java:198)
	at javafx.scene.Scene$MouseHandler.process(Scene.java:4033)
	at javafx.scene.Scene.processMouseEvent(Scene.java:1933)
	at javafx.scene.Scene$ScenePeerListener.mouseEvent(Scene.java:2757)
	at com.sun.javafx.tk.quantum.GlassViewEventHandler$MouseEventNotification.run(GlassViewEventHandler.java:411)
	at com.sun.javafx.tk.quantum.GlassViewEventHandler$MouseEventNotification.run(GlassViewEventHandler.java:301)
	at java.base/java.security.AccessController.doPrivileged(AccessController.java:400)
	at com.sun.javafx.tk.quantum.GlassViewEventHandler.lambda$handleMouseEvent$2(GlassViewEventHandler.java:450)
	at com.sun.javafx.tk.quantum.QuantumToolkit.runWithoutRenderLock(QuantumToolkit.java:436)
	at com.sun.javafx.tk.quantum.GlassViewEventHandler.handleMouseEvent(GlassViewEventHandler.java:449)
	at com.sun.glass.ui.View.handleMouseEvent(View.java:551)
	at com.sun.glass.ui.View.notifyMouse(View.java:937)
	at com.sun.glass.ui.monocle.MonocleView.notifyMouse(MonocleView.java:116)
	at java.base/jdk.internal.reflect.DirectMethodHandleAccessor.invoke(DirectMethodHandleAccessor.java:103)
	... 21 common frames omitted
2026-04-09 21:13:19,172 [ERROR] from com.jpro.meta.tk.SceneInputListener in JavaFX Application Thread - Error while processing the input: MouseEventToken(MouseReleased,279.20001220703125,35.20000076293945,MouseButtonToken(3),false,false,false,false,false,false,false,false) app: stage title: Visual Product Discovery & Shopping Management System
java.lang.reflect.InvocationTargetException: null
	at java.base/jdk.internal.reflect.DirectMethodHandleAccessor.invoke(DirectMethodHandleAccessor.java:118)
	at java.base/java.lang.reflect.Method.invoke(Method.java:580)
	at simplefx.util.ReflectionUtil$UseReflection.applyDynamic(ReflectionUtil.scala:21)
	at com.jpro.meta.tk.SceneInputListener.processInputInScene(SceneInputListener.scala:304)
	at com.jpro.meta.tk.SceneInputListener.processInput(SceneInputListener.scala:203)
	at com.jpro.meta.tk.SceneInputListener.processInputs(SceneInputListener.scala:133)
	at com.jpro.meta.tk.SceneInputListener.processOrRequest(SceneInputListener.scala:41)
	at com.jpro.meta.tk.SceneInputListener.$anonfun$new$4(SceneInputListener.scala:59)
	at scala.runtime.java8.JFunction0$mcV$sp.apply(JFunction0$mcV$sp.java:23)
	at simplefx.cores.standard.parts.CoreTimeEvent$$anon$3.run(CoreTimeEvent.scala:62)
	at com.sun.javafx.application.PlatformImpl.lambda$runLater$10(PlatformImpl.java:457)
	at java.base/java.security.AccessController.doPrivileged(AccessController.java:400)
	at com.sun.javafx.application.PlatformImpl.lambda$runLater$11(PlatformImpl.java:456)
	at com.sun.glass.ui.monocle.RunnableProcessor.runLoop(RunnableProcessor.java:92)
	at com.sun.glass.ui.monocle.RunnableProcessor.run(RunnableProcessor.java:51)
	at java.base/java.lang.Thread.run(Thread.java:1583)
Caused by: java.lang.reflect.InvocationTargetException: null
	at java.base/jdk.internal.reflect.DirectMethodHandleAccessor.invoke(DirectMethodHandleAccessor.java:118)
	at java.base/java.lang.reflect.Method.invoke(Method.java:580)
	at simplefx.util.ReflectionUtil$UseReflection.applyDynamic(ReflectionUtil.scala:21)
	at com.sun.glass.ui.monocle.input.fork.NativeMouseInput.notifyMouse(NativeMouseInput.scala:330)
	at com.sun.glass.ui.monocle.input.fork.NativeMouseInput.postMouseEvent(NativeMouseInput.scala:226)
	at com.sun.glass.ui.monocle.input.fork.NativeMouseInput.setState(NativeMouseInput.scala:186)
	at java.base/jdk.internal.reflect.DirectMethodHandleAccessor.invoke(DirectMethodHandleAccessor.java:103)
	... 15 common frames omitted
Caused by: java.lang.UnsupportedOperationException: null
	at com.sun.glass.ui.monocle.MonocleApplication.staticCommonDialogs_showFileChooser(MonocleApplication.java:273)
	at com.sun.glass.ui.CommonDialogs.showFileChooser(CommonDialogs.java:213)
	at com.sun.javafx.tk.quantum.QuantumToolkit.showFileChooser(QuantumToolkit.java:1737)
	at javafx.stage.FileChooser.showDialog(FileChooser.java:396)
	at javafx.stage.FileChooser.showOpenDialog(FileChooser.java:331)
	at com.visualshop.controller.ShopController.openVisualSearch(ShopController.java:817)
	at com.visualshop.controller.ShopController.lambda$buildNavbar$6(ShopController.java:172)
	at com.sun.javafx.event.CompositeEventHandler.dispatchBubblingEvent(CompositeEventHandler.java:86)
	at com.sun.javafx.event.EventHandlerManager.dispatchBubblingEvent(EventHandlerManager.java:232)
	at com.sun.javafx.event.EventHandlerManager.dispatchBubblingEvent(EventHandlerManager.java:189)
	at com.sun.javafx.event.CompositeEventDispatcher.dispatchBubblingEvent(CompositeEventDispatcher.java:59)
	at com.sun.javafx.event.BasicEventDispatcher.dispatchEvent(BasicEventDispatcher.java:58)
	at com.sun.javafx.event.EventDispatchChainImpl.dispatchEvent(EventDispatchChainImpl.java:114)
	at com.sun.javafx.event.BasicEventDispatcher.dispatchEvent(BasicEventDispatcher.java:56)
	at com.sun.javafx.event.EventDispatchChainImpl.dispatchEvent(EventDispatchChainImpl.java:114)
	at com.sun.javafx.event.BasicEventDispatcher.dispatchEvent(BasicEventDispatcher.java:56)
	at com.sun.javafx.event.EventDispatchChainImpl.dispatchEvent(EventDispatchChainImpl.java:114)
	at com.sun.javafx.event.EventUtil.fireEventImpl(EventUtil.java:74)
	at com.sun.javafx.event.EventUtil.fireEvent(EventUtil.java:49)
	at javafx.event.Event.fireEvent(Event.java:198)
	at javafx.scene.Node.fireEvent(Node.java:8917)
	at javafx.scene.control.Button.fire(Button.java:203)
	at com.sun.javafx.scene.control.behavior.ButtonBehavior.mouseReleased(ButtonBehavior.java:207)
	at com.sun.javafx.scene.control.inputmap.InputMap.handle(InputMap.java:274)
	at com.sun.javafx.event.CompositeEventHandler$NormalEventHandlerRecord.handleBubblingEvent(CompositeEventHandler.java:247)
	at com.sun.javafx.event.CompositeEventHandler.dispatchBubblingEvent(CompositeEventHandler.java:80)
	at com.sun.javafx.event.EventHandlerManager.dispatchBubblingEvent(EventHandlerManager.java:232)
	at com.sun.javafx.event.EventHandlerManager.dispatchBubblingEvent(EventHandlerManager.java:189)
	at com.sun.javafx.event.CompositeEventDispatcher.dispatchBubblingEvent(CompositeEventDispatcher.java:59)
	at com.sun.javafx.event.BasicEventDispatcher.dispatchEvent(BasicEventDispatcher.java:58)
	at com.sun.javafx.event.EventDispatchChainImpl.dispatchEvent(EventDispatchChainImpl.java:114)
	at com.sun.javafx.event.BasicEventDispatcher.dispatchEvent(BasicEventDispatcher.java:56)
	at com.sun.javafx.event.EventDispatchChainImpl.dispatchEvent(EventDispatchChainImpl.java:114)
	at com.sun.javafx.event.BasicEventDispatcher.dispatchEvent(BasicEventDispatcher.java:56)
	at com.sun.javafx.event.EventDispatchChainImpl.dispatchEvent(EventDispatchChainImpl.java:114)
	at com.sun.javafx.event.EventUtil.fireEventImpl(EventUtil.java:74)
	at com.sun.javafx.event.EventUtil.fireEvent(EventUtil.java:54)
	at javafx.event.Event.fireEvent(Event.java:198)
	at javafx.scene.Scene$MouseHandler.process(Scene.java:4033)
	at javafx.scene.Scene.processMouseEvent(Scene.java:1933)
	at javafx.scene.Scene$ScenePeerListener.mouseEvent(Scene.java:2757)
	at com.sun.javafx.tk.quantum.GlassViewEventHandler$MouseEventNotification.run(GlassViewEventHandler.java:411)
	at com.sun.javafx.tk.quantum.GlassViewEventHandler$MouseEventNotification.run(GlassViewEventHandler.java:301)
	at java.base/java.security.AccessController.doPrivileged(AccessController.java:400)
	at com.sun.javafx.tk.quantum.GlassViewEventHandler.lambda$handleMouseEvent$2(GlassViewEventHandler.java:450)
	at com.sun.javafx.tk.quantum.QuantumToolkit.runWithoutRenderLock(QuantumToolkit.java:436)
	at com.sun.javafx.tk.quantum.GlassViewEventHandler.handleMouseEvent(GlassViewEventHandler.java:449)
	at com.sun.glass.ui.View.handleMouseEvent(View.java:551)
	at com.sun.glass.ui.View.notifyMouse(View.java:937)
	at com.sun.glass.ui.monocle.MonocleView.notifyMouse(MonocleView.java:116)
	at java.base/jdk.internal.reflect.DirectMethodHandleAccessor.invoke(DirectMethodHandleAccessor.java:103)
	... 21 common frames omitted
2026-04-09 21:13:19,295 [ERROR] from com.jpro.meta.tk.SceneInputListener in JavaFX Application Thread - Error while processing the input: MouseEventToken(MouseReleased,279.20001220703125,35.20000076293945,MouseButtonToken(3),false,false,false,false,false,false,false,false) app: stage title: Visual Product Discovery & Shopping Management System
java.lang.reflect.InvocationTargetException: null
	at java.base/jdk.internal.reflect.DirectMethodHandleAccessor.invoke(DirectMethodHandleAccessor.java:118)
	at java.base/java.lang.reflect.Method.invoke(Method.java:580)
	at simplefx.util.ReflectionUtil$UseReflection.applyDynamic(ReflectionUtil.scala:21)
	at com.jpro.meta.tk.SceneInputListener.processInputInScene(SceneInputListener.scala:304)
	at com.jpro.meta.tk.SceneInputListener.processInput(SceneInputListener.scala:203)
	at com.jpro.meta.tk.SceneInputListener.processInputs(SceneInputListener.scala:133)
	at com.jpro.meta.tk.SceneInputListener.processOrRequest(SceneInputListener.scala:41)
	at com.jpro.meta.tk.SceneInputListener.$anonfun$new$4(SceneInputListener.scala:59)
	at scala.runtime.java8.JFunction0$mcV$sp.apply(JFunction0$mcV$sp.java:23)
	at simplefx.cores.standard.parts.CoreTimeEvent$$anon$3.run(CoreTimeEvent.scala:62)
	at com.sun.javafx.application.PlatformImpl.lambda$runLater$10(PlatformImpl.java:457)
	at java.base/java.security.AccessController.doPrivileged(AccessController.java:400)
	at com.sun.javafx.application.PlatformImpl.lambda$runLater$11(PlatformImpl.java:456)
	at com.sun.glass.ui.monocle.RunnableProcessor.runLoop(RunnableProcessor.java:92)
	at com.sun.glass.ui.monocle.RunnableProcessor.run(RunnableProcessor.java:51)
	at java.base/java.lang.Thread.run(Thread.java:1583)
Caused by: java.lang.reflect.InvocationTargetException: null
	at java.base/jdk.internal.reflect.DirectMethodHandleAccessor.invoke(DirectMethodHandleAccessor.java:118)
	at java.base/java.lang.reflect.Method.invoke(Method.java:580)
	at simplefx.util.ReflectionUtil$UseReflection.applyDynamic(ReflectionUtil.scala:21)
	at com.sun.glass.ui.monocle.input.fork.NativeMouseInput.notifyMouse(NativeMouseInput.scala:330)
	at com.sun.glass.ui.monocle.input.fork.NativeMouseInput.postMouseEvent(NativeMouseInput.scala:226)
	at com.sun.glass.ui.monocle.input.fork.NativeMouseInput.setState(NativeMouseInput.scala:186)
	at java.base/jdk.internal.reflect.DirectMethodHandleAccessor.invoke(DirectMethodHandleAccessor.java:103)
	... 15 common frames omitted
Caused by: java.lang.UnsupportedOperationException: null
	at com.sun.glass.ui.monocle.MonocleApplication.staticCommonDialogs_showFileChooser(MonocleApplication.java:273)
	at com.sun.glass.ui.CommonDialogs.showFileChooser(CommonDialogs.java:213)
	at com.sun.javafx.tk.quantum.QuantumToolkit.showFileChooser(QuantumToolkit.java:1737)
	at javafx.stage.FileChooser.showDialog(FileChooser.java:396)
	at javafx.stage.FileChooser.showOpenDialog(FileChooser.java:331)
	at com.visualshop.controller.ShopController.openVisualSearch(ShopController.java:817)
	at com.visualshop.controller.ShopController.lambda$buildNavbar$6(ShopController.java:172)
	at com.sun.javafx.event.CompositeEventHandler.dispatchBubblingEvent(CompositeEventHandler.java:86)
	at com.sun.javafx.event.EventHandlerManager.dispatchBubblingEvent(EventHandlerManager.java:232)
	at com.sun.javafx.event.EventHandlerManager.dispatchBubblingEvent(EventHandlerManager.java:189)
	at com.sun.javafx.event.CompositeEventDispatcher.dispatchBubblingEvent(CompositeEventDispatcher.java:59)
	at com.sun.javafx.event.BasicEventDispatcher.dispatchEvent(BasicEventDispatcher.java:58)
	at com.sun.javafx.event.EventDispatchChainImpl.dispatchEvent(EventDispatchChainImpl.java:114)
	at com.sun.javafx.event.BasicEventDispatcher.dispatchEvent(BasicEventDispatcher.java:56)
	at com.sun.javafx.event.EventDispatchChainImpl.dispatchEvent(EventDispatchChainImpl.java:114)
	at com.sun.javafx.event.BasicEventDispatcher.dispatchEvent(BasicEventDispatcher.java:56)
	at com.sun.javafx.event.EventDispatchChainImpl.dispatchEvent(EventDispatchChainImpl.java:114)
	at com.sun.javafx.event.EventUtil.fireEventImpl(EventUtil.java:74)
	at com.sun.javafx.event.EventUtil.fireEvent(EventUtil.java:49)
	at javafx.event.Event.fireEvent(Event.java:198)
	at javafx.scene.Node.fireEvent(Node.java:8917)
	at javafx.scene.control.Button.fire(Button.java:203)
	at com.sun.javafx.scene.control.behavior.ButtonBehavior.mouseReleased(ButtonBehavior.java:207)
	at com.sun.javafx.scene.control.inputmap.InputMap.handle(InputMap.java:274)
	at com.sun.javafx.event.CompositeEventHandler$NormalEventHandlerRecord.handleBubblingEvent(CompositeEventHandler.java:247)
	at com.sun.javafx.event.CompositeEventHandler.dispatchBubblingEvent(CompositeEventHandler.java:80)
	at com.sun.javafx.event.EventHandlerManager.dispatchBubblingEvent(EventHandlerManager.java:232)
	at com.sun.javafx.event.EventHandlerManager.dispatchBubblingEvent(EventHandlerManager.java:189)
	at com.sun.javafx.event.CompositeEventDispatcher.dispatchBubblingEvent(CompositeEventDispatcher.java:59)
	at com.sun.javafx.event.BasicEventDispatcher.dispatchEvent(BasicEventDispatcher.java:58)
	at com.sun.javafx.event.EventDispatchChainImpl.dispatchEvent(EventDispatchChainImpl.java:114)
	at com.sun.javafx.event.BasicEventDispatcher.dispatchEvent(BasicEventDispatcher.java:56)
	at com.sun.javafx.event.EventDispatchChainImpl.dispatchEvent(EventDispatchChainImpl.java:114)
	at com.sun.javafx.event.BasicEventDispatcher.dispatchEvent(BasicEventDispatcher.java:56)
	at com.sun.javafx.event.EventDispatchChainImpl.dispatchEvent(EventDispatchChainImpl.java:114)
	at com.sun.javafx.event.EventUtil.fireEventImpl(EventUtil.java:74)
	at com.sun.javafx.event.EventUtil.fireEvent(EventUtil.java:54)
	at javafx.event.Event.fireEvent(Event.java:198)
	at javafx.scene.Scene$MouseHandler.process(Scene.java:4033)
	at javafx.scene.Scene.processMouseEvent(Scene.java:1933)
	at javafx.scene.Scene$ScenePeerListener.mouseEvent(Scene.java:2757)
	at com.sun.javafx.tk.quantum.GlassViewEventHandler$MouseEventNotification.run(GlassViewEventHandler.java:411)
	at com.sun.javafx.tk.quantum.GlassViewEventHandler$MouseEventNotification.run(GlassViewEventHandler.java:301)
	at java.base/java.security.AccessController.doPrivileged(AccessController.java:400)
	at com.sun.javafx.tk.quantum.GlassViewEventHandler.lambda$handleMouseEvent$2(GlassViewEventHandler.java:450)
	at com.sun.javafx.tk.quantum.QuantumToolkit.runWithoutRenderLock(QuantumToolkit.java:436)
	at com.sun.javafx.tk.quantum.GlassViewEventHandler.handleMouseEvent(GlassViewEventHandler.java:449)
	at com.sun.glass.ui.View.handleMouseEvent(View.java:551)
	at com.sun.glass.ui.View.notifyMouse(View.java:937)
	at com.sun.glass.ui.monocle.MonocleView.notifyMouse(MonocleView.java:116)
	at java.base/jdk.internal.reflect.DirectMethodHandleAccessor.invoke(DirectMethodHandleAccessor.java:103)
	... 21 common frames omitted
2026-04-09 21:13:19,467 [ERROR] from com.jpro.meta.tk.SceneInputListener in JavaFX Application Thread - Error while processing the input: MouseEventToken(MouseReleased,279.20001220703125,35.20000076293945,MouseButtonToken(3),false,false,false,false,false,false,false,false) app: stage title: Visual Product Discovery & Shopping Management System
java.lang.reflect.InvocationTargetException: null
	at java.base/jdk.internal.reflect.DirectMethodHandleAccessor.invoke(DirectMethodHandleAccessor.java:118)
	at java.base/java.lang.reflect.Method.invoke(Method.java:580)
	at simplefx.util.ReflectionUtil$UseReflection.applyDynamic(ReflectionUtil.scala:21)
	at com.jpro.meta.tk.SceneInputListener.processInputInScene(SceneInputListener.scala:304)
	at com.jpro.meta.tk.SceneInputListener.processInput(SceneInputListener.scala:203)
	at com.jpro.meta.tk.SceneInputListener.processInputs(SceneInputListener.scala:133)
	at com.jpro.meta.tk.SceneInputListener.processOrRequest(SceneInputListener.scala:41)
	at com.jpro.meta.tk.SceneInputListener.$anonfun$new$4(SceneInputListener.scala:59)
	at scala.runtime.java8.JFunction0$mcV$sp.apply(JFunction0$mcV$sp.java:23)
	at simplefx.cores.standard.parts.CoreTimeEvent$$anon$3.run(CoreTimeEvent.scala:62)
	at com.sun.javafx.application.PlatformImpl.lambda$runLater$10(PlatformImpl.java:457)
	at java.base/java.security.AccessController.doPrivileged(AccessController.java:400)
	at com.sun.javafx.application.PlatformImpl.lambda$runLater$11(PlatformImpl.java:456)
	at com.sun.glass.ui.monocle.RunnableProcessor.runLoop(RunnableProcessor.java:92)
	at com.sun.glass.ui.monocle.RunnableProcessor.run(RunnableProcessor.java:51)
	at java.base/java.lang.Thread.run(Thread.java:1583)
Caused by: java.lang.reflect.InvocationTargetException: null
	at java.base/jdk.internal.reflect.DirectMethodHandleAccessor.invoke(DirectMethodHandleAccessor.java:118)
	at java.base/java.lang.reflect.Method.invoke(Method.java:580)
	at simplefx.util.ReflectionUtil$UseReflection.applyDynamic(ReflectionUtil.scala:21)
	at com.sun.glass.ui.monocle.input.fork.NativeMouseInput.notifyMouse(NativeMouseInput.scala:330)
	at com.sun.glass.ui.monocle.input.fork.NativeMouseInput.postMouseEvent(NativeMouseInput.scala:226)
	at com.sun.glass.ui.monocle.input.fork.NativeMouseInput.setState(NativeMouseInput.scala:186)
	at java.base/jdk.internal.reflect.DirectMethodHandleAccessor.invoke(DirectMethodHandleAccessor.java:103)
	... 15 common frames omitted
Caused by: java.lang.UnsupportedOperationException: null
	at com.sun.glass.ui.monocle.MonocleApplication.staticCommonDialogs_showFileChooser(MonocleApplication.java:273)
	at com.sun.glass.ui.CommonDialogs.showFileChooser(CommonDialogs.java:213)
	at com.sun.javafx.tk.quantum.QuantumToolkit.showFileChooser(QuantumToolkit.java:1737)
	at javafx.stage.FileChooser.showDialog(FileChooser.java:396)
	at javafx.stage.FileChooser.showOpenDialog(FileChooser.java:331)
	at com.visualshop.controller.ShopController.openVisualSearch(ShopController.java:817)
	at com.visualshop.controller.ShopController.lambda$buildNavbar$6(ShopController.java:172)
	at com.sun.javafx.event.CompositeEventHandler.dispatchBubblingEvent(CompositeEventHandler.java:86)
	at com.sun.javafx.event.EventHandlerManager.dispatchBubblingEvent(EventHandlerManager.java:232)
	at com.sun.javafx.event.EventHandlerManager.dispatchBubblingEvent(EventHandlerManager.java:189)
	at com.sun.javafx.event.CompositeEventDispatcher.dispatchBubblingEvent(CompositeEventDispatcher.java:59)
	at com.sun.javafx.event.BasicEventDispatcher.dispatchEvent(BasicEventDispatcher.java:58)
	at com.sun.javafx.event.EventDispatchChainImpl.dispatchEvent(EventDispatchChainImpl.java:114)
	at com.sun.javafx.event.BasicEventDispatcher.dispatchEvent(BasicEventDispatcher.java:56)
	at com.sun.javafx.event.EventDispatchChainImpl.dispatchEvent(EventDispatchChainImpl.java:114)
	at com.sun.javafx.event.BasicEventDispatcher.dispatchEvent(BasicEventDispatcher.java:56)
	at com.sun.javafx.event.EventDispatchChainImpl.dispatchEvent(EventDispatchChainImpl.java:114)
	at com.sun.javafx.event.EventUtil.fireEventImpl(EventUtil.java:74)
	at com.sun.javafx.event.EventUtil.fireEvent(EventUtil.java:49)
	at javafx.event.Event.fireEvent(Event.java:198)
	at javafx.scene.Node.fireEvent(Node.java:8917)
	at javafx.scene.control.Button.fire(Button.java:203)
	at com.sun.javafx.scene.control.behavior.ButtonBehavior.mouseReleased(ButtonBehavior.java:207)
	at com.sun.javafx.scene.control.inputmap.InputMap.handle(InputMap.java:274)
	at com.sun.javafx.event.CompositeEventHandler$NormalEventHandlerRecord.handleBubblingEvent(CompositeEventHandler.java:247)
	at com.sun.javafx.event.CompositeEventHandler.dispatchBubblingEvent(CompositeEventHandler.java:80)
	at com.sun.javafx.event.EventHandlerManager.dispatchBubblingEvent(EventHandlerManager.java:232)
	at com.sun.javafx.event.EventHandlerManager.dispatchBubblingEvent(EventHandlerManager.java:189)
	at com.sun.javafx.event.CompositeEventDispatcher.dispatchBubblingEvent(CompositeEventDispatcher.java:59)
	at com.sun.javafx.event.BasicEventDispatcher.dispatchEvent(BasicEventDispatcher.java:58)
	at com.sun.javafx.event.EventDispatchChainImpl.dispatchEvent(EventDispatchChainImpl.java:114)
	at com.sun.javafx.event.BasicEventDispatcher.dispatchEvent(BasicEventDispatcher.java:56)
	at com.sun.javafx.event.EventDispatchChainImpl.dispatchEvent(EventDispatchChainImpl.java:114)
	at com.sun.javafx.event.BasicEventDispatcher.dispatchEvent(BasicEventDispatcher.java:56)
	at com.sun.javafx.event.EventDispatchChainImpl.dispatchEvent(EventDispatchChainImpl.java:114)
	at com.sun.javafx.event.EventUtil.fireEventImpl(EventUtil.java:74)
	at com.sun.javafx.event.EventUtil.fireEvent(EventUtil.java:54)
	at javafx.event.Event.fireEvent(Event.java:198)
	at javafx.scene.Scene$MouseHandler.process(Scene.java:4033)
	at javafx.scene.Scene.processMouseEvent(Scene.java:1933)
	at javafx.scene.Scene$ScenePeerListener.mouseEvent(Scene.java:2757)
	at com.sun.javafx.tk.quantum.GlassViewEventHandler$MouseEventNotification.run(GlassViewEventHandler.java:411)
	at com.sun.javafx.tk.quantum.GlassViewEventHandler$MouseEventNotification.run(GlassViewEventHandler.java:301)
	at java.base/java.security.AccessController.doPrivileged(AccessController.java:400)
	at com.sun.javafx.tk.quantum.GlassViewEventHandler.lambda$handleMouseEvent$2(GlassViewEventHandler.java:450)
	at com.sun.javafx.tk.quantum.QuantumToolkit.runWithoutRenderLock(QuantumToolkit.java:436)
	at com.sun.javafx.tk.quantum.GlassViewEventHandler.handleMouseEvent(GlassViewEventHandler.java:449)
	at com.sun.glass.ui.View.handleMouseEvent(View.java:551)
	at com.sun.glass.ui.View.notifyMouse(View.java:937)
	at com.sun.glass.ui.monocle.MonocleView.notifyMouse(MonocleView.java:116)
	at java.base/jdk.internal.reflect.DirectMethodHandleAccessor.invoke(DirectMethodHandleAccessor.java:103)
	... 21 common frames omitted
2026-04-09 21:13:19,788 [ERROR] from com.jpro.meta.tk.SceneInputListener in JavaFX Application Thread - Error while processing the input: MouseEventToken(MouseMoved,295.20001220703125,37.60000228881836,MouseButtonToken(2),false,false,false,false,false,false,false,false) app: stage title: Visual Product Discovery & Shopping Management System
java.lang.reflect.InvocationTargetException: null
	at java.base/jdk.internal.reflect.DirectMethodHandleAccessor.invoke(DirectMethodHandleAccessor.java:118)
	at java.base/java.lang.reflect.Method.invoke(Method.java:580)
	at simplefx.util.ReflectionUtil$UseReflection.applyDynamic(ReflectionUtil.scala:21)
	at com.jpro.meta.tk.SceneInputListener.processInputInScene(SceneInputListener.scala:304)
	at com.jpro.meta.tk.SceneInputListener.processInput(SceneInputListener.scala:206)
	at com.jpro.meta.tk.SceneInputListener.processInputs(SceneInputListener.scala:133)
	at com.jpro.meta.tk.SceneInputListener.processOrRequest(SceneInputListener.scala:41)
	at com.jpro.meta.tk.SceneInputListener.$anonfun$new$4(SceneInputListener.scala:59)
	at scala.runtime.java8.JFunction0$mcV$sp.apply(JFunction0$mcV$sp.java:23)
	at simplefx.cores.standard.parts.CoreTimeEvent$$anon$3.run(CoreTimeEvent.scala:62)
	at com.sun.javafx.application.PlatformImpl.lambda$runLater$10(PlatformImpl.java:457)
	at java.base/java.security.AccessController.doPrivileged(AccessController.java:400)
	at com.sun.javafx.application.PlatformImpl.lambda$runLater$11(PlatformImpl.java:456)
	at com.sun.glass.ui.monocle.RunnableProcessor.runLoop(RunnableProcessor.java:92)
	at com.sun.glass.ui.monocle.RunnableProcessor.run(RunnableProcessor.java:51)
	at java.base/java.lang.Thread.run(Thread.java:1583)
Caused by: java.lang.reflect.InvocationTargetException: null
	at java.base/jdk.internal.reflect.DirectMethodHandleAccessor.invoke(DirectMethodHandleAccessor.java:118)
	at java.base/java.lang.reflect.Method.invoke(Method.java:580)
	at simplefx.util.ReflectionUtil$UseReflection.applyDynamic(ReflectionUtil.scala:21)
	at com.sun.glass.ui.monocle.input.fork.NativeMouseInput.notifyMouse(NativeMouseInput.scala:330)
	at com.sun.glass.ui.monocle.input.fork.NativeMouseInput.postMouseEvent(NativeMouseInput.scala:226)
	at com.sun.glass.ui.monocle.input.fork.NativeMouseInput.setState(NativeMouseInput.scala:186)
	at java.base/jdk.internal.reflect.DirectMethodHandleAccessor.invoke(DirectMethodHandleAccessor.java:103)
	... 15 common frames omitted
Caused by: java.lang.UnsupportedOperationException: null
	at com.sun.glass.ui.monocle.MonocleApplication.staticCommonDialogs_showFileChooser(MonocleApplication.java:273)
	at com.sun.glass.ui.CommonDialogs.showFileChooser(CommonDialogs.java:213)
	at com.sun.javafx.tk.quantum.QuantumToolkit.showFileChooser(QuantumToolkit.java:1737)
	at javafx.stage.FileChooser.showDialog(FileChooser.java:396)
	at javafx.stage.FileChooser.showOpenDialog(FileChooser.java:331)
	at com.visualshop.controller.ShopController.openVisualSearch(ShopController.java:817)
	at com.visualshop.controller.ShopController.lambda$buildNavbar$6(ShopController.java:172)
	at com.sun.javafx.event.CompositeEventHandler.dispatchBubblingEvent(CompositeEventHandler.java:86)
	at com.sun.javafx.event.EventHandlerManager.dispatchBubblingEvent(EventHandlerManager.java:232)
	at com.sun.javafx.event.EventHandlerManager.dispatchBubblingEvent(EventHandlerManager.java:189)
	at com.sun.javafx.event.CompositeEventDispatcher.dispatchBubblingEvent(CompositeEventDispatcher.java:59)
	at com.sun.javafx.event.BasicEventDispatcher.dispatchEvent(BasicEventDispatcher.java:58)
	at com.sun.javafx.event.EventDispatchChainImpl.dispatchEvent(EventDispatchChainImpl.java:114)
	at com.sun.javafx.event.BasicEventDispatcher.dispatchEvent(BasicEventDispatcher.java:56)
	at com.sun.javafx.event.EventDispatchChainImpl.dispatchEvent(EventDispatchChainImpl.java:114)
	at com.sun.javafx.event.BasicEventDispatcher.dispatchEvent(BasicEventDispatcher.java:56)
	at com.sun.javafx.event.EventDispatchChainImpl.dispatchEvent(EventDispatchChainImpl.java:114)
	at com.sun.javafx.event.EventUtil.fireEventImpl(EventUtil.java:74)
	at com.sun.javafx.event.EventUtil.fireEvent(EventUtil.java:49)
	at javafx.event.Event.fireEvent(Event.java:198)
	at javafx.scene.Node.fireEvent(Node.java:8917)
	at javafx.scene.control.Button.fire(Button.java:203)
	at com.sun.javafx.scene.control.behavior.ButtonBehavior.mouseReleased(ButtonBehavior.java:207)
	at com.sun.javafx.scene.control.inputmap.InputMap.handle(InputMap.java:274)
	at com.sun.javafx.event.CompositeEventHandler$NormalEventHandlerRecord.handleBubblingEvent(CompositeEventHandler.java:247)
	at com.sun.javafx.event.CompositeEventHandler.dispatchBubblingEvent(CompositeEventHandler.java:80)
	at com.sun.javafx.event.EventHandlerManager.dispatchBubblingEvent(EventHandlerManager.java:232)
	at com.sun.javafx.event.EventHandlerManager.dispatchBubblingEvent(EventHandlerManager.java:189)
	at com.sun.javafx.event.CompositeEventDispatcher.dispatchBubblingEvent(CompositeEventDispatcher.java:59)
	at com.sun.javafx.event.BasicEventDispatcher.dispatchEvent(BasicEventDispatcher.java:58)
	at com.sun.javafx.event.EventDispatchChainImpl.dispatchEvent(EventDispatchChainImpl.java:114)
	at com.sun.javafx.event.BasicEventDispatcher.dispatchEvent(BasicEventDispatcher.java:56)
	at com.sun.javafx.event.EventDispatchChainImpl.dispatchEvent(EventDispatchChainImpl.java:114)
	at com.sun.javafx.event.BasicEventDispatcher.dispatchEvent(BasicEventDispatcher.java:56)
	at com.sun.javafx.event.EventDispatchChainImpl.dispatchEvent(EventDispatchChainImpl.java:114)
	at com.sun.javafx.event.EventUtil.fireEventImpl(EventUtil.java:74)
	at com.sun.javafx.event.EventUtil.fireEvent(EventUtil.java:54)
	at javafx.event.Event.fireEvent(Event.java:198)
	at javafx.scene.Scene$MouseHandler.process(Scene.java:4033)
	at javafx.scene.Scene.processMouseEvent(Scene.java:1933)
	at javafx.scene.Scene$ScenePeerListener.mouseEvent(Scene.java:2757)
	at com.sun.javafx.tk.quantum.GlassViewEventHandler$MouseEventNotification.run(GlassViewEventHandler.java:411)
	at com.sun.javafx.tk.quantum.GlassViewEventHandler$MouseEventNotification.run(GlassViewEventHandler.java:301)
	at java.base/java.security.AccessController.doPrivileged(AccessController.java:400)
	at com.sun.javafx.tk.quantum.GlassViewEventHandler.lambda$handleMouseEvent$2(GlassViewEventHandler.java:450)
	at com.sun.javafx.tk.quantum.QuantumToolkit.runWithoutRenderLock(QuantumToolkit.java:436)
	at com.sun.javafx.tk.quantum.GlassViewEventHandler.handleMouseEvent(GlassViewEventHandler.java:449)
	at com.sun.glass.ui.View.handleMouseEvent(View.java:551)
	at com.sun.glass.ui.View.notifyMouse(View.java:937)
	at com.sun.glass.ui.monocle.MonocleView.notifyMouse(MonocleView.java:116)
	at java.base/jdk.internal.reflect.DirectMethodHandleAccessor.invoke(DirectMethodHandleAccessor.java:103)
	... 21 common frames omitted
2026-04-09 21:13:19,796 [ERROR] from com.jpro.meta.tk.SceneInputListener in JavaFX Application Thread - Error while processing the input: MouseEventToken(MouseMoved,316.8000183105469,40.79999923706055,MouseButtonToken(2),false,false,false,false,false,false,false,false) app: stage title: Visual Product Discovery & Shopping Management System
java.lang.reflect.InvocationTargetException: null
	at java.base/jdk.internal.reflect.DirectMethodHandleAccessor.invoke(DirectMethodHandleAccessor.java:118)
	at java.base/java.lang.reflect.Method.invoke(Method.java:580)
	at simplefx.util.ReflectionUtil$UseReflection.applyDynamic(ReflectionUtil.scala:21)
	at com.jpro.meta.tk.SceneInputListener.processInputInScene(SceneInputListener.scala:304)
	at com.jpro.meta.tk.SceneInputListener.processInput(SceneInputListener.scala:206)
	at com.jpro.meta.tk.SceneInputListener.processInputs(SceneInputListener.scala:133)
	at com.jpro.meta.tk.SceneInputListener.processOrRequest(SceneInputListener.scala:41)
	at com.jpro.meta.tk.SceneInputListener.$anonfun$new$4(SceneInputListener.scala:59)
	at scala.runtime.java8.JFunction0$mcV$sp.apply(JFunction0$mcV$sp.java:23)
	at simplefx.cores.standard.parts.CoreTimeEvent$$anon$3.run(CoreTimeEvent.scala:62)
	at com.sun.javafx.application.PlatformImpl.lambda$runLater$10(PlatformImpl.java:457)
	at java.base/java.security.AccessController.doPrivileged(AccessController.java:400)
	at com.sun.javafx.application.PlatformImpl.lambda$runLater$11(PlatformImpl.java:456)
	at com.sun.glass.ui.monocle.RunnableProcessor.runLoop(RunnableProcessor.java:92)
	at com.sun.glass.ui.monocle.RunnableProcessor.run(RunnableProcessor.java:51)
	at java.base/java.lang.Thread.run(Thread.java:1583)
Caused by: java.lang.reflect.InvocationTargetException: null
	at java.base/jdk.internal.reflect.DirectMethodHandleAccessor.invoke(DirectMethodHandleAccessor.java:118)
	at java.base/java.lang.reflect.Method.invoke(Method.java:580)
	at simplefx.util.ReflectionUtil$UseReflection.applyDynamic(ReflectionUtil.scala:21)
	at com.sun.glass.ui.monocle.input.fork.NativeMouseInput.notifyMouse(NativeMouseInput.scala:330)
	at com.sun.glass.ui.monocle.input.fork.NativeMouseInput.postMouseEvent(NativeMouseInput.scala:226)
	at com.sun.glass.ui.monocle.input.fork.NativeMouseInput.setState(NativeMouseInput.scala:186)
	at java.base/jdk.internal.reflect.DirectMethodHandleAccessor.invoke(DirectMethodHandleAccessor.java:103)
	... 15 common frames omitted
Caused by: java.lang.UnsupportedOperationException: null
	at com.sun.glass.ui.monocle.MonocleApplication.staticCommonDialogs_showFileChooser(MonocleApplication.java:273)
	at com.sun.glass.ui.CommonDialogs.showFileChooser(CommonDialogs.java:213)
	at com.sun.javafx.tk.quantum.QuantumToolkit.showFileChooser(QuantumToolkit.java:1737)
	at javafx.stage.FileChooser.showDialog(FileChooser.java:396)
	at javafx.stage.FileChooser.showOpenDialog(FileChooser.java:331)
	at com.visualshop.controller.ShopController.openVisualSearch(ShopController.java:817)
	at com.visualshop.controller.ShopController.lambda$buildNavbar$6(ShopController.java:172)
	at com.sun.javafx.event.CompositeEventHandler.dispatchBubblingEvent(CompositeEventHandler.java:86)
	at com.sun.javafx.event.EventHandlerManager.dispatchBubblingEvent(EventHandlerManager.java:232)
	at com.sun.javafx.event.EventHandlerManager.dispatchBubblingEvent(EventHandlerManager.java:189)
	at com.sun.javafx.event.CompositeEventDispatcher.dispatchBubblingEvent(CompositeEventDispatcher.java:59)
	at com.sun.javafx.event.BasicEventDispatcher.dispatchEvent(BasicEventDispatcher.java:58)
	at com.sun.javafx.event.EventDispatchChainImpl.dispatchEvent(EventDispatchChainImpl.java:114)
	at com.sun.javafx.event.BasicEventDispatcher.dispatchEvent(BasicEventDispatcher.java:56)
	at com.sun.javafx.event.EventDispatchChainImpl.dispatchEvent(EventDispatchChainImpl.java:114)
	at com.sun.javafx.event.BasicEventDispatcher.dispatchEvent(BasicEventDispatcher.java:56)
	at com.sun.javafx.event.EventDispatchChainImpl.dispatchEvent(EventDispatchChainImpl.java:114)
	at com.sun.javafx.event.EventUtil.fireEventImpl(EventUtil.java:74)
	at com.sun.javafx.event.EventUtil.fireEvent(EventUtil.java:49)
	at javafx.event.Event.fireEvent(Event.java:198)
	at javafx.scene.Node.fireEvent(Node.java:8917)
	at javafx.scene.control.Button.fire(Button.java:203)
	at com.sun.javafx.scene.control.behavior.ButtonBehavior.mouseReleased(ButtonBehavior.java:207)
	at com.sun.javafx.scene.control.inputmap.InputMap.handle(InputMap.java:274)
	at com.sun.javafx.event.CompositeEventHandler$NormalEventHandlerRecord.handleBubblingEvent(CompositeEventHandler.java:247)
	at com.sun.javafx.event.CompositeEventHandler.dispatchBubblingEvent(CompositeEventHandler.java:80)
	at com.sun.javafx.event.EventHandlerManager.dispatchBubblingEvent(EventHandlerManager.java:232)
	at com.sun.javafx.event.EventHandlerManager.dispatchBubblingEvent(EventHandlerManager.java:189)
	at com.sun.javafx.event.CompositeEventDispatcher.dispatchBubblingEvent(CompositeEventDispatcher.java:59)
	at com.sun.javafx.event.BasicEventDispatcher.dispatchEvent(BasicEventDispatcher.java:58)
	at com.sun.javafx.event.EventDispatchChainImpl.dispatchEvent(EventDispatchChainImpl.java:114)
	at com.sun.javafx.event.BasicEventDispatcher.dispatchEvent(BasicEventDispatcher.java:56)
	at com.sun.javafx.event.EventDispatchChainImpl.dispatchEvent(EventDispatchChainImpl.java:114)
	at com.sun.javafx.event.BasicEventDispatcher.dispatchEvent(BasicEventDispatcher.java:56)
	at com.sun.javafx.event.EventDispatchChainImpl.dispatchEvent(EventDispatchChainImpl.java:114)
	at com.sun.javafx.event.EventUtil.fireEventImpl(EventUtil.java:74)
	at com.sun.javafx.event.EventUtil.fireEvent(EventUtil.java:54)
	at javafx.event.Event.fireEvent(Event.java:198)
	at javafx.scene.Scene$MouseHandler.process(Scene.java:4033)
	at javafx.scene.Scene.processMouseEvent(Scene.java:1933)
	at javafx.scene.Scene$ScenePeerListener.mouseEvent(Scene.java:2757)
	at com.sun.javafx.tk.quantum.GlassViewEventHandler$MouseEventNotification.run(GlassViewEventHandler.java:411)
	at com.sun.javafx.tk.quantum.GlassViewEventHandler$MouseEventNotification.run(GlassViewEventHandler.java:301)
	at java.base/java.security.AccessController.doPrivileged(AccessController.java:400)
	at com.sun.javafx.tk.quantum.GlassViewEventHandler.lambda$handleMouseEvent$2(GlassViewEventHandler.java:450)
	at com.sun.javafx.tk.quantum.QuantumToolkit.runWithoutRenderLock(QuantumToolkit.java:436)
	at com.sun.javafx.tk.quantum.GlassViewEventHandler.handleMouseEvent(GlassViewEventHandler.java:449)
	at com.sun.glass.ui.View.handleMouseEvent(View.java:551)
	at com.sun.glass.ui.View.notifyMouse(View.java:937)
	at com.sun.glass.ui.monocle.MonocleView.notifyMouse(MonocleView.java:116)
	at java.base/jdk.internal.reflect.DirectMethodHandleAccessor.invoke(DirectMethodHandleAccessor.java:103)
	... 21 common frames omitted
2026-04-09 21:13:19,805 [ERROR] from com.jpro.meta.tk.SceneInputListener in JavaFX Application Thread - Error while processing the input: MouseEventToken(MouseMoved,336.0,45.60000228881836,MouseButtonToken(2),false,false,false,false,false,false,false,false) app: stage title: Visual Product Discovery & Shopping Management System
java.lang.reflect.InvocationTargetException: null
	at java.base/jdk.internal.reflect.DirectMethodHandleAccessor.invoke(DirectMethodHandleAccessor.java:118)
	at java.base/java.lang.reflect.Method.invoke(Method.java:580)
	at simplefx.util.ReflectionUtil$UseReflection.applyDynamic(ReflectionUtil.scala:21)
	at com.jpro.meta.tk.SceneInputListener.processInputInScene(SceneInputListener.scala:304)
	at com.jpro.meta.tk.SceneInputListener.processInput(SceneInputListener.scala:206)
	at com.jpro.meta.tk.SceneInputListener.processInputs(SceneInputListener.scala:133)
	at com.jpro.meta.tk.SceneInputListener.processOrRequest(SceneInputListener.scala:41)
	at com.jpro.meta.tk.SceneInputListener.$anonfun$processOrRequest$2(SceneInputListener.scala:48)
	at scala.runtime.java8.JFunction0$mcV$sp.apply(JFunction0$mcV$sp.java:23)
	at simplefx.cores.standard.parts.CoreTimeEvent$$anon$3.run(CoreTimeEvent.scala:62)
	at com.sun.javafx.application.PlatformImpl.lambda$runLater$10(PlatformImpl.java:457)
	at java.base/java.security.AccessController.doPrivileged(AccessController.java:400)
	at com.sun.javafx.application.PlatformImpl.lambda$runLater$11(PlatformImpl.java:456)
	at com.sun.glass.ui.monocle.RunnableProcessor.runLoop(RunnableProcessor.java:92)
	at com.sun.glass.ui.monocle.RunnableProcessor.run(RunnableProcessor.java:51)
	at java.base/java.lang.Thread.run(Thread.java:1583)
Caused by: java.lang.reflect.InvocationTargetException: null
	at java.base/jdk.internal.reflect.DirectMethodHandleAccessor.invoke(DirectMethodHandleAccessor.java:118)
	at java.base/java.lang.reflect.Method.invoke(Method.java:580)
	at simplefx.util.ReflectionUtil$UseReflection.applyDynamic(ReflectionUtil.scala:21)
	at com.sun.glass.ui.monocle.input.fork.NativeMouseInput.notifyMouse(NativeMouseInput.scala:330)
	at com.sun.glass.ui.monocle.input.fork.NativeMouseInput.postMouseEvent(NativeMouseInput.scala:226)
	at com.sun.glass.ui.monocle.input.fork.NativeMouseInput.setState(NativeMouseInput.scala:186)
	at java.base/jdk.internal.reflect.DirectMethodHandleAccessor.invoke(DirectMethodHandleAccessor.java:103)
	... 15 common frames omitted
Caused by: java.lang.UnsupportedOperationException: null
	at com.sun.glass.ui.monocle.MonocleApplication.staticCommonDialogs_showFileChooser(MonocleApplication.java:273)
	at com.sun.glass.ui.CommonDialogs.showFileChooser(CommonDialogs.java:213)
	at com.sun.javafx.tk.quantum.QuantumToolkit.showFileChooser(QuantumToolkit.java:1737)
	at javafx.stage.FileChooser.showDialog(FileChooser.java:396)
	at javafx.stage.FileChooser.showOpenDialog(FileChooser.java:331)
	at com.visualshop.controller.ShopController.openVisualSearch(ShopController.java:817)
	at com.visualshop.controller.ShopController.lambda$buildNavbar$6(ShopController.java:172)
	at com.sun.javafx.event.CompositeEventHandler.dispatchBubblingEvent(CompositeEventHandler.java:86)
	at com.sun.javafx.event.EventHandlerManager.dispatchBubblingEvent(EventHandlerManager.java:232)
	at com.sun.javafx.event.EventHandlerManager.dispatchBubblingEvent(EventHandlerManager.java:189)
	at com.sun.javafx.event.CompositeEventDispatcher.dispatchBubblingEvent(CompositeEventDispatcher.java:59)
	at com.sun.javafx.event.BasicEventDispatcher.dispatchEvent(BasicEventDispatcher.java:58)
	at com.sun.javafx.event.EventDispatchChainImpl.dispatchEvent(EventDispatchChainImpl.java:114)
	at com.sun.javafx.event.BasicEventDispatcher.dispatchEvent(BasicEventDispatcher.java:56)
	at com.sun.javafx.event.EventDispatchChainImpl.dispatchEvent(EventDispatchChainImpl.java:114)
	at com.sun.javafx.event.BasicEventDispatcher.dispatchEvent(BasicEventDispatcher.java:56)
	at com.sun.javafx.event.EventDispatchChainImpl.dispatchEvent(EventDispatchChainImpl.java:114)
	at com.sun.javafx.event.EventUtil.fireEventImpl(EventUtil.java:74)
	at com.sun.javafx.event.EventUtil.fireEvent(EventUtil.java:49)
	at javafx.event.Event.fireEvent(Event.java:198)
	at javafx.scene.Node.fireEvent(Node.java:8917)
	at javafx.scene.control.Button.fire(Button.java:203)
	at com.sun.javafx.scene.control.behavior.ButtonBehavior.mouseReleased(ButtonBehavior.java:207)
	at com.sun.javafx.scene.control.inputmap.InputMap.handle(InputMap.java:274)
	at com.sun.javafx.event.CompositeEventHandler$NormalEventHandlerRecord.handleBubblingEvent(CompositeEventHandler.java:247)
	at com.sun.javafx.event.CompositeEventHandler.dispatchBubblingEvent(CompositeEventHandler.java:80)
	at com.sun.javafx.event.EventHandlerManager.dispatchBubblingEvent(EventHandlerManager.java:232)
	at com.sun.javafx.event.EventHandlerManager.dispatchBubblingEvent(EventHandlerManager.java:189)
	at com.sun.javafx.event.CompositeEventDispatcher.dispatchBubblingEvent(CompositeEventDispatcher.java:59)
	at com.sun.javafx.event.BasicEventDispatcher.dispatchEvent(BasicEventDispatcher.java:58)
	at com.sun.javafx.event.EventDispatchChainImpl.dispatchEvent(EventDispatchChainImpl.java:114)
	at com.sun.javafx.event.BasicEventDispatcher.dispatchEvent(BasicEventDispatcher.java:56)
	at com.sun.javafx.event.EventDispatchChainImpl.dispatchEvent(EventDispatchChainImpl.java:114)
	at com.sun.javafx.event.BasicEventDispatcher.dispatchEvent(BasicEventDispatcher.java:56)
	at com.sun.javafx.event.EventDispatchChainImpl.dispatchEvent(EventDispatchChainImpl.java:114)
	at com.sun.javafx.event.EventUtil.fireEventImpl(EventUtil.java:74)
	at com.sun.javafx.event.EventUtil.fireEvent(EventUtil.java:54)
	at javafx.event.Event.fireEvent(Event.java:198)
	at javafx.scene.Scene$MouseHandler.process(Scene.java:4033)
	at javafx.scene.Scene.processMouseEvent(Scene.java:1933)
	at javafx.scene.Scene$ScenePeerListener.mouseEvent(Scene.java:2757)
	at com.sun.javafx.tk.quantum.GlassViewEventHandler$MouseEventNotification.run(GlassViewEventHandler.java:411)
	at com.sun.javafx.tk.quantum.GlassViewEventHandler$MouseEventNotification.run(GlassViewEventHandler.java:301)
	at java.base/java.security.AccessController.doPrivileged(AccessController.java:400)
	at com.sun.javafx.tk.quantum.GlassViewEventHandler.lambda$handleMouseEvent$2(GlassViewEventHandler.java:450)
	at com.sun.javafx.tk.quantum.QuantumToolkit.runWithoutRenderLock(QuantumToolkit.java:436)
	at com.sun.javafx.tk.quantum.GlassViewEventHandler.handleMouseEvent(GlassViewEventHandler.java:449)
	at com.sun.glass.ui.View.handleMouseEvent(View.java:551)
	at com.sun.glass.ui.View.notifyMouse(View.java:937)
	at com.sun.glass.ui.monocle.MonocleView.notifyMouse(MonocleView.java:116)
	at java.base/jdk.internal.reflect.DirectMethodHandleAccessor.invoke(DirectMethodHandleAccessor.java:103)
	... 21 common frames omitted
2026-04-09 21:13:19,822 [ERROR] from com.jpro.meta.tk.SceneInputListener in JavaFX Application Thread - Error while processing the input: MouseEventToken(MouseMoved,373.6000061035156,52.79999923706055,MouseButtonToken(2),false,false,false,false,false,false,false,false) app: stage title: Visual Product Discovery & Shopping Management System
java.lang.reflect.InvocationTargetException: null
	at java.base/jdk.internal.reflect.DirectMethodHandleAccessor.invoke(DirectMethodHandleAccessor.java:118)
	at java.base/java.lang.reflect.Method.invoke(Method.java:580)
	at simplefx.util.ReflectionUtil$UseReflection.applyDynamic(ReflectionUtil.scala:21)
	at com.jpro.meta.tk.SceneInputListener.processInputInScene(SceneInputListener.scala:304)
	at com.jpro.meta.tk.SceneInputListener.processInput(SceneInputListener.scala:206)
	at com.jpro.meta.tk.SceneInputListener.processInputs(SceneInputListener.scala:133)
	at com.jpro.meta.tk.SceneInputListener.processOrRequest(SceneInputListener.scala:41)
	at com.jpro.meta.tk.SceneInputListener.$anonfun$processOrRequest$2(SceneInputListener.scala:48)
	at scala.runtime.java8.JFunction0$mcV$sp.apply(JFunction0$mcV$sp.java:23)
	at simplefx.cores.standard.parts.CoreTimeEvent$$anon$3.run(CoreTimeEvent.scala:62)
	at com.sun.javafx.application.PlatformImpl.lambda$runLater$10(PlatformImpl.java:457)
	at java.base/java.security.AccessController.doPrivileged(AccessController.java:400)
	at com.sun.javafx.application.PlatformImpl.lambda$runLater$11(PlatformImpl.java:456)
	at com.sun.glass.ui.monocle.RunnableProcessor.runLoop(RunnableProcessor.java:92)
	at com.sun.glass.ui.monocle.RunnableProcessor.run(RunnableProcessor.java:51)
	at java.base/java.lang.Thread.run(Thread.java:1583)
Caused by: java.lang.reflect.InvocationTargetException: null
	at java.base/jdk.internal.reflect.DirectMethodHandleAccessor.invoke(DirectMethodHandleAccessor.java:118)
	at java.base/java.lang.reflect.Method.invoke(Method.java:580)
	at simplefx.util.ReflectionUtil$UseReflection.applyDynamic(ReflectionUtil.scala:21)
	at com.sun.glass.ui.monocle.input.fork.NativeMouseInput.notifyMouse(NativeMouseInput.scala:330)
	at com.sun.glass.ui.monocle.input.fork.NativeMouseInput.postMouseEvent(NativeMouseInput.scala:226)
	at com.sun.glass.ui.monocle.input.fork.NativeMouseInput.setState(NativeMouseInput.scala:186)
	at java.base/jdk.internal.reflect.DirectMethodHandleAccessor.invoke(DirectMethodHandleAccessor.java:103)
	... 15 common frames omitted
Caused by: java.lang.UnsupportedOperationException: null
	at com.sun.glass.ui.monocle.MonocleApplication.staticCommonDialogs_showFileChooser(MonocleApplication.java:273)
	at com.sun.glass.ui.CommonDialogs.showFileChooser(CommonDialogs.java:213)
	at com.sun.javafx.tk.quantum.QuantumToolkit.showFileChooser(QuantumToolkit.java:1737)
	at javafx.stage.FileChooser.showDialog(FileChooser.java:396)
	at javafx.stage.FileChooser.showOpenDialog(FileChooser.java:331)
	at com.visualshop.controller.ShopController.openVisualSearch(ShopController.java:817)
	at com.visualshop.controller.ShopController.lambda$buildNavbar$6(ShopController.java:172)
	at com.sun.javafx.event.CompositeEventHandler.dispatchBubblingEvent(CompositeEventHandler.java:86)
	at com.sun.javafx.event.EventHandlerManager.dispatchBubblingEvent(EventHandlerManager.java:232)
	at com.sun.javafx.event.EventHandlerManager.dispatchBubblingEvent(EventHandlerManager.java:189)
	at com.sun.javafx.event.CompositeEventDispatcher.dispatchBubblingEvent(CompositeEventDispatcher.java:59)
	at com.sun.javafx.event.BasicEventDispatcher.dispatchEvent(BasicEventDispatcher.java:58)
	at com.sun.javafx.event.EventDispatchChainImpl.dispatchEvent(EventDispatchChainImpl.java:114)
	at com.sun.javafx.event.BasicEventDispatcher.dispatchEvent(BasicEventDispatcher.java:56)
	at com.sun.javafx.event.EventDispatchChainImpl.dispatchEvent(EventDispatchChainImpl.java:114)
	at com.sun.javafx.event.BasicEventDispatcher.dispatchEvent(BasicEventDispatcher.java:56)
	at com.sun.javafx.event.EventDispatchChainImpl.dispatchEvent(EventDispatchChainImpl.java:114)
	at com.sun.javafx.event.EventUtil.fireEventImpl(EventUtil.java:74)
	at com.sun.javafx.event.EventUtil.fireEvent(EventUtil.java:49)
	at javafx.event.Event.fireEvent(Event.java:198)
	at javafx.scene.Node.fireEvent(Node.java:8917)
	at javafx.scene.control.Button.fire(Button.java:203)
	at com.sun.javafx.scene.control.behavior.ButtonBehavior.mouseReleased(ButtonBehavior.java:207)
	at com.sun.javafx.scene.control.inputmap.InputMap.handle(InputMap.java:274)
	at com.sun.javafx.event.CompositeEventHandler$NormalEventHandlerRecord.handleBubblingEvent(CompositeEventHandler.java:247)
	at com.sun.javafx.event.CompositeEventHandler.dispatchBubblingEvent(CompositeEventHandler.java:80)
	at com.sun.javafx.event.EventHandlerManager.dispatchBubblingEvent(EventHandlerManager.java:232)
	at com.sun.javafx.event.EventHandlerManager.dispatchBubblingEvent(EventHandlerManager.java:189)
	at com.sun.javafx.event.CompositeEventDispatcher.dispatchBubblingEvent(CompositeEventDispatcher.java:59)
	at com.sun.javafx.event.BasicEventDispatcher.dispatchEvent(BasicEventDispatcher.java:58)
	at com.sun.javafx.event.EventDispatchChainImpl.dispatchEvent(EventDispatchChainImpl.java:114)
	at com.sun.javafx.event.BasicEventDispatcher.dispatchEvent(BasicEventDispatcher.java:56)
	at com.sun.javafx.event.EventDispatchChainImpl.dispatchEvent(EventDispatchChainImpl.java:114)
	at com.sun.javafx.event.BasicEventDispatcher.dispatchEvent(BasicEventDispatcher.java:56)
	at com.sun.javafx.event.EventDispatchChainImpl.dispatchEvent(EventDispatchChainImpl.java:114)
	at com.sun.javafx.event.EventUtil.fireEventImpl(EventUtil.java:74)
	at com.sun.javafx.event.EventUtil.fireEvent(EventUtil.java:54)
	at javafx.event.Event.fireEvent(Event.java:198)
	at javafx.scene.Scene$MouseHandler.process(Scene.java:4033)
	at javafx.scene.Scene.processMouseEvent(Scene.java:1933)
	at javafx.scene.Scene$ScenePeerListener.mouseEvent(Scene.java:2757)
	at com.sun.javafx.tk.quantum.GlassViewEventHandler$MouseEventNotification.run(GlassViewEventHandler.java:411)
	at com.sun.javafx.tk.quantum.GlassViewEventHandler$MouseEventNotification.run(GlassViewEventHandler.java:301)
	at java.base/java.security.AccessController.doPrivileged(AccessController.java:400)
	at com.sun.javafx.tk.quantum.GlassViewEventHandler.lambda$handleMouseEvent$2(GlassViewEventHandler.java:450)
	at com.sun.javafx.tk.quantum.QuantumToolkit.runWithoutRenderLock(QuantumToolkit.java:436)
	at com.sun.javafx.tk.quantum.GlassViewEventHandler.handleMouseEvent(GlassViewEventHandler.java:449)
	at com.sun.glass.ui.View.handleMouseEvent(View.java:551)
	at com.sun.glass.ui.View.notifyMouse(View.java:937)
	at com.sun.glass.ui.monocle.MonocleView.notifyMouse(MonocleView.java:116)
	at java.base/jdk.internal.reflect.DirectMethodHandleAccessor.invoke(DirectMethodHandleAccessor.java:103)
	... 21 common frames omitted
2026-04-09 21:13:44,194 [ERROR] from com.jpro.meta.tk.SceneInputListener in JavaFX Application Thread - Error while processing the input: MouseEventToken(MouseReleased,260.0,29.600000381469727,MouseButtonToken(3),false,false,false,false,false,false,false,false) app: stage title: Visual Product Discovery & Shopping Management System
java.lang.reflect.InvocationTargetException: null
	at java.base/jdk.internal.reflect.DirectMethodHandleAccessor.invoke(DirectMethodHandleAccessor.java:118)
	at java.base/java.lang.reflect.Method.invoke(Method.java:580)
	at simplefx.util.ReflectionUtil$UseReflection.applyDynamic(ReflectionUtil.scala:21)
	at com.jpro.meta.tk.SceneInputListener.processInputInScene(SceneInputListener.scala:304)
	at com.jpro.meta.tk.SceneInputListener.processInput(SceneInputListener.scala:203)
	at com.jpro.meta.tk.SceneInputListener.processInputs(SceneInputListener.scala:133)
	at com.jpro.meta.tk.SceneInputListener.processOrRequest(SceneInputListener.scala:41)
	at com.jpro.meta.tk.SceneInputListener.$anonfun$new$4(SceneInputListener.scala:59)
	at scala.runtime.java8.JFunction0$mcV$sp.apply(JFunction0$mcV$sp.java:23)
	at simplefx.cores.standard.parts.CoreTimeEvent$$anon$3.run(CoreTimeEvent.scala:62)
	at com.sun.javafx.application.PlatformImpl.lambda$runLater$10(PlatformImpl.java:457)
	at java.base/java.security.AccessController.doPrivileged(AccessController.java:400)
	at com.sun.javafx.application.PlatformImpl.lambda$runLater$11(PlatformImpl.java:456)
	at com.sun.glass.ui.monocle.RunnableProcessor.runLoop(RunnableProcessor.java:92)
	at com.sun.glass.ui.monocle.RunnableProcessor.run(RunnableProcessor.java:51)
	at java.base/java.lang.Thread.run(Thread.java:1583)
Caused by: java.lang.reflect.InvocationTargetException: null
	at java.base/jdk.internal.reflect.DirectMethodHandleAccessor.invoke(DirectMethodHandleAccessor.java:118)
	at java.base/java.lang.reflect.Method.invoke(Method.java:580)
	at simplefx.util.ReflectionUtil$UseReflection.applyDynamic(ReflectionUtil.scala:21)
	at com.sun.glass.ui.monocle.input.fork.NativeMouseInput.notifyMouse(NativeMouseInput.scala:330)
	at com.sun.glass.ui.monocle.input.fork.NativeMouseInput.postMouseEvent(NativeMouseInput.scala:226)
	at com.sun.glass.ui.monocle.input.fork.NativeMouseInput.setState(NativeMouseInput.scala:186)
	at java.base/jdk.internal.reflect.DirectMethodHandleAccessor.invoke(DirectMethodHandleAccessor.java:103)
	... 15 common frames omitted
Caused by: java.lang.UnsupportedOperationException: null
	at com.sun.glass.ui.monocle.MonocleApplication.staticCommonDialogs_showFileChooser(MonocleApplication.java:273)
	at com.sun.glass.ui.CommonDialogs.showFileChooser(CommonDialogs.java:213)
	at com.sun.javafx.tk.quantum.QuantumToolkit.showFileChooser(QuantumToolkit.java:1737)
	at javafx.stage.FileChooser.showDialog(FileChooser.java:396)
	at javafx.stage.FileChooser.showOpenDialog(FileChooser.java:331)
	at com.visualshop.controller.ShopController.openVisualSearch(ShopController.java:817)
	at com.visualshop.controller.ShopController.lambda$buildNavbar$6(ShopController.java:172)
	at com.sun.javafx.event.CompositeEventHandler.dispatchBubblingEvent(CompositeEventHandler.java:86)
	at com.sun.javafx.event.EventHandlerManager.dispatchBubblingEvent(EventHandlerManager.java:232)
	at com.sun.javafx.event.EventHandlerManager.dispatchBubblingEvent(EventHandlerManager.java:189)
	at com.sun.javafx.event.CompositeEventDispatcher.dispatchBubblingEvent(CompositeEventDispatcher.java:59)
	at com.sun.javafx.event.BasicEventDispatcher.dispatchEvent(BasicEventDispatcher.java:58)
	at com.sun.javafx.event.EventDispatchChainImpl.dispatchEvent(EventDispatchChainImpl.java:114)
	at com.sun.javafx.event.BasicEventDispatcher.dispatchEvent(BasicEventDispatcher.java:56)
	at com.sun.javafx.event.EventDispatchChainImpl.dispatchEvent(EventDispatchChainImpl.java:114)
	at com.sun.javafx.event.BasicEventDispatcher.dispatchEvent(BasicEventDispatcher.java:56)
	at com.sun.javafx.event.EventDispatchChainImpl.dispatchEvent(EventDispatchChainImpl.java:114)
	at com.sun.javafx.event.EventUtil.fireEventImpl(EventUtil.java:74)
	at com.sun.javafx.event.EventUtil.fireEvent(EventUtil.java:49)
	at javafx.event.Event.fireEvent(Event.java:198)
	at javafx.scene.Node.fireEvent(Node.java:8917)
	at javafx.scene.control.Button.fire(Button.java:203)
	at com.sun.javafx.scene.control.behavior.ButtonBehavior.mouseReleased(ButtonBehavior.java:207)
	at com.sun.javafx.scene.control.inputmap.InputMap.handle(InputMap.java:274)
	at com.sun.javafx.event.CompositeEventHandler$NormalEventHandlerRecord.handleBubblingEvent(CompositeEventHandler.java:247)
	at com.sun.javafx.event.CompositeEventHandler.dispatchBubblingEvent(CompositeEventHandler.java:80)
	at com.sun.javafx.event.EventHandlerManager.dispatchBubblingEvent(EventHandlerManager.java:232)
	at com.sun.javafx.event.EventHandlerManager.dispatchBubblingEvent(EventHandlerManager.java:189)
	at com.sun.javafx.event.CompositeEventDispatcher.dispatchBubblingEvent(CompositeEventDispatcher.java:59)
	at com.sun.javafx.event.BasicEventDispatcher.dispatchEvent(BasicEventDispatcher.java:58)
	at com.sun.javafx.event.EventDispatchChainImpl.dispatchEvent(EventDispatchChainImpl.java:114)
	at com.sun.javafx.event.BasicEventDispatcher.dispatchEvent(BasicEventDispatcher.java:56)
	at com.sun.javafx.event.EventDispatchChainImpl.dispatchEvent(EventDispatchChainImpl.java:114)
	at com.sun.javafx.event.BasicEventDispatcher.dispatchEvent(BasicEventDispatcher.java:56)
	at com.sun.javafx.event.EventDispatchChainImpl.dispatchEvent(EventDispatchChainImpl.java:114)
	at com.sun.javafx.event.EventUtil.fireEventImpl(EventUtil.java:74)
	at com.sun.javafx.event.EventUtil.fireEvent(EventUtil.java:54)
	at javafx.event.Event.fireEvent(Event.java:198)
	at javafx.scene.Scene$MouseHandler.process(Scene.java:4033)
	at javafx.scene.Scene.processMouseEvent(Scene.java:1933)
	at javafx.scene.Scene$ScenePeerListener.mouseEvent(Scene.java:2757)
	at com.sun.javafx.tk.quantum.GlassViewEventHandler$MouseEventNotification.run(GlassViewEventHandler.java:411)
	at com.sun.javafx.tk.quantum.GlassViewEventHandler$MouseEventNotification.run(GlassViewEventHandler.java:301)
	at java.base/java.security.AccessController.doPrivileged(AccessController.java:400)
	at com.sun.javafx.tk.quantum.GlassViewEventHandler.lambda$handleMouseEvent$2(GlassViewEventHandler.java:450)
	at com.sun.javafx.tk.quantum.QuantumToolkit.runWithoutRenderLock(QuantumToolkit.java:436)
	at com.sun.javafx.tk.quantum.GlassViewEventHandler.handleMouseEvent(GlassViewEventHandler.java:449)
	at com.sun.glass.ui.View.handleMouseEvent(View.java:551)
	at com.sun.glass.ui.View.notifyMouse(View.java:937)
	at com.sun.glass.ui.monocle.MonocleView.notifyMouse(MonocleView.java:116)
	at java.base/jdk.internal.reflect.DirectMethodHandleAccessor.invoke(DirectMethodHandleAccessor.java:103)
	... 21 common frames omitted
2026-04-09 21:13:44,336 [ERROR] from com.jpro.meta.tk.SceneInputListener in JavaFX Application Thread - Error while processing the input: MouseEventToken(MouseReleased,260.0,29.600000381469727,MouseButtonToken(3),false,false,false,false,false,false,false,false) app: stage title: Visual Product Discovery & Shopping Management System
java.lang.reflect.InvocationTargetException: null
	at java.base/jdk.internal.reflect.DirectMethodHandleAccessor.invoke(DirectMethodHandleAccessor.java:118)
	at java.base/java.lang.reflect.Method.invoke(Method.java:580)
	at simplefx.util.ReflectionUtil$UseReflection.applyDynamic(ReflectionUtil.scala:21)
	at com.jpro.meta.tk.SceneInputListener.processInputInScene(SceneInputListener.scala:304)
	at com.jpro.meta.tk.SceneInputListener.processInput(SceneInputListener.scala:203)
	at com.jpro.meta.tk.SceneInputListener.processInputs(SceneInputListener.scala:133)
	at com.jpro.meta.tk.SceneInputListener.processOrRequest(SceneInputListener.scala:41)
	at com.jpro.meta.tk.SceneInputListener.$anonfun$new$4(SceneInputListener.scala:59)
	at scala.runtime.java8.JFunction0$mcV$sp.apply(JFunction0$mcV$sp.java:23)
	at simplefx.cores.standard.parts.CoreTimeEvent$$anon$3.run(CoreTimeEvent.scala:62)
	at com.sun.javafx.application.PlatformImpl.lambda$runLater$10(PlatformImpl.java:457)
	at java.base/java.security.AccessController.doPrivileged(AccessController.java:400)
	at com.sun.javafx.application.PlatformImpl.lambda$runLater$11(PlatformImpl.java:456)
	at com.sun.glass.ui.monocle.RunnableProcessor.runLoop(RunnableProcessor.java:92)
	at com.sun.glass.ui.monocle.RunnableProcessor.run(RunnableProcessor.java:51)
	at java.base/java.lang.Thread.run(Thread.java:1583)
Caused by: java.lang.reflect.InvocationTargetException: null
	at java.base/jdk.internal.reflect.DirectMethodHandleAccessor.invoke(DirectMethodHandleAccessor.java:118)
	at java.base/java.lang.reflect.Method.invoke(Method.java:580)
	at simplefx.util.ReflectionUtil$UseReflection.applyDynamic(ReflectionUtil.scala:21)
	at com.sun.glass.ui.monocle.input.fork.NativeMouseInput.notifyMouse(NativeMouseInput.scala:330)
	at com.sun.glass.ui.monocle.input.fork.NativeMouseInput.postMouseEvent(NativeMouseInput.scala:226)
	at com.sun.glass.ui.monocle.input.fork.NativeMouseInput.setState(NativeMouseInput.scala:186)
	at java.base/jdk.internal.reflect.DirectMethodHandleAccessor.invoke(DirectMethodHandleAccessor.java:103)
	... 15 common frames omitted
Caused by: java.lang.UnsupportedOperationException: null
	at com.sun.glass.ui.monocle.MonocleApplication.staticCommonDialogs_showFileChooser(MonocleApplication.java:273)
	at com.sun.glass.ui.CommonDialogs.showFileChooser(CommonDialogs.java:213)
	at com.sun.javafx.tk.quantum.QuantumToolkit.showFileChooser(QuantumToolkit.java:1737)
	at javafx.stage.FileChooser.showDialog(FileChooser.java:396)
	at javafx.stage.FileChooser.showOpenDialog(FileChooser.java:331)
	at com.visualshop.controller.ShopController.openVisualSearch(ShopController.java:817)
	at com.visualshop.controller.ShopController.lambda$buildNavbar$6(ShopController.java:172)
	at com.sun.javafx.event.CompositeEventHandler.dispatchBubblingEvent(CompositeEventHandler.java:86)
	at com.sun.javafx.event.EventHandlerManager.dispatchBubblingEvent(EventHandlerManager.java:232)
	at com.sun.javafx.event.EventHandlerManager.dispatchBubblingEvent(EventHandlerManager.java:189)
	at com.sun.javafx.event.CompositeEventDispatcher.dispatchBubblingEvent(CompositeEventDispatcher.java:59)
	at com.sun.javafx.event.BasicEventDispatcher.dispatchEvent(BasicEventDispatcher.java:58)
	at com.sun.javafx.event.EventDispatchChainImpl.dispatchEvent(EventDispatchChainImpl.java:114)
	at com.sun.javafx.event.BasicEventDispatcher.dispatchEvent(BasicEventDispatcher.java:56)
	at com.sun.javafx.event.EventDispatchChainImpl.dispatchEvent(EventDispatchChainImpl.java:114)
	at com.sun.javafx.event.BasicEventDispatcher.dispatchEvent(BasicEventDispatcher.java:56)
	at com.sun.javafx.event.EventDispatchChainImpl.dispatchEvent(EventDispatchChainImpl.java:114)
	at com.sun.javafx.event.EventUtil.fireEventImpl(EventUtil.java:74)
	at com.sun.javafx.event.EventUtil.fireEvent(EventUtil.java:49)
	at javafx.event.Event.fireEvent(Event.java:198)
	at javafx.scene.Node.fireEvent(Node.java:8917)
	at javafx.scene.control.Button.fire(Button.java:203)
	at com.sun.javafx.scene.control.behavior.ButtonBehavior.mouseReleased(ButtonBehavior.java:207)
	at com.sun.javafx.scene.control.inputmap.InputMap.handle(InputMap.java:274)
	at com.sun.javafx.event.CompositeEventHandler$NormalEventHandlerRecord.handleBubblingEvent(CompositeEventHandler.java:247)
	at com.sun.javafx.event.CompositeEventHandler.dispatchBubblingEvent(CompositeEventHandler.java:80)
	at com.sun.javafx.event.EventHandlerManager.dispatchBubblingEvent(EventHandlerManager.java:232)
	at com.sun.javafx.event.EventHandlerManager.dispatchBubblingEvent(EventHandlerManager.java:189)
	at com.sun.javafx.event.CompositeEventDispatcher.dispatchBubblingEvent(CompositeEventDispatcher.java:59)
	at com.sun.javafx.event.BasicEventDispatcher.dispatchEvent(BasicEventDispatcher.java:58)
	at com.sun.javafx.event.EventDispatchChainImpl.dispatchEvent(EventDispatchChainImpl.java:114)
	at com.sun.javafx.event.BasicEventDispatcher.dispatchEvent(BasicEventDispatcher.java:56)
	at com.sun.javafx.event.EventDispatchChainImpl.dispatchEvent(EventDispatchChainImpl.java:114)
	at com.sun.javafx.event.BasicEventDispatcher.dispatchEvent(BasicEventDispatcher.java:56)
	at com.sun.javafx.event.EventDispatchChainImpl.dispatchEvent(EventDispatchChainImpl.java:114)
	at com.sun.javafx.event.EventUtil.fireEventImpl(EventUtil.java:74)
	at com.sun.javafx.event.EventUtil.fireEvent(EventUtil.java:54)
	at javafx.event.Event.fireEvent(Event.java:198)
	at javafx.scene.Scene$MouseHandler.process(Scene.java:4033)
	at javafx.scene.Scene.processMouseEvent(Scene.java:1933)
	at javafx.scene.Scene$ScenePeerListener.mouseEvent(Scene.java:2757)
	at com.sun.javafx.tk.quantum.GlassViewEventHandler$MouseEventNotification.run(GlassViewEventHandler.java:411)
	at com.sun.javafx.tk.quantum.GlassViewEventHandler$MouseEventNotification.run(GlassViewEventHandler.java:301)
	at java.base/java.security.AccessController.doPrivileged(AccessController.java:400)
	at com.sun.javafx.tk.quantum.GlassViewEventHandler.lambda$handleMouseEvent$2(GlassViewEventHandler.java:450)
	at com.sun.javafx.tk.quantum.QuantumToolkit.runWithoutRenderLock(QuantumToolkit.java:436)
	at com.sun.javafx.tk.quantum.GlassViewEventHandler.handleMouseEvent(GlassViewEventHandler.java:449)
	at com.sun.glass.ui.View.handleMouseEvent(View.java:551)
	at com.sun.glass.ui.View.notifyMouse(View.java:937)
	at com.sun.glass.ui.monocle.MonocleView.notifyMouse(MonocleView.java:116)
	at java.base/jdk.internal.reflect.DirectMethodHandleAccessor.invoke(DirectMethodHandleAccessor.java:103)
	... 21 common frames omitted
2026-04-09 21:13:44,461 [ERROR] from com.jpro.meta.tk.SceneInputListener in JavaFX Application Thread - Error while processing the input: MouseEventToken(MouseReleased,260.0,29.600000381469727,MouseButtonToken(3),false,false,false,false,false,false,false,false) app: stage title: Visual Product Discovery & Shopping Management System
java.lang.reflect.InvocationTargetException: null
	at java.base/jdk.internal.reflect.DirectMethodHandleAccessor.invoke(DirectMethodHandleAccessor.java:118)
	at java.base/java.lang.reflect.Method.invoke(Method.java:580)
	at simplefx.util.ReflectionUtil$UseReflection.applyDynamic(ReflectionUtil.scala:21)
	at com.jpro.meta.tk.SceneInputListener.processInputInScene(SceneInputListener.scala:304)
	at com.jpro.meta.tk.SceneInputListener.processInput(SceneInputListener.scala:203)
	at com.jpro.meta.tk.SceneInputListener.processInputs(SceneInputListener.scala:133)
	at com.jpro.meta.tk.SceneInputListener.processOrRequest(SceneInputListener.scala:41)
	at com.jpro.meta.tk.SceneInputListener.$anonfun$new$4(SceneInputListener.scala:59)
	at scala.runtime.java8.JFunction0$mcV$sp.apply(JFunction0$mcV$sp.java:23)
	at simplefx.cores.standard.parts.CoreTimeEvent$$anon$3.run(CoreTimeEvent.scala:62)
	at com.sun.javafx.application.PlatformImpl.lambda$runLater$10(PlatformImpl.java:457)
	at java.base/java.security.AccessController.doPrivileged(AccessController.java:400)
	at com.sun.javafx.application.PlatformImpl.lambda$runLater$11(PlatformImpl.java:456)
	at com.sun.glass.ui.monocle.RunnableProcessor.runLoop(RunnableProcessor.java:92)
	at com.sun.glass.ui.monocle.RunnableProcessor.run(RunnableProcessor.java:51)
	at java.base/java.lang.Thread.run(Thread.java:1583)
Caused by: java.lang.reflect.InvocationTargetException: null
	at java.base/jdk.internal.reflect.DirectMethodHandleAccessor.invoke(DirectMethodHandleAccessor.java:118)
	at java.base/java.lang.reflect.Method.invoke(Method.java:580)
	at simplefx.util.ReflectionUtil$UseReflection.applyDynamic(ReflectionUtil.scala:21)
	at com.sun.glass.ui.monocle.input.fork.NativeMouseInput.notifyMouse(NativeMouseInput.scala:330)
	at com.sun.glass.ui.monocle.input.fork.NativeMouseInput.postMouseEvent(NativeMouseInput.scala:226)
	at com.sun.glass.ui.monocle.input.fork.NativeMouseInput.setState(NativeMouseInput.scala:186)
	at java.base/jdk.internal.reflect.DirectMethodHandleAccessor.invoke(DirectMethodHandleAccessor.java:103)
	... 15 common frames omitted
Caused by: java.lang.UnsupportedOperationException: null
	at com.sun.glass.ui.monocle.MonocleApplication.staticCommonDialogs_showFileChooser(MonocleApplication.java:273)
	at com.sun.glass.ui.CommonDialogs.showFileChooser(CommonDialogs.java:213)
	at com.sun.javafx.tk.quantum.QuantumToolkit.showFileChooser(QuantumToolkit.java:1737)
	at javafx.stage.FileChooser.showDialog(FileChooser.java:396)
	at javafx.stage.FileChooser.showOpenDialog(FileChooser.java:331)
	at com.visualshop.controller.ShopController.openVisualSearch(ShopController.java:817)
	at com.visualshop.controller.ShopController.lambda$buildNavbar$6(ShopController.java:172)
	at com.sun.javafx.event.CompositeEventHandler.dispatchBubblingEvent(CompositeEventHandler.java:86)
	at com.sun.javafx.event.EventHandlerManager.dispatchBubblingEvent(EventHandlerManager.java:232)
	at com.sun.javafx.event.EventHandlerManager.dispatchBubblingEvent(EventHandlerManager.java:189)
	at com.sun.javafx.event.CompositeEventDispatcher.dispatchBubblingEvent(CompositeEventDispatcher.java:59)
	at com.sun.javafx.event.BasicEventDispatcher.dispatchEvent(BasicEventDispatcher.java:58)
	at com.sun.javafx.event.EventDispatchChainImpl.dispatchEvent(EventDispatchChainImpl.java:114)
	at com.sun.javafx.event.BasicEventDispatcher.dispatchEvent(BasicEventDispatcher.java:56)
	at com.sun.javafx.event.EventDispatchChainImpl.dispatchEvent(EventDispatchChainImpl.java:114)
	at com.sun.javafx.event.BasicEventDispatcher.dispatchEvent(BasicEventDispatcher.java:56)
	at com.sun.javafx.event.EventDispatchChainImpl.dispatchEvent(EventDispatchChainImpl.java:114)
	at com.sun.javafx.event.EventUtil.fireEventImpl(EventUtil.java:74)
	at com.sun.javafx.event.EventUtil.fireEvent(EventUtil.java:49)
	at javafx.event.Event.fireEvent(Event.java:198)
	at javafx.scene.Node.fireEvent(Node.java:8917)
	at javafx.scene.control.Button.fire(Button.java:203)
	at com.sun.javafx.scene.control.behavior.ButtonBehavior.mouseReleased(ButtonBehavior.java:207)
	at com.sun.javafx.scene.control.inputmap.InputMap.handle(InputMap.java:274)
	at com.sun.javafx.event.CompositeEventHandler$NormalEventHandlerRecord.handleBubblingEvent(CompositeEventHandler.java:247)
	at com.sun.javafx.event.CompositeEventHandler.dispatchBubblingEvent(CompositeEventHandler.java:80)
	at com.sun.javafx.event.EventHandlerManager.dispatchBubblingEvent(EventHandlerManager.java:232)
	at com.sun.javafx.event.EventHandlerManager.dispatchBubblingEvent(EventHandlerManager.java:189)
	at com.sun.javafx.event.CompositeEventDispatcher.dispatchBubblingEvent(CompositeEventDispatcher.java:59)
	at com.sun.javafx.event.BasicEventDispatcher.dispatchEvent(BasicEventDispatcher.java:58)
	at com.sun.javafx.event.EventDispatchChainImpl.dispatchEvent(EventDispatchChainImpl.java:114)
	at com.sun.javafx.event.BasicEventDispatcher.dispatchEvent(BasicEventDispatcher.java:56)
	at com.sun.javafx.event.EventDispatchChainImpl.dispatchEvent(EventDispatchChainImpl.java:114)
	at com.sun.javafx.event.BasicEventDispatcher.dispatchEvent(BasicEventDispatcher.java:56)
	at com.sun.javafx.event.EventDispatchChainImpl.dispatchEvent(EventDispatchChainImpl.java:114)
	at com.sun.javafx.event.EventUtil.fireEventImpl(EventUtil.java:74)
	at com.sun.javafx.event.EventUtil.fireEvent(EventUtil.java:54)
	at javafx.event.Event.fireEvent(Event.java:198)
	at javafx.scene.Scene$MouseHandler.process(Scene.java:4033)
	at javafx.scene.Scene.processMouseEvent(Scene.java:1933)
	at javafx.scene.Scene$ScenePeerListener.mouseEvent(Scene.java:2757)
	at com.sun.javafx.tk.quantum.GlassViewEventHandler$MouseEventNotification.run(GlassViewEventHandler.java:411)
	at com.sun.javafx.tk.quantum.GlassViewEventHandler$MouseEventNotification.run(GlassViewEventHandler.java:301)
	at java.base/java.security.AccessController.doPrivileged(AccessController.java:400)
	at com.sun.javafx.tk.quantum.GlassViewEventHandler.lambda$handleMouseEvent$2(GlassViewEventHandler.java:450)
	at com.sun.javafx.tk.quantum.QuantumToolkit.runWithoutRenderLock(QuantumToolkit.java:436)
	at com.sun.javafx.tk.quantum.GlassViewEventHandler.handleMouseEvent(GlassViewEventHandler.java:449)
	at com.sun.glass.ui.View.handleMouseEvent(View.java:551)
	at com.sun.glass.ui.View.notifyMouse(View.java:937)
	at com.sun.glass.ui.monocle.MonocleView.notifyMouse(MonocleView.java:116)
	at java.base/jdk.internal.reflect.DirectMethodHandleAccessor.invoke(DirectMethodHandleAccessor.java:103)
	... 21 common frames omitted
2026-04-09 21:13:44,582 [ERROR] from com.jpro.meta.tk.SceneInputListener in JavaFX Application Thread - Error while processing the input: MouseEventToken(MouseReleased,260.0,29.600000381469727,MouseButtonToken(3),false,false,false,false,false,false,false,false) app: stage title: Visual Product Discovery & Shopping Management System
java.lang.reflect.InvocationTargetException: null
	at java.base/jdk.internal.reflect.DirectMethodHandleAccessor.invoke(DirectMethodHandleAccessor.java:118)
	at java.base/java.lang.reflect.Method.invoke(Method.java:580)
	at simplefx.util.ReflectionUtil$UseReflection.applyDynamic(ReflectionUtil.scala:21)
	at com.jpro.meta.tk.SceneInputListener.processInputInScene(SceneInputListener.scala:304)
	at com.jpro.meta.tk.SceneInputListener.processInput(SceneInputListener.scala:203)
	at com.jpro.meta.tk.SceneInputListener.processInputs(SceneInputListener.scala:133)
	at com.jpro.meta.tk.SceneInputListener.processOrRequest(SceneInputListener.scala:41)
	at com.jpro.meta.tk.SceneInputListener.$anonfun$new$4(SceneInputListener.scala:59)
	at scala.runtime.java8.JFunction0$mcV$sp.apply(JFunction0$mcV$sp.java:23)
	at simplefx.cores.standard.parts.CoreTimeEvent$$anon$3.run(CoreTimeEvent.scala:62)
	at com.sun.javafx.application.PlatformImpl.lambda$runLater$10(PlatformImpl.java:457)
	at java.base/java.security.AccessController.doPrivileged(AccessController.java:400)
	at com.sun.javafx.application.PlatformImpl.lambda$runLater$11(PlatformImpl.java:456)
	at com.sun.glass.ui.monocle.RunnableProcessor.runLoop(RunnableProcessor.java:92)
	at com.sun.glass.ui.monocle.RunnableProcessor.run(RunnableProcessor.java:51)
	at java.base/java.lang.Thread.run(Thread.java:1583)
Caused by: java.lang.reflect.InvocationTargetException: null
	at java.base/jdk.internal.reflect.DirectMethodHandleAccessor.invoke(DirectMethodHandleAccessor.java:118)
	at java.base/java.lang.reflect.Method.invoke(Method.java:580)
	at simplefx.util.ReflectionUtil$UseReflection.applyDynamic(ReflectionUtil.scala:21)
	at com.sun.glass.ui.monocle.input.fork.NativeMouseInput.notifyMouse(NativeMouseInput.scala:330)
	at com.sun.glass.ui.monocle.input.fork.NativeMouseInput.postMouseEvent(NativeMouseInput.scala:226)
	at com.sun.glass.ui.monocle.input.fork.NativeMouseInput.setState(NativeMouseInput.scala:186)
	at java.base/jdk.internal.reflect.DirectMethodHandleAccessor.invoke(DirectMethodHandleAccessor.java:103)
	... 15 common frames omitted
Caused by: java.lang.UnsupportedOperationException: null
	at com.sun.glass.ui.monocle.MonocleApplication.staticCommonDialogs_showFileChooser(MonocleApplication.java:273)
	at com.sun.glass.ui.CommonDialogs.showFileChooser(CommonDialogs.java:213)
	at com.sun.javafx.tk.quantum.QuantumToolkit.showFileChooser(QuantumToolkit.java:1737)
	at javafx.stage.FileChooser.showDialog(FileChooser.java:396)
	at javafx.stage.FileChooser.showOpenDialog(FileChooser.java:331)
	at com.visualshop.controller.ShopController.openVisualSearch(ShopController.java:817)
	at com.visualshop.controller.ShopController.lambda$buildNavbar$6(ShopController.java:172)
	at com.sun.javafx.event.CompositeEventHandler.dispatchBubblingEvent(CompositeEventHandler.java:86)
	at com.sun.javafx.event.EventHandlerManager.dispatchBubblingEvent(EventHandlerManager.java:232)
	at com.sun.javafx.event.EventHandlerManager.dispatchBubblingEvent(EventHandlerManager.java:189)
	at com.sun.javafx.event.CompositeEventDispatcher.dispatchBubblingEvent(CompositeEventDispatcher.java:59)
	at com.sun.javafx.event.BasicEventDispatcher.dispatchEvent(BasicEventDispatcher.java:58)
	at com.sun.javafx.event.EventDispatchChainImpl.dispatchEvent(EventDispatchChainImpl.java:114)
	at com.sun.javafx.event.BasicEventDispatcher.dispatchEvent(BasicEventDispatcher.java:56)
	at com.sun.javafx.event.EventDispatchChainImpl.dispatchEvent(EventDispatchChainImpl.java:114)
	at com.sun.javafx.event.BasicEventDispatcher.dispatchEvent(BasicEventDispatcher.java:56)
	at com.sun.javafx.event.EventDispatchChainImpl.dispatchEvent(EventDispatchChainImpl.java:114)
	at com.sun.javafx.event.EventUtil.fireEventImpl(EventUtil.java:74)
	at com.sun.javafx.event.EventUtil.fireEvent(EventUtil.java:49)
	at javafx.event.Event.fireEvent(Event.java:198)
	at javafx.scene.Node.fireEvent(Node.java:8917)
	at javafx.scene.control.Button.fire(Button.java:203)
	at com.sun.javafx.scene.control.behavior.ButtonBehavior.mouseReleased(ButtonBehavior.java:207)
	at com.sun.javafx.scene.control.inputmap.InputMap.handle(InputMap.java:274)
	at com.sun.javafx.event.CompositeEventHandler$NormalEventHandlerRecord.handleBubblingEvent(CompositeEventHandler.java:247)
	at com.sun.javafx.event.CompositeEventHandler.dispatchBubblingEvent(CompositeEventHandler.java:80)
	at com.sun.javafx.event.EventHandlerManager.dispatchBubblingEvent(EventHandlerManager.java:232)
	at com.sun.javafx.event.EventHandlerManager.dispatchBubblingEvent(EventHandlerManager.java:189)
	at com.sun.javafx.event.CompositeEventDispatcher.dispatchBubblingEvent(CompositeEventDispatcher.java:59)
	at com.sun.javafx.event.BasicEventDispatcher.dispatchEvent(BasicEventDispatcher.java:58)
	at com.sun.javafx.event.EventDispatchChainImpl.dispatchEvent(EventDispatchChainImpl.java:114)
	at com.sun.javafx.event.BasicEventDispatcher.dispatchEvent(BasicEventDispatcher.java:56)
	at com.sun.javafx.event.EventDispatchChainImpl.dispatchEvent(EventDispatchChainImpl.java:114)
	at com.sun.javafx.event.BasicEventDispatcher.dispatchEvent(BasicEventDispatcher.java:56)
	at com.sun.javafx.event.EventDispatchChainImpl.dispatchEvent(EventDispatchChainImpl.java:114)
	at com.sun.javafx.event.EventUtil.fireEventImpl(EventUtil.java:74)
	at com.sun.javafx.event.EventUtil.fireEvent(EventUtil.java:54)
	at javafx.event.Event.fireEvent(Event.java:198)
	at javafx.scene.Scene$MouseHandler.process(Scene.java:4033)
	at javafx.scene.Scene.processMouseEvent(Scene.java:1933)
	at javafx.scene.Scene$ScenePeerListener.mouseEvent(Scene.java:2757)
	at com.sun.javafx.tk.quantum.GlassViewEventHandler$MouseEventNotification.run(GlassViewEventHandler.java:411)
	at com.sun.javafx.tk.quantum.GlassViewEventHandler$MouseEventNotification.run(GlassViewEventHandler.java:301)
	at java.base/java.security.AccessController.doPrivileged(AccessController.java:400)
	at com.sun.javafx.tk.quantum.GlassViewEventHandler.lambda$handleMouseEvent$2(GlassViewEventHandler.java:450)
	at com.sun.javafx.tk.quantum.QuantumToolkit.runWithoutRenderLock(QuantumToolkit.java:436)
	at com.sun.javafx.tk.quantum.GlassViewEventHandler.handleMouseEvent(GlassViewEventHandler.java:449)
	at com.sun.glass.ui.View.handleMouseEvent(View.java:551)
	at com.sun.glass.ui.View.notifyMouse(View.java:937)
	at com.sun.glass.ui.monocle.MonocleView.notifyMouse(MonocleView.java:116)
	at java.base/jdk.internal.reflect.DirectMethodHandleAccessor.invoke(DirectMethodHandleAccessor.java:103)
	... 21 common frames omitted
2026-04-09 21:13:44,764 [ERROR] from com.jpro.meta.tk.SceneInputListener in JavaFX Application Thread - Error while processing the input: MouseEventToken(MouseReleased,260.0,29.600000381469727,MouseButtonToken(3),false,false,false,false,false,false,false,false) app: stage title: Visual Product Discovery & Shopping Management System
java.lang.reflect.InvocationTargetException: null
	at java.base/jdk.internal.reflect.DirectMethodHandleAccessor.invoke(DirectMethodHandleAccessor.java:118)
	at java.base/java.lang.reflect.Method.invoke(Method.java:580)
	at simplefx.util.ReflectionUtil$UseReflection.applyDynamic(ReflectionUtil.scala:21)
	at com.jpro.meta.tk.SceneInputListener.processInputInScene(SceneInputListener.scala:304)
	at com.jpro.meta.tk.SceneInputListener.processInput(SceneInputListener.scala:203)
	at com.jpro.meta.tk.SceneInputListener.processInputs(SceneInputListener.scala:133)
	at com.jpro.meta.tk.SceneInputListener.processOrRequest(SceneInputListener.scala:41)
	at com.jpro.meta.tk.SceneInputListener.$anonfun$new$4(SceneInputListener.scala:59)
	at scala.runtime.java8.JFunction0$mcV$sp.apply(JFunction0$mcV$sp.java:23)
	at simplefx.cores.standard.parts.CoreTimeEvent$$anon$3.run(CoreTimeEvent.scala:62)
	at com.sun.javafx.application.PlatformImpl.lambda$runLater$10(PlatformImpl.java:457)
	at java.base/java.security.AccessController.doPrivileged(AccessController.java:400)
	at com.sun.javafx.application.PlatformImpl.lambda$runLater$11(PlatformImpl.java:456)
	at com.sun.glass.ui.monocle.RunnableProcessor.runLoop(RunnableProcessor.java:92)
	at com.sun.glass.ui.monocle.RunnableProcessor.run(RunnableProcessor.java:51)
	at java.base/java.lang.Thread.run(Thread.java:1583)
Caused by: java.lang.reflect.InvocationTargetException: null
	at java.base/jdk.internal.reflect.DirectMethodHandleAccessor.invoke(DirectMethodHandleAccessor.java:118)
	at java.base/java.lang.reflect.Method.invoke(Method.java:580)
	at simplefx.util.ReflectionUtil$UseReflection.applyDynamic(ReflectionUtil.scala:21)
	at com.sun.glass.ui.monocle.input.fork.NativeMouseInput.notifyMouse(NativeMouseInput.scala:330)
	at com.sun.glass.ui.monocle.input.fork.NativeMouseInput.postMouseEvent(NativeMouseInput.scala:226)
	at com.sun.glass.ui.monocle.input.fork.NativeMouseInput.setState(NativeMouseInput.scala:186)
	at java.base/jdk.internal.reflect.DirectMethodHandleAccessor.invoke(DirectMethodHandleAccessor.java:103)
	... 15 common frames omitted
Caused by: java.lang.UnsupportedOperationException: null
	at com.sun.glass.ui.monocle.MonocleApplication.staticCommonDialogs_showFileChooser(MonocleApplication.java:273)
	at com.sun.glass.ui.CommonDialogs.showFileChooser(CommonDialogs.java:213)
	at com.sun.javafx.tk.quantum.QuantumToolkit.showFileChooser(QuantumToolkit.java:1737)
	at javafx.stage.FileChooser.showDialog(FileChooser.java:396)
	at javafx.stage.FileChooser.showOpenDialog(FileChooser.java:331)
	at com.visualshop.controller.ShopController.openVisualSearch(ShopController.java:817)
	at com.visualshop.controller.ShopController.lambda$buildNavbar$6(ShopController.java:172)
	at com.sun.javafx.event.CompositeEventHandler.dispatchBubblingEvent(CompositeEventHandler.java:86)
	at com.sun.javafx.event.EventHandlerManager.dispatchBubblingEvent(EventHandlerManager.java:232)
	at com.sun.javafx.event.EventHandlerManager.dispatchBubblingEvent(EventHandlerManager.java:189)
	at com.sun.javafx.event.CompositeEventDispatcher.dispatchBubblingEvent(CompositeEventDispatcher.java:59)
	at com.sun.javafx.event.BasicEventDispatcher.dispatchEvent(BasicEventDispatcher.java:58)
	at com.sun.javafx.event.EventDispatchChainImpl.dispatchEvent(EventDispatchChainImpl.java:114)
	at com.sun.javafx.event.BasicEventDispatcher.dispatchEvent(BasicEventDispatcher.java:56)
	at com.sun.javafx.event.EventDispatchChainImpl.dispatchEvent(EventDispatchChainImpl.java:114)
	at com.sun.javafx.event.BasicEventDispatcher.dispatchEvent(BasicEventDispatcher.java:56)
	at com.sun.javafx.event.EventDispatchChainImpl.dispatchEvent(EventDispatchChainImpl.java:114)
	at com.sun.javafx.event.EventUtil.fireEventImpl(EventUtil.java:74)
	at com.sun.javafx.event.EventUtil.fireEvent(EventUtil.java:49)
	at javafx.event.Event.fireEvent(Event.java:198)
	at javafx.scene.Node.fireEvent(Node.java:8917)
	at javafx.scene.control.Button.fire(Button.java:203)
	at com.sun.javafx.scene.control.behavior.ButtonBehavior.mouseReleased(ButtonBehavior.java:207)
	at com.sun.javafx.scene.control.inputmap.InputMap.handle(InputMap.java:274)
	at com.sun.javafx.event.CompositeEventHandler$NormalEventHandlerRecord.handleBubblingEvent(CompositeEventHandler.java:247)
	at com.sun.javafx.event.CompositeEventHandler.dispatchBubblingEvent(CompositeEventHandler.java:80)
	at com.sun.javafx.event.EventHandlerManager.dispatchBubblingEvent(EventHandlerManager.java:232)
	at com.sun.javafx.event.EventHandlerManager.dispatchBubblingEvent(EventHandlerManager.java:189)
	at com.sun.javafx.event.CompositeEventDispatcher.dispatchBubblingEvent(CompositeEventDispatcher.java:59)
	at com.sun.javafx.event.BasicEventDispatcher.dispatchEvent(BasicEventDispatcher.java:58)
	at com.sun.javafx.event.EventDispatchChainImpl.dispatchEvent(EventDispatchChainImpl.java:114)
	at com.sun.javafx.event.BasicEventDispatcher.dispatchEvent(BasicEventDispatcher.java:56)
	at com.sun.javafx.event.EventDispatchChainImpl.dispatchEvent(EventDispatchChainImpl.java:114)
	at com.sun.javafx.event.BasicEventDispatcher.dispatchEvent(BasicEventDispatcher.java:56)
	at com.sun.javafx.event.EventDispatchChainImpl.dispatchEvent(EventDispatchChainImpl.java:114)
	at com.sun.javafx.event.EventUtil.fireEventImpl(EventUtil.java:74)
	at com.sun.javafx.event.EventUtil.fireEvent(EventUtil.java:54)
	at javafx.event.Event.fireEvent(Event.java:198)
	at javafx.scene.Scene$MouseHandler.process(Scene.java:4033)
	at javafx.scene.Scene.processMouseEvent(Scene.java:1933)
	at javafx.scene.Scene$ScenePeerListener.mouseEvent(Scene.java:2757)
	at com.sun.javafx.tk.quantum.GlassViewEventHandler$MouseEventNotification.run(GlassViewEventHandler.java:411)
	at com.sun.javafx.tk.quantum.GlassViewEventHandler$MouseEventNotification.run(GlassViewEventHandler.java:301)
	at java.base/java.security.AccessController.doPrivileged(AccessController.java:400)
	at com.sun.javafx.tk.quantum.GlassViewEventHandler.lambda$handleMouseEvent$2(GlassViewEventHandler.java:450)
	at com.sun.javafx.tk.quantum.QuantumToolkit.runWithoutRenderLock(QuantumToolkit.java:436)
	at com.sun.javafx.tk.quantum.GlassViewEventHandler.handleMouseEvent(GlassViewEventHandler.java:449)
	at com.sun.glass.ui.View.handleMouseEvent(View.java:551)
	at com.sun.glass.ui.View.notifyMouse(View.java:937)
	at com.sun.glass.ui.monocle.MonocleView.notifyMouse(MonocleView.java:116)
	at java.base/jdk.internal.reflect.DirectMethodHandleAccessor.invoke(DirectMethodHandleAccessor.java:103)
	... 21 common frames omitted
2026-04-09 21:13:45,000 [ERROR] from com.jpro.meta.tk.SceneInputListener in JavaFX Application Thread - Error while processing the input: MouseEventToken(MouseMoved,275.20001220703125,32.79999923706055,MouseButtonToken(2),false,false,false,false,false,false,false,false) app: stage title: Visual Product Discovery & Shopping Management System
java.lang.reflect.InvocationTargetException: null
	at java.base/jdk.internal.reflect.DirectMethodHandleAccessor.invoke(DirectMethodHandleAccessor.java:118)
	at java.base/java.lang.reflect.Method.invoke(Method.java:580)
	at simplefx.util.ReflectionUtil$UseReflection.applyDynamic(ReflectionUtil.scala:21)
	at com.jpro.meta.tk.SceneInputListener.processInputInScene(SceneInputListener.scala:304)
	at com.jpro.meta.tk.SceneInputListener.processInput(SceneInputListener.scala:206)
	at com.jpro.meta.tk.SceneInputListener.processInputs(SceneInputListener.scala:133)
	at com.jpro.meta.tk.SceneInputListener.processOrRequest(SceneInputListener.scala:41)
	at com.jpro.meta.tk.SceneInputListener.$anonfun$new$4(SceneInputListener.scala:59)
	at scala.runtime.java8.JFunction0$mcV$sp.apply(JFunction0$mcV$sp.java:23)
	at simplefx.cores.standard.parts.CoreTimeEvent$$anon$3.run(CoreTimeEvent.scala:62)
	at com.sun.javafx.application.PlatformImpl.lambda$runLater$10(PlatformImpl.java:457)
	at java.base/java.security.AccessController.doPrivileged(AccessController.java:400)
	at com.sun.javafx.application.PlatformImpl.lambda$runLater$11(PlatformImpl.java:456)
	at com.sun.glass.ui.monocle.RunnableProcessor.runLoop(RunnableProcessor.java:92)
	at com.sun.glass.ui.monocle.RunnableProcessor.run(RunnableProcessor.java:51)
	at java.base/java.lang.Thread.run(Thread.java:1583)
Caused by: java.lang.reflect.InvocationTargetException: null
	at java.base/jdk.internal.reflect.DirectMethodHandleAccessor.invoke(DirectMethodHandleAccessor.java:118)
	at java.base/java.lang.reflect.Method.invoke(Method.java:580)
	at simplefx.util.ReflectionUtil$UseReflection.applyDynamic(ReflectionUtil.scala:21)
	at com.sun.glass.ui.monocle.input.fork.NativeMouseInput.notifyMouse(NativeMouseInput.scala:330)
	at com.sun.glass.ui.monocle.input.fork.NativeMouseInput.postMouseEvent(NativeMouseInput.scala:226)
	at com.sun.glass.ui.monocle.input.fork.NativeMouseInput.setState(NativeMouseInput.scala:186)
	at java.base/jdk.internal.reflect.DirectMethodHandleAccessor.invoke(DirectMethodHandleAccessor.java:103)
	... 15 common frames omitted
Caused by: java.lang.UnsupportedOperationException: null
	at com.sun.glass.ui.monocle.MonocleApplication.staticCommonDialogs_showFileChooser(MonocleApplication.java:273)
	at com.sun.glass.ui.CommonDialogs.showFileChooser(CommonDialogs.java:213)
	at com.sun.javafx.tk.quantum.QuantumToolkit.showFileChooser(QuantumToolkit.java:1737)
	at javafx.stage.FileChooser.showDialog(FileChooser.java:396)
	at javafx.stage.FileChooser.showOpenDialog(FileChooser.java:331)
	at com.visualshop.controller.ShopController.openVisualSearch(ShopController.java:817)
	at com.visualshop.controller.ShopController.lambda$buildNavbar$6(ShopController.java:172)
	at com.sun.javafx.event.CompositeEventHandler.dispatchBubblingEvent(CompositeEventHandler.java:86)
	at com.sun.javafx.event.EventHandlerManager.dispatchBubblingEvent(EventHandlerManager.java:232)
	at com.sun.javafx.event.EventHandlerManager.dispatchBubblingEvent(EventHandlerManager.java:189)
	at com.sun.javafx.event.CompositeEventDispatcher.dispatchBubblingEvent(CompositeEventDispatcher.java:59)
	at com.sun.javafx.event.BasicEventDispatcher.dispatchEvent(BasicEventDispatcher.java:58)
	at com.sun.javafx.event.EventDispatchChainImpl.dispatchEvent(EventDispatchChainImpl.java:114)
	at com.sun.javafx.event.BasicEventDispatcher.dispatchEvent(BasicEventDispatcher.java:56)
	at com.sun.javafx.event.EventDispatchChainImpl.dispatchEvent(EventDispatchChainImpl.java:114)
	at com.sun.javafx.event.BasicEventDispatcher.dispatchEvent(BasicEventDispatcher.java:56)
	at com.sun.javafx.event.EventDispatchChainImpl.dispatchEvent(EventDispatchChainImpl.java:114)
	at com.sun.javafx.event.EventUtil.fireEventImpl(EventUtil.java:74)
	at com.sun.javafx.event.EventUtil.fireEvent(EventUtil.java:49)
	at javafx.event.Event.fireEvent(Event.java:198)
	at javafx.scene.Node.fireEvent(Node.java:8917)
	at javafx.scene.control.Button.fire(Button.java:203)
	at com.sun.javafx.scene.control.behavior.ButtonBehavior.mouseReleased(ButtonBehavior.java:207)
	at com.sun.javafx.scene.control.inputmap.InputMap.handle(InputMap.java:274)
	at com.sun.javafx.event.CompositeEventHandler$NormalEventHandlerRecord.handleBubblingEvent(CompositeEventHandler.java:247)
	at com.sun.javafx.event.CompositeEventHandler.dispatchBubblingEvent(CompositeEventHandler.java:80)
	at com.sun.javafx.event.EventHandlerManager.dispatchBubblingEvent(EventHandlerManager.java:232)
	at com.sun.javafx.event.EventHandlerManager.dispatchBubblingEvent(EventHandlerManager.java:189)
	at com.sun.javafx.event.CompositeEventDispatcher.dispatchBubblingEvent(CompositeEventDispatcher.java:59)
	at com.sun.javafx.event.BasicEventDispatcher.dispatchEvent(BasicEventDispatcher.java:58)
	at com.sun.javafx.event.EventDispatchChainImpl.dispatchEvent(EventDispatchChainImpl.java:114)
	at com.sun.javafx.event.BasicEventDispatcher.dispatchEvent(BasicEventDispatcher.java:56)
	at com.sun.javafx.event.EventDispatchChainImpl.dispatchEvent(EventDispatchChainImpl.java:114)
	at com.sun.javafx.event.BasicEventDispatcher.dispatchEvent(BasicEventDispatcher.java:56)
	at com.sun.javafx.event.EventDispatchChainImpl.dispatchEvent(EventDispatchChainImpl.java:114)
	at com.sun.javafx.event.EventUtil.fireEventImpl(EventUtil.java:74)
	at com.sun.javafx.event.EventUtil.fireEvent(EventUtil.java:54)
	at javafx.event.Event.fireEvent(Event.java:198)
	at javafx.scene.Scene$MouseHandler.process(Scene.java:4033)
	at javafx.scene.Scene.processMouseEvent(Scene.java:1933)
	at javafx.scene.Scene$ScenePeerListener.mouseEvent(Scene.java:2757)
	at com.sun.javafx.tk.quantum.GlassViewEventHandler$MouseEventNotification.run(GlassViewEventHandler.java:411)
	at com.sun.javafx.tk.quantum.GlassViewEventHandler$MouseEventNotification.run(GlassViewEventHandler.java:301)
	at java.base/java.security.AccessController.doPrivileged(AccessController.java:400)
	at com.sun.javafx.tk.quantum.GlassViewEventHandler.lambda$handleMouseEvent$2(GlassViewEventHandler.java:450)
	at com.sun.javafx.tk.quantum.QuantumToolkit.runWithoutRenderLock(QuantumToolkit.java:436)
	at com.sun.javafx.tk.quantum.GlassViewEventHandler.handleMouseEvent(GlassViewEventHandler.java:449)
	at com.sun.glass.ui.View.handleMouseEvent(View.java:551)
	at com.sun.glass.ui.View.notifyMouse(View.java:937)
	at com.sun.glass.ui.monocle.MonocleView.notifyMouse(MonocleView.java:116)
	at java.base/jdk.internal.reflect.DirectMethodHandleAccessor.invoke(DirectMethodHandleAccessor.java:103)
	... 21 common frames omitted
2026-04-09 21:13:48,836 [ERROR] from com.jpro.meta.tk.SceneInputListener in JavaFX Application Thread - Error while processing the input: MouseEventToken(MouseReleased,258.3999938964844,32.79999923706055,MouseButtonToken(3),false,false,false,false,false,false,false,false) app: stage title: Visual Product Discovery & Shopping Management System
java.lang.reflect.InvocationTargetException: null
	at java.base/jdk.internal.reflect.DirectMethodHandleAccessor.invoke(DirectMethodHandleAccessor.java:118)
	at java.base/java.lang.reflect.Method.invoke(Method.java:580)
	at simplefx.util.ReflectionUtil$UseReflection.applyDynamic(ReflectionUtil.scala:21)
	at com.jpro.meta.tk.SceneInputListener.processInputInScene(SceneInputListener.scala:304)
	at com.jpro.meta.tk.SceneInputListener.processInput(SceneInputListener.scala:203)
	at com.jpro.meta.tk.SceneInputListener.processInputs(SceneInputListener.scala:133)
	at com.jpro.meta.tk.SceneInputListener.processOrRequest(SceneInputListener.scala:41)
	at com.jpro.meta.tk.SceneInputListener.$anonfun$new$4(SceneInputListener.scala:59)
	at scala.runtime.java8.JFunction0$mcV$sp.apply(JFunction0$mcV$sp.java:23)
	at simplefx.cores.standard.parts.CoreTimeEvent$$anon$3.run(CoreTimeEvent.scala:62)
	at com.sun.javafx.application.PlatformImpl.lambda$runLater$10(PlatformImpl.java:457)
	at java.base/java.security.AccessController.doPrivileged(AccessController.java:400)
	at com.sun.javafx.application.PlatformImpl.lambda$runLater$11(PlatformImpl.java:456)
	at com.sun.glass.ui.monocle.RunnableProcessor.runLoop(RunnableProcessor.java:92)
	at com.sun.glass.ui.monocle.RunnableProcessor.run(RunnableProcessor.java:51)
	at java.base/java.lang.Thread.run(Thread.java:1583)
Caused by: java.lang.reflect.InvocationTargetException: null
	at java.base/jdk.internal.reflect.DirectMethodHandleAccessor.invoke(DirectMethodHandleAccessor.java:118)
	at java.base/java.lang.reflect.Method.invoke(Method.java:580)
	at simplefx.util.ReflectionUtil$UseReflection.applyDynamic(ReflectionUtil.scala:21)
	at com.sun.glass.ui.monocle.input.fork.NativeMouseInput.notifyMouse(NativeMouseInput.scala:330)
	at com.sun.glass.ui.monocle.input.fork.NativeMouseInput.postMouseEvent(NativeMouseInput.scala:226)
	at com.sun.glass.ui.monocle.input.fork.NativeMouseInput.setState(NativeMouseInput.scala:186)
	at java.base/jdk.internal.reflect.DirectMethodHandleAccessor.invoke(DirectMethodHandleAccessor.java:103)
	... 15 common frames omitted
Caused by: java.lang.UnsupportedOperationException: null
	at com.sun.glass.ui.monocle.MonocleApplication.staticCommonDialogs_showFileChooser(MonocleApplication.java:273)
	at com.sun.glass.ui.CommonDialogs.showFileChooser(CommonDialogs.java:213)
	at com.sun.javafx.tk.quantum.QuantumToolkit.showFileChooser(QuantumToolkit.java:1737)
	at javafx.stage.FileChooser.showDialog(FileChooser.java:396)
	at javafx.stage.FileChooser.showOpenDialog(FileChooser.java:331)
	at com.visualshop.controller.ShopController.openVisualSearch(ShopController.java:817)
	at com.visualshop.controller.ShopController.lambda$buildNavbar$6(ShopController.java:172)
	at com.sun.javafx.event.CompositeEventHandler.dispatchBubblingEvent(CompositeEventHandler.java:86)
	at com.sun.javafx.event.EventHandlerManager.dispatchBubblingEvent(EventHandlerManager.java:232)
	at com.sun.javafx.event.EventHandlerManager.dispatchBubblingEvent(EventHandlerManager.java:189)
	at com.sun.javafx.event.CompositeEventDispatcher.dispatchBubblingEvent(CompositeEventDispatcher.java:59)
	at com.sun.javafx.event.BasicEventDispatcher.dispatchEvent(BasicEventDispatcher.java:58)
	at com.sun.javafx.event.EventDispatchChainImpl.dispatchEvent(EventDispatchChainImpl.java:114)
	at com.sun.javafx.event.BasicEventDispatcher.dispatchEvent(BasicEventDispatcher.java:56)
	at com.sun.javafx.event.EventDispatchChainImpl.dispatchEvent(EventDispatchChainImpl.java:114)
	at com.sun.javafx.event.BasicEventDispatcher.dispatchEvent(BasicEventDispatcher.java:56)
	at com.sun.javafx.event.EventDispatchChainImpl.dispatchEvent(EventDispatchChainImpl.java:114)
	at com.sun.javafx.event.EventUtil.fireEventImpl(EventUtil.java:74)
	at com.sun.javafx.event.EventUtil.fireEvent(EventUtil.java:49)
	at javafx.event.Event.fireEvent(Event.java:198)
	at javafx.scene.Node.fireEvent(Node.java:8917)
	at javafx.scene.control.Button.fire(Button.java:203)
	at com.sun.javafx.scene.control.behavior.ButtonBehavior.mouseReleased(ButtonBehavior.java:207)
	at com.sun.javafx.scene.control.inputmap.InputMap.handle(InputMap.java:274)
	at com.sun.javafx.event.CompositeEventHandler$NormalEventHandlerRecord.handleBubblingEvent(CompositeEventHandler.java:247)
	at com.sun.javafx.event.CompositeEventHandler.dispatchBubblingEvent(CompositeEventHandler.java:80)
	at com.sun.javafx.event.EventHandlerManager.dispatchBubblingEvent(EventHandlerManager.java:232)
	at com.sun.javafx.event.EventHandlerManager.dispatchBubblingEvent(EventHandlerManager.java:189)
	at com.sun.javafx.event.CompositeEventDispatcher.dispatchBubblingEvent(CompositeEventDispatcher.java:59)
	at com.sun.javafx.event.BasicEventDispatcher.dispatchEvent(BasicEventDispatcher.java:58)
	at com.sun.javafx.event.EventDispatchChainImpl.dispatchEvent(EventDispatchChainImpl.java:114)
	at com.sun.javafx.event.BasicEventDispatcher.dispatchEvent(BasicEventDispatcher.java:56)
	at com.sun.javafx.event.EventDispatchChainImpl.dispatchEvent(EventDispatchChainImpl.java:114)
	at com.sun.javafx.event.BasicEventDispatcher.dispatchEvent(BasicEventDispatcher.java:56)
	at com.sun.javafx.event.EventDispatchChainImpl.dispatchEvent(EventDispatchChainImpl.java:114)
	at com.sun.javafx.event.EventUtil.fireEventImpl(EventUtil.java:74)
	at com.sun.javafx.event.EventUtil.fireEvent(EventUtil.java:54)
	at javafx.event.Event.fireEvent(Event.java:198)
	at javafx.scene.Scene$MouseHandler.process(Scene.java:4033)
	at javafx.scene.Scene.processMouseEvent(Scene.java:1933)
	at javafx.scene.Scene$ScenePeerListener.mouseEvent(Scene.java:2757)
	at com.sun.javafx.tk.quantum.GlassViewEventHandler$MouseEventNotification.run(GlassViewEventHandler.java:411)
	at com.sun.javafx.tk.quantum.GlassViewEventHandler$MouseEventNotification.run(GlassViewEventHandler.java:301)
	at java.base/java.security.AccessController.doPrivileged(AccessController.java:400)
	at com.sun.javafx.tk.quantum.GlassViewEventHandler.lambda$handleMouseEvent$2(GlassViewEventHandler.java:450)
	at com.sun.javafx.tk.quantum.QuantumToolkit.runWithoutRenderLock(QuantumToolkit.java:436)
	at com.sun.javafx.tk.quantum.GlassViewEventHandler.handleMouseEvent(GlassViewEventHandler.java:449)
	at com.sun.glass.ui.View.handleMouseEvent(View.java:551)
	at com.sun.glass.ui.View.notifyMouse(View.java:937)
	at com.sun.glass.ui.monocle.MonocleView.notifyMouse(MonocleView.java:116)
	at java.base/jdk.internal.reflect.DirectMethodHandleAccessor.invoke(DirectMethodHandleAccessor.java:103)
	... 21 common frames omitted
2026-04-09 21:13:49,407 [ERROR] from com.jpro.meta.tk.SceneInputListener in JavaFX Application Thread - Error while processing the input: MouseEventToken(MouseReleased,258.3999938964844,32.79999923706055,MouseButtonToken(3),false,false,false,false,false,false,false,false) app: stage title: Visual Product Discovery & Shopping Management System
java.lang.reflect.InvocationTargetException: null
	at java.base/jdk.internal.reflect.DirectMethodHandleAccessor.invoke(DirectMethodHandleAccessor.java:118)
	at java.base/java.lang.reflect.Method.invoke(Method.java:580)
	at simplefx.util.ReflectionUtil$UseReflection.applyDynamic(ReflectionUtil.scala:21)
	at com.jpro.meta.tk.SceneInputListener.processInputInScene(SceneInputListener.scala:304)
	at com.jpro.meta.tk.SceneInputListener.processInput(SceneInputListener.scala:203)
	at com.jpro.meta.tk.SceneInputListener.processInputs(SceneInputListener.scala:133)
	at com.jpro.meta.tk.SceneInputListener.processOrRequest(SceneInputListener.scala:41)
	at com.jpro.meta.tk.SceneInputListener.$anonfun$new$4(SceneInputListener.scala:59)
	at scala.runtime.java8.JFunction0$mcV$sp.apply(JFunction0$mcV$sp.java:23)
	at simplefx.cores.standard.parts.CoreTimeEvent$$anon$3.run(CoreTimeEvent.scala:62)
	at com.sun.javafx.application.PlatformImpl.lambda$runLater$10(PlatformImpl.java:457)
	at java.base/java.security.AccessController.doPrivileged(AccessController.java:400)
	at com.sun.javafx.application.PlatformImpl.lambda$runLater$11(PlatformImpl.java:456)
	at com.sun.glass.ui.monocle.RunnableProcessor.runLoop(RunnableProcessor.java:92)
	at com.sun.glass.ui.monocle.RunnableProcessor.run(RunnableProcessor.java:51)
	at java.base/java.lang.Thread.run(Thread.java:1583)
Caused by: java.lang.reflect.InvocationTargetException: null
	at java.base/jdk.internal.reflect.DirectMethodHandleAccessor.invoke(DirectMethodHandleAccessor.java:118)
	at java.base/java.lang.reflect.Method.invoke(Method.java:580)
	at simplefx.util.ReflectionUtil$UseReflection.applyDynamic(ReflectionUtil.scala:21)
	at com.sun.glass.ui.monocle.input.fork.NativeMouseInput.notifyMouse(NativeMouseInput.scala:330)
	at com.sun.glass.ui.monocle.input.fork.NativeMouseInput.postMouseEvent(NativeMouseInput.scala:226)
	at com.sun.glass.ui.monocle.input.fork.NativeMouseInput.setState(NativeMouseInput.scala:186)
	at java.base/jdk.internal.reflect.DirectMethodHandleAccessor.invoke(DirectMethodHandleAccessor.java:103)
	... 15 common frames omitted
Caused by: java.lang.UnsupportedOperationException: null
	at com.sun.glass.ui.monocle.MonocleApplication.staticCommonDialogs_showFileChooser(MonocleApplication.java:273)
	at com.sun.glass.ui.CommonDialogs.showFileChooser(CommonDialogs.java:213)
	at com.sun.javafx.tk.quantum.QuantumToolkit.showFileChooser(QuantumToolkit.java:1737)
	at javafx.stage.FileChooser.showDialog(FileChooser.java:396)
	at javafx.stage.FileChooser.showOpenDialog(FileChooser.java:331)
	at com.visualshop.controller.ShopController.openVisualSearch(ShopController.java:817)
	at com.visualshop.controller.ShopController.lambda$buildNavbar$6(ShopController.java:172)
	at com.sun.javafx.event.CompositeEventHandler.dispatchBubblingEvent(CompositeEventHandler.java:86)
	at com.sun.javafx.event.EventHandlerManager.dispatchBubblingEvent(EventHandlerManager.java:232)
	at com.sun.javafx.event.EventHandlerManager.dispatchBubblingEvent(EventHandlerManager.java:189)
	at com.sun.javafx.event.CompositeEventDispatcher.dispatchBubblingEvent(CompositeEventDispatcher.java:59)
	at com.sun.javafx.event.BasicEventDispatcher.dispatchEvent(BasicEventDispatcher.java:58)
	at com.sun.javafx.event.EventDispatchChainImpl.dispatchEvent(EventDispatchChainImpl.java:114)
	at com.sun.javafx.event.BasicEventDispatcher.dispatchEvent(BasicEventDispatcher.java:56)
	at com.sun.javafx.event.EventDispatchChainImpl.dispatchEvent(EventDispatchChainImpl.java:114)
	at com.sun.javafx.event.BasicEventDispatcher.dispatchEvent(BasicEventDispatcher.java:56)
	at com.sun.javafx.event.EventDispatchChainImpl.dispatchEvent(EventDispatchChainImpl.java:114)
	at com.sun.javafx.event.EventUtil.fireEventImpl(EventUtil.java:74)
	at com.sun.javafx.event.EventUtil.fireEvent(EventUtil.java:49)
	at javafx.event.Event.fireEvent(Event.java:198)
	at javafx.scene.Node.fireEvent(Node.java:8917)
	at javafx.scene.control.Button.fire(Button.java:203)
	at com.sun.javafx.scene.control.behavior.ButtonBehavior.mouseReleased(ButtonBehavior.java:207)
	at com.sun.javafx.scene.control.inputmap.InputMap.handle(InputMap.java:274)
	at com.sun.javafx.event.CompositeEventHandler$NormalEventHandlerRecord.handleBubblingEvent(CompositeEventHandler.java:247)
	at com.sun.javafx.event.CompositeEventHandler.dispatchBubblingEvent(CompositeEventHandler.java:80)
	at com.sun.javafx.event.EventHandlerManager.dispatchBubblingEvent(EventHandlerManager.java:232)
	at com.sun.javafx.event.EventHandlerManager.dispatchBubblingEvent(EventHandlerManager.java:189)
	at com.sun.javafx.event.CompositeEventDispatcher.dispatchBubblingEvent(CompositeEventDispatcher.java:59)
	at com.sun.javafx.event.BasicEventDispatcher.dispatchEvent(BasicEventDispatcher.java:58)
	at com.sun.javafx.event.EventDispatchChainImpl.dispatchEvent(EventDispatchChainImpl.java:114)
	at com.sun.javafx.event.BasicEventDispatcher.dispatchEvent(BasicEventDispatcher.java:56)
	at com.sun.javafx.event.EventDispatchChainImpl.dispatchEvent(EventDispatchChainImpl.java:114)
	at com.sun.javafx.event.BasicEventDispatcher.dispatchEvent(BasicEventDispatcher.java:56)
	at com.sun.javafx.event.EventDispatchChainImpl.dispatchEvent(EventDispatchChainImpl.java:114)
	at com.sun.javafx.event.EventUtil.fireEventImpl(EventUtil.java:74)
	at com.sun.javafx.event.EventUtil.fireEvent(EventUtil.java:54)
	at javafx.event.Event.fireEvent(Event.java:198)
	at javafx.scene.Scene$MouseHandler.process(Scene.java:4033)
	at javafx.scene.Scene.processMouseEvent(Scene.java:1933)
	at javafx.scene.Scene$ScenePeerListener.mouseEvent(Scene.java:2757)
	at com.sun.javafx.tk.quantum.GlassViewEventHandler$MouseEventNotification.run(GlassViewEventHandler.java:411)
	at com.sun.javafx.tk.quantum.GlassViewEventHandler$MouseEventNotification.run(GlassViewEventHandler.java:301)
	at java.base/java.security.AccessController.doPrivileged(AccessController.java:400)
	at com.sun.javafx.tk.quantum.GlassViewEventHandler.lambda$handleMouseEvent$2(GlassViewEventHandler.java:450)
	at com.sun.javafx.tk.quantum.QuantumToolkit.runWithoutRenderLock(QuantumToolkit.java:436)
	at com.sun.javafx.tk.quantum.GlassViewEventHandler.handleMouseEvent(GlassViewEventHandler.java:449)
	at com.sun.glass.ui.View.handleMouseEvent(View.java:551)
	at com.sun.glass.ui.View.notifyMouse(View.java:937)
	at com.sun.glass.ui.monocle.MonocleView.notifyMouse(MonocleView.java:116)
	at java.base/jdk.internal.reflect.DirectMethodHandleAccessor.invoke(DirectMethodHandleAccessor.java:103)
	... 21 common frames omitted
2026-04-09 21:13:49,542 [ERROR] from com.jpro.meta.tk.SceneInputListener in JavaFX Application Thread - Error while processing the input: MouseEventToken(MouseReleased,258.3999938964844,32.79999923706055,MouseButtonToken(3),false,false,false,false,false,false,false,false) app: stage title: Visual Product Discovery & Shopping Management System
java.lang.reflect.InvocationTargetException: null
	at java.base/jdk.internal.reflect.DirectMethodHandleAccessor.invoke(DirectMethodHandleAccessor.java:118)
	at java.base/java.lang.reflect.Method.invoke(Method.java:580)
	at simplefx.util.ReflectionUtil$UseReflection.applyDynamic(ReflectionUtil.scala:21)
	at com.jpro.meta.tk.SceneInputListener.processInputInScene(SceneInputListener.scala:304)
	at com.jpro.meta.tk.SceneInputListener.processInput(SceneInputListener.scala:203)
	at com.jpro.meta.tk.SceneInputListener.processInputs(SceneInputListener.scala:133)
	at com.jpro.meta.tk.SceneInputListener.processOrRequest(SceneInputListener.scala:41)
	at com.jpro.meta.tk.SceneInputListener.$anonfun$new$4(SceneInputListener.scala:59)
	at scala.runtime.java8.JFunction0$mcV$sp.apply(JFunction0$mcV$sp.java:23)
	at simplefx.cores.standard.parts.CoreTimeEvent$$anon$3.run(CoreTimeEvent.scala:62)
	at com.sun.javafx.application.PlatformImpl.lambda$runLater$10(PlatformImpl.java:457)
	at java.base/java.security.AccessController.doPrivileged(AccessController.java:400)
	at com.sun.javafx.application.PlatformImpl.lambda$runLater$11(PlatformImpl.java:456)
	at com.sun.glass.ui.monocle.RunnableProcessor.runLoop(RunnableProcessor.java:92)
	at com.sun.glass.ui.monocle.RunnableProcessor.run(RunnableProcessor.java:51)
	at java.base/java.lang.Thread.run(Thread.java:1583)
Caused by: java.lang.reflect.InvocationTargetException: null
	at java.base/jdk.internal.reflect.DirectMethodHandleAccessor.invoke(DirectMethodHandleAccessor.java:118)
	at java.base/java.lang.reflect.Method.invoke(Method.java:580)
	at simplefx.util.ReflectionUtil$UseReflection.applyDynamic(ReflectionUtil.scala:21)
	at com.sun.glass.ui.monocle.input.fork.NativeMouseInput.notifyMouse(NativeMouseInput.scala:330)
	at com.sun.glass.ui.monocle.input.fork.NativeMouseInput.postMouseEvent(NativeMouseInput.scala:226)
	at com.sun.glass.ui.monocle.input.fork.NativeMouseInput.setState(NativeMouseInput.scala:186)
	at java.base/jdk.internal.reflect.DirectMethodHandleAccessor.invoke(DirectMethodHandleAccessor.java:103)
	... 15 common frames omitted
Caused by: java.lang.UnsupportedOperationException: null
	at com.sun.glass.ui.monocle.MonocleApplication.staticCommonDialogs_showFileChooser(MonocleApplication.java:273)
	at com.sun.glass.ui.CommonDialogs.showFileChooser(CommonDialogs.java:213)
	at com.sun.javafx.tk.quantum.QuantumToolkit.showFileChooser(QuantumToolkit.java:1737)
	at javafx.stage.FileChooser.showDialog(FileChooser.java:396)
	at javafx.stage.FileChooser.showOpenDialog(FileChooser.java:331)
	at com.visualshop.controller.ShopController.openVisualSearch(ShopController.java:817)
	at com.visualshop.controller.ShopController.lambda$buildNavbar$6(ShopController.java:172)
	at com.sun.javafx.event.CompositeEventHandler.dispatchBubblingEvent(CompositeEventHandler.java:86)
	at com.sun.javafx.event.EventHandlerManager.dispatchBubblingEvent(EventHandlerManager.java:232)
	at com.sun.javafx.event.EventHandlerManager.dispatchBubblingEvent(EventHandlerManager.java:189)
	at com.sun.javafx.event.CompositeEventDispatcher.dispatchBubblingEvent(CompositeEventDispatcher.java:59)
	at com.sun.javafx.event.BasicEventDispatcher.dispatchEvent(BasicEventDispatcher.java:58)
	at com.sun.javafx.event.EventDispatchChainImpl.dispatchEvent(EventDispatchChainImpl.java:114)
	at com.sun.javafx.event.BasicEventDispatcher.dispatchEvent(BasicEventDispatcher.java:56)
	at com.sun.javafx.event.EventDispatchChainImpl.dispatchEvent(EventDispatchChainImpl.java:114)
	at com.sun.javafx.event.BasicEventDispatcher.dispatchEvent(BasicEventDispatcher.java:56)
	at com.sun.javafx.event.EventDispatchChainImpl.dispatchEvent(EventDispatchChainImpl.java:114)
	at com.sun.javafx.event.EventUtil.fireEventImpl(EventUtil.java:74)
	at com.sun.javafx.event.EventUtil.fireEvent(EventUtil.java:49)
	at javafx.event.Event.fireEvent(Event.java:198)
	at javafx.scene.Node.fireEvent(Node.java:8917)
	at javafx.scene.control.Button.fire(Button.java:203)
	at com.sun.javafx.scene.control.behavior.ButtonBehavior.mouseReleased(ButtonBehavior.java:207)
	at com.sun.javafx.scene.control.inputmap.InputMap.handle(InputMap.java:274)
	at com.sun.javafx.event.CompositeEventHandler$NormalEventHandlerRecord.handleBubblingEvent(CompositeEventHandler.java:247)
	at com.sun.javafx.event.CompositeEventHandler.dispatchBubblingEvent(CompositeEventHandler.java:80)
	at com.sun.javafx.event.EventHandlerManager.dispatchBubblingEvent(EventHandlerManager.java:232)
	at com.sun.javafx.event.EventHandlerManager.dispatchBubblingEvent(EventHandlerManager.java:189)
	at com.sun.javafx.event.CompositeEventDispatcher.dispatchBubblingEvent(CompositeEventDispatcher.java:59)
	at com.sun.javafx.event.BasicEventDispatcher.dispatchEvent(BasicEventDispatcher.java:58)
	at com.sun.javafx.event.EventDispatchChainImpl.dispatchEvent(EventDispatchChainImpl.java:114)
	at com.sun.javafx.event.BasicEventDispatcher.dispatchEvent(BasicEventDispatcher.java:56)
	at com.sun.javafx.event.EventDispatchChainImpl.dispatchEvent(EventDispatchChainImpl.java:114)
	at com.sun.javafx.event.BasicEventDispatcher.dispatchEvent(BasicEventDispatcher.java:56)
	at com.sun.javafx.event.EventDispatchChainImpl.dispatchEvent(EventDispatchChainImpl.java:114)
	at com.sun.javafx.event.EventUtil.fireEventImpl(EventUtil.java:74)
	at com.sun.javafx.event.EventUtil.fireEvent(EventUtil.java:54)
	at javafx.event.Event.fireEvent(Event.java:198)
	at javafx.scene.Scene$MouseHandler.process(Scene.java:4033)
	at javafx.scene.Scene.processMouseEvent(Scene.java:1933)
	at javafx.scene.Scene$ScenePeerListener.mouseEvent(Scene.java:2757)
	at com.sun.javafx.tk.quantum.GlassViewEventHandler$MouseEventNotification.run(GlassViewEventHandler.java:411)
	at com.sun.javafx.tk.quantum.GlassViewEventHandler$MouseEventNotification.run(GlassViewEventHandler.java:301)
	at java.base/java.security.AccessController.doPrivileged(AccessController.java:400)
	at com.sun.javafx.tk.quantum.GlassViewEventHandler.lambda$handleMouseEvent$2(GlassViewEventHandler.java:450)
	at com.sun.javafx.tk.quantum.QuantumToolkit.runWithoutRenderLock(QuantumToolkit.java:436)
	at com.sun.javafx.tk.quantum.GlassViewEventHandler.handleMouseEvent(GlassViewEventHandler.java:449)
	at com.sun.glass.ui.View.handleMouseEvent(View.java:551)
	at com.sun.glass.ui.View.notifyMouse(View.java:937)
	at com.sun.glass.ui.monocle.MonocleView.notifyMouse(MonocleView.java:116)
	at java.base/jdk.internal.reflect.DirectMethodHandleAccessor.invoke(DirectMethodHandleAccessor.java:103)
	... 21 common frames omitted
2026-04-09 21:13:49,768 [ERROR] from com.jpro.meta.tk.SceneInputListener in JavaFX Application Thread - Error while processing the input: MouseEventToken(MouseReleased,258.3999938964844,32.79999923706055,MouseButtonToken(3),false,false,false,false,false,false,false,false) app: stage title: Visual Product Discovery & Shopping Management System
java.lang.reflect.InvocationTargetException: null
	at java.base/jdk.internal.reflect.DirectMethodHandleAccessor.invoke(DirectMethodHandleAccessor.java:118)
	at java.base/java.lang.reflect.Method.invoke(Method.java:580)
	at simplefx.util.ReflectionUtil$UseReflection.applyDynamic(ReflectionUtil.scala:21)
	at com.jpro.meta.tk.SceneInputListener.processInputInScene(SceneInputListener.scala:304)
	at com.jpro.meta.tk.SceneInputListener.processInput(SceneInputListener.scala:203)
	at com.jpro.meta.tk.SceneInputListener.processInputs(SceneInputListener.scala:133)
	at com.jpro.meta.tk.SceneInputListener.processOrRequest(SceneInputListener.scala:41)
	at com.jpro.meta.tk.SceneInputListener.$anonfun$new$4(SceneInputListener.scala:59)
	at scala.runtime.java8.JFunction0$mcV$sp.apply(JFunction0$mcV$sp.java:23)
	at simplefx.cores.standard.parts.CoreTimeEvent$$anon$3.run(CoreTimeEvent.scala:62)
	at com.sun.javafx.application.PlatformImpl.lambda$runLater$10(PlatformImpl.java:457)
	at java.base/java.security.AccessController.doPrivileged(AccessController.java:400)
	at com.sun.javafx.application.PlatformImpl.lambda$runLater$11(PlatformImpl.java:456)
	at com.sun.glass.ui.monocle.RunnableProcessor.runLoop(RunnableProcessor.java:92)
	at com.sun.glass.ui.monocle.RunnableProcessor.run(RunnableProcessor.java:51)
	at java.base/java.lang.Thread.run(Thread.java:1583)
Caused by: java.lang.reflect.InvocationTargetException: null
	at java.base/jdk.internal.reflect.DirectMethodHandleAccessor.invoke(DirectMethodHandleAccessor.java:118)
	at java.base/java.lang.reflect.Method.invoke(Method.java:580)
	at simplefx.util.ReflectionUtil$UseReflection.applyDynamic(ReflectionUtil.scala:21)
	at com.sun.glass.ui.monocle.input.fork.NativeMouseInput.notifyMouse(NativeMouseInput.scala:330)
	at com.sun.glass.ui.monocle.input.fork.NativeMouseInput.postMouseEvent(NativeMouseInput.scala:226)
	at com.sun.glass.ui.monocle.input.fork.NativeMouseInput.setState(NativeMouseInput.scala:186)
	at java.base/jdk.internal.reflect.DirectMethodHandleAccessor.invoke(DirectMethodHandleAccessor.java:103)
	... 15 common frames omitted
Caused by: java.lang.UnsupportedOperationException: null
	at com.sun.glass.ui.monocle.MonocleApplication.staticCommonDialogs_showFileChooser(MonocleApplication.java:273)
	at com.sun.glass.ui.CommonDialogs.showFileChooser(CommonDialogs.java:213)
	at com.sun.javafx.tk.quantum.QuantumToolkit.showFileChooser(QuantumToolkit.java:1737)
	at javafx.stage.FileChooser.showDialog(FileChooser.java:396)
	at javafx.stage.FileChooser.showOpenDialog(FileChooser.java:331)
	at com.visualshop.controller.ShopController.openVisualSearch(ShopController.java:817)
	at com.visualshop.controller.ShopController.lambda$buildNavbar$6(ShopController.java:172)
	at com.sun.javafx.event.CompositeEventHandler.dispatchBubblingEvent(CompositeEventHandler.java:86)
	at com.sun.javafx.event.EventHandlerManager.dispatchBubblingEvent(EventHandlerManager.java:232)
	at com.sun.javafx.event.EventHandlerManager.dispatchBubblingEvent(EventHandlerManager.java:189)
	at com.sun.javafx.event.CompositeEventDispatcher.dispatchBubblingEvent(CompositeEventDispatcher.java:59)
	at com.sun.javafx.event.BasicEventDispatcher.dispatchEvent(BasicEventDispatcher.java:58)
	at com.sun.javafx.event.EventDispatchChainImpl.dispatchEvent(EventDispatchChainImpl.java:114)
	at com.sun.javafx.event.BasicEventDispatcher.dispatchEvent(BasicEventDispatcher.java:56)
	at com.sun.javafx.event.EventDispatchChainImpl.dispatchEvent(EventDispatchChainImpl.java:114)
	at com.sun.javafx.event.BasicEventDispatcher.dispatchEvent(BasicEventDispatcher.java:56)
	at com.sun.javafx.event.EventDispatchChainImpl.dispatchEvent(EventDispatchChainImpl.java:114)
	at com.sun.javafx.event.EventUtil.fireEventImpl(EventUtil.java:74)
	at com.sun.javafx.event.EventUtil.fireEvent(EventUtil.java:49)
	at javafx.event.Event.fireEvent(Event.java:198)
	at javafx.scene.Node.fireEvent(Node.java:8917)
	at javafx.scene.control.Button.fire(Button.java:203)
	at com.sun.javafx.scene.control.behavior.ButtonBehavior.mouseReleased(ButtonBehavior.java:207)
	at com.sun.javafx.scene.control.inputmap.InputMap.handle(InputMap.java:274)
	at com.sun.javafx.event.CompositeEventHandler$NormalEventHandlerRecord.handleBubblingEvent(CompositeEventHandler.java:247)
	at com.sun.javafx.event.CompositeEventHandler.dispatchBubblingEvent(CompositeEventHandler.java:80)
	at com.sun.javafx.event.EventHandlerManager.dispatchBubblingEvent(EventHandlerManager.java:232)
	at com.sun.javafx.event.EventHandlerManager.dispatchBubblingEvent(EventHandlerManager.java:189)
	at com.sun.javafx.event.CompositeEventDispatcher.dispatchBubblingEvent(CompositeEventDispatcher.java:59)
	at com.sun.javafx.event.BasicEventDispatcher.dispatchEvent(BasicEventDispatcher.java:58)
	at com.sun.javafx.event.EventDispatchChainImpl.dispatchEvent(EventDispatchChainImpl.java:114)
	at com.sun.javafx.event.BasicEventDispatcher.dispatchEvent(BasicEventDispatcher.java:56)
	at com.sun.javafx.event.EventDispatchChainImpl.dispatchEvent(EventDispatchChainImpl.java:114)
	at com.sun.javafx.event.BasicEventDispatcher.dispatchEvent(BasicEventDispatcher.java:56)
	at com.sun.javafx.event.EventDispatchChainImpl.dispatchEvent(EventDispatchChainImpl.java:114)
	at com.sun.javafx.event.EventUtil.fireEventImpl(EventUtil.java:74)
	at com.sun.javafx.event.EventUtil.fireEvent(EventUtil.java:54)
	at javafx.event.Event.fireEvent(Event.java:198)
	at javafx.scene.Scene$MouseHandler.process(Scene.java:4033)
	at javafx.scene.Scene.processMouseEvent(Scene.java:1933)
	at javafx.scene.Scene$ScenePeerListener.mouseEvent(Scene.java:2757)
	at com.sun.javafx.tk.quantum.GlassViewEventHandler$MouseEventNotification.run(GlassViewEventHandler.java:411)
	at com.sun.javafx.tk.quantum.GlassViewEventHandler$MouseEventNotification.run(GlassViewEventHandler.java:301)
	at java.base/java.security.AccessController.doPrivileged(AccessController.java:400)
	at com.sun.javafx.tk.quantum.GlassViewEventHandler.lambda$handleMouseEvent$2(GlassViewEventHandler.java:450)
	at com.sun.javafx.tk.quantum.QuantumToolkit.runWithoutRenderLock(QuantumToolkit.java:436)
	at com.sun.javafx.tk.quantum.GlassViewEventHandler.handleMouseEvent(GlassViewEventHandler.java:449)
	at com.sun.glass.ui.View.handleMouseEvent(View.java:551)
	at com.sun.glass.ui.View.notifyMouse(View.java:937)
	at com.sun.glass.ui.monocle.MonocleView.notifyMouse(MonocleView.java:116)
	at java.base/jdk.internal.reflect.DirectMethodHandleAccessor.invoke(DirectMethodHandleAccessor.java:103)
	... 21 common frames omitted
2026-04-09 21:13:49,933 [ERROR] from com.jpro.meta.tk.SceneInputListener in JavaFX Application Thread - Error while processing the input: MouseEventToken(MouseMoved,292.8000183105469,10.40000057220459,MouseButtonToken(2),false,false,false,false,false,false,false,false) app: stage title: Visual Product Discovery & Shopping Management System
java.lang.reflect.InvocationTargetException: null
	at java.base/jdk.internal.reflect.DirectMethodHandleAccessor.invoke(DirectMethodHandleAccessor.java:118)
	at java.base/java.lang.reflect.Method.invoke(Method.java:580)
	at simplefx.util.ReflectionUtil$UseReflection.applyDynamic(ReflectionUtil.scala:21)
	at com.jpro.meta.tk.SceneInputListener.processInputInScene(SceneInputListener.scala:304)
	at com.jpro.meta.tk.SceneInputListener.processInput(SceneInputListener.scala:206)
	at com.jpro.meta.tk.SceneInputListener.processInputs(SceneInputListener.scala:133)
	at com.jpro.meta.tk.SceneInputListener.processOrRequest(SceneInputListener.scala:41)
	at com.jpro.meta.tk.SceneInputListener.$anonfun$new$4(SceneInputListener.scala:59)
	at scala.runtime.java8.JFunction0$mcV$sp.apply(JFunction0$mcV$sp.java:23)
	at simplefx.cores.standard.parts.CoreTimeEvent$$anon$3.run(CoreTimeEvent.scala:62)
	at com.sun.javafx.application.PlatformImpl.lambda$runLater$10(PlatformImpl.java:457)
	at java.base/java.security.AccessController.doPrivileged(AccessController.java:400)
	at com.sun.javafx.application.PlatformImpl.lambda$runLater$11(PlatformImpl.java:456)
	at com.sun.glass.ui.monocle.RunnableProcessor.runLoop(RunnableProcessor.java:92)
	at com.sun.glass.ui.monocle.RunnableProcessor.run(RunnableProcessor.java:51)
	at java.base/java.lang.Thread.run(Thread.java:1583)
Caused by: java.lang.reflect.InvocationTargetException: null
	at java.base/jdk.internal.reflect.DirectMethodHandleAccessor.invoke(DirectMethodHandleAccessor.java:118)
	at java.base/java.lang.reflect.Method.invoke(Method.java:580)
	at simplefx.util.ReflectionUtil$UseReflection.applyDynamic(ReflectionUtil.scala:21)
	at com.sun.glass.ui.monocle.input.fork.NativeMouseInput.notifyMouse(NativeMouseInput.scala:330)
	at com.sun.glass.ui.monocle.input.fork.NativeMouseInput.postMouseEvent(NativeMouseInput.scala:226)
	at com.sun.glass.ui.monocle.input.fork.NativeMouseInput.setState(NativeMouseInput.scala:186)
	at java.base/jdk.internal.reflect.DirectMethodHandleAccessor.invoke(DirectMethodHandleAccessor.java:103)
	... 15 common frames omitted
Caused by: java.lang.UnsupportedOperationException: null
	at com.sun.glass.ui.monocle.MonocleApplication.staticCommonDialogs_showFileChooser(MonocleApplication.java:273)
	at com.sun.glass.ui.CommonDialogs.showFileChooser(CommonDialogs.java:213)
	at com.sun.javafx.tk.quantum.QuantumToolkit.showFileChooser(QuantumToolkit.java:1737)
	at javafx.stage.FileChooser.showDialog(FileChooser.java:396)
	at javafx.stage.FileChooser.showOpenDialog(FileChooser.java:331)
	at com.visualshop.controller.ShopController.openVisualSearch(ShopController.java:817)
	at com.visualshop.controller.ShopController.lambda$buildNavbar$6(ShopController.java:172)
	at com.sun.javafx.event.CompositeEventHandler.dispatchBubblingEvent(CompositeEventHandler.java:86)
	at com.sun.javafx.event.EventHandlerManager.dispatchBubblingEvent(EventHandlerManager.java:232)
	at com.sun.javafx.event.EventHandlerManager.dispatchBubblingEvent(EventHandlerManager.java:189)
	at com.sun.javafx.event.CompositeEventDispatcher.dispatchBubblingEvent(CompositeEventDispatcher.java:59)
	at com.sun.javafx.event.BasicEventDispatcher.dispatchEvent(BasicEventDispatcher.java:58)
	at com.sun.javafx.event.EventDispatchChainImpl.dispatchEvent(EventDispatchChainImpl.java:114)
	at com.sun.javafx.event.BasicEventDispatcher.dispatchEvent(BasicEventDispatcher.java:56)
	at com.sun.javafx.event.EventDispatchChainImpl.dispatchEvent(EventDispatchChainImpl.java:114)
	at com.sun.javafx.event.BasicEventDispatcher.dispatchEvent(BasicEventDispatcher.java:56)
	at com.sun.javafx.event.EventDispatchChainImpl.dispatchEvent(EventDispatchChainImpl.java:114)
	at com.sun.javafx.event.EventUtil.fireEventImpl(EventUtil.java:74)
	at com.sun.javafx.event.EventUtil.fireEvent(EventUtil.java:49)
	at javafx.event.Event.fireEvent(Event.java:198)
	at javafx.scene.Node.fireEvent(Node.java:8917)
	at javafx.scene.control.Button.fire(Button.java:203)
	at com.sun.javafx.scene.control.behavior.ButtonBehavior.mouseReleased(ButtonBehavior.java:207)
	at com.sun.javafx.scene.control.inputmap.InputMap.handle(InputMap.java:274)
	at com.sun.javafx.event.CompositeEventHandler$NormalEventHandlerRecord.handleBubblingEvent(CompositeEventHandler.java:247)
	at com.sun.javafx.event.CompositeEventHandler.dispatchBubblingEvent(CompositeEventHandler.java:80)
	at com.sun.javafx.event.EventHandlerManager.dispatchBubblingEvent(EventHandlerManager.java:232)
	at com.sun.javafx.event.EventHandlerManager.dispatchBubblingEvent(EventHandlerManager.java:189)
	at com.sun.javafx.event.CompositeEventDispatcher.dispatchBubblingEvent(CompositeEventDispatcher.java:59)
	at com.sun.javafx.event.BasicEventDispatcher.dispatchEvent(BasicEventDispatcher.java:58)
	at com.sun.javafx.event.EventDispatchChainImpl.dispatchEvent(EventDispatchChainImpl.java:114)
	at com.sun.javafx.event.BasicEventDispatcher.dispatchEvent(BasicEventDispatcher.java:56)
	at com.sun.javafx.event.EventDispatchChainImpl.dispatchEvent(EventDispatchChainImpl.java:114)
	at com.sun.javafx.event.BasicEventDispatcher.dispatchEvent(BasicEventDispatcher.java:56)
	at com.sun.javafx.event.EventDispatchChainImpl.dispatchEvent(EventDispatchChainImpl.java:114)
	at com.sun.javafx.event.EventUtil.fireEventImpl(EventUtil.java:74)
	at com.sun.javafx.event.EventUtil.fireEvent(EventUtil.java:54)
	at javafx.event.Event.fireEvent(Event.java:198)
	at javafx.scene.Scene$MouseHandler.process(Scene.java:4033)
	at javafx.scene.Scene.processMouseEvent(Scene.java:1933)
	at javafx.scene.Scene$ScenePeerListener.mouseEvent(Scene.java:2757)
	at com.sun.javafx.tk.quantum.GlassViewEventHandler$MouseEventNotification.run(GlassViewEventHandler.java:411)
	at com.sun.javafx.tk.quantum.GlassViewEventHandler$MouseEventNotification.run(GlassViewEventHandler.java:301)
	at java.base/java.security.AccessController.doPrivileged(AccessController.java:400)
	at com.sun.javafx.tk.quantum.GlassViewEventHandler.lambda$handleMouseEvent$2(GlassViewEventHandler.java:450)
	at com.sun.javafx.tk.quantum.QuantumToolkit.runWithoutRenderLock(QuantumToolkit.java:436)
	at com.sun.javafx.tk.quantum.GlassViewEventHandler.handleMouseEvent(GlassViewEventHandler.java:449)
	at com.sun.glass.ui.View.handleMouseEvent(View.java:551)
	at com.sun.glass.ui.View.notifyMouse(View.java:937)
	at com.sun.glass.ui.monocle.MonocleView.notifyMouse(MonocleView.java:116)
	at java.base/jdk.internal.reflect.DirectMethodHandleAccessor.invoke(DirectMethodHandleAccessor.java:103)
	... 21 common frames omitted
2026-04-10 10:23:05,508 [WARN] from com.jpro.meta.tk.SceneInputListener in JavaFX Application Thread - Unknown Keycode: 220
2026-04-10 10:23:05,588 [WARN] from com.jpro.meta.tk.SceneInputListener in JavaFX Application Thread - Unknown Keycode: 220
2026-04-23 16:32:54,066 [WARN] from com.jpro.internal.server.ServerHelper$ in application-akka.actor.default-dispatcher-14 - The requested application "888059173!default" does not exist!
