2026-04-09 19:05:47,846 [INFO] from com.jpro.activity in scala-execution-context-global-43 - Starting the server
2026-04-09 19:05:47,848 [INFO] from com.jpro.internal.server.JProInitializer$ in scala-execution-context-global-43 -  *** Starting JPro: https://www.jpro.one/ ***
2026-04-09 19:05:47,848 [INFO] from com.jpro.internal.server.JProInitializer$ in scala-execution-context-global-43 - OS: Windows 11
2026-04-09 19:05:47,889 [INFO] from com.jpro.internal.server.JProInitializer$ in scala-execution-context-global-43 - JPro: 2024.2.1
2026-04-09 19:05:47,889 [INFO] from com.jpro.internal.server.JProInitializer$ in scala-execution-context-global-43 - Java version: 21.0.9
2026-04-09 19:05:47,889 [INFO] from com.jpro.internal.server.JProInitializer$ in scala-execution-context-global-43 - JVM: 21.0.9 Oracle Corporation
2026-04-09 19:05:47,891 [INFO] from com.jpro.internal.server.JProInitializer$ in scala-execution-context-global-43 - JavaFX jar: file:/C:/Users/kaush/.m2/repository/org/openjfx/javafx-graphics/22.0.2-jpro/javafx-graphics-22.0.2-jpro-win.jar
2026-04-09 19:05:47,893 [INFO] from com.jpro.internal.server.JProInitializer$ in scala-execution-context-global-43 - Configuring logging from url: 'jar:file:/C:/Users/kaush/.m2/repository/com/sandec/jpro/jpro-server_2.12/2024.2.1/jpro-server_2.12-2024.2.1.jar!/logback-jpro-default.xml'
2026-04-09 19:05:49,240 [INFO] from com.jpro.internal.server.JProInitializer$ in JavaFX Application Thread - JavaFX version: 22.0.2-jpro+0
2026-04-09 19:05:49,396 [INFO] from com.jpro.internal.server.JProInitializer$ in scala-execution-context-global-43 - finished init!
2026-04-09 19:05:49,414 [INFO] from com.jpro.internal.server.JProInitializer$ in scala-execution-context-global-43 - [JPro] -> Server started: {start_time: 1775741747845, os_name: Windows 11, jpro_version: 2024.2.1}
2026-04-09 19:05:49,529 [INFO] from akka.event.slf4j.Slf4jLogger in application-akka.actor.default-dispatcher-5 - Slf4jLogger started
2026-04-09 19:05:50,028 [INFO] from play.api.Play in Thread-0 - Application started (Prod) (no global state)
2026-04-09 19:05:50,463 [INFO] from play.core.server.AkkaHttpServer in Thread-0 - Enabling HTTP/2 on Akka HTTP server...
2026-04-09 19:05:50,464 [INFO] from play.core.server.AkkaHttpServer in Thread-0 - Listening for HTTP on /[0:0:0:0:0:0:0:0]:8080
2026-04-09 19:05:51,291 [INFO] from controllers.jpro in application-akka.actor.default-dispatcher-6 - application requested: default
2026-04-09 19:05:51,297 [INFO] from controllers.jpro in application-akka.actor.default-dispatcher-6 - Creating Application: default
2026-04-09 19:05:51,300 [INFO] from controllers.jpro in application-akka.actor.default-dispatcher-6 - remoteAddress 0:0:0:0:0:0:0:1
2026-04-09 19:05:51,300 [INFO] from controllers.jpro in application-akka.actor.default-dispatcher-6 - host          localhost:8080
2026-04-09 19:05:51,300 [INFO] from controllers.jpro in application-akka.actor.default-dispatcher-6 - uri           /app/ws/default
2026-04-09 19:05:51,543 [INFO] from com.jpro.internal.stats.ViewInfo$ in JavaFX Application Thread - [JPro] -> View created: {app_name: default, host_name: localhost:8080, instance_id: 1982007335, browser: Google Chrome 146.0.0.0, browser_url: http://localhost:8080/, client_ip: 0:0:0:0:0:0:0:1}
2026-04-09 19:05:53,182 [INFO] from com.jpro.internal.communicator.InstanceImpl in JavaFX Application Thread - [JPro] -> Instance created: {app_name: default, host_name: localhost:8080, instance_id: 1982007335, browser: Google Chrome 146.0.0.0, browser_url: http://localhost:8080/, client_ip: 0:0:0:0:0:0:0:1}
2026-04-09 19:07:49,274 [WARN] from com.jpro.internal.stats.ServerInfo$ in JavaFX Application Thread - high memory usage: 95.71851133628803%
2026-04-09 19:08:09,284 [WARN] from com.jpro.internal.stats.ServerInfo$ in JavaFX Application Thread - high memory usage: 95.81660863013983%
2026-04-09 19:08:29,284 [WARN] from com.jpro.internal.stats.ServerInfo$ in JavaFX Application Thread - high memory usage: 95.91920386811006%
2026-04-09 19:08:49,284 [WARN] from com.jpro.internal.stats.ServerInfo$ in JavaFX Application Thread - high memory usage: 95.99404732996662%
2026-04-09 19:09:09,284 [WARN] from com.jpro.internal.stats.ServerInfo$ in JavaFX Application Thread - high memory usage: 96.07618657125306%
2026-04-09 19:09:33,867 [INFO] from com.jpro.internal.stats.ViewInfo$ in JavaFX Application Thread - [JPro] -> View closed: {app_name: default, host_name: localhost:8080, instance_id: 1982007335, browser: Google Chrome 146.0.0.0, browser_url: http://localhost:8080/, client_ip: 0:0:0:0:0:0:0:1, reason: tab-closed}
2026-04-09 19:09:33,946 [INFO] from com.jpro.internal.stats.ViewInfo$ in JavaFX Application Thread - 
2026-04-09 19:09:33,946 [INFO] from com.jpro.internal.stats.ViewInfo$ in JavaFX Application Thread - Application closed:
2026-04-09 19:09:33,958 [INFO] from com.jpro.internal.stats.ViewInfo$ in JavaFX Application Thread - startTime      : Thu Apr 09 19:09:33 IST 2026      
2026-04-09 19:09:33,958 [INFO] from com.jpro.internal.stats.ViewInfo$ in JavaFX Application Thread - averageLatency : 00:00:00.001 
2026-04-09 19:09:33,958 [INFO] from com.jpro.internal.stats.ViewInfo$ in JavaFX Application Thread - averageJitter  : 00:00:00.000  
2026-04-09 19:09:33,958 [INFO] from com.jpro.internal.stats.ViewInfo$ in JavaFX Application Thread - framerateServer: 00:00:00.000
2026-04-09 19:09:33,959 [INFO] from com.jpro.internal.stats.ViewInfo$ in JavaFX Application Thread - framerateClient: 00:00:00.000
2026-04-09 19:09:33,959 [INFO] from com.jpro.internal.stats.ViewInfo$ in JavaFX Application Thread - raw            : 10792934
2026-04-09 19:09:33,959 [INFO] from com.jpro.internal.stats.ViewInfo$ in JavaFX Application Thread - zipped         : 1680567
2026-04-09 19:09:33,959 [INFO] from com.jpro.internal.stats.ViewInfo$ in JavaFX Application Thread - 
2026-04-09 19:09:34,874 [INFO] from com.jpro.internal.communicator.InstanceImpl in JavaFX Application Thread - [JPro] -> Instance closed: {app_name: default, host_name: localhost:8080, instance_id: 1982007335, browser: Google Chrome 146.0.0.0, browser_url: http://localhost:8080/, client_ip: 0:0:0:0:0:0:0:1, reason: close-tab-closed}
2026-04-09 19:10:35,519 [INFO] from com.jpro.activity in scala-execution-context-global-43 - Starting the server
2026-04-09 19:10:35,522 [INFO] from com.jpro.internal.server.JProInitializer$ in scala-execution-context-global-43 -  *** Starting JPro: https://www.jpro.one/ ***
2026-04-09 19:10:35,522 [INFO] from com.jpro.internal.server.JProInitializer$ in scala-execution-context-global-43 - OS: Windows 11
2026-04-09 19:10:35,556 [INFO] from com.jpro.internal.server.JProInitializer$ in scala-execution-context-global-43 - JPro: 2024.2.1
2026-04-09 19:10:35,556 [INFO] from com.jpro.internal.server.JProInitializer$ in scala-execution-context-global-43 - Java version: 21.0.9
2026-04-09 19:10:35,556 [INFO] from com.jpro.internal.server.JProInitializer$ in scala-execution-context-global-43 - JVM: 21.0.9 Oracle Corporation
2026-04-09 19:10:35,559 [INFO] from com.jpro.internal.server.JProInitializer$ in scala-execution-context-global-43 - JavaFX jar: file:/C:/Users/kaush/.m2/repository/org/openjfx/javafx-graphics/22.0.2-jpro/javafx-graphics-22.0.2-jpro-win.jar
2026-04-09 19:10:35,563 [INFO] from com.jpro.internal.server.JProInitializer$ in scala-execution-context-global-43 - Configuring logging from url: 'jar:file:/C:/Users/kaush/.m2/repository/com/sandec/jpro/jpro-server_2.12/2024.2.1/jpro-server_2.12-2024.2.1.jar!/logback-jpro-default.xml'
2026-04-09 19:10:36,899 [INFO] from com.jpro.internal.server.JProInitializer$ in JavaFX Application Thread - JavaFX version: 22.0.2-jpro+0
2026-04-09 19:10:37,004 [INFO] from com.jpro.internal.server.JProInitializer$ in scala-execution-context-global-43 - finished init!
2026-04-09 19:10:37,006 [INFO] from com.jpro.internal.server.JProInitializer$ in scala-execution-context-global-43 - [JPro] -> Server started: {start_time: 1775742035518, os_name: Windows 11, jpro_version: 2024.2.1}
2026-04-09 19:10:37,228 [INFO] from akka.event.slf4j.Slf4jLogger in application-akka.actor.default-dispatcher-4 - Slf4jLogger started
2026-04-09 19:10:37,930 [INFO] from play.api.Play in Thread-0 - Application started (Prod) (no global state)
2026-04-09 19:10:38,475 [INFO] from play.core.server.AkkaHttpServer in Thread-0 - Enabling HTTP/2 on Akka HTTP server...
2026-04-09 19:10:38,476 [INFO] from play.core.server.AkkaHttpServer in Thread-0 - Listening for HTTP on /[0:0:0:0:0:0:0:0]:8080
2026-04-09 19:10:39,292 [INFO] from controllers.jpro in application-akka.actor.default-dispatcher-9 - application requested: default
2026-04-09 19:10:39,302 [INFO] from controllers.jpro in application-akka.actor.default-dispatcher-9 - Creating Application: default
2026-04-09 19:10:39,304 [INFO] from controllers.jpro in application-akka.actor.default-dispatcher-9 - remoteAddress 0:0:0:0:0:0:0:1
2026-04-09 19:10:39,304 [INFO] from controllers.jpro in application-akka.actor.default-dispatcher-9 - host          localhost:8080
2026-04-09 19:10:39,304 [INFO] from controllers.jpro in application-akka.actor.default-dispatcher-9 - uri           /app/ws/default
2026-04-09 19:10:39,500 [INFO] from com.jpro.internal.stats.ViewInfo$ in JavaFX Application Thread - [JPro] -> View created: {app_name: default, host_name: localhost:8080, instance_id: 1182331520, browser: Google Chrome 146.0.0.0, browser_url: http://localhost:8080/, client_ip: 0:0:0:0:0:0:0:1}
2026-04-09 19:10:41,036 [INFO] from com.jpro.internal.communicator.InstanceImpl in JavaFX Application Thread - [JPro] -> Instance created: {app_name: default, host_name: localhost:8080, instance_id: 1182331520, browser: Google Chrome 146.0.0.0, browser_url: http://localhost:8080/, client_ip: 0:0:0:0:0:0:0:1}
2026-04-09 19:37:05,109 [INFO] from com.jpro.activity in scala-execution-context-global-43 - Starting the server
2026-04-09 19:37:05,111 [INFO] from com.jpro.internal.server.JProInitializer$ in scala-execution-context-global-43 -  *** Starting JPro: https://www.jpro.one/ ***
2026-04-09 19:37:05,111 [INFO] from com.jpro.internal.server.JProInitializer$ in scala-execution-context-global-43 - OS: Windows 11
2026-04-09 19:37:05,139 [INFO] from com.jpro.internal.server.JProInitializer$ in scala-execution-context-global-43 - JPro: 2024.2.1
2026-04-09 19:37:05,139 [INFO] from com.jpro.internal.server.JProInitializer$ in scala-execution-context-global-43 - Java version: 21.0.9
2026-04-09 19:37:05,139 [INFO] from com.jpro.internal.server.JProInitializer$ in scala-execution-context-global-43 - JVM: 21.0.9 Oracle Corporation
2026-04-09 19:37:05,142 [INFO] from com.jpro.internal.server.JProInitializer$ in scala-execution-context-global-43 - JavaFX jar: file:/C:/Users/kaush/.m2/repository/org/openjfx/javafx-graphics/22.0.2-jpro/javafx-graphics-22.0.2-jpro-win.jar
2026-04-09 19:37:05,145 [INFO] from com.jpro.internal.server.JProInitializer$ in scala-execution-context-global-43 - Configuring logging from url: 'jar:file:/C:/Users/kaush/.m2/repository/com/sandec/jpro/jpro-server_2.12/2024.2.1/jpro-server_2.12-2024.2.1.jar!/logback-jpro-default.xml'
2026-04-09 19:37:06,235 [INFO] from akka.event.slf4j.Slf4jLogger in application-akka.actor.default-dispatcher-6 - Slf4jLogger started
2026-04-09 19:37:06,244 [INFO] from com.jpro.internal.server.JProInitializer$ in JavaFX Application Thread - JavaFX version: 22.0.2-jpro+0
2026-04-09 19:37:06,338 [INFO] from com.jpro.internal.server.JProInitializer$ in scala-execution-context-global-43 - finished init!
2026-04-09 19:37:06,340 [INFO] from com.jpro.internal.server.JProInitializer$ in scala-execution-context-global-43 - [JPro] -> Server started: {start_time: 1775743625104, os_name: Windows 11, jpro_version: 2024.2.1}
2026-04-09 19:37:06,812 [INFO] from play.api.Play in Thread-0 - Application started (Prod) (no global state)
2026-04-09 19:37:07,337 [INFO] from play.core.server.AkkaHttpServer in Thread-0 - Enabling HTTP/2 on Akka HTTP server...
2026-04-09 19:37:07,338 [INFO] from play.core.server.AkkaHttpServer in Thread-0 - Listening for HTTP on /[0:0:0:0:0:0:0:0]:8080
2026-04-09 19:37:08,041 [INFO] from controllers.jpro in application-akka.actor.default-dispatcher-6 - application requested: default
2026-04-09 19:37:08,047 [INFO] from controllers.jpro in application-akka.actor.default-dispatcher-6 - Creating Application: default
2026-04-09 19:37:08,049 [INFO] from controllers.jpro in application-akka.actor.default-dispatcher-6 - remoteAddress 0:0:0:0:0:0:0:1
2026-04-09 19:37:08,049 [INFO] from controllers.jpro in application-akka.actor.default-dispatcher-6 - host          localhost:8080
2026-04-09 19:37:08,049 [INFO] from controllers.jpro in application-akka.actor.default-dispatcher-6 - uri           /app/ws/default
2026-04-09 19:37:08,277 [INFO] from com.jpro.internal.stats.ViewInfo$ in JavaFX Application Thread - [JPro] -> View created: {app_name: default, host_name: localhost:8080, instance_id: 1744751386, browser: Google Chrome 146.0.0.0, browser_url: http://localhost:8080/, client_ip: 0:0:0:0:0:0:0:1}
2026-04-09 19:37:09,744 [INFO] from com.jpro.internal.communicator.InstanceImpl in JavaFX Application Thread - [JPro] -> Instance created: {app_name: default, host_name: localhost:8080, instance_id: 1744751386, browser: Google Chrome 146.0.0.0, browser_url: http://localhost:8080/, client_ip: 0:0:0:0:0:0:0:1}
2026-04-09 19:41:45,087 [INFO] from com.jpro.activity in scala-execution-context-global-43 - Starting the server
2026-04-09 19:41:45,090 [INFO] from com.jpro.internal.server.JProInitializer$ in scala-execution-context-global-43 -  *** Starting JPro: https://www.jpro.one/ ***
2026-04-09 19:41:45,090 [INFO] from com.jpro.internal.server.JProInitializer$ in scala-execution-context-global-43 - OS: Windows 11
2026-04-09 19:41:45,108 [INFO] from com.jpro.internal.server.JProInitializer$ in scala-execution-context-global-43 - JPro: 2024.2.1
2026-04-09 19:41:45,108 [INFO] from com.jpro.internal.server.JProInitializer$ in scala-execution-context-global-43 - Java version: 21.0.9
2026-04-09 19:41:45,108 [INFO] from com.jpro.internal.server.JProInitializer$ in scala-execution-context-global-43 - JVM: 21.0.9 Oracle Corporation
2026-04-09 19:41:45,109 [INFO] from com.jpro.internal.server.JProInitializer$ in scala-execution-context-global-43 - JavaFX jar: file:/C:/Users/kaush/.m2/repository/org/openjfx/javafx-graphics/22.0.2-jpro/javafx-graphics-22.0.2-jpro-win.jar
2026-04-09 19:41:45,110 [INFO] from com.jpro.internal.server.JProInitializer$ in scala-execution-context-global-43 - Configuring logging from url: 'jar:file:/C:/Users/kaush/.m2/repository/com/sandec/jpro/jpro-server_2.12/2024.2.1/jpro-server_2.12-2024.2.1.jar!/logback-jpro-default.xml'
2026-04-09 19:41:46,049 [INFO] from com.jpro.internal.server.JProInitializer$ in JavaFX Application Thread - JavaFX version: 22.0.2-jpro+0
2026-04-09 19:41:46,106 [INFO] from com.jpro.internal.server.JProInitializer$ in scala-execution-context-global-43 - finished init!
2026-04-09 19:41:46,111 [INFO] from com.jpro.internal.server.JProInitializer$ in scala-execution-context-global-43 - [JPro] -> Server started: {start_time: 1775743905087, os_name: Windows 11, jpro_version: 2024.2.1}
2026-04-09 19:41:46,155 [INFO] from akka.event.slf4j.Slf4jLogger in application-akka.actor.default-dispatcher-5 - Slf4jLogger started
2026-04-09 19:41:46,574 [INFO] from play.api.Play in Thread-0 - Application started (Prod) (no global state)
2026-04-09 19:41:46,933 [INFO] from play.core.server.AkkaHttpServer in Thread-0 - Enabling HTTP/2 on Akka HTTP server...
2026-04-09 19:41:46,934 [INFO] from play.core.server.AkkaHttpServer in Thread-0 - Listening for HTTP on /[0:0:0:0:0:0:0:0]:8080
2026-04-09 19:41:48,144 [INFO] from controllers.jpro in application-akka.actor.default-dispatcher-5 - application requested: default
2026-04-09 19:41:48,149 [INFO] from controllers.jpro in application-akka.actor.default-dispatcher-5 - Creating Application: default
2026-04-09 19:41:48,151 [INFO] from controllers.jpro in application-akka.actor.default-dispatcher-5 - remoteAddress 0:0:0:0:0:0:0:1
2026-04-09 19:41:48,151 [INFO] from controllers.jpro in application-akka.actor.default-dispatcher-5 - host          localhost:8080
2026-04-09 19:41:48,151 [INFO] from controllers.jpro in application-akka.actor.default-dispatcher-5 - uri           /app/ws/default
2026-04-09 19:41:48,348 [INFO] from com.jpro.internal.stats.ViewInfo$ in JavaFX Application Thread - [JPro] -> View created: {app_name: default, host_name: localhost:8080, instance_id: 2096874160, browser: Google Chrome 146.0.0.0, browser_url: http://localhost:8080/, client_ip: 0:0:0:0:0:0:0:1}
2026-04-09 19:41:49,478 [INFO] from com.jpro.internal.communicator.InstanceImpl in JavaFX Application Thread - [JPro] -> Instance created: {app_name: default, host_name: localhost:8080, instance_id: 2096874160, browser: Google Chrome 146.0.0.0, browser_url: http://localhost:8080/, client_ip: 0:0:0:0:0:0:0:1}
2026-04-09 19:50:50,569 [INFO] from com.jpro.activity in scala-execution-context-global-43 - Starting the server
2026-04-09 19:50:50,570 [INFO] from com.jpro.internal.server.JProInitializer$ in scala-execution-context-global-43 -  *** Starting JPro: https://www.jpro.one/ ***
2026-04-09 19:50:50,570 [INFO] from com.jpro.internal.server.JProInitializer$ in scala-execution-context-global-43 - OS: Windows 11
2026-04-09 19:50:50,591 [INFO] from com.jpro.internal.server.JProInitializer$ in scala-execution-context-global-43 - JPro: 2024.2.1
2026-04-09 19:50:50,591 [INFO] from com.jpro.internal.server.JProInitializer$ in scala-execution-context-global-43 - Java version: 21.0.9
2026-04-09 19:50:50,591 [INFO] from com.jpro.internal.server.JProInitializer$ in scala-execution-context-global-43 - JVM: 21.0.9 Oracle Corporation
2026-04-09 19:50:50,595 [INFO] from com.jpro.internal.server.JProInitializer$ in scala-execution-context-global-43 - JavaFX jar: file:/C:/Users/kaush/.m2/repository/org/openjfx/javafx-graphics/22.0.2-jpro/javafx-graphics-22.0.2-jpro-win.jar
2026-04-09 19:50:50,596 [INFO] from com.jpro.internal.server.JProInitializer$ in scala-execution-context-global-43 - Configuring logging from url: 'jar:file:/C:/Users/kaush/.m2/repository/com/sandec/jpro/jpro-server_2.12/2024.2.1/jpro-server_2.12-2024.2.1.jar!/logback-jpro-default.xml'
2026-04-09 19:50:51,365 [INFO] from com.jpro.internal.server.JProInitializer$ in JavaFX Application Thread - JavaFX version: 22.0.2-jpro+0
2026-04-09 19:50:51,461 [INFO] from com.jpro.internal.server.JProInitializer$ in scala-execution-context-global-43 - finished init!
2026-04-09 19:50:51,464 [INFO] from com.jpro.internal.server.JProInitializer$ in scala-execution-context-global-43 - [JPro] -> Server started: {start_time: 1775744450568, os_name: Windows 11, jpro_version: 2024.2.1}
2026-04-09 19:50:51,662 [INFO] from akka.event.slf4j.Slf4jLogger in application-akka.actor.default-dispatcher-5 - Slf4jLogger started
2026-04-09 19:50:52,150 [INFO] from play.api.Play in Thread-0 - Application started (Prod) (no global state)
2026-04-09 19:50:52,510 [INFO] from play.core.server.AkkaHttpServer in Thread-0 - Enabling HTTP/2 on Akka HTTP server...
2026-04-09 19:50:52,511 [INFO] from play.core.server.AkkaHttpServer in Thread-0 - Listening for HTTP on /[0:0:0:0:0:0:0:0]:8080
2026-04-09 19:50:53,513 [INFO] from controllers.jpro in application-akka.actor.default-dispatcher-6 - application requested: default
2026-04-09 19:50:53,518 [INFO] from controllers.jpro in application-akka.actor.default-dispatcher-6 - Creating Application: default
2026-04-09 19:50:53,520 [INFO] from controllers.jpro in application-akka.actor.default-dispatcher-6 - remoteAddress 0:0:0:0:0:0:0:1
2026-04-09 19:50:53,520 [INFO] from controllers.jpro in application-akka.actor.default-dispatcher-6 - host          localhost:8080
2026-04-09 19:50:53,520 [INFO] from controllers.jpro in application-akka.actor.default-dispatcher-6 - uri           /app/ws/default
2026-04-09 19:50:53,700 [INFO] from com.jpro.internal.stats.ViewInfo$ in JavaFX Application Thread - [JPro] -> View created: {app_name: default, host_name: localhost:8080, instance_id: 419351899, browser: Google Chrome 146.0.0.0, browser_url: http://localhost:8080/, client_ip: 0:0:0:0:0:0:0:1}
2026-04-09 19:51:28,827 [INFO] from com.jpro.internal.communicator.InstanceImpl in JavaFX Application Thread - [JPro] -> Instance created: {app_name: default, host_name: localhost:8080, instance_id: 419351899, browser: Google Chrome 146.0.0.0, browser_url: http://localhost:8080/, client_ip: 0:0:0:0:0:0:0:1}
2026-04-09 19:52:56,768 [INFO] from com.jpro.internal.stats.ViewInfo$ in JavaFX Application Thread - [JPro] -> View closed: {app_name: default, host_name: localhost:8080, instance_id: 419351899, browser: Google Chrome 146.0.0.0, browser_url: http://localhost:8080/, client_ip: 0:0:0:0:0:0:0:1, reason: tab-closed}
2026-04-09 19:52:56,783 [INFO] from com.jpro.internal.stats.ViewInfo$ in JavaFX Application Thread - 
2026-04-09 19:52:56,783 [INFO] from com.jpro.internal.stats.ViewInfo$ in JavaFX Application Thread - Application closed:
2026-04-09 19:52:56,792 [INFO] from com.jpro.internal.stats.ViewInfo$ in JavaFX Application Thread - startTime      : Thu Apr 09 19:52:56 IST 2026      
2026-04-09 19:52:56,792 [INFO] from com.jpro.internal.stats.ViewInfo$ in JavaFX Application Thread - averageLatency : 00:00:00.001 
2026-04-09 19:52:56,792 [INFO] from com.jpro.internal.stats.ViewInfo$ in JavaFX Application Thread - averageJitter  : 00:00:00.000  
2026-04-09 19:52:56,793 [INFO] from com.jpro.internal.stats.ViewInfo$ in JavaFX Application Thread - framerateServer: 00:00:00.000
2026-04-09 19:52:56,794 [INFO] from com.jpro.internal.stats.ViewInfo$ in JavaFX Application Thread - framerateClient: 00:00:00.000
2026-04-09 19:52:56,794 [INFO] from com.jpro.internal.stats.ViewInfo$ in JavaFX Application Thread - raw            : 3423655
2026-04-09 19:52:56,794 [INFO] from com.jpro.internal.stats.ViewInfo$ in JavaFX Application Thread - zipped         : 747714
2026-04-09 19:52:56,794 [INFO] from com.jpro.internal.stats.ViewInfo$ in JavaFX Application Thread - 
2026-04-09 19:52:56,807 [INFO] from controllers.jpro in application-akka.actor.default-dispatcher-14 - application requested: default
2026-04-09 19:52:56,807 [INFO] from controllers.jpro in application-akka.actor.default-dispatcher-14 - Creating Application: default
2026-04-09 19:52:56,807 [INFO] from controllers.jpro in application-akka.actor.default-dispatcher-14 - remoteAddress 0:0:0:0:0:0:0:1
2026-04-09 19:52:56,807 [INFO] from controllers.jpro in application-akka.actor.default-dispatcher-14 - host          localhost:8080
2026-04-09 19:52:56,807 [INFO] from controllers.jpro in application-akka.actor.default-dispatcher-14 - uri           /app/ws/default
2026-04-09 19:52:56,819 [INFO] from com.jpro.internal.stats.ViewInfo$ in JavaFX Application Thread - [JPro] -> View created: {app_name: default, host_name: localhost:8080, instance_id: 948535991, browser: Google Chrome 146.0.0.0, browser_url: http://localhost:8080/, client_ip: 0:0:0:0:0:0:0:1}
2026-04-09 19:52:59,163 [INFO] from com.jpro.internal.communicator.InstanceImpl in JavaFX Application Thread - [JPro] -> Instance created: {app_name: default, host_name: localhost:8080, instance_id: 948535991, browser: Google Chrome 146.0.0.0, browser_url: http://localhost:8080/, client_ip: 0:0:0:0:0:0:0:1}
2026-04-09 19:52:59,184 [INFO] from com.jpro.internal.communicator.InstanceImpl in JavaFX Application Thread - [JPro] -> Instance closed: {app_name: default, host_name: localhost:8080, instance_id: 419351899, browser: Google Chrome 146.0.0.0, browser_url: http://localhost:8080/, client_ip: 0:0:0:0:0:0:0:1, reason: close-tab-closed}
2026-04-09 19:59:12,101 [WARN] from com.jpro.meta.tk.SceneInputListener in JavaFX Application Thread - Unknown Keycode: 190
2026-04-09 19:59:12,223 [WARN] from com.jpro.meta.tk.SceneInputListener in JavaFX Application Thread - Unknown Keycode: 190
2026-04-09 20:02:09,196 [INFO] from com.jpro.internal.stats.ViewInfo$ in JavaFX Application Thread - [JPro] -> View closed: {app_name: default, host_name: localhost:8080, instance_id: 948535991, browser: Google Chrome 146.0.0.0, browser_url: http://localhost:8080/, client_ip: 0:0:0:0:0:0:0:1, reason: tab-closed}
2026-04-09 20:02:09,228 [INFO] from com.jpro.internal.stats.ViewInfo$ in JavaFX Application Thread - 
2026-04-09 20:02:09,228 [INFO] from com.jpro.internal.stats.ViewInfo$ in JavaFX Application Thread - Application closed:
2026-04-09 20:02:09,229 [INFO] from com.jpro.internal.stats.ViewInfo$ in JavaFX Application Thread - startTime      : Thu Apr 09 20:02:09 IST 2026      
2026-04-09 20:02:09,229 [INFO] from com.jpro.internal.stats.ViewInfo$ in JavaFX Application Thread - averageLatency : 00:00:00.001 
2026-04-09 20:02:09,229 [INFO] from com.jpro.internal.stats.ViewInfo$ in JavaFX Application Thread - averageJitter  : 00:00:00.000  
2026-04-09 20:02:09,229 [INFO] from com.jpro.internal.stats.ViewInfo$ in JavaFX Application Thread - framerateServer: 00:00:00.000
2026-04-09 20:02:09,229 [INFO] from com.jpro.internal.stats.ViewInfo$ in JavaFX Application Thread - framerateClient: 00:00:00.000
2026-04-09 20:02:09,229 [INFO] from com.jpro.internal.stats.ViewInfo$ in JavaFX Application Thread - raw            : 13192158
2026-04-09 20:02:09,229 [INFO] from com.jpro.internal.stats.ViewInfo$ in JavaFX Application Thread - zipped         : 2952805
2026-04-09 20:02:09,229 [INFO] from com.jpro.internal.stats.ViewInfo$ in JavaFX Application Thread - 
2026-04-09 20:02:10,198 [INFO] from com.jpro.internal.communicator.InstanceImpl in JavaFX Application Thread - [JPro] -> Instance closed: {app_name: default, host_name: localhost:8080, instance_id: 948535991, browser: Google Chrome 146.0.0.0, browser_url: http://localhost:8080/, client_ip: 0:0:0:0:0:0:0:1, reason: close-tab-closed}
2026-04-09 20:02:28,965 [INFO] from controllers.jpro in application-akka.actor.default-dispatcher-6 - application requested: default
2026-04-09 20:02:28,965 [INFO] from controllers.jpro in application-akka.actor.default-dispatcher-6 - Creating Application: default
2026-04-09 20:02:28,965 [INFO] from controllers.jpro in application-akka.actor.default-dispatcher-6 - remoteAddress 0:0:0:0:0:0:0:1
2026-04-09 20:02:28,965 [INFO] from controllers.jpro in application-akka.actor.default-dispatcher-6 - host          localhost:8080
2026-04-09 20:02:28,965 [INFO] from controllers.jpro in application-akka.actor.default-dispatcher-6 - uri           /app/ws/default
2026-04-09 20:02:28,987 [INFO] from com.jpro.internal.stats.ViewInfo$ in JavaFX Application Thread - [JPro] -> View created: {app_name: default, host_name: localhost:8080, instance_id: 1610269321, browser: Google Chrome 146.0.0.0, browser_url: http://localhost:8080/, client_ip: 0:0:0:0:0:0:0:1}
2026-04-09 20:02:31,297 [INFO] from com.jpro.internal.communicator.InstanceImpl in JavaFX Application Thread - [JPro] -> Instance created: {app_name: default, host_name: localhost:8080, instance_id: 1610269321, browser: Google Chrome 146.0.0.0, browser_url: http://localhost:8080/, client_ip: 0:0:0:0:0:0:0:1}
2026-04-09 20:03:20,164 [INFO] from com.jpro.internal.stats.ViewInfo$ in JavaFX Application Thread - [JPro] -> View closed: {app_name: default, host_name: localhost:8080, instance_id: 1610269321, browser: Google Chrome 146.0.0.0, browser_url: http://localhost:8080/, client_ip: 0:0:0:0:0:0:0:1, reason: tab-closed}
2026-04-09 20:03:20,165 [INFO] from com.jpro.internal.stats.ViewInfo$ in JavaFX Application Thread - 
2026-04-09 20:03:20,165 [INFO] from com.jpro.internal.stats.ViewInfo$ in JavaFX Application Thread - Application closed:
2026-04-09 20:03:20,165 [INFO] from com.jpro.internal.stats.ViewInfo$ in JavaFX Application Thread - startTime      : Thu Apr 09 20:03:20 IST 2026      
2026-04-09 20:03:20,165 [INFO] from com.jpro.internal.stats.ViewInfo$ in JavaFX Application Thread - averageLatency : 00:00:00.001 
2026-04-09 20:03:20,165 [INFO] from com.jpro.internal.stats.ViewInfo$ in JavaFX Application Thread - averageJitter  : 00:00:00.000  
2026-04-09 20:03:20,165 [INFO] from com.jpro.internal.stats.ViewInfo$ in JavaFX Application Thread - framerateServer: 00:00:00.000
2026-04-09 20:03:20,165 [INFO] from com.jpro.internal.stats.ViewInfo$ in JavaFX Application Thread - framerateClient: 00:00:00.000
2026-04-09 20:03:20,165 [INFO] from com.jpro.internal.stats.ViewInfo$ in JavaFX Application Thread - raw            : 184825
2026-04-09 20:03:20,165 [INFO] from com.jpro.internal.stats.ViewInfo$ in JavaFX Application Thread - zipped         : 53543
2026-04-09 20:03:20,165 [INFO] from com.jpro.internal.stats.ViewInfo$ in JavaFX Application Thread - 
2026-04-09 20:03:21,157 [INFO] from com.jpro.internal.communicator.InstanceImpl in JavaFX Application Thread - [JPro] -> Instance closed: {app_name: default, host_name: localhost:8080, instance_id: 1610269321, browser: Google Chrome 146.0.0.0, browser_url: http://localhost:8080/, client_ip: 0:0:0:0:0:0:0:1, reason: close-tab-closed}
2026-04-09 20:03:28,697 [INFO] from com.jpro.activity in scala-execution-context-global-43 - Starting the server
2026-04-09 20:03:28,700 [INFO] from com.jpro.internal.server.JProInitializer$ in scala-execution-context-global-43 -  *** Starting JPro: https://www.jpro.one/ ***
2026-04-09 20:03:28,700 [INFO] from com.jpro.internal.server.JProInitializer$ in scala-execution-context-global-43 - OS: Windows 11
2026-04-09 20:03:28,716 [INFO] from com.jpro.internal.server.JProInitializer$ in scala-execution-context-global-43 - JPro: 2024.2.1
2026-04-09 20:03:28,717 [INFO] from com.jpro.internal.server.JProInitializer$ in scala-execution-context-global-43 - Java version: 21.0.9
2026-04-09 20:03:28,717 [INFO] from com.jpro.internal.server.JProInitializer$ in scala-execution-context-global-43 - JVM: 21.0.9 Oracle Corporation
2026-04-09 20:03:28,718 [INFO] from com.jpro.internal.server.JProInitializer$ in scala-execution-context-global-43 - JavaFX jar: file:/C:/Users/kaush/.m2/repository/org/openjfx/javafx-graphics/22.0.2-jpro/javafx-graphics-22.0.2-jpro-win.jar
2026-04-09 20:03:28,721 [INFO] from com.jpro.internal.server.JProInitializer$ in scala-execution-context-global-43 - Configuring logging from url: 'jar:file:/C:/Users/kaush/.m2/repository/com/sandec/jpro/jpro-server_2.12/2024.2.1/jpro-server_2.12-2024.2.1.jar!/logback-jpro-default.xml'
2026-04-09 20:03:29,610 [INFO] from com.jpro.internal.server.JProInitializer$ in JavaFX Application Thread - JavaFX version: 22.0.2-jpro+0
2026-04-09 20:03:29,680 [INFO] from com.jpro.internal.server.JProInitializer$ in scala-execution-context-global-43 - finished init!
2026-04-09 20:03:29,682 [INFO] from com.jpro.internal.server.JProInitializer$ in scala-execution-context-global-43 - [JPro] -> Server started: {start_time: 1775745208697, os_name: Windows 11, jpro_version: 2024.2.1}
2026-04-09 20:03:29,705 [INFO] from akka.event.slf4j.Slf4jLogger in application-akka.actor.default-dispatcher-5 - Slf4jLogger started
2026-04-09 20:03:30,218 [INFO] from play.api.Play in Thread-0 - Application started (Prod) (no global state)
2026-04-09 20:03:30,578 [INFO] from play.core.server.AkkaHttpServer in Thread-0 - Enabling HTTP/2 on Akka HTTP server...
2026-04-09 20:03:30,578 [INFO] from play.core.server.AkkaHttpServer in Thread-0 - Listening for HTTP on /[0:0:0:0:0:0:0:0]:8080
2026-04-09 20:03:31,611 [INFO] from controllers.jpro in application-akka.actor.default-dispatcher-8 - application requested: default
2026-04-09 20:03:31,618 [INFO] from controllers.jpro in application-akka.actor.default-dispatcher-8 - Creating Application: default
2026-04-09 20:03:31,620 [INFO] from controllers.jpro in application-akka.actor.default-dispatcher-8 - remoteAddress 0:0:0:0:0:0:0:1
2026-04-09 20:03:31,620 [INFO] from controllers.jpro in application-akka.actor.default-dispatcher-8 - host          localhost:8080
2026-04-09 20:03:31,620 [INFO] from controllers.jpro in application-akka.actor.default-dispatcher-8 - uri           /app/ws/default
2026-04-09 20:03:31,820 [INFO] from com.jpro.internal.stats.ViewInfo$ in JavaFX Application Thread - [JPro] -> View created: {app_name: default, host_name: localhost:8080, instance_id: 1126809328, browser: Google Chrome 146.0.0.0, browser_url: http://localhost:8080/, client_ip: 0:0:0:0:0:0:0:1}
2026-04-09 20:03:35,018 [INFO] from com.jpro.internal.communicator.InstanceImpl in JavaFX Application Thread - [JPro] -> Instance created: {app_name: default, host_name: localhost:8080, instance_id: 1126809328, browser: Google Chrome 146.0.0.0, browser_url: http://localhost:8080/, client_ip: 0:0:0:0:0:0:0:1}
2026-04-09 20:03:46,880 [INFO] from com.jpro.internal.stats.ViewInfo$ in JavaFX Application Thread - [JPro] -> View closed: {app_name: default, host_name: localhost:8080, instance_id: 1126809328, browser: Google Chrome 146.0.0.0, browser_url: http://localhost:8080/, client_ip: 0:0:0:0:0:0:0:1, reason: tab-closed}
2026-04-09 20:03:46,891 [INFO] from com.jpro.internal.stats.ViewInfo$ in JavaFX Application Thread - 
2026-04-09 20:03:46,891 [INFO] from com.jpro.internal.stats.ViewInfo$ in JavaFX Application Thread - Application closed:
2026-04-09 20:03:46,902 [INFO] from com.jpro.internal.stats.ViewInfo$ in JavaFX Application Thread - startTime      : Thu Apr 09 20:03:46 IST 2026      
2026-04-09 20:03:46,903 [INFO] from com.jpro.internal.stats.ViewInfo$ in JavaFX Application Thread - averageLatency : 00:00:00.002 
2026-04-09 20:03:46,903 [INFO] from com.jpro.internal.stats.ViewInfo$ in JavaFX Application Thread - averageJitter  : 00:00:00.001  
2026-04-09 20:03:46,903 [INFO] from com.jpro.internal.stats.ViewInfo$ in JavaFX Application Thread - framerateServer: 00:00:00.000
2026-04-09 20:03:46,904 [INFO] from com.jpro.internal.stats.ViewInfo$ in JavaFX Application Thread - framerateClient: 00:00:00.000
2026-04-09 20:03:46,904 [INFO] from com.jpro.internal.stats.ViewInfo$ in JavaFX Application Thread - raw            : 843822
2026-04-09 20:03:46,904 [INFO] from com.jpro.internal.stats.ViewInfo$ in JavaFX Application Thread - zipped         : 129417
2026-04-09 20:03:46,904 [INFO] from com.jpro.internal.stats.ViewInfo$ in JavaFX Application Thread - 
2026-04-09 20:03:47,890 [INFO] from com.jpro.internal.communicator.InstanceImpl in JavaFX Application Thread - [JPro] -> Instance closed: {app_name: default, host_name: localhost:8080, instance_id: 1126809328, browser: Google Chrome 146.0.0.0, browser_url: http://localhost:8080/, client_ip: 0:0:0:0:0:0:0:1, reason: close-tab-closed}
2026-04-09 20:07:51,318 [INFO] from com.jpro.activity in scala-execution-context-global-43 - Starting the server
2026-04-09 20:07:51,323 [INFO] from com.jpro.internal.server.JProInitializer$ in scala-execution-context-global-43 -  *** Starting JPro: https://www.jpro.one/ ***
2026-04-09 20:07:51,323 [INFO] from com.jpro.internal.server.JProInitializer$ in scala-execution-context-global-43 - OS: Windows 11
2026-04-09 20:07:51,345 [INFO] from com.jpro.internal.server.JProInitializer$ in scala-execution-context-global-43 - JPro: 2024.2.1
2026-04-09 20:07:51,345 [INFO] from com.jpro.internal.server.JProInitializer$ in scala-execution-context-global-43 - Java version: 21.0.9
2026-04-09 20:07:51,345 [INFO] from com.jpro.internal.server.JProInitializer$ in scala-execution-context-global-43 - JVM: 21.0.9 Oracle Corporation
2026-04-09 20:07:51,346 [INFO] from com.jpro.internal.server.JProInitializer$ in scala-execution-context-global-43 - JavaFX jar: file:/C:/Users/kaush/.m2/repository/org/openjfx/javafx-graphics/22.0.2-jpro/javafx-graphics-22.0.2-jpro-win.jar
2026-04-09 20:07:51,348 [INFO] from com.jpro.internal.server.JProInitializer$ in scala-execution-context-global-43 - Configuring logging from url: 'jar:file:/C:/Users/kaush/.m2/repository/com/sandec/jpro/jpro-server_2.12/2024.2.1/jpro-server_2.12-2024.2.1.jar!/logback-jpro-default.xml'
2026-04-09 20:07:52,210 [INFO] from com.jpro.internal.server.JProInitializer$ in JavaFX Application Thread - JavaFX version: 22.0.2-jpro+0
2026-04-09 20:07:52,265 [INFO] from com.jpro.internal.server.JProInitializer$ in scala-execution-context-global-43 - finished init!
2026-04-09 20:07:52,266 [INFO] from com.jpro.internal.server.JProInitializer$ in scala-execution-context-global-43 - [JPro] -> Server started: {start_time: 1775745471318, os_name: Windows 11, jpro_version: 2024.2.1}
2026-04-09 20:07:52,297 [INFO] from akka.event.slf4j.Slf4jLogger in application-akka.actor.default-dispatcher-6 - Slf4jLogger started
2026-04-09 20:07:52,808 [INFO] from play.api.Play in Thread-0 - Application started (Prod) (no global state)
2026-04-09 20:07:53,167 [INFO] from play.core.server.AkkaHttpServer in Thread-0 - Enabling HTTP/2 on Akka HTTP server...
2026-04-09 20:07:53,168 [INFO] from play.core.server.AkkaHttpServer in Thread-0 - Listening for HTTP on /[0:0:0:0:0:0:0:0]:8080
2026-04-09 20:07:54,124 [INFO] from controllers.jpro in application-akka.actor.default-dispatcher-7 - application requested: default
2026-04-09 20:07:54,131 [INFO] from controllers.jpro in application-akka.actor.default-dispatcher-7 - Creating Application: default
2026-04-09 20:07:54,133 [INFO] from controllers.jpro in application-akka.actor.default-dispatcher-7 - remoteAddress 0:0:0:0:0:0:0:1
2026-04-09 20:07:54,133 [INFO] from controllers.jpro in application-akka.actor.default-dispatcher-7 - host          localhost:8080
2026-04-09 20:07:54,133 [INFO] from controllers.jpro in application-akka.actor.default-dispatcher-7 - uri           /app/ws/default
2026-04-09 20:07:54,324 [INFO] from com.jpro.internal.stats.ViewInfo$ in JavaFX Application Thread - [JPro] -> View created: {app_name: default, host_name: localhost:8080, instance_id: 705708443, browser: Google Chrome 146.0.0.0, browser_url: http://localhost:8080/, client_ip: 0:0:0:0:0:0:0:1}
2026-04-09 20:07:57,425 [INFO] from com.jpro.internal.communicator.InstanceImpl in JavaFX Application Thread - [JPro] -> Instance created: {app_name: default, host_name: localhost:8080, instance_id: 705708443, browser: Google Chrome 146.0.0.0, browser_url: http://localhost:8080/, client_ip: 0:0:0:0:0:0:0:1}
2026-04-09 21:12:54,450 [INFO] from com.jpro.activity in scala-execution-context-global-43 - Starting the server
2026-04-09 21:12:54,455 [INFO] from com.jpro.internal.server.JProInitializer$ in scala-execution-context-global-43 -  *** Starting JPro: https://www.jpro.one/ ***
2026-04-09 21:12:54,455 [INFO] from com.jpro.internal.server.JProInitializer$ in scala-execution-context-global-43 - OS: Windows 11
2026-04-09 21:12:54,483 [INFO] from com.jpro.internal.server.JProInitializer$ in scala-execution-context-global-43 - JPro: 2024.2.1
2026-04-09 21:12:54,483 [INFO] from com.jpro.internal.server.JProInitializer$ in scala-execution-context-global-43 - Java version: 21.0.9
2026-04-09 21:12:54,483 [INFO] from com.jpro.internal.server.JProInitializer$ in scala-execution-context-global-43 - JVM: 21.0.9 Oracle Corporation
2026-04-09 21:12:54,495 [INFO] from com.jpro.internal.server.JProInitializer$ in scala-execution-context-global-43 - JavaFX jar: file:/C:/Users/kaush/.m2/repository/org/openjfx/javafx-graphics/22.0.2-jpro/javafx-graphics-22.0.2-jpro-win.jar
2026-04-09 21:12:54,498 [INFO] from com.jpro.internal.server.JProInitializer$ in scala-execution-context-global-43 - Configuring logging from url: 'jar:file:/C:/Users/kaush/.m2/repository/com/sandec/jpro/jpro-server_2.12/2024.2.1/jpro-server_2.12-2024.2.1.jar!/logback-jpro-default.xml'
2026-04-09 21:12:55,439 [INFO] from com.jpro.internal.server.JProInitializer$ in JavaFX Application Thread - JavaFX version: 22.0.2-jpro+0
2026-04-09 21:12:55,503 [INFO] from com.jpro.internal.server.JProInitializer$ in scala-execution-context-global-43 - finished init!
2026-04-09 21:12:55,510 [INFO] from com.jpro.internal.server.JProInitializer$ in scala-execution-context-global-43 - [JPro] -> Server started: {start_time: 1775749374448, os_name: Windows 11, jpro_version: 2024.2.1}
2026-04-09 21:12:55,565 [INFO] from akka.event.slf4j.Slf4jLogger in application-akka.actor.default-dispatcher-5 - Slf4jLogger started
2026-04-09 21:12:56,168 [INFO] from play.api.Play in Thread-0 - Application started (Prod) (no global state)
2026-04-09 21:12:56,689 [INFO] from play.core.server.AkkaHttpServer in Thread-0 - Enabling HTTP/2 on Akka HTTP server...
2026-04-09 21:12:56,690 [INFO] from play.core.server.AkkaHttpServer in Thread-0 - Listening for HTTP on /[0:0:0:0:0:0:0:0]:8080
2026-04-09 21:12:58,172 [INFO] from controllers.jpro in application-akka.actor.default-dispatcher-6 - application requested: default
2026-04-09 21:12:58,182 [INFO] from controllers.jpro in application-akka.actor.default-dispatcher-6 - Creating Application: default
2026-04-09 21:12:58,184 [INFO] from controllers.jpro in application-akka.actor.default-dispatcher-6 - remoteAddress 0:0:0:0:0:0:0:1
2026-04-09 21:12:58,184 [INFO] from controllers.jpro in application-akka.actor.default-dispatcher-6 - host          localhost:8080
2026-04-09 21:12:58,184 [INFO] from controllers.jpro in application-akka.actor.default-dispatcher-6 - uri           /app/ws/default
2026-04-09 21:12:58,447 [INFO] from com.jpro.internal.stats.ViewInfo$ in JavaFX Application Thread - [JPro] -> View created: {app_name: default, host_name: localhost:8080, instance_id: 2086563328, browser: Google Chrome 146.0.0.0, browser_url: http://localhost:8080/, client_ip: 0:0:0:0:0:0:0:1}
2026-04-09 21:13:01,735 [INFO] from com.jpro.internal.communicator.InstanceImpl in JavaFX Application Thread - [JPro] -> Instance created: {app_name: default, host_name: localhost:8080, instance_id: 2086563328, browser: Google Chrome 146.0.0.0, browser_url: http://localhost:8080/, client_ip: 0:0:0:0:0:0:0:1}
2026-04-09 21:13:14,282 [ERROR] from com.jpro.meta.tk.SceneInputListener in JavaFX Application Thread - Error while processing the input: MouseEventToken(MouseReleased,249.60000610351562,29.600000381469727,MouseButtonToken(3),false,false,false,false,false,false,false,false) app: stage title: Visual Product Discovery & Shopping Management System
java.lang.reflect.InvocationTargetException: null
	at java.base/jdk.internal.reflect.DirectMethodHandleAccessor.invoke(DirectMethodHandleAccessor.java:118)
	at java.base/java.lang.reflect.Method.invoke(Method.java:580)
	at simplefx.util.ReflectionUtil$UseReflection.applyDynamic(ReflectionUtil.scala:21)
	at com.jpro.meta.tk.SceneInputListener.processInputInScene(SceneInputListener.scala:304)
	at com.jpro.meta.tk.SceneInputListener.processInput(SceneInputListener.scala:203)
	at com.jpro.meta.tk.SceneInputListener.processInputs(SceneInputListener.scala:133)
	at com.jpro.meta.tk.SceneInputListener.processOrRequest(SceneInputListener.scala:41)
	at com.jpro.meta.tk.SceneInputListener.$anonfun$new$4(SceneInputListener.scala:59)
	at scala.runtime.java8.JFunction0$mcV$sp.apply(JFunction0$mcV$sp.java:23)
	at simplefx.cores.standard.parts.CoreTimeEvent$$anon$3.run(CoreTimeEvent.scala:62)
	at com.sun.javafx.application.PlatformImpl.lambda$runLater$10(PlatformImpl.java:457)
	at java.base/java.security.AccessController.doPrivileged(AccessController.java:400)
	at com.sun.javafx.application.PlatformImpl.lambda$runLater$11(PlatformImpl.java:456)
	at com.sun.glass.ui.monocle.RunnableProcessor.runLoop(RunnableProcessor.java:92)
	at com.sun.glass.ui.monocle.RunnableProcessor.run(RunnableProcessor.java:51)
	at java.base/java.lang.Thread.run(Thread.java:1583)
Caused by: java.lang.reflect.InvocationTargetException: null
	at java.base/jdk.internal.reflect.DirectMethodHandleAccessor.invoke(DirectMethodHandleAccessor.java:118)
	at java.base/java.lang.reflect.Method.invoke(Method.java:580)
	at simplefx.util.ReflectionUtil$UseReflection.applyDynamic(ReflectionUtil.scala:21)
	at com.sun.glass.ui.monocle.input.fork.NativeMouseInput.notifyMouse(NativeMouseInput.scala:330)
	at com.sun.glass.ui.monocle.input.fork.NativeMouseInput.postMouseEvent(NativeMouseInput.scala:226)
	at com.sun.glass.ui.monocle.input.fork.NativeMouseInput.setState(NativeMouseInput.scala:186)
	at java.base/jdk.internal.reflect.DirectMethodHandleAccessor.invoke(DirectMethodHandleAccessor.java:103)
	... 15 common frames omitted
Caused by: java.lang.UnsupportedOperationException: null
	at com.sun.glass.ui.monocle.MonocleApplication.staticCommonDialogs_showFileChooser(MonocleApplication.java:273)
	at com.sun.glass.ui.CommonDialogs.showFileChooser(CommonDialogs.java:213)
	at com.sun.javafx.tk.quantum.QuantumToolkit.showFileChooser(QuantumToolkit.java:1737)
	at javafx.stage.FileChooser.showDialog(FileChooser.java:396)
	at javafx.stage.FileChooser.showOpenDialog(FileChooser.java:331)
	at com.visualshop.controller.ShopController.openVisualSearch(ShopController.java:817)
	at com.visualshop.controller.ShopController.lambda$buildNavbar$6(ShopController.java:172)
	at com.sun.javafx.event.CompositeEventHandler.dispatchBubblingEvent(CompositeEventHandler.java:86)
	at com.sun.javafx.event.EventHandlerManager.dispatchBubblingEvent(EventHandlerManager.java:232)
	at com.sun.javafx.event.EventHandlerManager.dispatchBubblingEvent(EventHandlerManager.java:189)
	at com.sun.javafx.event.CompositeEventDispatcher.dispatchBubblingEvent(CompositeEventDispatcher.java:59)
	at com.sun.javafx.event.BasicEventDispatcher.dispatchEvent(BasicEventDispatcher.java:58)
	at com.sun.javafx.event.EventDispatchChainImpl.dispatchEvent(EventDispatchChainImpl.java:114)
	at com.sun.javafx.event.BasicEventDispatcher.dispatchEvent(BasicEventDispatcher.java:56)
	at com.sun.javafx.event.EventDispatchChainImpl.dispatchEvent(EventDispatchChainImpl.java:114)
	at com.sun.javafx.event.BasicEventDispatcher.dispatchEvent(BasicEventDispatcher.java:56)
	at com.sun.javafx.event.EventDispatchChainImpl.dispatchEvent(EventDispatchChainImpl.java:114)
	at com.sun.javafx.event.EventUtil.fireEventImpl(EventUtil.java:74)
	at com.sun.javafx.event.EventUtil.fireEvent(EventUtil.java:49)
	at javafx.event.Event.fireEvent(Event.java:198)
	at javafx.scene.Node.fireEvent(Node.java:8917)
	at javafx.scene.control.Button.fire(Button.java:203)
	at com.sun.javafx.scene.control.behavior.ButtonBehavior.mouseReleased(ButtonBehavior.java:207)
	at com.sun.javafx.scene.control.inputmap.InputMap.handle(InputMap.java:274)
	at com.sun.javafx.event.CompositeEventHandler$NormalEventHandlerRecord.handleBubblingEvent(CompositeEventHandler.java:247)
	at com.sun.javafx.event.CompositeEventHandler.dispatchBubblingEvent(CompositeEventHandler.java:80)
	at com.sun.javafx.event.EventHandlerManager.dispatchBubblingEvent(EventHandlerManager.java:232)
	at com.sun.javafx.event.EventHandlerManager.dispatchBubblingEvent(EventHandlerManager.java:189)
	at com.sun.javafx.event.CompositeEventDispatcher.dispatchBubblingEvent(CompositeEventDispatcher.java:59)
	at com.sun.javafx.event.BasicEventDispatcher.dispatchEvent(BasicEventDispatcher.java:58)
	at com.sun.javafx.event.EventDispatchChainImpl.dispatchEvent(EventDispatchChainImpl.java:114)
	at com.sun.javafx.event.BasicEventDispatcher.dispatchEvent(BasicEventDispatcher.java:56)
	at com.sun.javafx.event.EventDispatchChainImpl.dispatchEvent(EventDispatchChainImpl.java:114)
	at com.sun.javafx.event.BasicEventDispatcher.dispatchEvent(BasicEventDispatcher.java:56)
	at com.sun.javafx.event.EventDispatchChainImpl.dispatchEvent(EventDispatchChainImpl.java:114)
	at com.sun.javafx.event.EventUtil.fireEventImpl(EventUtil.java:74)
	at com.sun.javafx.event.EventUtil.fireEvent(EventUtil.java:54)
	at javafx.event.Event.fireEvent(Event.java:198)
	at javafx.scene.Scene$MouseHandler.process(Scene.java:4033)
	at javafx.scene.Scene.processMouseEvent(Scene.java:1933)
	at javafx.scene.Scene$ScenePeerListener.mouseEvent(Scene.java:2757)
	at com.sun.javafx.tk.quantum.GlassViewEventHandler$MouseEventNotification.run(GlassViewEventHandler.java:411)
	at com.sun.javafx.tk.quantum.GlassViewEventHandler$MouseEventNotification.run(GlassViewEventHandler.java:301)
	at java.base/java.security.AccessController.doPrivileged(AccessController.java:400)
	at com.sun.javafx.tk.quantum.GlassViewEventHandler.lambda$handleMouseEvent$2(GlassViewEventHandler.java:450)
	at com.sun.javafx.tk.quantum.QuantumToolkit.runWithoutRenderLock(QuantumToolkit.java:436)
	at com.sun.javafx.tk.quantum.GlassViewEventHandler.handleMouseEvent(GlassViewEventHandler.java:449)
	at com.sun.glass.ui.View.handleMouseEvent(View.java:551)
	at com.sun.glass.ui.View.notifyMouse(View.java:937)
	at com.sun.glass.ui.monocle.MonocleView.notifyMouse(MonocleView.java:116)
	at java.base/jdk.internal.reflect.DirectMethodHandleAccessor.invoke(DirectMethodHandleAccessor.java:103)
	... 21 common frames omitted
2026-04-09 21:13:15,284 [ERROR] from com.jpro.meta.tk.SceneInputListener in JavaFX Application Thread - Error while processing the input: MouseEventToken(MouseMoved,252.0,35.20000076293945,MouseButtonToken(2),false,false,false,false,false,false,false,false) app: stage title: Visual Product Discovery & Shopping Management System
java.lang.reflect.InvocationTargetException: null
	at java.base/jdk.internal.reflect.DirectMethodHandleAccessor.invoke(DirectMethodHandleAccessor.java:118)
	at java.base/java.lang.reflect.Method.invoke(Method.java:580)
	at simplefx.util.ReflectionUtil$UseReflection.applyDynamic(ReflectionUtil.scala:21)
	at com.jpro.meta.tk.SceneInputListener.processInputInScene(SceneInputListener.scala:304)
	at com.jpro.meta.tk.SceneInputListener.processInput(SceneInputListener.scala:206)
	at com.jpro.meta.tk.SceneInputListener.processInputs(SceneInputListener.scala:133)
	at com.jpro.meta.tk.SceneInputListener.processOrRequest(SceneInputListener.scala:41)
	at com.jpro.meta.tk.SceneInputListener.$anonfun$new$4(SceneInputListener.scala:59)
	at scala.runtime.java8.JFunction0$mcV$sp.apply(JFunction0$mcV$sp.java:23)
	at simplefx.cores.standard.parts.CoreTimeEvent$$anon$3.run(CoreTimeEvent.scala:62)
	at com.sun.javafx.application.PlatformImpl.lambda$runLater$10(PlatformImpl.java:457)
	at java.base/java.security.AccessController.doPrivileged(AccessController.java:400)
	at com.sun.javafx.application.PlatformImpl.lambda$runLater$11(PlatformImpl.java:456)
	at com.sun.glass.ui.monocle.RunnableProcessor.runLoop(RunnableProcessor.java:92)
	at com.sun.glass.ui.monocle.RunnableProcessor.run(RunnableProcessor.java:51)
	at java.base/java.lang.Thread.run(Thread.java:1583)
Caused by: java.lang.reflect.InvocationTargetException: null
	at java.base/jdk.internal.reflect.DirectMethodHandleAccessor.invoke(DirectMethodHandleAccessor.java:118)
	at java.base/java.lang.reflect.Method.invoke(Method.java:580)
	at simplefx.util.ReflectionUtil$UseReflection.applyDynamic(ReflectionUtil.scala:21)
	at com.sun.glass.ui.monocle.input.fork.NativeMouseInput.notifyMouse(NativeMouseInput.scala:330)
	at com.sun.glass.ui.monocle.input.fork.NativeMouseInput.postMouseEvent(NativeMouseInput.scala:226)
	at com.sun.glass.ui.monocle.input.fork.NativeMouseInput.setState(NativeMouseInput.scala:186)
	at java.base/jdk.internal.reflect.DirectMethodHandleAccessor.invoke(DirectMethodHandleAccessor.java:103)
	... 15 common frames omitted
Caused by: java.lang.UnsupportedOperationException: null
	at com.sun.glass.ui.monocle.MonocleApplication.staticCommonDialogs_showFileChooser(MonocleApplication.java:273)
	at com.sun.glass.ui.CommonDialogs.showFileChooser(CommonDialogs.java:213)
	at com.sun.javafx.tk.quantum.QuantumToolkit.showFileChooser(QuantumToolkit.java:1737)
	at javafx.stage.FileChooser.showDialog(FileChooser.java:396)
	at javafx.stage.FileChooser.showOpenDialog(FileChooser.java:331)
	at com.visualshop.controller.ShopController.openVisualSearch(ShopController.java:817)
	at com.visualshop.controller.ShopController.lambda$buildNavbar$6(ShopController.java:172)
	at com.sun.javafx.event.CompositeEventHandler.dispatchBubblingEvent(CompositeEventHandler.java:86)
	at com.sun.javafx.event.EventHandlerManager.dispatchBubblingEvent(EventHandlerManager.java:232)
	at com.sun.javafx.event.EventHandlerManager.dispatchBubblingEvent(EventHandlerManager.java:189)
	at com.sun.javafx.event.CompositeEventDispatcher.dispatchBubblingEvent(CompositeEventDispatcher.java:59)
	at com.sun.javafx.event.BasicEventDispatcher.dispatchEvent(BasicEventDispatcher.java:58)
	at com.sun.javafx.event.EventDispatchChainImpl.dispatchEvent(EventDispatchChainImpl.java:114)
	at com.sun.javafx.event.BasicEventDispatcher.dispatchEvent(BasicEventDispatcher.java:56)
	at com.sun.javafx.event.EventDispatchChainImpl.dispatchEvent(EventDispatchChainImpl.java:114)
	at com.sun.javafx.event.BasicEventDispatcher.dispatchEvent(BasicEventDispatcher.java:56)
	at com.sun.javafx.event.EventDispatchChainImpl.dispatchEvent(EventDispatchChainImpl.java:114)
	at com.sun.javafx.event.EventUtil.fireEventImpl(EventUtil.java:74)
	at com.sun.javafx.event.EventUtil.fireEvent(EventUtil.java:49)
	at javafx.event.Event.fireEvent(Event.java:198)
	at javafx.scene.Node.fireEvent(Node.java:8917)
	at javafx.scene.control.Button.fire(Button.java:203)
	at com.sun.javafx.scene.control.behavior.ButtonBehavior.mouseReleased(ButtonBehavior.java:207)
	at com.sun.javafx.scene.control.inputmap.InputMap.handle(InputMap.java:274)
	at com.sun.javafx.event.CompositeEventHandler$NormalEventHandlerRecord.handleBubblingEvent(CompositeEventHandler.java:247)
	at com.sun.javafx.event.CompositeEventHandler.dispatchBubblingEvent(CompositeEventHandler.java:80)
	at com.sun.javafx.event.EventHandlerManager.dispatchBubblingEvent(EventHandlerManager.java:232)
	at com.sun.javafx.event.EventHandlerManager.dispatchBubblingEvent(EventHandlerManager.java:189)
	at com.sun.javafx.event.CompositeEventDispatcher.dispatchBubblingEvent(CompositeEventDispatcher.java:59)
	at com.sun.javafx.event.BasicEventDispatcher.dispatchEvent(BasicEventDispatcher.java:58)
	at com.sun.javafx.event.EventDispatchChainImpl.dispatchEvent(EventDispatchChainImpl.java:114)
	at com.sun.javafx.event.BasicEventDispatcher.dispatchEvent(BasicEventDispatcher.java:56)
	at com.sun.javafx.event.EventDispatchChainImpl.dispatchEvent(EventDispatchChainImpl.java:114)
	at com.sun.javafx.event.BasicEventDispatcher.dispatchEvent(BasicEventDispatcher.java:56)
	at com.sun.javafx.event.EventDispatchChainImpl.dispatchEvent(EventDispatchChainImpl.java:114)
	at com.sun.javafx.event.EventUtil.fireEventImpl(EventUtil.java:74)
	at com.sun.javafx.event.EventUtil.fireEvent(EventUtil.java:54)
	at javafx.event.Event.fireEvent(Event.java:198)
	at javafx.scene.Scene$MouseHandler.process(Scene.java:4033)
	at javafx.scene.Scene.processMouseEvent(Scene.java:1933)
	at javafx.scene.Scene$ScenePeerListener.mouseEvent(Scene.java:2757)
	at com.sun.javafx.tk.quantum.GlassViewEventHandler$MouseEventNotification.run(GlassViewEventHandler.java:411)
	at com.sun.javafx.tk.quantum.GlassViewEventHandler$MouseEventNotification.run(GlassViewEventHandler.java:301)
	at java.base/java.security.AccessController.doPrivileged(AccessController.java:400)
	at com.sun.javafx.tk.quantum.GlassViewEventHandler.lambda$handleMouseEvent$2(GlassViewEventHandler.java:450)
	at com.sun.javafx.tk.quantum.QuantumToolkit.runWithoutRenderLock(QuantumToolkit.java:436)
	at com.sun.javafx.tk.quantum.GlassViewEventHandler.handleMouseEvent(GlassViewEventHandler.java:449)
	at com.sun.glass.ui.View.handleMouseEvent(View.java:551)
	at com.sun.glass.ui.View.notifyMouse(View.java:937)
	at com.sun.glass.ui.monocle.MonocleView.notifyMouse(MonocleView.java:116)
	at java.base/jdk.internal.reflect.DirectMethodHandleAccessor.invoke(DirectMethodHandleAccessor.java:103)
	... 21 common frames omitted
2026-04-09 21:13:15,292 [ERROR] from com.jpro.meta.tk.SceneInputListener in JavaFX Application Thread - Error while processing the input: MouseEventToken(MouseMoved,255.1999969482422,41.60000228881836,MouseButtonToken(2),false,false,false,false,false,false,false,false) app: stage title: Visual Product Discovery & Shopping Management System
java.lang.reflect.InvocationTargetException: null
	at java.base/jdk.internal.reflect.DirectMethodHandleAccessor.invoke(DirectMethodHandleAccessor.java:118)
	at java.base/java.lang.reflect.Method.invoke(Method.java:580)
	at simplefx.util.ReflectionUtil$UseReflection.applyDynamic(ReflectionUtil.scala:21)
	at com.jpro.meta.tk.SceneInputListener.processInputInScene(SceneInputListener.scala:304)
	at com.jpro.meta.tk.SceneInputListener.processInput(SceneInputListener.scala:206)
	at com.jpro.meta.tk.SceneInputListener.processInputs(SceneInputListener.scala:133)
	at com.jpro.meta.tk.SceneInputListener.processOrRequest(SceneInputListener.scala:41)
	at com.jpro.meta.tk.SceneInputListener.$anonfun$processOrRequest$2(SceneInputListener.scala:48)
	at scala.runtime.java8.JFunction0$mcV$sp.apply(JFunction0$mcV$sp.java:23)
	at simplefx.cores.standard.parts.CoreTimeEvent$$anon$3.run(CoreTimeEvent.scala:62)
	at com.sun.javafx.application.PlatformImpl.lambda$runLater$10(PlatformImpl.java:457)
	at java.base/java.security.AccessController.doPrivileged(AccessController.java:400)
	at com.sun.javafx.application.PlatformImpl.lambda$runLater$11(PlatformImpl.java:456)
	at com.sun.glass.ui.monocle.RunnableProcessor.runLoop(RunnableProcessor.java:92)
	at com.sun.glass.ui.monocle.RunnableProcessor.run(RunnableProcessor.java:51)
	at java.base/java.lang.Thread.run(Thread.java:1583)
Caused by: java.lang.reflect.InvocationTargetException: null
	at java.base/jdk.internal.reflect.DirectMethodHandleAccessor.invoke(DirectMethodHandleAccessor.java:118)
	at java.base/java.lang.reflect.Method.invoke(Method.java:580)
	at simplefx.util.ReflectionUtil$UseReflection.applyDynamic(ReflectionUtil.scala:21)
	at com.sun.glass.ui.monocle.input.fork.NativeMouseInput.notifyMouse(NativeMouseInput.scala:330)
	at com.sun.glass.ui.monocle.input.fork.NativeMouseInput.postMouseEvent(NativeMouseInput.scala:226)
	at com.sun.glass.ui.monocle.input.fork.NativeMouseInput.setState(NativeMouseInput.scala:186)
	at java.base/jdk.internal.reflect.DirectMethodHandleAccessor.invoke(DirectMethodHandleAccessor.java:103)
	... 15 common frames omitted
Caused by: java.lang.UnsupportedOperationException: null
	at com.sun.glass.ui.monocle.MonocleApplication.staticCommonDialogs_showFileChooser(MonocleApplication.java:273)
	at com.sun.glass.ui.CommonDialogs.showFileChooser(CommonDialogs.java:213)
	at com.sun.javafx.tk.quantum.QuantumToolkit.showFileChooser(QuantumToolkit.java:1737)
	at javafx.stage.FileChooser.showDialog(FileChooser.java:396)
	at javafx.stage.FileChooser.showOpenDialog(FileChooser.java:331)
	at com.visualshop.controller.ShopController.openVisualSearch(ShopController.java:817)
	at com.visualshop.controller.ShopController.lambda$buildNavbar$6(ShopController.java:172)
	at com.sun.javafx.event.CompositeEventHandler.dispatchBubblingEvent(CompositeEventHandler.java:86)
	at com.sun.javafx.event.EventHandlerManager.dispatchBubblingEvent(EventHandlerManager.java:232)
	at com.sun.javafx.event.EventHandlerManager.dispatchBubblingEvent(EventHandlerManager.java:189)
	at com.sun.javafx.event.CompositeEventDispatcher.dispatchBubblingEvent(CompositeEventDispatcher.java:59)
	at com.sun.javafx.event.BasicEventDispatcher.dispatchEvent(BasicEventDispatcher.java:58)
	at com.sun.javafx.event.EventDispatchChainImpl.dispatchEvent(EventDispatchChainImpl.java:114)
	at com.sun.javafx.event.BasicEventDispatcher.dispatchEvent(BasicEventDispatcher.java:56)
	at com.sun.javafx.event.EventDispatchChainImpl.dispatchEvent(EventDispatchChainImpl.java:114)
	at com.sun.javafx.event.BasicEventDispatcher.dispatchEvent(BasicEventDispatcher.java:56)
	at com.sun.javafx.event.EventDispatchChainImpl.dispatchEvent(EventDispatchChainImpl.java:114)
	at com.sun.javafx.event.EventUtil.fireEventImpl(EventUtil.java:74)
	at com.sun.javafx.event.EventUtil.fireEvent(EventUtil.java:49)
	at javafx.event.Event.fireEvent(Event.java:198)
	at javafx.scene.Node.fireEvent(Node.java:8917)
	at javafx.scene.control.Button.fire(Button.java:203)
	at com.sun.javafx.scene.control.behavior.ButtonBehavior.mouseReleased(ButtonBehavior.java:207)
	at com.sun.javafx.scene.control.inputmap.InputMap.handle(InputMap.java:274)
	at com.sun.javafx.event.CompositeEventHandler$NormalEventHandlerRecord.handleBubblingEvent(CompositeEventHandler.java:247)
	at com.sun.javafx.event.CompositeEventHandler.dispatchBubblingEvent(CompositeEventHandler.java:80)
	at com.sun.javafx.event.EventHandlerManager.dispatchBubblingEvent(EventHandlerManager.java:232)
	at com.sun.javafx.event.EventHandlerManager.dispatchBubblingEvent(EventHandlerManager.java:189)
	at com.sun.javafx.event.CompositeEventDispatcher.dispatchBubblingEvent(CompositeEventDispatcher.java:59)
	at com.sun.javafx.event.BasicEventDispatcher.dispatchEvent(BasicEventDispatcher.java:58)
	at com.sun.javafx.event.EventDispatchChainImpl.dispatchEvent(EventDispatchChainImpl.java:114)
	at com.sun.javafx.event.BasicEventDispatcher.dispatchEvent(BasicEventDispatcher.java:56)
	at com.sun.javafx.event.EventDispatchChainImpl.dispatchEvent(EventDispatchChainImpl.java:114)
	at com.sun.javafx.event.BasicEventDispatcher.dispatchEvent(BasicEventDispatcher.java:56)
	at com.sun.javafx.event.EventDispatchChainImpl.dispatchEvent(EventDispatchChainImpl.java:114)
	at com.sun.javafx.event.EventUtil.fireEventImpl(EventUtil.java:74)
	at com.sun.javafx.event.EventUtil.fireEvent(EventUtil.java:54)
	at javafx.event.Event.fireEvent(Event.java:198)
	at javafx.scene.Scene$MouseHandler.process(Scene.java:4033)
	at javafx.scene.Scene.processMouseEvent(Scene.java:1933)
	at javafx.scene.Scene$ScenePeerListener.mouseEvent(Scene.java:2757)
	at com.sun.javafx.tk.quantum.GlassViewEventHandler$MouseEventNotification.run(GlassViewEventHandler.java:411)
	at com.sun.javafx.tk.quantum.GlassViewEventHandler$MouseEventNotification.run(GlassViewEventHandler.java:301)
	at java.base/java.security.AccessController.doPrivileged(AccessController.java:400)
	at com.sun.javafx.tk.quantum.GlassViewEventHandler.lambda$handleMouseEvent$2(GlassViewEventHandler.java:450)
	at com.sun.javafx.tk.quantum.QuantumToolkit.runWithoutRenderLock(QuantumToolkit.java:436)
	at com.sun.javafx.tk.quantum.GlassViewEventHandler.handleMouseEvent(GlassViewEventHandler.java:449)
	at com.sun.glass.ui.View.handleMouseEvent(View.java:551)
	at com.sun.glass.ui.View.notifyMouse(View.java:937)
	at com.sun.glass.ui.monocle.MonocleView.notifyMouse(MonocleView.java:116)
	at java.base/jdk.internal.reflect.DirectMethodHandleAccessor.invoke(DirectMethodHandleAccessor.java:103)
	... 21 common frames omitted
2026-04-09 21:13:16,633 [ERROR] from com.jpro.meta.tk.SceneInputListener in JavaFX Application Thread - Error while processing the input: MouseEventToken(MouseReleased,257.6000061035156,29.600000381469727,MouseButtonToken(3),false,false,false,false,false,false,false,false) app: stage title: Visual Product Discovery & Shopping Management System
java.lang.reflect.InvocationTargetException: null
	at java.base/jdk.internal.reflect.DirectMethodHandleAccessor.invoke(DirectMethodHandleAccessor.java:118)
	at java.base/java.lang.reflect.Method.invoke(Method.java:580)
	at simplefx.util.ReflectionUtil$UseReflection.applyDynamic(ReflectionUtil.scala:21)
	at com.jpro.meta.tk.SceneInputListener.processInputInScene(SceneInputListener.scala:304)
	at com.jpro.meta.tk.SceneInputListener.processInput(SceneInputListener.scala:203)
	at com.jpro.meta.tk.SceneInputListener.processInputs(SceneInputListener.scala:133)
	at com.jpro.meta.tk.SceneInputListener.processOrRequest(SceneInputListener.scala:41)
	at com.jpro.meta.tk.SceneInputListener.$anonfun$new$4(SceneInputListener.scala:59)
	at scala.runtime.java8.JFunction0$mcV$sp.apply(JFunction0$mcV$sp.java:23)
	at simplefx.cores.standard.parts.CoreTimeEvent$$anon$3.run(CoreTimeEvent.scala:62)
	at com.sun.javafx.application.PlatformImpl.lambda$runLater$10(PlatformImpl.java:457)
	at java.base/java.security.AccessController.doPrivileged(AccessController.java:400)
	at com.sun.javafx.application.PlatformImpl.lambda$runLater$11(PlatformImpl.java:456)
	at com.sun.glass.ui.monocle.RunnableProcessor.runLoop(RunnableProcessor.java:92)
	at com.sun.glass.ui.monocle.RunnableProcessor.run(RunnableProcessor.java:51)
	at java.base/java.lang.Thread.run(Thread.java:1583)
Caused by: java.lang.reflect.InvocationTargetException: null
	at java.base/jdk.internal.reflect.DirectMethodHandleAccessor.invoke(DirectMethodHandleAccessor.java:118)
	at java.base/java.lang.reflect.Method.invoke(Method.java:580)
	at simplefx.util.ReflectionUtil$UseReflection.applyDynamic(ReflectionUtil.scala:21)
	at com.sun.glass.ui.monocle.input.fork.NativeMouseInput.notifyMouse(NativeMouseInput.scala:330)
	at com.sun.glass.ui.monocle.input.fork.NativeMouseInput.postMouseEvent(NativeMouseInput.scala:226)
	at com.sun.glass.ui.monocle.input.fork.NativeMouseInput.setState(NativeMouseInput.scala:186)
	at java.base/jdk.internal.reflect.DirectMethodHandleAccessor.invoke(DirectMethodHandleAccessor.java:103)
	... 15 common frames omitted
Caused by: java.lang.UnsupportedOperationException: null
	at com.sun.glass.ui.monocle.MonocleApplication.staticCommonDialogs_showFileChooser(MonocleApplication.java:273)
	at com.sun.glass.ui.CommonDialogs.showFileChooser(CommonDialogs.java:213)
	at com.sun.javafx.tk.quantum.QuantumToolkit.showFileChooser(QuantumToolkit.java:1737)
	at javafx.stage.FileChooser.showDialog(FileChooser.java:396)
	at javafx.stage.FileChooser.showOpenDialog(FileChooser.java:331)
	at com.visualshop.controller.ShopController.openVisualSearch(ShopController.java:817)
	at com.visualshop.controller.ShopController.lambda$buildNavbar$6(ShopController.java:172)
	at com.sun.javafx.event.CompositeEventHandler.dispatchBubblingEvent(CompositeEventHandler.java:86)
	at com.sun.javafx.event.EventHandlerManager.dispatchBubblingEvent(EventHandlerManager.java:232)
	at com.sun.javafx.event.EventHandlerManager.dispatchBubblingEvent(EventHandlerManager.java:189)
	at com.sun.javafx.event.CompositeEventDispatcher.dispatchBubblingEvent(CompositeEventDispatcher.java:59)
	at com.sun.javafx.event.BasicEventDispatcher.dispatchEvent(BasicEventDispatcher.java:58)
	at com.sun.javafx.event.EventDispatchChainImpl.dispatchEvent(EventDispatchChainImpl.java:114)
	at com.sun.javafx.event.BasicEventDispatcher.dispatchEvent(BasicEventDispatcher.java:56)
	at com.sun.javafx.event.EventDispatchChainImpl.dispatchEvent(EventDispatchChainImpl.java:114)
	at com.sun.javafx.event.BasicEventDispatcher.dispatchEvent(BasicEventDispatcher.java:56)
	at com.sun.javafx.event.EventDispatchChainImpl.dispatchEvent(EventDispatchChainImpl.java:114)
	at com.sun.javafx.event.EventUtil.fireEventImpl(EventUtil.java:74)
	at com.sun.javafx.event.EventUtil.fireEvent(EventUtil.java:49)
	at javafx.event.Event.fireEvent(Event.java:198)
	at javafx.scene.Node.fireEvent(Node.java:8917)
	at javafx.scene.control.Button.fire(Button.java:203)
	at com.sun.javafx.scene.control.behavior.ButtonBehavior.mouseReleased(ButtonBehavior.java:207)
	at com.sun.javafx.scene.control.inputmap.InputMap.handle(InputMap.java:274)
	at com.sun.javafx.event.CompositeEventHandler$NormalEventHandlerRecord.handleBubblingEvent(CompositeEventHandler.java:247)
	at com.sun.javafx.event.CompositeEventHandler.dispatchBubblingEvent(CompositeEventHandler.java:80)
	at com.sun.javafx.event.EventHandlerManager.dispatchBubblingEvent(EventHandlerManager.java:232)
	at com.sun.javafx.event.EventHandlerManager.dispatchBubblingEvent(EventHandlerManager.java:189)
	at com.sun.javafx.event.CompositeEventDispatcher.dispatchBubblingEvent(CompositeEventDispatcher.java:59)
	at com.sun.javafx.event.BasicEventDispatcher.dispatchEvent(BasicEventDispatcher.java:58)
	at com.sun.javafx.event.EventDispatchChainImpl.dispatchEvent(EventDispatchChainImpl.java:114)
	at com.sun.javafx.event.BasicEventDispatcher.dispatchEvent(BasicEventDispatcher.java:56)
	at com.sun.javafx.event.EventDispatchChainImpl.dispatchEvent(EventDispatchChainImpl.java:114)
	at com.sun.javafx.event.BasicEventDispatcher.dispatchEvent(BasicEventDispatcher.java:56)
	at com.sun.javafx.event.EventDispatchChainImpl.dispatchEvent(EventDispatchChainImpl.java:114)
	at com.sun.javafx.event.EventUtil.fireEventImpl(EventUtil.java:74)
	at com.sun.javafx.event.EventUtil.fireEvent(EventUtil.java:54)
	at javafx.event.Event.fireEvent(Event.java:198)
	at javafx.scene.Scene$MouseHandler.process(Scene.java:4033)
	at javafx.scene.Scene.processMouseEvent(Scene.java:1933)
	at javafx.scene.Scene$ScenePeerListener.mouseEvent(Scene.java:2757)
	at com.sun.javafx.tk.quantum.GlassViewEventHandler$MouseEventNotification.run(GlassViewEventHandler.java:411)
	at com.sun.javafx.tk.quantum.GlassViewEventHandler$MouseEventNotification.run(GlassViewEventHandler.java:301)
	at java.base/java.security.AccessController.doPrivileged(AccessController.java:400)
	at com.sun.javafx.tk.quantum.GlassViewEventHandler.lambda$handleMouseEvent$2(GlassViewEventHandler.java:450)
	at com.sun.javafx.tk.quantum.QuantumToolkit.runWithoutRenderLock(QuantumToolkit.java:436)
	at com.sun.javafx.tk.quantum.GlassViewEventHandler.handleMouseEvent(GlassViewEventHandler.java:449)
	at com.sun.glass.ui.View.handleMouseEvent(View.java:551)
	at com.sun.glass.ui.View.notifyMouse(View.java:937)
	at com.sun.glass.ui.monocle.MonocleView.notifyMouse(MonocleView.java:116)
	at java.base/jdk.internal.reflect.DirectMethodHandleAccessor.invoke(DirectMethodHandleAccessor.java:103)
	... 21 common frames omitted
2026-04-09 21:13:17,156 [ERROR] from com.jpro.meta.tk.SceneInputListener in JavaFX Application Thread - Error while processing the input: MouseEventToken(MouseMoved,259.20001220703125,29.600000381469727,MouseButtonToken(2),false,false,false,false,false,false,false,false) app: stage title: Visual Product Discovery & Shopping Management System
java.lang.reflect.InvocationTargetException: null
	at java.base/jdk.internal.reflect.DirectMethodHandleAccessor.invoke(DirectMethodHandleAccessor.java:118)
	at java.base/java.lang.reflect.Method.invoke(Method.java:580)
	at simplefx.util.ReflectionUtil$UseReflection.applyDynamic(ReflectionUtil.scala:21)
	at com.jpro.meta.tk.SceneInputListener.processInputInScene(SceneInputListener.scala:304)
	at com.jpro.meta.tk.SceneInputListener.processInput(SceneInputListener.scala:206)
	at com.jpro.meta.tk.SceneInputListener.processInputs(SceneInputListener.scala:133)
	at com.jpro.meta.tk.SceneInputListener.processOrRequest(SceneInputListener.scala:41)
	at com.jpro.meta.tk.SceneInputListener.$anonfun$new$4(SceneInputListener.scala:59)
	at scala.runtime.java8.JFunction0$mcV$sp.apply(JFunction0$mcV$sp.java:23)
	at simplefx.cores.standard.parts.CoreTimeEvent$$anon$3.run(CoreTimeEvent.scala:62)
	at com.sun.javafx.application.PlatformImpl.lambda$runLater$10(PlatformImpl.java:457)
	at java.base/java.security.AccessController.doPrivileged(AccessController.java:400)
	at com.sun.javafx.application.PlatformImpl.lambda$runLater$11(PlatformImpl.java:456)
	at com.sun.glass.ui.monocle.RunnableProcessor.runLoop(RunnableProcessor.java:92)
	at com.sun.glass.ui.monocle.RunnableProcessor.run(RunnableProcessor.java:51)
	at java.base/java.lang.Thread.run(Thread.java:1583)
Caused by: java.lang.reflect.InvocationTargetException: null
	at java.base/jdk.internal.reflect.DirectMethodHandleAccessor.invoke(DirectMethodHandleAccessor.java:118)
	at java.base/java.lang.reflect.Method.invoke(Method.java:580)
	at simplefx.util.ReflectionUtil$UseReflection.applyDynamic(ReflectionUtil.scala:21)
	at com.sun.glass.ui.monocle.input.fork.NativeMouseInput.notifyMouse(NativeMouseInput.scala:330)
	at com.sun.glass.ui.monocle.input.fork.NativeMouseInput.postMouseEvent(NativeMouseInput.scala:226)
	at com.sun.glass.ui.monocle.input.fork.NativeMouseInput.setState(NativeMouseInput.scala:186)
	at java.base/jdk.internal.reflect.DirectMethodHandleAccessor.invoke(DirectMethodHandleAccessor.java:103)
	... 15 common frames omitted
Caused by: java.lang.UnsupportedOperationException: null
	at com.sun.glass.ui.monocle.MonocleApplication.staticCommonDialogs_showFileChooser(MonocleApplication.java:273)
	at com.sun.glass.ui.CommonDialogs.showFileChooser(CommonDialogs.java:213)
	at com.sun.javafx.tk.quantum.QuantumToolkit.showFileChooser(QuantumToolkit.java:1737)
	at javafx.stage.FileChooser.showDialog(FileChooser.java:396)
	at javafx.stage.FileChooser.showOpenDialog(FileChooser.java:331)
	at com.visualshop.controller.ShopController.openVisualSearch(ShopController.java:817)
	at com.visualshop.controller.ShopController.lambda$buildNavbar$6(ShopController.java:172)
	at com.sun.javafx.event.CompositeEventHandler.dispatchBubblingEvent(CompositeEventHandler.java:86)
	at com.sun.javafx.event.EventHandlerManager.dispatchBubblingEvent(EventHandlerManager.java:232)
	at com.sun.javafx.event.EventHandlerManager.dispatchBubblingEvent(EventHandlerManager.java:189)
	at com.sun.javafx.event.CompositeEventDispatcher.dispatchBubblingEvent(CompositeEventDispatcher.java:59)
	at com.sun.javafx.event.BasicEventDispatcher.dispatchEvent(BasicEventDispatcher.java:58)
	at com.sun.javafx.event.EventDispatchChainImpl.dispatchEvent(EventDispatchChainImpl.java:114)
	at com.sun.javafx.event.BasicEventDispatcher.dispatchEvent(BasicEventDispatcher.java:56)
	at com.sun.javafx.event.EventDispatchChainImpl.dispatchEvent(EventDispatchChainImpl.java:114)
	at com.sun.javafx.event.BasicEventDispatcher.dispatchEvent(BasicEventDispatcher.java:56)
	at com.sun.javafx.event.EventDispatchChainImpl.dispatchEvent(EventDispatchChainImpl.java:114)
	at com.sun.javafx.event.EventUtil.fireEventImpl(EventUtil.java:74)
	at com.sun.javafx.event.EventUtil.fireEvent(EventUtil.java:49)
	at javafx.event.Event.fireEvent(Event.java:198)
	at javafx.scene.Node.fireEvent(Node.java:8917)
	at javafx.scene.control.Button.fire(Button.java:203)
	at com.sun.javafx.scene.control.behavior.ButtonBehavior.mouseReleased(ButtonBehavior.java:207)
	at com.sun.javafx.scene.control.inputmap.InputMap.handle(InputMap.java:274)
	at com.sun.javafx.event.CompositeEventHandler$NormalEventHandlerRecord.handleBubblingEvent(CompositeEventHandler.java:247)
	at com.sun.javafx.event.CompositeEventHandler.dispatchBubblingEvent(CompositeEventHandler.java:80)
	at com.sun.javafx.event.EventHandlerManager.dispatchBubblingEvent(EventHandlerManager.java:232)
	at com.sun.javafx.event.EventHandlerManager.dispatchBubblingEvent(EventHandlerManager.java:189)
	at com.sun.javafx.event.CompositeEventDispatcher.dispatchBubblingEvent(CompositeEventDispatcher.java:59)
	at com.sun.javafx.event.BasicEventDispatcher.dispatchEvent(BasicEventDispatcher.java:58)
	at com.sun.javafx.event.EventDispatchChainImpl.dispatchEvent(EventDispatchChainImpl.java:114)
	at com.sun.javafx.event.BasicEventDispatcher.dispatchEvent(BasicEventDispatcher.java:56)
	at com.sun.javafx.event.EventDispatchChainImpl.dispatchEvent(EventDispatchChainImpl.java:114)
	at com.sun.javafx.event.BasicEventDispatcher.dispatchEvent(BasicEventDispatcher.java:56)
	at com.sun.javafx.event.EventDispatchChainImpl.dispatchEvent(EventDispatchChainImpl.java:114)
	at com.sun.javafx.event.EventUtil.fireEventImpl(EventUtil.java:74)
	at com.sun.javafx.event.EventUtil.fireEvent(EventUtil.java:54)
	at javafx.event.Event.fireEvent(Event.java:198)
	at javafx.scene.Scene$MouseHandler.process(Scene.java:4033)
	at javafx.scene.Scene.processMouseEvent(Scene.java:1933)
	at javafx.scene.Scene$ScenePeerListener.mouseEvent(Scene.java:2757)
	at com.sun.javafx.tk.quantum.GlassViewEventHandler$MouseEventNotification.run(GlassViewEventHandler.java:411)
	at com.sun.javafx.tk.quantum.GlassViewEventHandler$MouseEventNotification.run(GlassViewEventHandler.java:301)
	at java.base/java.security.AccessController.doPrivileged(AccessController.java:400)
	at com.sun.javafx.tk.quantum.GlassViewEventHandler.lambda$handleMouseEvent$2(GlassViewEventHandler.java:450)
	at com.sun.javafx.tk.quantum.QuantumToolkit.runWithoutRenderLock(QuantumToolkit.java:436)
	at com.sun.javafx.tk.quantum.GlassViewEventHandler.handleMouseEvent(GlassViewEventHandler.java:449)
	at com.sun.glass.ui.View.handleMouseEvent(View.java:551)
	at com.sun.glass.ui.View.notifyMouse(View.java:937)
	at com.sun.glass.ui.monocle.MonocleView.notifyMouse(MonocleView.java:116)
	at java.base/jdk.internal.reflect.DirectMethodHandleAccessor.invoke(DirectMethodHandleAccessor.java:103)
	... 21 common frames omitted
2026-04-09 21:13:17,163 [ERROR] from com.jpro.meta.tk.SceneInputListener in JavaFX Application Thread - Error while processing the input: MouseEventToken(MouseMoved,259.20001220703125,30.399999618530273,MouseButtonToken(2),false,false,false,false,false,false,false,false) app: stage title: Visual Product Discovery & Shopping Management System
java.lang.reflect.InvocationTargetException: null
	at java.base/jdk.internal.reflect.DirectMethodHandleAccessor.invoke(DirectMethodHandleAccessor.java:118)
	at java.base/java.lang.reflect.Method.invoke(Method.java:580)
	at simplefx.util.ReflectionUtil$UseReflection.applyDynamic(ReflectionUtil.scala:21)
	at com.jpro.meta.tk.SceneInputListener.processInputInScene(SceneInputListener.scala:304)
	at com.jpro.meta.tk.SceneInputListener.processInput(SceneInputListener.scala:206)
	at com.jpro.meta.tk.SceneInputListener.processInputs(SceneInputListener.scala:133)
	at com.jpro.meta.tk.SceneInputListener.processOrRequest(SceneInputListener.scala:41)
	at com.jpro.meta.tk.SceneInputListener.$anonfun$processOrRequest$2(SceneInputListener.scala:48)
	at scala.runtime.java8.JFunction0$mcV$sp.apply(JFunction0$mcV$sp.java:23)
	at simplefx.cores.standard.parts.CoreTimeEvent$$anon$3.run(CoreTimeEvent.scala:62)
	at com.sun.javafx.application.PlatformImpl.lambda$runLater$10(PlatformImpl.java:457)
	at java.base/java.security.AccessController.doPrivileged(AccessController.java:400)
	at com.sun.javafx.application.PlatformImpl.lambda$runLater$11(PlatformImpl.java:456)
	at com.sun.glass.ui.monocle.RunnableProcessor.runLoop(RunnableProcessor.java:92)
	at com.sun.glass.ui.monocle.RunnableProcessor.run(RunnableProcessor.java:51)
	at java.base/java.lang.Thread.run(Thread.java:1583)
Caused by: java.lang.reflect.InvocationTargetException: null
	at java.base/jdk.internal.reflect.DirectMethodHandleAccessor.invoke(DirectMethodHandleAccessor.java:118)
	at java.base/java.lang.reflect.Method.invoke(Method.java:580)
	at simplefx.util.ReflectionUtil$UseReflection.applyDynamic(ReflectionUtil.scala:21)
	at com.sun.glass.ui.monocle.input.fork.NativeMouseInput.notifyMouse(NativeMouseInput.scala:330)
	at com.sun.glass.ui.monocle.input.fork.NativeMouseInput.postMouseEvent(NativeMouseInput.scala:226)
	at com.sun.glass.ui.monocle.input.fork.NativeMouseInput.setState(NativeMouseInput.scala:186)
	at java.base/jdk.internal.reflect.DirectMethodHandleAccessor.invoke(DirectMethodHandleAccessor.java:103)
	... 15 common frames omitted
Caused by: java.lang.UnsupportedOperationException: null
	at com.sun.glass.ui.monocle.MonocleApplication.staticCommonDialogs_showFileChooser(MonocleApplication.java:273)
	at com.sun.glass.ui.CommonDialogs.showFileChooser(CommonDialogs.java:213)
	at com.sun.javafx.tk.quantum.QuantumToolkit.showFileChooser(QuantumToolkit.java:1737)
	at javafx.stage.FileChooser.showDialog(FileChooser.java:396)
	at javafx.stage.FileChooser.showOpenDialog(FileChooser.java:331)
	at com.visualshop.controller.ShopController.openVisualSearch(ShopController.java:817)
	at com.visualshop.controller.ShopController.lambda$buildNavbar$6(ShopController.java:172)
	at com.sun.javafx.event.CompositeEventHandler.dispatchBubblingEvent(CompositeEventHandler.java:86)
	at com.sun.javafx.event.EventHandlerManager.dispatchBubblingEvent(EventHandlerManager.java:232)
	at com.sun.javafx.event.EventHandlerManager.dispatchBubblingEvent(EventHandlerManager.java:189)
	at com.sun.javafx.event.CompositeEventDispatcher.dispatchBubblingEvent(CompositeEventDispatcher.java:59)
	at com.sun.javafx.event.BasicEventDispatcher.dispatchEvent(BasicEventDispatcher.java:58)
	at com.sun.javafx.event.EventDispatchChainImpl.dispatchEvent(EventDispatchChainImpl.java:114)
	at com.sun.javafx.event.BasicEventDispatcher.dispatchEvent(BasicEventDispatcher.java:56)
	at com.sun.javafx.event.EventDispatchChainImpl.dispatchEvent(EventDispatchChainImpl.java:114)
	at com.sun.javafx.event.BasicEventDispatcher.dispatchEvent(BasicEventDispatcher.java:56)
	at com.sun.javafx.event.EventDispatchChainImpl.dispatchEvent(EventDispatchChainImpl.java:114)
	at com.sun.javafx.event.EventUtil.fireEventImpl(EventUtil.java:74)
	at com.sun.javafx.event.EventUtil.fireEvent(EventUtil.java:49)
	at javafx.event.Event.fireEvent(Event.java:198)
	at javafx.scene.Node.fireEvent(Node.java:8917)
	at javafx.scene.control.Button.fire(Button.java:203)
	at com.sun.javafx.scene.control.behavior.ButtonBehavior.mouseReleased(ButtonBehavior.java:207)
	at com.sun.javafx.scene.control.inputmap.InputMap.handle(InputMap.java:274)
	at com.sun.javafx.event.CompositeEventHandler$NormalEventHandlerRecord.handleBubblingEvent(CompositeEventHandler.java:247)
	at com.sun.javafx.event.CompositeEventHandler.dispatchBubblingEvent(CompositeEventHandler.java:80)
	at com.sun.javafx.event.EventHandlerManager.dispatchBubblingEvent(EventHandlerManager.java:232)
	at com.sun.javafx.event.EventHandlerManager.dispatchBubblingEvent(EventHandlerManager.java:189)
	at com.sun.javafx.event.CompositeEventDispatcher.dispatchBubblingEvent(CompositeEventDispatcher.java:59)
	at com.sun.javafx.event.BasicEventDispatcher.dispatchEvent(BasicEventDispatcher.java:58)
	at com.sun.javafx.event.EventDispatchChainImpl.dispatchEvent(EventDispatchChainImpl.java:114)
	at com.sun.javafx.event.BasicEventDispatcher.dispatchEvent(BasicEventDispatcher.java:56)
	at com.sun.javafx.event.EventDispatchChainImpl.dispatchEvent(EventDispatchChainImpl.java:114)
	at com.sun.javafx.event.BasicEventDispatcher.dispatchEvent(BasicEventDispatcher.java:56)
	at com.sun.javafx.event.EventDispatchChainImpl.dispatchEvent(EventDispatchChainImpl.java:114)
	at com.sun.javafx.event.EventUtil.fireEventImpl(EventUtil.java:74)
	at com.sun.javafx.event.EventUtil.fireEvent(EventUtil.java:54)
	at javafx.event.Event.fireEvent(Event.java:198)
	at javafx.scene.Scene$MouseHandler.process(Scene.java:4033)
	at javafx.scene.Scene.processMouseEvent(Scene.java:1933)
	at javafx.scene.Scene$ScenePeerListener.mouseEvent(Scene.java:2757)
	at com.sun.javafx.tk.quantum.GlassViewEventHandler$MouseEventNotification.run(GlassViewEventHandler.java:411)
	at com.sun.javafx.tk.quantum.GlassViewEventHandler$MouseEventNotification.run(GlassViewEventHandler.java:301)
	at java.base/java.security.AccessController.doPrivileged(AccessController.java:400)
	at com.sun.javafx.tk.quantum.GlassViewEventHandler.lambda$handleMouseEvent$2(GlassViewEventHandler.java:450)
	at com.sun.javafx.tk.quantum.QuantumToolkit.runWithoutRenderLock(QuantumToolkit.java:436)
	at com.sun.javafx.tk.quantum.GlassViewEventHandler.handleMouseEvent(GlassViewEventHandler.java:449)
	at com.sun.glass.ui.View.handleMouseEvent(View.java:551)
	at com.sun.glass.ui.View.notifyMouse(View.java:937)
	at com.sun.glass.ui.monocle.MonocleView.notifyMouse(MonocleView.java:116)
	at java.base/jdk.internal.reflect.DirectMethodHandleAccessor.invoke(DirectMethodHandleAccessor.java:103)
	... 21 common frames omitted
2026-04-09 21:13:17,179 [ERROR] from com.jpro.meta.tk.SceneInputListener in JavaFX Application Thread - Error while processing the input: MouseEventToken(MouseMoved,260.0,31.200000762939453,MouseButtonToken(2),false,false,false,false,false,false,false,false) app: stage title: Visual Product Discovery & Shopping Management System
java.lang.reflect.InvocationTargetException: null
	at java.base/jdk.internal.reflect.DirectMethodHandleAccessor.invoke(DirectMethodHandleAccessor.java:118)
	at java.base/java.lang.reflect.Method.invoke(Method.java:580)
	at simplefx.util.ReflectionUtil$UseReflection.applyDynamic(ReflectionUtil.scala:21)
	at com.jpro.meta.tk.SceneInputListener.processInputInScene(SceneInputListener.scala:304)
	at com.jpro.meta.tk.SceneInputListener.processInput(SceneInputListener.scala:206)
	at com.jpro.meta.tk.SceneInputListener.processInputs(SceneInputListener.scala:133)
	at com.jpro.meta.tk.SceneInputListener.processOrRequest(SceneInputListener.scala:41)
	at com.jpro.meta.tk.SceneInputListener.$anonfun$processOrRequest$2(SceneInputListener.scala:48)
	at scala.runtime.java8.JFunction0$mcV$sp.apply(JFunction0$mcV$sp.java:23)
	at simplefx.cores.standard.parts.CoreTimeEvent$$anon$3.run(CoreTimeEvent.scala:62)
	at com.sun.javafx.application.PlatformImpl.lambda$runLater$10(PlatformImpl.java:457)
	at java.base/java.security.AccessController.doPrivileged(AccessController.java:400)
	at com.sun.javafx.application.PlatformImpl.lambda$runLater$11(PlatformImpl.java:456)
	at com.sun.glass.ui.monocle.RunnableProcessor.runLoop(RunnableProcessor.java:92)
	at com.sun.glass.ui.monocle.RunnableProcessor.run(RunnableProcessor.java:51)
	at java.base/java.lang.Thread.run(Thread.java:1583)
Caused by: java.lang.reflect.InvocationTargetException: null
	at java.base/jdk.internal.reflect.DirectMethodHandleAccessor.invoke(DirectMethodHandleAccessor.java:118)
	at java.base/java.lang.reflect.Method.invoke(Method.java:580)
	at simplefx.util.ReflectionUtil$UseReflection.applyDynamic(ReflectionUtil.scala:21)
	at com.sun.glass.ui.monocle.input.fork.NativeMouseInput.notifyMouse(NativeMouseInput.scala:330)
	at com.sun.glass.ui.monocle.input.fork.NativeMouseInput.postMouseEvent(NativeMouseInput.scala:226)
	at com.sun.glass.ui.monocle.input.fork.NativeMouseInput.setState(NativeMouseInput.scala:186)
	at java.base/jdk.internal.reflect.DirectMethodHandleAccessor.invoke(DirectMethodHandleAccessor.java:103)
	... 15 common frames omitted
Caused by: java.lang.UnsupportedOperationException: null
	at com.sun.glass.ui.monocle.MonocleApplication.staticCommonDialogs_showFileChooser(MonocleApplication.java:273)
	at com.sun.glass.ui.CommonDialogs.showFileChooser(CommonDialogs.java:213)
	at com.sun.javafx.tk.quantum.QuantumToolkit.showFileChooser(QuantumToolkit.java:1737)
	at javafx.stage.FileChooser.showDialog(FileChooser.java:396)
	at javafx.stage.FileChooser.showOpenDialog(FileChooser.java:331)
	at com.visualshop.controller.ShopController.openVisualSearch(ShopController.java:817)
	at com.visualshop.controller.ShopController.lambda$buildNavbar$6(ShopController.java:172)
	at com.sun.javafx.event.CompositeEventHandler.dispatchBubblingEvent(CompositeEventHandler.java:86)
	at com.sun.javafx.event.EventHandlerManager.dispatchBubblingEvent(EventHandlerManager.java:232)
	at com.sun.javafx.event.EventHandlerManager.dispatchBubblingEvent(EventHandlerManager.java:189)
	at com.sun.javafx.event.CompositeEventDispatcher.dispatchBubblingEvent(CompositeEventDispatcher.java:59)
	at com.sun.javafx.event.BasicEventDispatcher.dispatchEvent(BasicEventDispatcher.java:58)
	at com.sun.javafx.event.EventDispatchChainImpl.dispatchEvent(EventDispatchChainImpl.java:114)
	at com.sun.javafx.event.BasicEventDispatcher.dispatchEvent(BasicEventDispatcher.java:56)
	at com.sun.javafx.event.EventDispatchChainImpl.dispatchEvent(EventDispatchChainImpl.java:114)
	at com.sun.javafx.event.BasicEventDispatcher.dispatchEvent(BasicEventDispatcher.java:56)
	at com.sun.javafx.event.EventDispatchChainImpl.dispatchEvent(EventDispatchChainImpl.java:114)
	at com.sun.javafx.event.EventUtil.fireEventImpl(EventUtil.java:74)
	at com.sun.javafx.event.EventUtil.fireEvent(EventUtil.java:49)
	at javafx.event.Event.fireEvent(Event.java:198)
	at javafx.scene.Node.fireEvent(Node.java:8917)
	at javafx.scene.control.Button.fire(Button.java:203)
	at com.sun.javafx.scene.control.behavior.ButtonBehavior.mouseReleased(ButtonBehavior.java:207)
	at com.sun.javafx.scene.control.inputmap.InputMap.handle(InputMap.java:274)
	at com.sun.javafx.event.CompositeEventHandler$NormalEventHandlerRecord.handleBubblingEvent(CompositeEventHandler.java:247)
	at com.sun.javafx.event.CompositeEventHandler.dispatchBubblingEvent(CompositeEventHandler.java:80)
	at com.sun.javafx.event.EventHandlerManager.dispatchBubblingEvent(EventHandlerManager.java:232)
	at com.sun.javafx.event.EventHandlerManager.dispatchBubblingEvent(EventHandlerManager.java:189)
	at com.sun.javafx.event.CompositeEventDispatcher.dispatchBubblingEvent(CompositeEventDispatcher.java:59)
	at com.sun.javafx.event.BasicEventDispatcher.dispatchEvent(BasicEventDispatcher.java:58)
	at com.sun.javafx.event.EventDispatchChainImpl.dispatchEvent(EventDispatchChainImpl.java:114)
	at com.sun.javafx.event.BasicEventDispatcher.dispatchEvent(BasicEventDispatcher.java:56)
	at com.sun.javafx.event.EventDispatchChainImpl.dispatchEvent(EventDispatchChainImpl.java:114)
	at com.sun.javafx.event.BasicEventDispatcher.dispatchEvent(BasicEventDispatcher.java:56)
	at com.sun.javafx.event.EventDispatchChainImpl.dispatchEvent(EventDispatchChainImpl.java:114)
	at com.sun.javafx.event.EventUtil.fireEventImpl(EventUtil.java:74)
	at com.sun.javafx.event.EventUtil.fireEvent(EventUtil.java:54)
	at javafx.event.Event.fireEvent(Event.java:198)
	at javafx.scene.Scene$MouseHandler.process(Scene.java:4033)
	at javafx.scene.Scene.processMouseEvent(Scene.java:1933)
	at javafx.scene.Scene$ScenePeerListener.mouseEvent(Scene.java:2757)
	at com.sun.javafx.tk.quantum.GlassViewEventHandler$MouseEventNotification.run(GlassViewEventHandler.java:411)
	at com.sun.javafx.tk.quantum.GlassViewEventHandler$MouseEventNotification.run(GlassViewEventHandler.java:301)
	at java.base/java.security.AccessController.doPrivileged(AccessController.java:400)
	at com.sun.javafx.tk.quantum.GlassViewEventHandler.lambda$handleMouseEvent$2(GlassViewEventHandler.java:450)
	at com.sun.javafx.tk.quantum.QuantumToolkit.runWithoutRenderLock(QuantumToolkit.java:436)
	at com.sun.javafx.tk.quantum.GlassViewEventHandler.handleMouseEvent(GlassViewEventHandler.java:449)
	at com.sun.glass.ui.View.handleMouseEvent(View.java:551)
	at com.sun.glass.ui.View.notifyMouse(View.java:937)
	at com.sun.glass.ui.monocle.MonocleView.notifyMouse(MonocleView.java:116)
	at java.base/jdk.internal.reflect.DirectMethodHandleAccessor.invoke(DirectMethodHandleAccessor.java:103)
	... 21 common frames omitted
2026-04-09 21:13:17,194 [ERROR] from com.jpro.meta.tk.SceneInputListener in JavaFX Application Thread - Error while processing the input: MouseEventToken(MouseMoved,263.20001220703125,33.60000228881836,MouseButtonToken(2),false,false,false,false,false,false,false,false) app: stage title: Visual Product Discovery & Shopping Management System
java.lang.reflect.InvocationTargetException: null
	at java.base/jdk.internal.reflect.DirectMethodHandleAccessor.invoke(DirectMethodHandleAccessor.java:118)
	at java.base/java.lang.reflect.Method.invoke(Method.java:580)
	at simplefx.util.ReflectionUtil$UseReflection.applyDynamic(ReflectionUtil.scala:21)
	at com.jpro.meta.tk.SceneInputListener.processInputInScene(SceneInputListener.scala:304)
	at com.jpro.meta.tk.SceneInputListener.processInput(SceneInputListener.scala:206)
	at com.jpro.meta.tk.SceneInputListener.processInputs(SceneInputListener.scala:133)
	at com.jpro.meta.tk.SceneInputListener.processOrRequest(SceneInputListener.scala:41)
	at com.jpro.meta.tk.SceneInputListener.$anonfun$processOrRequest$2(SceneInputListener.scala:48)
	at scala.runtime.java8.JFunction0$mcV$sp.apply(JFunction0$mcV$sp.java:23)
	at simplefx.cores.standard.parts.CoreTimeEvent$$anon$3.run(CoreTimeEvent.scala:62)
	at com.sun.javafx.application.PlatformImpl.lambda$runLater$10(PlatformImpl.java:457)
	at java.base/java.security.AccessController.doPrivileged(AccessController.java:400)
	at com.sun.javafx.application.PlatformImpl.lambda$runLater$11(PlatformImpl.java:456)
	at com.sun.glass.ui.monocle.RunnableProcessor.runLoop(RunnableProcessor.java:92)
	at com.sun.glass.ui.monocle.RunnableProcessor.run(RunnableProcessor.java:51)
	at java.base/java.lang.Thread.run(Thread.java:1583)
Caused by: java.lang.reflect.InvocationTargetException: null
	at java.base/jdk.internal.reflect.DirectMethodHandleAccessor.invoke(DirectMethodHandleAccessor.java:118)
	at java.base/java.lang.reflect.Method.invoke(Method.java:580)
	at simplefx.util.ReflectionUtil$UseReflection.applyDynamic(ReflectionUtil.scala:21)
	at com.sun.glass.ui.monocle.input.fork.NativeMouseInput.notifyMouse(NativeMouseInput.scala:330)
	at com.sun.glass.ui.monocle.input.fork.NativeMouseInput.postMouseEvent(NativeMouseInput.scala:226)
	at com.sun.glass.ui.monocle.input.fork.NativeMouseInput.setState(NativeMouseInput.scala:186)
	at java.base/jdk.internal.reflect.DirectMethodHandleAccessor.invoke(DirectMethodHandleAccessor.java:103)
	... 15 common frames omitted
Caused by: java.lang.UnsupportedOperationException: null
	at com.sun.glass.ui.monocle.MonocleApplication.staticCommonDialogs_showFileChooser(MonocleApplication.java:273)
	at com.sun.glass.ui.CommonDialogs.showFileChooser(CommonDialogs.java:213)
	at com.sun.javafx.tk.quantum.QuantumToolkit.showFileChooser(QuantumToolkit.java:1737)
	at javafx.stage.FileChooser.showDialog(FileChooser.java:396)
	at javafx.stage.FileChooser.showOpenDialog(FileChooser.java:331)
	at com.visualshop.controller.ShopController.openVisualSearch(ShopController.java:817)
	at com.visualshop.controller.ShopController.lambda$buildNavbar$6(ShopController.java:172)
	at com.sun.javafx.event.CompositeEventHandler.dispatchBubblingEvent(CompositeEventHandler.java:86)
	at com.sun.javafx.event.EventHandlerManager.dispatchBubblingEvent(EventHandlerManager.java:232)
	at com.sun.javafx.event.EventHandlerManager.dispatchBubblingEvent(EventHandlerManager.java:189)
	at com.sun.javafx.event.CompositeEventDispatcher.dispatchBubblingEvent(CompositeEventDispatcher.java:59)
	at com.sun.javafx.event.BasicEventDispatcher.dispatchEvent(BasicEventDispatcher.java:58)
	at com.sun.javafx.event.EventDispatchChainImpl.dispatchEvent(EventDispatchChainImpl.java:114)
	at com.sun.javafx.event.BasicEventDispatcher.dispatchEvent(BasicEventDispatcher.java:56)
	at com.sun.javafx.event.EventDispatchChainImpl.dispatchEvent(EventDispatchChainImpl.java:114)
	at com.sun.javafx.event.BasicEventDispatcher.dispatchEvent(BasicEventDispatcher.java:56)
	at com.sun.javafx.event.EventDispatchChainImpl.dispatchEvent(EventDispatchChainImpl.java:114)
	at com.sun.javafx.event.EventUtil.fireEventImpl(EventUtil.java:74)
	at com.sun.javafx.event.EventUtil.fireEvent(EventUtil.java:49)
	at javafx.event.Event.fireEvent(Event.java:198)
	at javafx.scene.Node.fireEvent(Node.java:8917)
	at javafx.scene.control.Button.fire(Button.java:203)
	at com.sun.javafx.scene.control.behavior.ButtonBehavior.mouseReleased(ButtonBehavior.java:207)
	at com.sun.javafx.scene.control.inputmap.InputMap.handle(InputMap.java:274)
	at com.sun.javafx.event.CompositeEventHandler$NormalEventHandlerRecord.handleBubblingEvent(CompositeEventHandler.java:247)
	at com.sun.javafx.event.CompositeEventHandler.dispatchBubblingEvent(CompositeEventHandler.java:80)
	at com.sun.javafx.event.EventHandlerManager.dispatchBubblingEvent(EventHandlerManager.java:232)
	at com.sun.javafx.event.EventHandlerManager.dispatchBubblingEvent(EventHandlerManager.java:189)
	at com.sun.javafx.event.CompositeEventDispatcher.dispatchBubblingEvent(CompositeEventDispatcher.java:59)
	at com.sun.javafx.event.BasicEventDispatcher.dispatchEvent(BasicEventDispatcher.java:58)
	at com.sun.javafx.event.EventDispatchChainImpl.dispatchEvent(EventDispatchChainImpl.java:114)
	at com.sun.javafx.event.BasicEventDispatcher.dispatchEvent(BasicEventDispatcher.java:56)
	at com.sun.javafx.event.EventDispatchChainImpl.dispatchEvent(EventDispatchChainImpl.java:114)
	at com.sun.javafx.event.BasicEventDispatcher.dispatchEvent(BasicEventDispatcher.java:56)
	at com.sun.javafx.event.EventDispatchChainImpl.dispatchEvent(EventDispatchChainImpl.java:114)
	at com.sun.javafx.event.EventUtil.fireEventImpl(EventUtil.java:74)
	at com.sun.javafx.event.EventUtil.fireEvent(EventUtil.java:54)
	at javafx.event.Event.fireEvent(Event.java:198)
	at javafx.scene.Scene$MouseHandler.process(Scene.java:4033)
	at javafx.scene.Scene.processMouseEvent(Scene.java:1933)
	at javafx.scene.Scene$ScenePeerListener.mouseEvent(Scene.java:2757)
	at com.sun.javafx.tk.quantum.GlassViewEventHandler$MouseEventNotification.run(GlassViewEventHandler.java:411)
	at com.sun.javafx.tk.quantum.GlassViewEventHandler$MouseEventNotification.run(GlassViewEventHandler.java:301)
	at java.base/java.security.AccessController.doPrivileged(AccessController.java:400)
	at com.sun.javafx.tk.quantum.GlassViewEventHandler.lambda$handleMouseEvent$2(GlassViewEventHandler.java:450)
	at com.sun.javafx.tk.quantum.QuantumToolkit.runWithoutRenderLock(QuantumToolkit.java:436)
	at com.sun.javafx.tk.quantum.GlassViewEventHandler.handleMouseEvent(GlassViewEventHandler.java:449)
	at com.sun.glass.ui.View.handleMouseEvent(View.java:551)
	at com.sun.glass.ui.View.notifyMouse(View.java:937)
	at com.sun.glass.ui.monocle.MonocleView.notifyMouse(MonocleView.java:116)
	at java.base/jdk.internal.reflect.DirectMethodHandleAccessor.invoke(DirectMethodHandleAccessor.java:103)
	... 21 common frames omitted
2026-04-09 21:13:17,209 [ERROR] from com.jpro.meta.tk.SceneInputListener in JavaFX Application Thread - Error while processing the input: MouseEventToken(MouseMoved,266.3999938964844,35.20000076293945,MouseButtonToken(2),false,false,false,false,false,false,false,false) app: stage title: Visual Product Discovery & Shopping Management System
java.lang.reflect.InvocationTargetException: null
	at java.base/jdk.internal.reflect.DirectMethodHandleAccessor.invoke(DirectMethodHandleAccessor.java:118)
	at java.base/java.lang.reflect.Method.invoke(Method.java:580)
	at simplefx.util.ReflectionUtil$UseReflection.applyDynamic(ReflectionUtil.scala:21)
	at com.jpro.meta.tk.SceneInputListener.processInputInScene(SceneInputListener.scala:304)
	at com.jpro.meta.tk.SceneInputListener.processInput(SceneInputListener.scala:206)
	at com.jpro.meta.tk.SceneInputListener.processInputs(SceneInputListener.scala:133)
	at com.jpro.meta.tk.SceneInputListener.processOrRequest(SceneInputListener.scala:41)
	at com.jpro.meta.tk.SceneInputListener.$anonfun$processOrRequest$2(SceneInputListener.scala:48)
	at scala.runtime.java8.JFunction0$mcV$sp.apply(JFunction0$mcV$sp.java:23)
	at simplefx.cores.standard.parts.CoreTimeEvent$$anon$3.run(CoreTimeEvent.scala:62)
	at com.sun.javafx.application.PlatformImpl.lambda$runLater$10(PlatformImpl.java:457)
	at java.base/java.security.AccessController.doPrivileged(AccessController.java:400)
	at com.sun.javafx.application.PlatformImpl.lambda$runLater$11(PlatformImpl.java:456)
	at com.sun.glass.ui.monocle.RunnableProcessor.runLoop(RunnableProcessor.java:92)
	at com.sun.glass.ui.monocle.RunnableProcessor.run(RunnableProcessor.java:51)
	at java.base/java.lang.Thread.run(Thread.java:1583)
Caused by: java.lang.reflect.InvocationTargetException: null
	at java.base/jdk.internal.reflect.DirectMethodHandleAccessor.invoke(DirectMethodHandleAccessor.java:118)
	at java.base/java.lang.reflect.Method.invoke(Method.java:580)
	at simplefx.util.ReflectionUtil$UseReflection.applyDynamic(ReflectionUtil.scala:21)
	at com.sun.glass.ui.monocle.input.fork.NativeMouseInput.notifyMouse(NativeMouseInput.scala:330)
	at com.sun.glass.ui.monocle.input.fork.NativeMouseInput.postMouseEvent(NativeMouseInput.scala:226)
	at com.sun.glass.ui.monocle.input.fork.NativeMouseInput.setState(NativeMouseInput.scala:186)
	at java.base/jdk.internal.reflect.DirectMethodHandleAccessor.invoke(DirectMethodHandleAccessor.java:103)
	... 15 common frames omitted
Caused by: java.lang.UnsupportedOperationException: null
	at com.sun.glass.ui.monocle.MonocleApplication.staticCommonDialogs_showFileChooser(MonocleApplication.java:273)
	at com.sun.glass.ui.CommonDialogs.showFileChooser(CommonDialogs.java:213)
	at com.sun.javafx.tk.quantum.QuantumToolkit.showFileChooser(QuantumToolkit.java:1737)
	at javafx.stage.FileChooser.showDialog(FileChooser.java:396)
	at javafx.stage.FileChooser.showOpenDialog(FileChooser.java:331)
	at com.visualshop.controller.ShopController.openVisualSearch(ShopController.java:817)
	at com.visualshop.controller.ShopController.lambda$buildNavbar$6(ShopController.java:172)
	at com.sun.javafx.event.CompositeEventHandler.dispatchBubblingEvent(CompositeEventHandler.java:86)
	at com.sun.javafx.event.EventHandlerManager.dispatchBubblingEvent(EventHandlerManager.java:232)
	at com.sun.javafx.event.EventHandlerManager.dispatchBubblingEvent(EventHandlerManager.java:189)
	at com.sun.javafx.event.CompositeEventDispatcher.dispatchBubblingEvent(CompositeEventDispatcher.java:59)
	at com.sun.javafx.event.BasicEventDispatcher.dispatchEvent(BasicEventDispatcher.java:58)
	at com.sun.javafx.event.EventDispatchChainImpl.dispatchEvent(EventDispatchChainImpl.java:114)
	at com.sun.javafx.event.BasicEventDispatcher.dispatchEvent(BasicEventDispatcher.java:56)
	at com.sun.javafx.event.EventDispatchChainImpl.dispatchEvent(EventDispatchChainImpl.java:114)
	at com.sun.javafx.event.BasicEventDispatcher.dispatchEvent(BasicEventDispatcher.java:56)
	at com.sun.javafx.event.EventDispatchChainImpl.dispatchEvent(EventDispatchChainImpl.java:114)
	at com.sun.javafx.event.EventUtil.fireEventImpl(EventUtil.java:74)
	at com.sun.javafx.event.EventUtil.fireEvent(EventUtil.java:49)
	at javafx.event.Event.fireEvent(Event.java:198)
	at javafx.scene.Node.fireEvent(Node.java:8917)
	at javafx.scene.control.Button.fire(Button.java:203)
	at com.sun.javafx.scene.control.behavior.ButtonBehavior.mouseReleased(ButtonBehavior.java:207)
	at com.sun.javafx.scene.control.inputmap.InputMap.handle(InputMap.java:274)
	at com.sun.javafx.event.CompositeEventHandler$NormalEventHandlerRecord.handleBubblingEvent(CompositeEventHandler.java:247)
	at com.sun.javafx.event.CompositeEventHandler.dispatchBubblingEvent(CompositeEventHandler.java:80)
	at com.sun.javafx.event.EventHandlerManager.dispatchBubblingEvent(EventHandlerManager.java:232)
	at com.sun.javafx.event.EventHandlerManager.dispatchBubblingEvent(EventHandlerManager.java:189)
	at com.sun.javafx.event.CompositeEventDispatcher.dispatchBubblingEvent(CompositeEventDispatcher.java:59)
	at com.sun.javafx.event.BasicEventDispatcher.dispatchEvent(BasicEventDispatcher.java:58)
	at com.sun.javafx.event.EventDispatchChainImpl.dispatchEvent(EventDispatchChainImpl.java:114)
	at com.sun.javafx.event.BasicEventDispatcher.dispatchEvent(BasicEventDispatcher.java:56)
	at com.sun.javafx.event.EventDispatchChainImpl.dispatchEvent(EventDispatchChainImpl.java:114)
	at com.sun.javafx.event.BasicEventDispatcher.dispatchEvent(BasicEventDispatcher.java:56)
	at com.sun.javafx.event.EventDispatchChainImpl.dispatchEvent(EventDispatchChainImpl.java:114)
	at com.sun.javafx.event.EventUtil.fireEventImpl(EventUtil.java:74)
	at com.sun.javafx.event.EventUtil.fireEvent(EventUtil.java:54)
	at javafx.event.Event.fireEvent(Event.java:198)
	at javafx.scene.Scene$MouseHandler.process(Scene.java:4033)
	at javafx.scene.Scene.processMouseEvent(Scene.java:1933)
	at javafx.scene.Scene$ScenePeerListener.mouseEvent(Scene.java:2757)
	at com.sun.javafx.tk.quantum.GlassViewEventHandler$MouseEventNotification.run(GlassViewEventHandler.java:411)
	at com.sun.javafx.tk.quantum.GlassViewEventHandler$MouseEventNotification.run(GlassViewEventHandler.java:301)
	at java.base/java.security.AccessController.doPrivileged(AccessController.java:400)
	at com.sun.javafx.tk.quantum.GlassViewEventHandler.lambda$handleMouseEvent$2(GlassViewEventHandler.java:450)
	at com.sun.javafx.tk.quantum.QuantumToolkit.runWithoutRenderLock(QuantumToolkit.java:436)
	at com.sun.javafx.tk.quantum.GlassViewEventHandler.handleMouseEvent(GlassViewEventHandler.java:449)
	at com.sun.glass.ui.View.handleMouseEvent(View.java:551)
	at com.sun.glass.ui.View.notifyMouse(View.java:937)
	at com.sun.glass.ui.monocle.MonocleView.notifyMouse(MonocleView.java:116)
	at java.base/jdk.internal.reflect.DirectMethodHandleAccessor.invoke(DirectMethodHandleAccessor.java:103)
	... 21 common frames omitted
2026-04-09 21:13:17,224 [ERROR] from com.jpro.meta.tk.SceneInputListener in JavaFX Application Thread - Error while processing the input: MouseEventToken(MouseMoved,269.6000061035156,36.79999923706055,MouseButtonToken(2),false,false,false,false,false,false,false,false) app: stage title: Visual Product Discovery & Shopping Management System
java.lang.reflect.InvocationTargetException: null
	at java.base/jdk.internal.reflect.DirectMethodHandleAccessor.invoke(DirectMethodHandleAccessor.java:118)
	at java.base/java.lang.reflect.Method.invoke(Method.java:580)
	at simplefx.util.ReflectionUtil$UseReflection.applyDynamic(ReflectionUtil.scala:21)
	at com.jpro.meta.tk.SceneInputListener.processInputInScene(SceneInputListener.scala:304)
	at com.jpro.meta.tk.SceneInputListener.processInput(SceneInputListener.scala:206)
	at com.jpro.meta.tk.SceneInputListener.processInputs(SceneInputListener.scala:133)
	at com.jpro.meta.tk.SceneInputListener.processOrRequest(SceneInputListener.scala:41)
	at com.jpro.meta.tk.SceneInputListener.$anonfun$processOrRequest$2(SceneInputListener.scala:48)
	at scala.runtime.java8.JFunction0$mcV$sp.apply(JFunction0$mcV$sp.java:23)
	at simplefx.cores.standard.parts.CoreTimeEvent$$anon$3.run(CoreTimeEvent.scala:62)
	at com.sun.javafx.application.PlatformImpl.lambda$runLater$10(PlatformImpl.java:457)
	at java.base/java.security.AccessController.doPrivileged(AccessController.java:400)
	at com.sun.javafx.application.PlatformImpl.lambda$runLater$11(PlatformImpl.java:456)
	at com.sun.glass.ui.monocle.RunnableProcessor.runLoop(RunnableProcessor.java:92)
	at com.sun.glass.ui.monocle.RunnableProcessor.run(RunnableProcessor.java:51)
	at java.base/java.lang.Thread.run(Thread.java:1583)
Caused by: java.lang.reflect.InvocationTargetException: null
	at java.base/jdk.internal.reflect.DirectMethodHandleAccessor.invoke(DirectMethodHandleAccessor.java:118)
	at java.base/java.lang.reflect.Method.invoke(Method.java:580)
	at simplefx.util.ReflectionUtil$UseReflection.applyDynamic(ReflectionUtil.scala:21)
	at com.sun.glass.ui.monocle.input.fork.NativeMouseInput.notifyMouse(NativeMouseInput.scala:330)
	at com.sun.glass.ui.monocle.input.fork.NativeMouseInput.postMouseEvent(NativeMouseInput.scala:226)
	at com.sun.glass.ui.monocle.input.fork.NativeMouseInput.setState(NativeMouseInput.scala:186)
	at java.base/jdk.internal.reflect.DirectMethodHandleAccessor.invoke(DirectMethodHandleAccessor.java:103)
	... 15 common frames omitted
Caused by: java.lang.UnsupportedOperationException: null
	at com.sun.glass.ui.monocle.MonocleApplication.staticCommonDialogs_showFileChooser(MonocleApplication.java:273)
	at com.sun.glass.ui.CommonDialogs.showFileChooser(CommonDialogs.java:213)
	at com.sun.javafx.tk.quantum.QuantumToolkit.showFileChooser(QuantumToolkit.java:1737)
	at javafx.stage.FileChooser.showDialog(FileChooser.java:396)
	at javafx.stage.FileChooser.showOpenDialog(FileChooser.java:331)
	at com.visualshop.controller.ShopController.openVisualSearch(ShopController.java:817)
	at com.visualshop.controller.ShopController.lambda$buildNavbar$6(ShopController.java:172)
	at com.sun.javafx.event.CompositeEventHandler.dispatchBubblingEvent(CompositeEventHandler.java:86)
	at com.sun.javafx.event.EventHandlerManager.dispatchBubblingEvent(EventHandlerManager.java:232)
	at com.sun.javafx.event.EventHandlerManager.dispatchBubblingEvent(EventHandlerManager.java:189)
	at com.sun.javafx.event.CompositeEventDispatcher.dispatchBubblingEvent(CompositeEventDispatcher.java:59)
	at com.sun.javafx.event.BasicEventDispatcher.dispatchEvent(BasicEventDispatcher.java:58)
	at com.sun.javafx.event.EventDispatchChainImpl.dispatchEvent(EventDispatchChainImpl.java:114)
	at com.sun.javafx.event.BasicEventDispatcher.dispatchEvent(BasicEventDispatcher.java:56)
	at com.sun.javafx.event.EventDispatchChainImpl.dispatchEvent(EventDispatchChainImpl.java:114)
	at com.sun.javafx.event.BasicEventDispatcher.dispatchEvent(BasicEventDispatcher.java:56)
	at com.sun.javafx.event.EventDispatchChainImpl.dispatchEvent(EventDispatchChainImpl.java:114)
	at com.sun.javafx.event.EventUtil.fireEventImpl(EventUtil.java:74)
	at com.sun.javafx.event.EventUtil.fireEvent(EventUtil.java:49)
	at javafx.event.Event.fireEvent(Event.java:198)
	at javafx.scene.Node.fireEvent(Node.java:8917)
	at javafx.scene.control.Button.fire(Button.java:203)
	at com.sun.javafx.scene.control.behavior.ButtonBehavior.mouseReleased(ButtonBehavior.java:207)
	at com.sun.javafx.scene.control.inputmap.InputMap.handle(InputMap.java:274)
	at com.sun.javafx.event.CompositeEventHandler$NormalEventHandlerRecord.handleBubblingEvent(CompositeEventHandler.java:247)
	at com.sun.javafx.event.CompositeEventHandler.dispatchBubblingEvent(CompositeEventHandler.java:80)
	at com.sun.javafx.event.EventHandlerManager.dispatchBubblingEvent(EventHandlerManager.java:232)
	at com.sun.javafx.event.EventHandlerManager.dispatchBubblingEvent(EventHandlerManager.java:189)
	at com.sun.javafx.event.CompositeEventDispatcher.dispatchBubblingEvent(CompositeEventDispatcher.java:59)
	at com.sun.javafx.event.BasicEventDispatcher.dispatchEvent(BasicEventDispatcher.java:58)
	at com.sun.javafx.event.EventDispatchChainImpl.dispatchEvent(EventDispatchChainImpl.java:114)
	at com.sun.javafx.event.BasicEventDispatcher.dispatchEvent(BasicEventDispatcher.java:56)
	at com.sun.javafx.event.EventDispatchChainImpl.dispatchEvent(EventDispatchChainImpl.java:114)
	at com.sun.javafx.event.BasicEventDispatcher.dispatchEvent(BasicEventDispatcher.java:56)
	at com.sun.javafx.event.EventDispatchChainImpl.dispatchEvent(EventDispatchChainImpl.java:114)
	at com.sun.javafx.event.EventUtil.fireEventImpl(EventUtil.java:74)
	at com.sun.javafx.event.EventUtil.fireEvent(EventUtil.java:54)
	at javafx.event.Event.fireEvent(Event.java:198)
	at javafx.scene.Scene$MouseHandler.process(Scene.java:4033)
	at javafx.scene.Scene.processMouseEvent(Scene.java:1933)
	at javafx.scene.Scene$ScenePeerListener.mouseEvent(Scene.java:2757)
	at com.sun.javafx.tk.quantum.GlassViewEventHandler$MouseEventNotification.run(GlassViewEventHandler.java:411)
	at com.sun.javafx.tk.quantum.GlassViewEventHandler$MouseEventNotification.run(GlassViewEventHandler.java:301)
	at java.base/java.security.AccessController.doPrivileged(AccessController.java:400)
	at com.sun.javafx.tk.quantum.GlassViewEventHandler.lambda$handleMouseEvent$2(GlassViewEventHandler.java:450)
	at com.sun.javafx.tk.quantum.QuantumToolkit.runWithoutRenderLock(QuantumToolkit.java:436)
	at com.sun.javafx.tk.quantum.GlassViewEventHandler.handleMouseEvent(GlassViewEventHandler.java:449)
	at com.sun.glass.ui.View.handleMouseEvent(View.java:551)
	at com.sun.glass.ui.View.notifyMouse(View.java:937)
	at com.sun.glass.ui.monocle.MonocleView.notifyMouse(MonocleView.java:116)
	at java.base/jdk.internal.reflect.DirectMethodHandleAccessor.invoke(DirectMethodHandleAccessor.java:103)
	... 21 common frames omitted
2026-04-09 21:13:17,239 [ERROR] from com.jpro.meta.tk.SceneInputListener in JavaFX Application Thread - Error while processing the input: MouseEventToken(MouseMoved,272.8000183105469,38.400001525878906,MouseButtonToken(2),false,false,false,false,false,false,false,false) app: stage title: Visual Product Discovery & Shopping Management System
java.lang.reflect.InvocationTargetException: null
	at java.base/jdk.internal.reflect.DirectMethodHandleAccessor.invoke(DirectMethodHandleAccessor.java:118)
	at java.base/java.lang.reflect.Method.invoke(Method.java:580)
	at simplefx.util.ReflectionUtil$UseReflection.applyDynamic(ReflectionUtil.scala:21)
	at com.jpro.meta.tk.SceneInputListener.processInputInScene(SceneInputListener.scala:304)
	at com.jpro.meta.tk.SceneInputListener.processInput(SceneInputListener.scala:206)
	at com.jpro.meta.tk.SceneInputListener.processInputs(SceneInputListener.scala:133)
	at com.jpro.meta.tk.SceneInputListener.processOrRequest(SceneInputListener.scala:41)
	at com.jpro.meta.tk.SceneInputListener.$anonfun$processOrRequest$2(SceneInputListener.scala:48)
	at scala.runtime.java8.JFunction0$mcV$sp.apply(JFunction0$mcV$sp.java:23)
	at simplefx.cores.standard.parts.CoreTimeEvent$$anon$3.run(CoreTimeEvent.scala:62)
	at com.sun.javafx.application.PlatformImpl.lambda$runLater$10(PlatformImpl.java:457)
	at java.base/java.security.AccessController.doPrivileged(AccessController.java:400)
	at com.sun.javafx.application.PlatformImpl.lambda$runLater$11(PlatformImpl.java:456)
	at com.sun.glass.ui.monocle.RunnableProcessor.runLoop(RunnableProcessor.java:92)
	at com.sun.glass.ui.monocle.RunnableProcessor.run(RunnableProcessor.java:51)
	at java.base/java.lang.Thread.run(Thread.java:1583)
Caused by: java.lang.reflect.InvocationTargetException: null
	at java.base/jdk.internal.reflect.DirectMethodHandleAccessor.invoke(DirectMethodHandleAccessor.java:118)
	at java.base/java.lang.reflect.Method.invoke(Method.java:580)
	at simplefx.util.ReflectionUtil$UseReflection.applyDynamic(ReflectionUtil.scala:21)
	at com.sun.glass.ui.monocle.input.fork.NativeMouseInput.notifyMouse(NativeMouseInput.scala:330)
	at com.sun.glass.ui.monocle.input.fork.NativeMouseInput.postMouseEvent(NativeMouseInput.scala:226)
	at com.sun.glass.ui.monocle.input.fork.NativeMouseInput.setState(NativeMouseInput.scala:186)
	at java.base/jdk.internal.reflect.DirectMethodHandleAccessor.invoke(DirectMethodHandleAccessor.java:103)
	... 15 common frames omitted
Caused by: java.lang.UnsupportedOperationException: null
	at com.sun.glass.ui.monocle.MonocleApplication.staticCommonDialogs_showFileChooser(MonocleApplication.java:273)
	at com.sun.glass.ui.CommonDialogs.showFileChooser(CommonDialogs.java:213)
	at com.sun.javafx.tk.quantum.QuantumToolkit.showFileChooser(QuantumToolkit.java:1737)
	at javafx.stage.FileChooser.showDialog(FileChooser.java:396)
	at javafx.stage.FileChooser.showOpenDialog(FileChooser.java:331)
	at com.visualshop.controller.ShopController.openVisualSearch(ShopController.java:817)
	at com.visualshop.controller.ShopController.lambda$buildNavbar$6(ShopController.java:172)
	at com.sun.javafx.event.CompositeEventHandler.dispatchBubblingEvent(CompositeEventHandler.java:86)
	at com.sun.javafx.event.EventHandlerManager.dispatchBubblingEvent(EventHandlerManager.java:232)
	at com.sun.javafx.event.EventHandlerManager.dispatchBubblingEvent(EventHandlerManager.java:189)
	at com.sun.javafx.event.CompositeEventDispatcher.dispatchBubblingEvent(CompositeEventDispatcher.java:59)
	at com.sun.javafx.event.BasicEventDispatcher.dispatchEvent(BasicEventDispatcher.java:58)
	at com.sun.javafx.event.EventDispatchChainImpl.dispatchEvent(EventDispatchChainImpl.java:114)
	at com.sun.javafx.event.BasicEventDispatcher.dispatchEvent(BasicEventDispatcher.java:56)
	at com.sun.javafx.event.EventDispatchChainImpl.dispatchEvent(EventDispatchChainImpl.java:114)
	at com.sun.javafx.event.BasicEventDispatcher.dispatchEvent(BasicEventDispatcher.java:56)
	at com.sun.javafx.event.EventDispatchChainImpl.dispatchEvent(EventDispatchChainImpl.java:114)
	at com.sun.javafx.event.EventUtil.fireEventImpl(EventUtil.java:74)
	at com.sun.javafx.event.EventUtil.fireEvent(EventUtil.java:49)
	at javafx.event.Event.fireEvent(Event.java:198)
	at javafx.scene.Node.fireEvent(Node.java:8917)
	at javafx.scene.control.Button.fire(Button.java:203)
	at com.sun.javafx.scene.control.behavior.ButtonBehavior.mouseReleased(ButtonBehavior.java:207)
	at com.sun.javafx.scene.control.inputmap.InputMap.handle(InputMap.java:274)
	at com.sun.javafx.event.CompositeEventHandler$NormalEventHandlerRecord.handleBubblingEvent(CompositeEventHandler.java:247)
	at com.sun.javafx.event.CompositeEventHandler.dispatchBubblingEvent(CompositeEventHandler.java:80)
	at com.sun.javafx.event.EventHandlerManager.dispatchBubblingEvent(EventHandlerManager.java:232)
	at com.sun.javafx.event.EventHandlerManager.dispatchBubblingEvent(EventHandlerManager.java:189)
	at com.sun.javafx.event.CompositeEventDispatcher.dispatchBubblingEvent(CompositeEventDispatcher.java:59)
	at com.sun.javafx.event.BasicEventDispatcher.dispatchEvent(BasicEventDispatcher.java:58)
	at com.sun.javafx.event.EventDispatchChainImpl.dispatchEvent(EventDispatchChainImpl.java:114)
	at com.sun.javafx.event.BasicEventDispatcher.dispatchEvent(BasicEventDispatcher.java:56)
	at com.sun.javafx.event.EventDispatchChainImpl.dispatchEvent(EventDispatchChainImpl.java:114)
	at com.sun.javafx.event.BasicEventDispatcher.dispatchEvent(BasicEventDispatcher.java:56)
	at com.sun.javafx.event.EventDispatchChainImpl.dispatchEvent(EventDispatchChainImpl.java:114)
	at com.sun.javafx.event.EventUtil.fireEventImpl(EventUtil.java:74)
	at com.sun.javafx.event.EventUtil.fireEvent(EventUtil.java:54)
	at javafx.event.Event.fireEvent(Event.java:198)
	at javafx.scene.Scene$MouseHandler.process(Scene.java:4033)
	at javafx.scene.Scene.processMouseEvent(Scene.java:1933)
	at javafx.scene.Scene$ScenePeerListener.mouseEvent(Scene.java:2757)
	at com.sun.javafx.tk.quantum.GlassViewEventHandler$MouseEventNotification.run(GlassViewEventHandler.java:411)
	at com.sun.javafx.tk.quantum.GlassViewEventHandler$MouseEventNotification.run(GlassViewEventHandler.java:301)
	at java.base/java.security.AccessController.doPrivileged(AccessController.java:400)
	at com.sun.javafx.tk.quantum.GlassViewEventHandler.lambda$handleMouseEvent$2(GlassViewEventHandler.java:450)
	at com.sun.javafx.tk.quantum.QuantumToolkit.runWithoutRenderLock(QuantumToolkit.java:436)
	at com.sun.javafx.tk.quantum.GlassViewEventHandler.handleMouseEvent(GlassViewEventHandler.java:449)
	at com.sun.glass.ui.View.handleMouseEvent(View.java:551)
	at com.sun.glass.ui.View.notifyMouse(View.java:937)
	at com.sun.glass.ui.monocle.MonocleView.notifyMouse(MonocleView.java:116)
	at java.base/jdk.internal.reflect.DirectMethodHandleAccessor.invoke(DirectMethodHandleAccessor.java:103)
	... 21 common frames omitted
2026-04-09 21:13:17,255 [ERROR] from com.jpro.meta.tk.SceneInputListener in JavaFX Application Thread - Error while processing the input: MouseEventToken(MouseMoved,276.8000183105469,40.79999923706055,MouseButtonToken(2),false,false,false,false,false,false,false,false) app: stage title: Visual Product Discovery & Shopping Management System
java.lang.reflect.InvocationTargetException: null
	at java.base/jdk.internal.reflect.DirectMethodHandleAccessor.invoke(DirectMethodHandleAccessor.java:118)
	at java.base/java.lang.reflect.Method.invoke(Method.java:580)
	at simplefx.util.ReflectionUtil$UseReflection.applyDynamic(ReflectionUtil.scala:21)
	at com.jpro.meta.tk.SceneInputListener.processInputInScene(SceneInputListener.scala:304)
	at com.jpro.meta.tk.SceneInputListener.processInput(SceneInputListener.scala:206)
	at com.jpro.meta.tk.SceneInputListener.processInputs(SceneInputListener.scala:133)
	at com.jpro.meta.tk.SceneInputListener.processOrRequest(SceneInputListener.scala:41)
	at com.jpro.meta.tk.SceneInputListener.$anonfun$processOrRequest$2(SceneInputListener.scala:48)
	at scala.runtime.java8.JFunction0$mcV$sp.apply(JFunction0$mcV$sp.java:23)
	at simplefx.cores.standard.parts.CoreTimeEvent$$anon$3.run(CoreTimeEvent.scala:62)
	at com.sun.javafx.application.PlatformImpl.lambda$runLater$10(PlatformImpl.java:457)
	at java.base/java.security.AccessController.doPrivileged(AccessController.java:400)
	at com.sun.javafx.application.PlatformImpl.lambda$runLater$11(PlatformImpl.java:456)
	at com.sun.glass.ui.monocle.RunnableProcessor.runLoop(RunnableProcessor.java:92)
	at com.sun.glass.ui.monocle.RunnableProcessor.run(RunnableProcessor.java:51)
	at java.base/java.lang.Thread.run(Thread.java:1583)
Caused by: java.lang.reflect.InvocationTargetException: null
	at java.base/jdk.internal.reflect.DirectMethodHandleAccessor.invoke(DirectMethodHandleAccessor.java:118)
	at java.base/java.lang.reflect.Method.invoke(Method.java:580)
	at simplefx.util.ReflectionUtil$UseReflection.applyDynamic(ReflectionUtil.scala:21)
	at com.sun.glass.ui.monocle.input.fork.NativeMouseInput.notifyMouse(NativeMouseInput.scala:330)
	at com.sun.glass.ui.monocle.input.fork.NativeMouseInput.postMouseEvent(NativeMouseInput.scala:226)
	at com.sun.glass.ui.monocle.input.fork.NativeMouseInput.setState(NativeMouseInput.scala:186)
	at java.base/jdk.internal.reflect.DirectMethodHandleAccessor.invoke(DirectMethodHandleAccessor.java:103)
	... 15 common frames omitted
Caused by: java.lang.UnsupportedOperationException: null
	at com.sun.glass.ui.monocle.MonocleApplication.staticCommonDialogs_showFileChooser(MonocleApplication.java:273)
	at com.sun.glass.ui.CommonDialogs.showFileChooser(CommonDialogs.java:213)
	at com.sun.javafx.tk.quantum.QuantumToolkit.showFileChooser(QuantumToolkit.java:1737)
	at javafx.stage.FileChooser.showDialog(FileChooser.java:396)
	at javafx.stage.FileChooser.showOpenDialog(FileChooser.java:331)
	at com.visualshop.controller.ShopController.openVisualSearch(ShopController.java:817)
	at com.visualshop.controller.ShopController.lambda$buildNavbar$6(ShopController.java:172)
	at com.sun.javafx.event.CompositeEventHandler.dispatchBubblingEvent(CompositeEventHandler.java:86)
	at com.sun.javafx.event.EventHandlerManager.dispatchBubblingEvent(EventHandlerManager.java:232)
	at com.sun.javafx.event.EventHandlerManager.dispatchBubblingEvent(EventHandlerManager.java:189)
	at com.sun.javafx.event.CompositeEventDispatcher.dispatchBubblingEvent(CompositeEventDispatcher.java:59)
	at com.sun.javafx.event.BasicEventDispatcher.dispatchEvent(BasicEventDispatcher.java:58)
	at com.sun.javafx.event.EventDispatchChainImpl.dispatchEvent(EventDispatchChainImpl.java:114)
	at com.sun.javafx.event.BasicEventDispatcher.dispatchEvent(BasicEventDispatcher.java:56)
	at com.sun.javafx.event.EventDispatchChainImpl.dispatchEvent(EventDispatchChainImpl.java:114)
	at com.sun.javafx.event.BasicEventDispatcher.dispatchEvent(BasicEventDispatcher.java:56)
	at com.sun.javafx.event.EventDispatchChainImpl.dispatchEvent(EventDispatchChainImpl.java:114)
	at com.sun.javafx.event.EventUtil.fireEventImpl(EventUtil.java:74)
	at com.sun.javafx.event.EventUtil.fireEvent(EventUtil.java:49)
	at javafx.event.Event.fireEvent(Event.java:198)
	at javafx.scene.Node.fireEvent(Node.java:8917)
	at javafx.scene.control.Button.fire(Button.java:203)
	at com.sun.javafx.scene.control.behavior.ButtonBehavior.mouseReleased(ButtonBehavior.java:207)
	at com.sun.javafx.scene.control.inputmap.InputMap.handle(InputMap.java:274)
	at com.sun.javafx.event.CompositeEventHandler$NormalEventHandlerRecord.handleBubblingEvent(CompositeEventHandler.java:247)
	at com.sun.javafx.event.CompositeEventHandler.dispatchBubblingEvent(CompositeEventHandler.java:80)
	at com.sun.javafx.event.EventHandlerManager.dispatchBubblingEvent(EventHandlerManager.java:232)
	at com.sun.javafx.event.EventHandlerManager.dispatchBubblingEvent(EventHandlerManager.java:189)
	at com.sun.javafx.event.CompositeEventDispatcher.dispatchBubblingEvent(CompositeEventDispatcher.java:59)
	at com.sun.javafx.event.BasicEventDispatcher.dispatchEvent(BasicEventDispatcher.java:58)
	at com.sun.javafx.event.EventDispatchChainImpl.dispatchEvent(EventDispatchChainImpl.java:114)
	at com.sun.javafx.event.BasicEventDispatcher.dispatchEvent(BasicEventDispatcher.java:56)
	at com.sun.javafx.event.EventDispatchChainImpl.dispatchEvent(EventDispatchChainImpl.java:114)
	at com.sun.javafx.event.BasicEventDispatcher.dispatchEvent(BasicEventDispatcher.java:56)
	at com.sun.javafx.event.EventDispatchChainImpl.dispatchEvent(EventDispatchChainImpl.java:114)
	at com.sun.javafx.event.EventUtil.fireEventImpl(EventUtil.java:74)
	at com.sun.javafx.event.EventUtil.fireEvent(EventUtil.java:54)
	at javafx.event.Event.fireEvent(Event.java:198)
	at javafx.scene.Scene$MouseHandler.process(Scene.java:4033)
	at javafx.scene.Scene.processMouseEvent(Scene.java:1933)
	at javafx.scene.Scene$ScenePeerListener.mouseEvent(Scene.java:2757)
	at com.sun.javafx.tk.quantum.GlassViewEventHandler$MouseEventNotification.run(GlassViewEventHandler.java:411)
	at com.sun.javafx.tk.quantum.GlassViewEventHandler$MouseEventNotification.run(GlassViewEventHandler.java:301)
	at java.base/java.security.AccessController.doPrivileged(AccessController.java:400)
	at com.sun.javafx.tk.quantum.GlassViewEventHandler.lambda$handleMouseEvent$2(GlassViewEventHandler.java:450)
	at com.sun.javafx.tk.quantum.QuantumToolkit.runWithoutRenderLock(QuantumToolkit.java:436)
	at com.sun.javafx.tk.quantum.GlassViewEventHandler.handleMouseEvent(GlassViewEventHandler.java:449)
	at com.sun.glass.ui.View.handleMouseEvent(View.java:551)
	at com.sun.glass.ui.View.notifyMouse(View.java:937)
	at com.sun.glass.ui.monocle.MonocleView.notifyMouse(MonocleView.java:116)
	at java.base/jdk.internal.reflect.DirectMethodHandleAccessor.invoke(DirectMethodHandleAccessor.java:103)
	... 21 common frames omitted
2026-04-09 21:13:17,270 [ERROR] from com.jpro.meta.tk.SceneInputListener in JavaFX Application Thread - Error while processing the input: MouseEventToken(MouseMoved,281.6000061035156,43.20000076293945,MouseButtonToken(2),false,false,false,false,false,false,false,false) app: stage title: Visual Product Discovery & Shopping Management System
java.lang.reflect.InvocationTargetException: null
	at java.base/jdk.internal.reflect.DirectMethodHandleAccessor.invoke(DirectMethodHandleAccessor.java:118)
	at java.base/java.lang.reflect.Method.invoke(Method.java:580)
	at simplefx.util.ReflectionUtil$UseReflection.applyDynamic(ReflectionUtil.scala:21)
	at com.jpro.meta.tk.SceneInputListener.processInputInScene(SceneInputListener.scala:304)
	at com.jpro.meta.tk.SceneInputListener.processInput(SceneInputListener.scala:206)
	at com.jpro.meta.tk.SceneInputListener.processInputs(SceneInputListener.scala:133)
	at com.jpro.meta.tk.SceneInputListener.processOrRequest(SceneInputListener.scala:41)
	at com.jpro.meta.tk.SceneInputListener.$anonfun$processOrRequest$2(SceneInputListener.scala:48)
	at scala.runtime.java8.JFunction0$mcV$sp.apply(JFunction0$mcV$sp.java:23)
	at simplefx.cores.standard.parts.CoreTimeEvent$$anon$3.run(CoreTimeEvent.scala:62)
	at com.sun.javafx.application.PlatformImpl.lambda$runLater$10(PlatformImpl.java:457)
	at java.base/java.security.AccessController.doPrivileged(AccessController.java:400)
	at com.sun.javafx.application.PlatformImpl.lambda$runLater$11(PlatformImpl.java:456)
	at com.sun.glass.ui.monocle.RunnableProcessor.runLoop(RunnableProcessor.java:92)
	at com.sun.glass.ui.monocle.RunnableProcessor.run(RunnableProcessor.java:51)
	at java.base/java.lang.Thread.run(Thread.java:1583)
Caused by: java.lang.reflect.InvocationTargetException: null
	at java.base/jdk.internal.reflect.DirectMethodHandleAccessor.invoke(DirectMethodHandleAccessor.java:118)
	at java.base/java.lang.reflect.Method.invoke(Method.java:580)
	at simplefx.util.ReflectionUtil$UseReflection.applyDynamic(ReflectionUtil.scala:21)
	at com.sun.glass.ui.monocle.input.fork.NativeMouseInput.notifyMouse(NativeMouseInput.scala:330)
	at com.sun.glass.ui.monocle.input.fork.NativeMouseInput.postMouseEvent(NativeMouseInput.scala:226)
	at com.sun.glass.ui.monocle.input.fork.NativeMouseInput.setState(NativeMouseInput.scala:186)
	at java.base/jdk.internal.reflect.DirectMethodHandleAccessor.invoke(DirectMethodHandleAccessor.java:103)
	... 15 common frames omitted
Caused by: java.lang.UnsupportedOperationException: null
	at com.sun.glass.ui.monocle.MonocleApplication.staticCommonDialogs_showFileChooser(MonocleApplication.java:273)
	at com.sun.glass.ui.CommonDialogs.showFileChooser(CommonDialogs.java:213)
	at com.sun.javafx.tk.quantum.QuantumToolkit.showFileChooser(QuantumToolkit.java:1737)
	at javafx.stage.FileChooser.showDialog(FileChooser.java:396)
	at javafx.stage.FileChooser.showOpenDialog(FileChooser.java:331)
	at com.visualshop.controller.ShopController.openVisualSearch(ShopController.java:817)
	at com.visualshop.controller.ShopController.lambda$buildNavbar$6(ShopController.java:172)
	at com.sun.javafx.event.CompositeEventHandler.dispatchBubblingEvent(CompositeEventHandler.java:86)
	at com.sun.javafx.event.EventHandlerManager.dispatchBubblingEvent(EventHandlerManager.java:232)
	at com.sun.javafx.event.EventHandlerManager.dispatchBubblingEvent(EventHandlerManager.java:189)
	at com.sun.javafx.event.CompositeEventDispatcher.dispatchBubblingEvent(CompositeEventDispatcher.java:59)
	at com.sun.javafx.event.BasicEventDispatcher.dispatchEvent(BasicEventDispatcher.java:58)
	at com.sun.javafx.event.EventDispatchChainImpl.dispatchEvent(EventDispatchChainImpl.java:114)
	at com.sun.javafx.event.BasicEventDispatcher.dispatchEvent(BasicEventDispatcher.java:56)
	at com.sun.javafx.event.EventDispatchChainImpl.dispatchEvent(EventDispatchChainImpl.java:114)
	at com.sun.javafx.event.BasicEventDispatcher.dispatchEvent(BasicEventDispatcher.java:56)
	at com.sun.javafx.event.EventDispatchChainImpl.dispatchEvent(EventDispatchChainImpl.java:114)
	at com.sun.javafx.event.EventUtil.fireEventImpl(EventUtil.java:74)
	at com.sun.javafx.event.EventUtil.fireEvent(EventUtil.java:49)
	at javafx.event.Event.fireEvent(Event.java:198)
	at javafx.scene.Node.fireEvent(Node.java:8917)
	at javafx.scene.control.Button.fire(Button.java:203)
	at com.sun.javafx.scene.control.behavior.ButtonBehavior.mouseReleased(ButtonBehavior.java:207)
	at com.sun.javafx.scene.control.inputmap.InputMap.handle(InputMap.java:274)
	at com.sun.javafx.event.CompositeEventHandler$NormalEventHandlerRecord.handleBubblingEvent(CompositeEventHandler.java:247)
	at com.sun.javafx.event.CompositeEventHandler.dispatchBubblingEvent(CompositeEventHandler.java:80)
	at com.sun.javafx.event.EventHandlerManager.dispatchBubblingEvent(EventHandlerManager.java:232)
	at com.sun.javafx.event.EventHandlerManager.dispatchBubblingEvent(EventHandlerManager.java:189)
	at com.sun.javafx.event.CompositeEventDispatcher.dispatchBubblingEvent(CompositeEventDispatcher.java:59)
	at com.sun.javafx.event.BasicEventDispatcher.dispatchEvent(BasicEventDispatcher.java:58)
	at com.sun.javafx.event.EventDispatchChainImpl.dispatchEvent(EventDispatchChainImpl.java:114)
	at com.sun.javafx.event.BasicEventDispatcher.dispatchEvent(BasicEventDispatcher.java:56)
	at com.sun.javafx.event.EventDispatchChainImpl.dispatchEvent(EventDispatchChainImpl.java:114)
	at com.sun.javafx.event.BasicEventDispatcher.dispatchEvent(BasicEventDispatcher.java:56)
	at com.sun.javafx.event.EventDispatchChainImpl.dispatchEvent(EventDispatchChainImpl.java:114)
	at com.sun.javafx.event.EventUtil.fireEventImpl(EventUtil.java:74)
	at com.sun.javafx.event.EventUtil.fireEvent(EventUtil.java:54)
	at javafx.event.Event.fireEvent(Event.java:198)
	at javafx.scene.Scene$MouseHandler.process(Scene.java:4033)
	at javafx.scene.Scene.processMouseEvent(Scene.java:1933)
	at javafx.scene.Scene$ScenePeerListener.mouseEvent(Scene.java:2757)
	at com.sun.javafx.tk.quantum.GlassViewEventHandler$MouseEventNotification.run(GlassViewEventHandler.java:411)
	at com.sun.javafx.tk.quantum.GlassViewEventHandler$MouseEventNotification.run(GlassViewEventHandler.java:301)
	at java.base/java.security.AccessController.doPrivileged(AccessController.java:400)
	at com.sun.javafx.tk.quantum.GlassViewEventHandler.lambda$handleMouseEvent$2(GlassViewEventHandler.java:450)
	at com.sun.javafx.tk.quantum.QuantumToolkit.runWithoutRenderLock(QuantumToolkit.java:436)
	at com.sun.javafx.tk.quantum.GlassViewEventHandler.handleMouseEvent(GlassViewEventHandler.java:449)
	at com.sun.glass.ui.View.handleMouseEvent(View.java:551)
	at com.sun.glass.ui.View.notifyMouse(View.java:937)
	at com.sun.glass.ui.monocle.MonocleView.notifyMouse(MonocleView.java:116)
	at java.base/jdk.internal.reflect.DirectMethodHandleAccessor.invoke(DirectMethodHandleAccessor.java:103)
	... 21 common frames omitted
2026-04-09 21:13:17,286 [ERROR] from com.jpro.meta.tk.SceneInputListener in JavaFX Application Thread - Error while processing the input: MouseEventToken(MouseMoved,284.8000183105469,44.79999923706055,MouseButtonToken(2),false,false,false,false,false,false,false,false) app: stage title: Visual Product Discovery & Shopping Management System
java.lang.reflect.InvocationTargetException: null
	at java.base/jdk.internal.reflect.DirectMethodHandleAccessor.invoke(DirectMethodHandleAccessor.java:118)
	at java.base/java.lang.reflect.Method.invoke(Method.java:580)
	at simplefx.util.ReflectionUtil$UseReflection.applyDynamic(ReflectionUtil.scala:21)
	at com.jpro.meta.tk.SceneInputListener.processInputInScene(SceneInputListener.scala:304)
	at com.jpro.meta.tk.SceneInputListener.processInput(SceneInputListener.scala:206)
	at com.jpro.meta.tk.SceneInputListener.processInputs(SceneInputListener.scala:133)
	at com.jpro.meta.tk.SceneInputListener.processOrRequest(SceneInputListener.scala:41)
	at com.jpro.meta.tk.SceneInputListener.$anonfun$processOrRequest$2(SceneInputListener.scala:48)
	at scala.runtime.java8.JFunction0$mcV$sp.apply(JFunction0$mcV$sp.java:23)
	at simplefx.cores.standard.parts.CoreTimeEvent$$anon$3.run(CoreTimeEvent.scala:62)
	at com.sun.javafx.application.PlatformImpl.lambda$runLater$10(PlatformImpl.java:457)
	at java.base/java.security.AccessController.doPrivileged(AccessController.java:400)
	at com.sun.javafx.application.PlatformImpl.lambda$runLater$11(PlatformImpl.java:456)
	at com.sun.glass.ui.monocle.RunnableProcessor.runLoop(RunnableProcessor.java:92)
	at com.sun.glass.ui.monocle.RunnableProcessor.run(RunnableProcessor.java:51)
	at java.base/java.lang.Thread.run(Thread.java:1583)
Caused by: java.lang.reflect.InvocationTargetException: null
	at java.base/jdk.internal.reflect.DirectMethodHandleAccessor.invoke(DirectMethodHandleAccessor.java:118)
	at java.base/java.lang.reflect.Method.invoke(Method.java:580)
	at simplefx.util.ReflectionUtil$UseReflection.applyDynamic(ReflectionUtil.scala:21)
	at com.sun.glass.ui.monocle.input.fork.NativeMouseInput.notifyMouse(NativeMouseInput.scala:330)
	at com.sun.glass.ui.monocle.input.fork.NativeMouseInput.postMouseEvent(NativeMouseInput.scala:226)
	at com.sun.glass.ui.monocle.input.fork.NativeMouseInput.setState(NativeMouseInput.scala:186)
	at java.base/jdk.internal.reflect.DirectMethodHandleAccessor.invoke(DirectMethodHandleAccessor.java:103)
	... 15 common frames omitted
Caused by: java.lang.UnsupportedOperationException: null
	at com.sun.glass.ui.monocle.MonocleApplication.staticCommonDialogs_showFileChooser(MonocleApplication.java:273)
	at com.sun.glass.ui.CommonDialogs.showFileChooser(CommonDialogs.java:213)
	at com.sun.javafx.tk.quantum.QuantumToolkit.showFileChooser(QuantumToolkit.java:1737)
	at javafx.stage.FileChooser.showDialog(FileChooser.java:396)
	at javafx.stage.FileChooser.showOpenDialog(FileChooser.java:331)
	at com.visualshop.controller.ShopController.openVisualSearch(ShopController.java:817)
	at com.visualshop.controller.ShopController.lambda$buildNavbar$6(ShopController.java:172)
	at com.sun.javafx.event.CompositeEventHandler.dispatchBubblingEvent(CompositeEventHandler.java:86)
	at com.sun.javafx.event.EventHandlerManager.dispatchBubblingEvent(EventHandlerManager.java:232)
	at com.sun.javafx.event.EventHandlerManager.dispatchBubblingEvent(EventHandlerManager.java:189)
	at com.sun.javafx.event.CompositeEventDispatcher.dispatchBubblingEvent(CompositeEventDispatcher.java:59)
	at com.sun.javafx.event.BasicEventDispatcher.dispatchEvent(BasicEventDispatcher.java:58)
	at com.sun.javafx.event.EventDispatchChainImpl.dispatchEvent(EventDispatchChainImpl.java:114)
	at com.sun.javafx.event.BasicEventDispatcher.dispatchEvent(BasicEventDispatcher.java:56)
	at com.sun.javafx.event.EventDispatchChainImpl.dispatchEvent(EventDispatchChainImpl.java:114)
	at com.sun.javafx.event.BasicEventDispatcher.dispatchEvent(BasicEventDispatcher.java:56)
	at com.sun.javafx.event.EventDispatchChainImpl.dispatchEvent(EventDispatchChainImpl.java:114)
	at com.sun.javafx.event.EventUtil.fireEventImpl(EventUtil.java:74)
	at com.sun.javafx.event.EventUtil.fireEvent(EventUtil.java:49)
	at javafx.event.Event.fireEvent(Event.java:198)
	at javafx.scene.Node.fireEvent(Node.java:8917)
	at javafx.scene.control.Button.fire(Button.java:203)
	at com.sun.javafx.scene.control.behavior.ButtonBehavior.mouseReleased(ButtonBehavior.java:207)
	at com.sun.javafx.scene.control.inputmap.InputMap.handle(InputMap.java:274)
	at com.sun.javafx.event.CompositeEventHandler$NormalEventHandlerRecord.handleBubblingEvent(CompositeEventHandler.java:247)
	at com.sun.javafx.event.CompositeEventHandler.dispatchBubblingEvent(CompositeEventHandler.java:80)
	at com.sun.javafx.event.EventHandlerManager.dispatchBubblingEvent(EventHandlerManager.java:232)
	at com.sun.javafx.event.EventHandlerManager.dispatchBubblingEvent(EventHandlerManager.java:189)
	at com.sun.javafx.event.CompositeEventDispatcher.dispatchBubblingEvent(CompositeEventDispatcher.java:59)
	at com.sun.javafx.event.BasicEventDispatcher.dispatchEvent(BasicEventDispatcher.java:58)
	at com.sun.javafx.event.EventDispatchChainImpl.dispatchEvent(EventDispatchChainImpl.java:114)
	at com.sun.javafx.event.BasicEventDispatcher.dispatchEvent(BasicEventDispatcher.java:56)
	at com.sun.javafx.event.EventDispatchChainImpl.dispatchEvent(EventDispatchChainImpl.java:114)
	at com.sun.javafx.event.BasicEventDispatcher.dispatchEvent(BasicEventDispatcher.java:56)
	at com.sun.javafx.event.EventDispatchChainImpl.dispatchEvent(EventDispatchChainImpl.java:114)
	at com.sun.javafx.event.EventUtil.fireEventImpl(EventUtil.java:74)
	at com.sun.javafx.event.EventUtil.fireEvent(EventUtil.java:54)
	at javafx.event.Event.fireEvent(Event.java:198)
	at javafx.scene.Scene$MouseHandler.process(Scene.java:4033)
	at javafx.scene.Scene.processMouseEvent(Scene.java:1933)
	at javafx.scene.Scene$ScenePeerListener.mouseEvent(Scene.java:2757)
	at com.sun.javafx.tk.quantum.GlassViewEventHandler$MouseEventNotification.run(GlassViewEventHandler.java:411)
	at com.sun.javafx.tk.quantum.GlassViewEventHandler$MouseEventNotification.run(GlassViewEventHandler.java:301)
	at java.base/java.security.AccessController.doPrivileged(AccessController.java:400)
	at com.sun.javafx.tk.quantum.GlassViewEventHandler.lambda$handleMouseEvent$2(GlassViewEventHandler.java:450)
	at com.sun.javafx.tk.quantum.QuantumToolkit.runWithoutRenderLock(QuantumToolkit.java:436)
	at com.sun.javafx.tk.quantum.GlassViewEventHandler.handleMouseEvent(GlassViewEventHandler.java:449)
	at com.sun.glass.ui.View.handleMouseEvent(View.java:551)
	at com.sun.glass.ui.View.notifyMouse(View.java:937)
	at com.sun.glass.ui.monocle.MonocleView.notifyMouse(MonocleView.java:116)
	at java.base/jdk.internal.reflect.DirectMethodHandleAccessor.invoke(DirectMethodHandleAccessor.java:103)
	... 21 common frames omitted
2026-04-09 21:13:18,911 [ERROR] from com.jpro.meta.tk.SceneInputListener in JavaFX Application Thread - Error while processing the input: MouseEventToken(MouseReleased,279.20001220703125,35.20000076293945,MouseButtonToken(3),false,false,false,false,false,false,false,false) app: stage title: Visual Product Discovery & Shopping Management System
java.lang.reflect.InvocationTargetException: null
	at java.base/jdk.internal.reflect.DirectMethodHandleAccessor.invoke(DirectMethodHandleAccessor.java:118)
	at java.base/java.lang.reflect.Method.invoke(Method.java:580)
	at simplefx.util.ReflectionUtil$UseReflection.applyDynamic(ReflectionUtil.scala:21)
	at com.jpro.meta.tk.SceneInputListener.processInputInScene(SceneInputListener.scala:304)
	at com.jpro.meta.tk.SceneInputListener.processInput(SceneInputListener.scala:203)
	at com.jpro.meta.tk.SceneInputListener.processInputs(SceneInputListener.scala:133)
	at com.jpro.meta.tk.SceneInputListener.processOrRequest(SceneInputListener.scala:41)
	at com.jpro.meta.tk.SceneInputListener.$anonfun$new$4(SceneInputListener.scala:59)
	at scala.runtime.java8.JFunction0$mcV$sp.apply(JFunction0$mcV$sp.java:23)
	at simplefx.cores.standard.parts.CoreTimeEvent$$anon$3.run(CoreTimeEvent.scala:62)
	at com.sun.javafx.application.PlatformImpl.lambda$runLater$10(PlatformImpl.java:457)
	at java.base/java.security.AccessController.doPrivileged(AccessController.java:400)
	at com.sun.javafx.application.PlatformImpl.lambda$runLater$11(PlatformImpl.java:456)
	at com.sun.glass.ui.monocle.RunnableProcessor.runLoop(RunnableProcessor.java:92)
	at com.sun.glass.ui.monocle.RunnableProcessor.run(RunnableProcessor.java:51)
	at java.base/java.lang.Thread.run(Thread.java:1583)
Caused by: java.lang.reflect.InvocationTargetException: null
	at java.base/jdk.internal.reflect.DirectMethodHandleAccessor.invoke(DirectMethodHandleAccessor.java:118)
	at java.base/java.lang.reflect.Method.invoke(Method.java:580)
	at simplefx.util.ReflectionUtil$UseReflection.applyDynamic(ReflectionUtil.scala:21)
	at com.sun.glass.ui.monocle.input.fork.NativeMouseInput.notifyMouse(NativeMouseInput.scala:330)
	at com.sun.glass.ui.monocle.input.fork.NativeMouseInput.postMouseEvent(NativeMouseInput.scala:226)
	at com.sun.glass.ui.monocle.input.fork.NativeMouseInput.setState(NativeMouseInput.scala:186)
	at java.base/jdk.internal.reflect.DirectMethodHandleAccessor.invoke(DirectMethodHandleAccessor.java:103)
	... 15 common frames omitted
Caused by: java.lang.UnsupportedOperationException: null
	at com.sun.glass.ui.monocle.MonocleApplication.staticCommonDialogs_showFileChooser(MonocleApplication.java:273)
	at com.sun.glass.ui.CommonDialogs.showFileChooser(CommonDialogs.java:213)
	at com.sun.javafx.tk.quantum.QuantumToolkit.showFileChooser(QuantumToolkit.java:1737)
	at javafx.stage.FileChooser.showDialog(FileChooser.java:396)
	at javafx.stage.FileChooser.showOpenDialog(FileChooser.java:331)
	at com.visualshop.controller.ShopController.openVisualSearch(ShopController.java:817)
	at com.visualshop.controller.ShopController.lambda$buildNavbar$6(ShopController.java:172)
	at com.sun.javafx.event.CompositeEventHandler.dispatchBubblingEvent(CompositeEventHandler.java:86)
	at com.sun.javafx.event.EventHandlerManager.dispatchBubblingEvent(EventHandlerManager.java:232)
	at com.sun.javafx.event.EventHandlerManager.dispatchBubblingEvent(EventHandlerManager.java:189)
	at com.sun.javafx.event.CompositeEventDispatcher.dispatchBubblingEvent(CompositeEventDispatcher.java:59)
	at com.sun.javafx.event.BasicEventDispatcher.dispatchEvent(BasicEventDispatcher.java:58)
	at com.sun.javafx.event.EventDispatchChainImpl.dispatchEvent(EventDispatchChainImpl.java:114)
	at com.sun.javafx.event.BasicEventDispatcher.dispatchEvent(BasicEventDispatcher.java:56)
	at com.sun.javafx.event.EventDispatchChainImpl.dispatchEvent(EventDispatchChainImpl.java:114)
	at com.sun.javafx.event.BasicEventDispatcher.dispatchEvent(BasicEventDispatcher.java:56)
	at com.sun.javafx.event.EventDispatchChainImpl.dispatchEvent(EventDispatchChainImpl.java:114)
	at com.sun.javafx.event.EventUtil.fireEventImpl(EventUtil.java:74)
	at com.sun.javafx.event.EventUtil.fireEvent(EventUtil.java:49)
	at javafx.event.Event.fireEvent(Event.java:198)
	at javafx.scene.Node.fireEvent(Node.java:8917)
	at javafx.scene.control.Button.fire(Button.java:203)
	at com.sun.javafx.scene.control.behavior.ButtonBehavior.mouseReleased(ButtonBehavior.java:207)
	at com.sun.javafx.scene.control.inputmap.InputMap.handle(InputMap.java:274)
	at com.sun.javafx.event.CompositeEventHandler$NormalEventHandlerRecord.handleBubblingEvent(CompositeEventHandler.java:247)
	at com.sun.javafx.event.CompositeEventHandler.dispatchBubblingEvent(CompositeEventHandler.java:80)
	at com.sun.javafx.event.EventHandlerManager.dispatchBubblingEvent(EventHandlerManager.java:232)
	at com.sun.javafx.event.EventHandlerManager.dispatchBubblingEvent(EventHandlerManager.java:189)
	at com.sun.javafx.event.CompositeEventDispatcher.dispatchBubblingEvent(CompositeEventDispatcher.java:59)
	at com.sun.javafx.event.BasicEventDispatcher.dispatchEvent(BasicEventDispatcher.java:58)
	at com.sun.javafx.event.EventDispatchChainImpl.dispatchEvent(EventDispatchChainImpl.java:114)
	at com.sun.javafx.event.BasicEventDispatcher.dispatchEvent(BasicEventDispatcher.java:56)
	at com.sun.javafx.event.EventDispatchChainImpl.dispatchEvent(EventDispatchChainImpl.java:114)
	at com.sun.javafx.event.BasicEventDispatcher.dispatchEvent(BasicEventDispatcher.java:56)
	at com.sun.javafx.event.EventDispatchChainImpl.dispatchEvent(EventDispatchChainImpl.java:114)
	at com.sun.javafx.event.EventUtil.fireEventImpl(EventUtil.java:74)
	at com.sun.javafx.event.EventUtil.fireEvent(EventUtil.java:54)
	at javafx.event.Event.fireEvent(Event.java:198)
	at javafx.scene.Scene$MouseHandler.process(Scene.java:4033)
	at javafx.scene.Scene.processMouseEvent(Scene.java:1933)
	at javafx.scene.Scene$ScenePeerListener.mouseEvent(Scene.java:2757)
	at com.sun.javafx.tk.quantum.GlassViewEventHandler$MouseEventNotification.run(GlassViewEventHandler.java:411)
	at com.sun.javafx.tk.quantum.GlassViewEventHandler$MouseEventNotification.run(GlassViewEventHandler.java:301)
	at java.base/java.security.AccessController.doPrivileged(AccessController.java:400)
	at com.sun.javafx.tk.quantum.GlassViewEventHandler.lambda$handleMouseEvent$2(GlassViewEventHandler.java:450)
	at com.sun.javafx.tk.quantum.QuantumToolkit.runWithoutRenderLock(QuantumToolkit.java:436)
	at com.sun.javafx.tk.quantum.GlassViewEventHandler.handleMouseEvent(GlassViewEventHandler.java:449)
	at com.sun.glass.ui.View.handleMouseEvent(View.java:551)
	at com.sun.glass.ui.View.notifyMouse(View.java:937)
	at com.sun.glass.ui.monocle.MonocleView.notifyMouse(MonocleView.java:116)
	at java.base/jdk.internal.reflect.DirectMethodHandleAccessor.invoke(DirectMethodHandleAccessor.java:103)
	... 21 common frames omitted
2026-04-09 21:13:19,048 [ERROR] from com.jpro.meta.tk.SceneInputListener in JavaFX Application Thread - Error while processing the input: MouseEventToken(MouseReleased,279.20001220703125,35.20000076293945,MouseButtonToken(3),false,false,false,false,false,false,false,false) app: stage title: Visual Product Discovery & Shopping Management System
java.lang.reflect.InvocationTargetException: null
	at java.base/jdk.internal.reflect.DirectMethodHandleAccessor.invoke(DirectMethodHandleAccessor.java:118)
	at java.base/java.lang.reflect.Method.invoke(Method.java:580)
	at simplefx.util.ReflectionUtil$UseReflection.applyDynamic(ReflectionUtil.scala:21)
	at com.jpro.meta.tk.SceneInputListener.processInputInScene(SceneInputListener.scala:304)
	at com.jpro.meta.tk.SceneInputListener.processInput(SceneInputListener.scala:203)
	at com.jpro.meta.tk.SceneInputListener.processInputs(SceneInputListener.scala:133)
	at com.jpro.meta.tk.SceneInputListener.processOrRequest(SceneInputListener.scala:41)
	at com.jpro.meta.tk.SceneInputListener.$anonfun$new$4(SceneInputListener.scala:59)
	at scala.runtime.java8.JFunction0$mcV$sp.apply(JFunction0$mcV$sp.java:23)
	at simplefx.cores.standard.parts.CoreTimeEvent$$anon$3.run(CoreTimeEvent.scala:62)
	at com.sun.javafx.application.PlatformImpl.lambda$runLater$10(PlatformImpl.java:457)
	at java.base/java.security.AccessController.doPrivileged(AccessController.java:400)
	at com.sun.javafx.application.PlatformImpl.lambda$runLater$11(PlatformImpl.java:456)
	at com.sun.glass.ui.monocle.RunnableProcessor.runLoop(RunnableProcessor.java:92)
	at com.sun.glass.ui.monocle.RunnableProcessor.run(RunnableProcessor.java:51)
	at java.base/java.lang.Thread.run(Thread.java:1583)
Caused by: java.lang.reflect.InvocationTargetException: null
	at java.base/jdk.internal.reflect.DirectMethodHandleAccessor.invoke(DirectMethodHandleAccessor.java:118)
	at java.base/java.lang.reflect.Method.invoke(Method.java:580)
	at simplefx.util.ReflectionUtil$UseReflection.applyDynamic(ReflectionUtil.scala:21)
	at com.sun.glass.ui.monocle.input.fork.NativeMouseInput.notifyMouse(NativeMouseInput.scala:330)
	at com.sun.glass.ui.monocle.input.fork.NativeMouseInput.postMouseEvent(NativeMouseInput.scala:226)
	at com.sun.glass.ui.monocle.input.fork.NativeMouseInput.setState(NativeMouseInput.scala:186)
	at java.base/jdk.internal.reflect.DirectMethodHandleAccessor.invoke(DirectMethodHandleAccessor.java:103)
	... 15 common frames omitted
Caused by: java.lang.UnsupportedOperationException: null
	at com.sun.glass.ui.monocle.MonocleApplication.staticCommonDialogs_showFileChooser(MonocleApplication.java:273)
	at com.sun.glass.ui.CommonDialogs.showFileChooser(CommonDialogs.java:213)
	at com.sun.javafx.tk.quantum.QuantumToolkit.showFileChooser(QuantumToolkit.java:1737)
	at javafx.stage.FileChooser.showDialog(FileChooser.java:396)
	at javafx.stage.FileChooser.showOpenDialog(FileChooser.java:331)
	at com.visualshop.controller.ShopController.openVisualSearch(ShopController.java:817)
	at com.visualshop.controller.ShopController.lambda$buildNavbar$6(ShopController.java:172)
	at com.sun.javafx.event.CompositeEventHandler.dispatchBubblingEvent(CompositeEventHandler.java:86)
	at com.sun.javafx.event.EventHandlerManager.dispatchBubblingEvent(EventHandlerManager.java:232)
	at com.sun.javafx.event.EventHandlerManager.dispatchBubblingEvent(EventHandlerManager.java:189)
	at com.sun.javafx.event.CompositeEventDispatcher.dispatchBubblingEvent(CompositeEventDispatcher.java:59)
	at com.sun.javafx.event.BasicEventDispatcher.dispatchEvent(BasicEventDispatcher.java:58)
	at com.sun.javafx.event.EventDispatchChainImpl.dispatchEvent(EventDispatchChainImpl.java:114)
	at com.sun.javafx.event.BasicEventDispatcher.dispatchEvent(BasicEventDispatcher.java:56)
	at com.sun.javafx.event.EventDispatchChainImpl.dispatchEvent(EventDispatchChainImpl.java:114)
	at com.sun.javafx.event.BasicEventDispatcher.dispatchEvent(BasicEventDispatcher.java:56)
	at com.sun.javafx.event.EventDispatchChainImpl.dispatchEvent(EventDispatchChainImpl.java:114)
	at com.sun.javafx.event.EventUtil.fireEventImpl(EventUtil.java:74)
	at com.sun.javafx.event.EventUtil.fireEvent(EventUtil.java:49)
	at javafx.event.Event.fireEvent(Event.java:198)
	at javafx.scene.Node.fireEvent(Node.java:8917)
	at javafx.scene.control.Button.fire(Button.java:203)
	at com.sun.javafx.scene.control.behavior.ButtonBehavior.mouseReleased(ButtonBehavior.java:207)
	at com.sun.javafx.scene.control.inputmap.InputMap.handle(InputMap.java:274)
	at com.sun.javafx.event.CompositeEventHandler$NormalEventHandlerRecord.handleBubblingEvent(CompositeEventHandler.java:247)
	at com.sun.javafx.event.CompositeEventHandler.dispatchBubblingEvent(CompositeEventHandler.java:80)
	at com.sun.javafx.event.EventHandlerManager.dispatchBubblingEvent(EventHandlerManager.java:232)
	at com.sun.javafx.event.EventHandlerManager.dispatchBubblingEvent(EventHandlerManager.java:189)
	at com.sun.javafx.event.CompositeEventDispatcher.dispatchBubblingEvent(CompositeEventDispatcher.java:59)
	at com.sun.javafx.event.BasicEventDispatcher.dispatchEvent(BasicEventDispatcher.java:58)
	at com.sun.javafx.event.EventDispatchChainImpl.dispatchEvent(EventDispatchChainImpl.java:114)
	at com.sun.javafx.event.BasicEventDispatcher.dispatchEvent(BasicEventDispatcher.java:56)
	at com.sun.javafx.event.EventDispatchChainImpl.dispatchEvent(EventDispatchChainImpl.java:114)
	at com.sun.javafx.event.BasicEventDispatcher.dispatchEvent(BasicEventDispatcher.java:56)
	at com.sun.javafx.event.EventDispatchChainImpl.dispatchEvent(EventDispatchChainImpl.java:114)
	at com.sun.javafx.event.EventUtil.fireEventImpl(EventUtil.java:74)
	at com.sun.javafx.event.EventUtil.fireEvent(EventUtil.java:54)
	at javafx.event.Event.fireEvent(Event.java:198)
	at javafx.scene.Scene$MouseHandler.process(Scene.java:4033)
	at javafx.scene.Scene.processMouseEvent(Scene.java:1933)
	at javafx.scene.Scene$ScenePeerListener.mouseEvent(Scene.java:2757)
	at com.sun.javafx.tk.quantum.GlassViewEventHandler$MouseEventNotification.run(GlassViewEventHandler.java:411)
	at com.sun.javafx.tk.quantum.GlassViewEventHandler$MouseEventNotification.run(GlassViewEventHandler.java:301)
	at java.base/java.security.AccessController.doPrivileged(AccessController.java:400)
	at com.sun.javafx.tk.quantum.GlassViewEventHandler.lambda$handleMouseEvent$2(GlassViewEventHandler.java:450)
	at com.sun.javafx.tk.quantum.QuantumToolkit.runWithoutRenderLock(QuantumToolkit.java:436)
	at com.sun.javafx.tk.quantum.GlassViewEventHandler.handleMouseEvent(GlassViewEventHandler.java:449)
	at com.sun.glass.ui.View.handleMouseEvent(View.java:551)
	at com.sun.glass.ui.View.notifyMouse(View.java:937)
	at com.sun.glass.ui.monocle.MonocleView.notifyMouse(MonocleView.java:116)
	at java.base/jdk.internal.reflect.DirectMethodHandleAccessor.invoke(DirectMethodHandleAccessor.java:103)
	... 21 common frames omitted
2026-04-09 21:13:19,172 [ERROR] from com.jpro.meta.tk.SceneInputListener in JavaFX Application Thread - Error while processing the input: MouseEventToken(MouseReleased,279.20001220703125,35.20000076293945,MouseButtonToken(3),false,false,false,false,false,false,false,false) app: stage title: Visual Product Discovery & Shopping Management System
java.lang.reflect.InvocationTargetException: null
	at java.base/jdk.internal.reflect.DirectMethodHandleAccessor.invoke(DirectMethodHandleAccessor.java:118)
	at java.base/java.lang.reflect.Method.invoke(Method.java:580)
	at simplefx.util.ReflectionUtil$UseReflection.applyDynamic(ReflectionUtil.scala:21)
	at com.jpro.meta.tk.SceneInputListener.processInputInScene(SceneInputListener.scala:304)
	at com.jpro.meta.tk.SceneInputListener.processInput(SceneInputListener.scala:203)
	at com.jpro.meta.tk.SceneInputListener.processInputs(SceneInputListener.scala:133)
	at com.jpro.meta.tk.SceneInputListener.processOrRequest(SceneInputListener.scala:41)
	at com.jpro.meta.tk.SceneInputListener.$anonfun$new$4(SceneInputListener.scala:59)
	at scala.runtime.java8.JFunction0$mcV$sp.apply(JFunction0$mcV$sp.java:23)
	at simplefx.cores.standard.parts.CoreTimeEvent$$anon$3.run(CoreTimeEvent.scala:62)
	at com.sun.javafx.application.PlatformImpl.lambda$runLater$10(PlatformImpl.java:457)
	at java.base/java.security.AccessController.doPrivileged(AccessController.java:400)
	at com.sun.javafx.application.PlatformImpl.lambda$runLater$11(PlatformImpl.java:456)
	at com.sun.glass.ui.monocle.RunnableProcessor.runLoop(RunnableProcessor.java:92)
	at com.sun.glass.ui.monocle.RunnableProcessor.run(RunnableProcessor.java:51)
	at java.base/java.lang.Thread.run(Thread.java:1583)
Caused by: java.lang.reflect.InvocationTargetException: null
	at java.base/jdk.internal.reflect.DirectMethodHandleAccessor.invoke(DirectMethodHandleAccessor.java:118)
	at java.base/java.lang.reflect.Method.invoke(Method.java:580)
	at simplefx.util.ReflectionUtil$UseReflection.applyDynamic(ReflectionUtil.scala:21)
	at com.sun.glass.ui.monocle.input.fork.NativeMouseInput.notifyMouse(NativeMouseInput.scala:330)
	at com.sun.glass.ui.monocle.input.fork.NativeMouseInput.postMouseEvent(NativeMouseInput.scala:226)
	at com.sun.glass.ui.monocle.input.fork.NativeMouseInput.setState(NativeMouseInput.scala:186)
	at java.base/jdk.internal.reflect.DirectMethodHandleAccessor.invoke(DirectMethodHandleAccessor.java:103)
	... 15 common frames omitted
Caused by: java.lang.UnsupportedOperationException: null
	at com.sun.glass.ui.monocle.MonocleApplication.staticCommonDialogs_showFileChooser(MonocleApplication.java:273)
	at com.sun.glass.ui.CommonDialogs.showFileChooser(CommonDialogs.java:213)
	at com.sun.javafx.tk.quantum.QuantumToolkit.showFileChooser(QuantumToolkit.java:1737)
	at javafx.stage.FileChooser.showDialog(FileChooser.java:396)
	at javafx.stage.FileChooser.showOpenDialog(FileChooser.java:331)
	at com.visualshop.controller.ShopController.openVisualSearch(ShopController.java:817)
	at com.visualshop.controller.ShopController.lambda$buildNavbar$6(ShopController.java:172)
	at com.sun.javafx.event.CompositeEventHandler.dispatchBubblingEvent(CompositeEventHandler.java:86)
	at com.sun.javafx.event.EventHandlerManager.dispatchBubblingEvent(EventHandlerManager.java:232)
	at com.sun.javafx.event.EventHandlerManager.dispatchBubblingEvent(EventHandlerManager.java:189)
	at com.sun.javafx.event.CompositeEventDispatcher.dispatchBubblingEvent(CompositeEventDispatcher.java:59)
	at com.sun.javafx.event.BasicEventDispatcher.dispatchEvent(BasicEventDispatcher.java:58)
	at com.sun.javafx.event.EventDispatchChainImpl.dispatchEvent(EventDispatchChainImpl.java:114)
	at com.sun.javafx.event.BasicEventDispatcher.dispatchEvent(BasicEventDispatcher.java:56)
	at com.sun.javafx.event.EventDispatchChainImpl.dispatchEvent(EventDispatchChainImpl.java:114)
	at com.sun.javafx.event.BasicEventDispatcher.dispatchEvent(BasicEventDispatcher.java:56)
	at com.sun.javafx.event.EventDispatchChainImpl.dispatchEvent(EventDispatchChainImpl.java:114)
	at com.sun.javafx.event.EventUtil.fireEventImpl(EventUtil.java:74)
	at com.sun.javafx.event.EventUtil.fireEvent(EventUtil.java:49)
	at javafx.event.Event.fireEvent(Event.java:198)
	at javafx.scene.Node.fireEvent(Node.java:8917)
	at javafx.scene.control.Button.fire(Button.java:203)
	at com.sun.javafx.scene.control.behavior.ButtonBehavior.mouseReleased(ButtonBehavior.java:207)
	at com.sun.javafx.scene.control.inputmap.InputMap.handle(InputMap.java:274)
	at com.sun.javafx.event.CompositeEventHandler$NormalEventHandlerRecord.handleBubblingEvent(CompositeEventHandler.java:247)
	at com.sun.javafx.event.CompositeEventHandler.dispatchBubblingEvent(CompositeEventHandler.java:80)
	at com.sun.javafx.event.EventHandlerManager.dispatchBubblingEvent(EventHandlerManager.java:232)
	at com.sun.javafx.event.EventHandlerManager.dispatchBubblingEvent(EventHandlerManager.java:189)
	at com.sun.javafx.event.CompositeEventDispatcher.dispatchBubblingEvent(CompositeEventDispatcher.java:59)
	at com.sun.javafx.event.BasicEventDispatcher.dispatchEvent(BasicEventDispatcher.java:58)
	at com.sun.javafx.event.EventDispatchChainImpl.dispatchEvent(EventDispatchChainImpl.java:114)
	at com.sun.javafx.event.BasicEventDispatcher.dispatchEvent(BasicEventDispatcher.java:56)
	at com.sun.javafx.event.EventDispatchChainImpl.dispatchEvent(EventDispatchChainImpl.java:114)
	at com.sun.javafx.event.BasicEventDispatcher.dispatchEvent(BasicEventDispatcher.java:56)
	at com.sun.javafx.event.EventDispatchChainImpl.dispatchEvent(EventDispatchChainImpl.java:114)
	at com.sun.javafx.event.EventUtil.fireEventImpl(EventUtil.java:74)
	at com.sun.javafx.event.EventUtil.fireEvent(EventUtil.java:54)
	at javafx.event.Event.fireEvent(Event.java:198)
	at javafx.scene.Scene$MouseHandler.process(Scene.java:4033)
	at javafx.scene.Scene.processMouseEvent(Scene.java:1933)
	at javafx.scene.Scene$ScenePeerListener.mouseEvent(Scene.java:2757)
	at com.sun.javafx.tk.quantum.GlassViewEventHandler$MouseEventNotification.run(GlassViewEventHandler.java:411)
	at com.sun.javafx.tk.quantum.GlassViewEventHandler$MouseEventNotification.run(GlassViewEventHandler.java:301)
	at java.base/java.security.AccessController.doPrivileged(AccessController.java:400)
	at com.sun.javafx.tk.quantum.GlassViewEventHandler.lambda$handleMouseEvent$2(GlassViewEventHandler.java:450)
	at com.sun.javafx.tk.quantum.QuantumToolkit.runWithoutRenderLock(QuantumToolkit.java:436)
	at com.sun.javafx.tk.quantum.GlassViewEventHandler.handleMouseEvent(GlassViewEventHandler.java:449)
	at com.sun.glass.ui.View.handleMouseEvent(View.java:551)
	at com.sun.glass.ui.View.notifyMouse(View.java:937)
	at com.sun.glass.ui.monocle.MonocleView.notifyMouse(MonocleView.java:116)
	at java.base/jdk.internal.reflect.DirectMethodHandleAccessor.invoke(DirectMethodHandleAccessor.java:103)
	... 21 common frames omitted
2026-04-09 21:13:19,295 [ERROR] from com.jpro.meta.tk.SceneInputListener in JavaFX Application Thread - Error while processing the input: MouseEventToken(MouseReleased,279.20001220703125,35.20000076293945,MouseButtonToken(3),false,false,false,false,false,false,false,false) app: stage title: Visual Product Discovery & Shopping Management System
java.lang.reflect.InvocationTargetException: null
	at java.base/jdk.internal.reflect.DirectMethodHandleAccessor.invoke(DirectMethodHandleAccessor.java:118)
	at java.base/java.lang.reflect.Method.invoke(Method.java:580)
	at simplefx.util.ReflectionUtil$UseReflection.applyDynamic(ReflectionUtil.scala:21)
	at com.jpro.meta.tk.SceneInputListener.processInputInScene(SceneInputListener.scala:304)
	at com.jpro.meta.tk.SceneInputListener.processInput(SceneInputListener.scala:203)
	at com.jpro.meta.tk.SceneInputListener.processInputs(SceneInputListener.scala:133)
	at com.jpro.meta.tk.SceneInputListener.processOrRequest(SceneInputListener.scala:41)
	at com.jpro.meta.tk.SceneInputListener.$anonfun$new$4(SceneInputListener.scala:59)
	at scala.runtime.java8.JFunction0$mcV$sp.apply(JFunction0$mcV$sp.java:23)
	at simplefx.cores.standard.parts.CoreTimeEvent$$anon$3.run(CoreTimeEvent.scala:62)
	at com.sun.javafx.application.PlatformImpl.lambda$runLater$10(PlatformImpl.java:457)
	at java.base/java.security.AccessController.doPrivileged(AccessController.java:400)
	at com.sun.javafx.application.PlatformImpl.lambda$runLater$11(PlatformImpl.java:456)
	at com.sun.glass.ui.monocle.RunnableProcessor.runLoop(RunnableProcessor.java:92)
	at com.sun.glass.ui.monocle.RunnableProcessor.run(RunnableProcessor.java:51)
	at java.base/java.lang.Thread.run(Thread.java:1583)
Caused by: java.lang.reflect.InvocationTargetException: null
	at java.base/jdk.internal.reflect.DirectMethodHandleAccessor.invoke(DirectMethodHandleAccessor.java:118)
	at java.base/java.lang.reflect.Method.invoke(Method.java:580)
	at simplefx.util.ReflectionUtil$UseReflection.applyDynamic(ReflectionUtil.scala:21)
	at com.sun.glass.ui.monocle.input.fork.NativeMouseInput.notifyMouse(NativeMouseInput.scala:330)
	at com.sun.glass.ui.monocle.input.fork.NativeMouseInput.postMouseEvent(NativeMouseInput.scala:226)
	at com.sun.glass.ui.monocle.input.fork.NativeMouseInput.setState(NativeMouseInput.scala:186)
	at java.base/jdk.internal.reflect.DirectMethodHandleAccessor.invoke(DirectMethodHandleAccessor.java:103)
	... 15 common frames omitted
Caused by: java.lang.UnsupportedOperationException: null
	at com.sun.glass.ui.monocle.MonocleApplication.staticCommonDialogs_showFileChooser(MonocleApplication.java:273)
	at com.sun.glass.ui.CommonDialogs.showFileChooser(CommonDialogs.java:213)
	at com.sun.javafx.tk.quantum.QuantumToolkit.showFileChooser(QuantumToolkit.java:1737)
	at javafx.stage.FileChooser.showDialog(FileChooser.java:396)
	at javafx.stage.FileChooser.showOpenDialog(FileChooser.java:331)
	at com.visualshop.controller.ShopController.openVisualSearch(ShopController.java:817)
	at com.visualshop.controller.ShopController.lambda$buildNavbar$6(ShopController.java:172)
	at com.sun.javafx.event.CompositeEventHandler.dispatchBubblingEvent(CompositeEventHandler.java:86)
	at com.sun.javafx.event.EventHandlerManager.dispatchBubblingEvent(EventHandlerManager.java:232)
	at com.sun.javafx.event.EventHandlerManager.dispatchBubblingEvent(EventHandlerManager.java:189)
	at com.sun.javafx.event.CompositeEventDispatcher.dispatchBubblingEvent(CompositeEventDispatcher.java:59)
	at com.sun.javafx.event.BasicEventDispatcher.dispatchEvent(BasicEventDispatcher.java:58)
	at com.sun.javafx.event.EventDispatchChainImpl.dispatchEvent(EventDispatchChainImpl.java:114)
	at com.sun.javafx.event.BasicEventDispatcher.dispatchEvent(BasicEventDispatcher.java:56)
	at com.sun.javafx.event.EventDispatchChainImpl.dispatchEvent(EventDispatchChainImpl.java:114)
	at com.sun.javafx.event.BasicEventDispatcher.dispatchEvent(BasicEventDispatcher.java:56)
	at com.sun.javafx.event.EventDispatchChainImpl.dispatchEvent(EventDispatchChainImpl.java:114)
	at com.sun.javafx.event.EventUtil.fireEventImpl(EventUtil.java:74)
	at com.sun.javafx.event.EventUtil.fireEvent(EventUtil.java:49)
	at javafx.event.Event.fireEvent(Event.java:198)
	at javafx.scene.Node.fireEvent(Node.java:8917)
	at javafx.scene.control.Button.fire(Button.java:203)
	at com.sun.javafx.scene.control.behavior.ButtonBehavior.mouseReleased(ButtonBehavior.java:207)
	at com.sun.javafx.scene.control.inputmap.InputMap.handle(InputMap.java:274)
	at com.sun.javafx.event.CompositeEventHandler$NormalEventHandlerRecord.handleBubblingEvent(CompositeEventHandler.java:247)
	at com.sun.javafx.event.CompositeEventHandler.dispatchBubblingEvent(CompositeEventHandler.java:80)
	at com.sun.javafx.event.EventHandlerManager.dispatchBubblingEvent(EventHandlerManager.java:232)
	at com.sun.javafx.event.EventHandlerManager.dispatchBubblingEvent(EventHandlerManager.java:189)
	at com.sun.javafx.event.CompositeEventDispatcher.dispatchBubblingEvent(CompositeEventDispatcher.java:59)
	at com.sun.javafx.event.BasicEventDispatcher.dispatchEvent(BasicEventDispatcher.java:58)
	at com.sun.javafx.event.EventDispatchChainImpl.dispatchEvent(EventDispatchChainImpl.java:114)
	at com.sun.javafx.event.BasicEventDispatcher.dispatchEvent(BasicEventDispatcher.java:56)
	at com.sun.javafx.event.EventDispatchChainImpl.dispatchEvent(EventDispatchChainImpl.java:114)
	at com.sun.javafx.event.BasicEventDispatcher.dispatchEvent(BasicEventDispatcher.java:56)
	at com.sun.javafx.event.EventDispatchChainImpl.dispatchEvent(EventDispatchChainImpl.java:114)
	at com.sun.javafx.event.EventUtil.fireEventImpl(EventUtil.java:74)
	at com.sun.javafx.event.EventUtil.fireEvent(EventUtil.java:54)
	at javafx.event.Event.fireEvent(Event.java:198)
	at javafx.scene.Scene$MouseHandler.process(Scene.java:4033)
	at javafx.scene.Scene.processMouseEvent(Scene.java:1933)
	at javafx.scene.Scene$ScenePeerListener.mouseEvent(Scene.java:2757)
	at com.sun.javafx.tk.quantum.GlassViewEventHandler$MouseEventNotification.run(GlassViewEventHandler.java:411)
	at com.sun.javafx.tk.quantum.GlassViewEventHandler$MouseEventNotification.run(GlassViewEventHandler.java:301)
	at java.base/java.security.AccessController.doPrivileged(AccessController.java:400)
	at com.sun.javafx.tk.quantum.GlassViewEventHandler.lambda$handleMouseEvent$2(GlassViewEventHandler.java:450)
	at com.sun.javafx.tk.quantum.QuantumToolkit.runWithoutRenderLock(QuantumToolkit.java:436)
	at com.sun.javafx.tk.quantum.GlassViewEventHandler.handleMouseEvent(GlassViewEventHandler.java:449)
	at com.sun.glass.ui.View.handleMouseEvent(View.java:551)
	at com.sun.glass.ui.View.notifyMouse(View.java:937)
	at com.sun.glass.ui.monocle.MonocleView.notifyMouse(MonocleView.java:116)
	at java.base/jdk.internal.reflect.DirectMethodHandleAccessor.invoke(DirectMethodHandleAccessor.java:103)
	... 21 common frames omitted
2026-04-09 21:13:19,467 [ERROR] from com.jpro.meta.tk.SceneInputListener in JavaFX Application Thread - Error while processing the input: MouseEventToken(MouseReleased,279.20001220703125,35.20000076293945,MouseButtonToken(3),false,false,false,false,false,false,false,false) app: stage title: Visual Product Discovery & Shopping Management System
java.lang.reflect.InvocationTargetException: null
	at java.base/jdk.internal.reflect.DirectMethodHandleAccessor.invoke(DirectMethodHandleAccessor.java:118)
	at java.base/java.lang.reflect.Method.invoke(Method.java:580)
	at simplefx.util.ReflectionUtil$UseReflection.applyDynamic(ReflectionUtil.scala:21)
	at com.jpro.meta.tk.SceneInputListener.processInputInScene(SceneInputListener.scala:304)
	at com.jpro.meta.tk.SceneInputListener.processInput(SceneInputListener.scala:203)
	at com.jpro.meta.tk.SceneInputListener.processInputs(SceneInputListener.scala:133)
	at com.jpro.meta.tk.SceneInputListener.processOrRequest(SceneInputListener.scala:41)
	at com.jpro.meta.tk.SceneInputListener.$anonfun$new$4(SceneInputListener.scala:59)
	at scala.runtime.java8.JFunction0$mcV$sp.apply(JFunction0$mcV$sp.java:23)
	at simplefx.cores.standard.parts.CoreTimeEvent$$anon$3.run(CoreTimeEvent.scala:62)
	at com.sun.javafx.application.PlatformImpl.lambda$runLater$10(PlatformImpl.java:457)
	at java.base/java.security.AccessController.doPrivileged(AccessController.java:400)
	at com.sun.javafx.application.PlatformImpl.lambda$runLater$11(PlatformImpl.java:456)
	at com.sun.glass.ui.monocle.RunnableProcessor.runLoop(RunnableProcessor.java:92)
	at com.sun.glass.ui.monocle.RunnableProcessor.run(RunnableProcessor.java:51)
	at java.base/java.lang.Thread.run(Thread.java:1583)
Caused by: java.lang.reflect.InvocationTargetException: null
	at java.base/jdk.internal.reflect.DirectMethodHandleAccessor.invoke(DirectMethodHandleAccessor.java:118)
	at java.base/java.lang.reflect.Method.invoke(Method.java:580)
	at simplefx.util.ReflectionUtil$UseReflection.applyDynamic(ReflectionUtil.scala:21)
	at com.sun.glass.ui.monocle.input.fork.NativeMouseInput.notifyMouse(NativeMouseInput.scala:330)
	at com.sun.glass.ui.monocle.input.fork.NativeMouseInput.postMouseEvent(NativeMouseInput.scala:226)
	at com.sun.glass.ui.monocle.input.fork.NativeMouseInput.setState(NativeMouseInput.scala:186)
	at java.base/jdk.internal.reflect.DirectMethodHandleAccessor.invoke(DirectMethodHandleAccessor.java:103)
	... 15 common frames omitted
Caused by: java.lang.UnsupportedOperationException: null
	at com.sun.glass.ui.monocle.MonocleApplication.staticCommonDialogs_showFileChooser(MonocleApplication.java:273)
	at com.sun.glass.ui.CommonDialogs.showFileChooser(CommonDialogs.java:213)
	at com.sun.javafx.tk.quantum.QuantumToolkit.showFileChooser(QuantumToolkit.java:1737)
	at javafx.stage.FileChooser.showDialog(FileChooser.java:396)
	at javafx.stage.FileChooser.showOpenDialog(FileChooser.java:331)
	at com.visualshop.controller.ShopController.openVisualSearch(ShopController.java:817)
	at com.visualshop.controller.ShopController.lambda$buildNavbar$6(ShopController.java:172)
	at com.sun.javafx.event.CompositeEventHandler.dispatchBubblingEvent(CompositeEventHandler.java:86)
	at com.sun.javafx.event.EventHandlerManager.dispatchBubblingEvent(EventHandlerManager.java:232)
	at com.sun.javafx.event.EventHandlerManager.dispatchBubblingEvent(EventHandlerManager.java:189)
	at com.sun.javafx.event.CompositeEventDispatcher.dispatchBubblingEvent(CompositeEventDispatcher.java:59)
	at com.sun.javafx.event.BasicEventDispatcher.dispatchEvent(BasicEventDispatcher.java:58)
	at com.sun.javafx.event.EventDispatchChainImpl.dispatchEvent(EventDispatchChainImpl.java:114)
	at com.sun.javafx.event.BasicEventDispatcher.dispatchEvent(BasicEventDispatcher.java:56)
	at com.sun.javafx.event.EventDispatchChainImpl.dispatchEvent(EventDispatchChainImpl.java:114)
	at com.sun.javafx.event.BasicEventDispatcher.dispatchEvent(BasicEventDispatcher.java:56)
	at com.sun.javafx.event.EventDispatchChainImpl.dispatchEvent(EventDispatchChainImpl.java:114)
	at com.sun.javafx.event.EventUtil.fireEventImpl(EventUtil.java:74)
	at com.sun.javafx.event.EventUtil.fireEvent(EventUtil.java:49)
	at javafx.event.Event.fireEvent(Event.java:198)
	at javafx.scene.Node.fireEvent(Node.java:8917)
	at javafx.scene.control.Button.fire(Button.java:203)
	at com.sun.javafx.scene.control.behavior.ButtonBehavior.mouseReleased(ButtonBehavior.java:207)
	at com.sun.javafx.scene.control.inputmap.InputMap.handle(InputMap.java:274)
	at com.sun.javafx.event.CompositeEventHandler$NormalEventHandlerRecord.handleBubblingEvent(CompositeEventHandler.java:247)
	at com.sun.javafx.event.CompositeEventHandler.dispatchBubblingEvent(CompositeEventHandler.java:80)
	at com.sun.javafx.event.EventHandlerManager.dispatchBubblingEvent(EventHandlerManager.java:232)
	at com.sun.javafx.event.EventHandlerManager.dispatchBubblingEvent(EventHandlerManager.java:189)
	at com.sun.javafx.event.CompositeEventDispatcher.dispatchBubblingEvent(CompositeEventDispatcher.java:59)
	at com.sun.javafx.event.BasicEventDispatcher.dispatchEvent(BasicEventDispatcher.java:58)
	at com.sun.javafx.event.EventDispatchChainImpl.dispatchEvent(EventDispatchChainImpl.java:114)
	at com.sun.javafx.event.BasicEventDispatcher.dispatchEvent(BasicEventDispatcher.java:56)
	at com.sun.javafx.event.EventDispatchChainImpl.dispatchEvent(EventDispatchChainImpl.java:114)
	at com.sun.javafx.event.BasicEventDispatcher.dispatchEvent(BasicEventDispatcher.java:56)
	at com.sun.javafx.event.EventDispatchChainImpl.dispatchEvent(EventDispatchChainImpl.java:114)
	at com.sun.javafx.event.EventUtil.fireEventImpl(EventUtil.java:74)
	at com.sun.javafx.event.EventUtil.fireEvent(EventUtil.java:54)
	at javafx.event.Event.fireEvent(Event.java:198)
	at javafx.scene.Scene$MouseHandler.process(Scene.java:4033)
	at javafx.scene.Scene.processMouseEvent(Scene.java:1933)
	at javafx.scene.Scene$ScenePeerListener.mouseEvent(Scene.java:2757)
	at com.sun.javafx.tk.quantum.GlassViewEventHandler$MouseEventNotification.run(GlassViewEventHandler.java:411)
	at com.sun.javafx.tk.quantum.GlassViewEventHandler$MouseEventNotification.run(GlassViewEventHandler.java:301)
	at java.base/java.security.AccessController.doPrivileged(AccessController.java:400)
	at com.sun.javafx.tk.quantum.GlassViewEventHandler.lambda$handleMouseEvent$2(GlassViewEventHandler.java:450)
	at com.sun.javafx.tk.quantum.QuantumToolkit.runWithoutRenderLock(QuantumToolkit.java:436)
	at com.sun.javafx.tk.quantum.GlassViewEventHandler.handleMouseEvent(GlassViewEventHandler.java:449)
	at com.sun.glass.ui.View.handleMouseEvent(View.java:551)
	at com.sun.glass.ui.View.notifyMouse(View.java:937)
	at com.sun.glass.ui.monocle.MonocleView.notifyMouse(MonocleView.java:116)
	at java.base/jdk.internal.reflect.DirectMethodHandleAccessor.invoke(DirectMethodHandleAccessor.java:103)
	... 21 common frames omitted
2026-04-09 21:13:19,788 [ERROR] from com.jpro.meta.tk.SceneInputListener in JavaFX Application Thread - Error while processing the input: MouseEventToken(MouseMoved,295.20001220703125,37.60000228881836,MouseButtonToken(2),false,false,false,false,false,false,false,false) app: stage title: Visual Product Discovery & Shopping Management System
java.lang.reflect.InvocationTargetException: null
	at java.base/jdk.internal.reflect.DirectMethodHandleAccessor.invoke(DirectMethodHandleAccessor.java:118)
	at java.base/java.lang.reflect.Method.invoke(Method.java:580)
	at simplefx.util.ReflectionUtil$UseReflection.applyDynamic(ReflectionUtil.scala:21)
	at com.jpro.meta.tk.SceneInputListener.processInputInScene(SceneInputListener.scala:304)
	at com.jpro.meta.tk.SceneInputListener.processInput(SceneInputListener.scala:206)
	at com.jpro.meta.tk.SceneInputListener.processInputs(SceneInputListener.scala:133)
	at com.jpro.meta.tk.SceneInputListener.processOrRequest(SceneInputListener.scala:41)
	at com.jpro.meta.tk.SceneInputListener.$anonfun$new$4(SceneInputListener.scala:59)
	at scala.runtime.java8.JFunction0$mcV$sp.apply(JFunction0$mcV$sp.java:23)
	at simplefx.cores.standard.parts.CoreTimeEvent$$anon$3.run(CoreTimeEvent.scala:62)
	at com.sun.javafx.application.PlatformImpl.lambda$runLater$10(PlatformImpl.java:457)
	at java.base/java.security.AccessController.doPrivileged(AccessController.java:400)
	at com.sun.javafx.application.PlatformImpl.lambda$runLater$11(PlatformImpl.java:456)
	at com.sun.glass.ui.monocle.RunnableProcessor.runLoop(RunnableProcessor.java:92)
	at com.sun.glass.ui.monocle.RunnableProcessor.run(RunnableProcessor.java:51)
	at java.base/java.lang.Thread.run(Thread.java:1583)
Caused by: java.lang.reflect.InvocationTargetException: null
	at java.base/jdk.internal.reflect.DirectMethodHandleAccessor.invoke(DirectMethodHandleAccessor.java:118)
	at java.base/java.lang.reflect.Method.invoke(Method.java:580)
	at simplefx.util.ReflectionUtil$UseReflection.applyDynamic(ReflectionUtil.scala:21)
	at com.sun.glass.ui.monocle.input.fork.NativeMouseInput.notifyMouse(NativeMouseInput.scala:330)
	at com.sun.glass.ui.monocle.input.fork.NativeMouseInput.postMouseEvent(NativeMouseInput.scala:226)
	at com.sun.glass.ui.monocle.input.fork.NativeMouseInput.setState(NativeMouseInput.scala:186)
	at java.base/jdk.internal.reflect.DirectMethodHandleAccessor.invoke(DirectMethodHandleAccessor.java:103)
	... 15 common frames omitted
Caused by: java.lang.UnsupportedOperationException: null
	at com.sun.glass.ui.monocle.MonocleApplication.staticCommonDialogs_showFileChooser(MonocleApplication.java:273)
	at com.sun.glass.ui.CommonDialogs.showFileChooser(CommonDialogs.java:213)
	at com.sun.javafx.tk.quantum.QuantumToolkit.showFileChooser(QuantumToolkit.java:1737)
	at javafx.stage.FileChooser.showDialog(FileChooser.java:396)
	at javafx.stage.FileChooser.showOpenDialog(FileChooser.java:331)
	at com.visualshop.controller.ShopController.openVisualSearch(ShopController.java:817)
	at com.visualshop.controller.ShopController.lambda$buildNavbar$6(ShopController.java:172)
	at com.sun.javafx.event.CompositeEventHandler.dispatchBubblingEvent(CompositeEventHandler.java:86)
	at com.sun.javafx.event.EventHandlerManager.dispatchBubblingEvent(EventHandlerManager.java:232)
	at com.sun.javafx.event.EventHandlerManager.dispatchBubblingEvent(EventHandlerManager.java:189)
	at com.sun.javafx.event.CompositeEventDispatcher.dispatchBubblingEvent(CompositeEventDispatcher.java:59)
	at com.sun.javafx.event.BasicEventDispatcher.dispatchEvent(BasicEventDispatcher.java:58)
	at com.sun.javafx.event.EventDispatchChainImpl.dispatchEvent(EventDispatchChainImpl.java:114)
	at com.sun.javafx.event.BasicEventDispatcher.dispatchEvent(BasicEventDispatcher.java:56)
	at com.sun.javafx.event.EventDispatchChainImpl.dispatchEvent(EventDispatchChainImpl.java:114)
	at com.sun.javafx.event.BasicEventDispatcher.dispatchEvent(BasicEventDispatcher.java:56)
	at com.sun.javafx.event.EventDispatchChainImpl.dispatchEvent(EventDispatchChainImpl.java:114)
	at com.sun.javafx.event.EventUtil.fireEventImpl(EventUtil.java:74)
	at com.sun.javafx.event.EventUtil.fireEvent(EventUtil.java:49)
	at javafx.event.Event.fireEvent(Event.java:198)
	at javafx.scene.Node.fireEvent(Node.java:8917)
	at javafx.scene.control.Button.fire(Button.java:203)
	at com.sun.javafx.scene.control.behavior.ButtonBehavior.mouseReleased(ButtonBehavior.java:207)
	at com.sun.javafx.scene.control.inputmap.InputMap.handle(InputMap.java:274)
	at com.sun.javafx.event.CompositeEventHandler$NormalEventHandlerRecord.handleBubblingEvent(CompositeEventHandler.java:247)
	at com.sun.javafx.event.CompositeEventHandler.dispatchBubblingEvent(CompositeEventHandler.java:80)
	at com.sun.javafx.event.EventHandlerManager.dispatchBubblingEvent(EventHandlerManager.java:232)
	at com.sun.javafx.event.EventHandlerManager.dispatchBubblingEvent(EventHandlerManager.java:189)
	at com.sun.javafx.event.CompositeEventDispatcher.dispatchBubblingEvent(CompositeEventDispatcher.java:59)
	at com.sun.javafx.event.BasicEventDispatcher.dispatchEvent(BasicEventDispatcher.java:58)
	at com.sun.javafx.event.EventDispatchChainImpl.dispatchEvent(EventDispatchChainImpl.java:114)
	at com.sun.javafx.event.BasicEventDispatcher.dispatchEvent(BasicEventDispatcher.java:56)
	at com.sun.javafx.event.EventDispatchChainImpl.dispatchEvent(EventDispatchChainImpl.java:114)
	at com.sun.javafx.event.BasicEventDispatcher.dispatchEvent(BasicEventDispatcher.java:56)
	at com.sun.javafx.event.EventDispatchChainImpl.dispatchEvent(EventDispatchChainImpl.java:114)
	at com.sun.javafx.event.EventUtil.fireEventImpl(EventUtil.java:74)
	at com.sun.javafx.event.EventUtil.fireEvent(EventUtil.java:54)
	at javafx.event.Event.fireEvent(Event.java:198)
	at javafx.scene.Scene$MouseHandler.process(Scene.java:4033)
	at javafx.scene.Scene.processMouseEvent(Scene.java:1933)
	at javafx.scene.Scene$ScenePeerListener.mouseEvent(Scene.java:2757)
	at com.sun.javafx.tk.quantum.GlassViewEventHandler$MouseEventNotification.run(GlassViewEventHandler.java:411)
	at com.sun.javafx.tk.quantum.GlassViewEventHandler$MouseEventNotification.run(GlassViewEventHandler.java:301)
	at java.base/java.security.AccessController.doPrivileged(AccessController.java:400)
	at com.sun.javafx.tk.quantum.GlassViewEventHandler.lambda$handleMouseEvent$2(GlassViewEventHandler.java:450)
	at com.sun.javafx.tk.quantum.QuantumToolkit.runWithoutRenderLock(QuantumToolkit.java:436)
	at com.sun.javafx.tk.quantum.GlassViewEventHandler.handleMouseEvent(GlassViewEventHandler.java:449)
	at com.sun.glass.ui.View.handleMouseEvent(View.java:551)
	at com.sun.glass.ui.View.notifyMouse(View.java:937)
	at com.sun.glass.ui.monocle.MonocleView.notifyMouse(MonocleView.java:116)
	at java.base/jdk.internal.reflect.DirectMethodHandleAccessor.invoke(DirectMethodHandleAccessor.java:103)
	... 21 common frames omitted
2026-04-09 21:13:19,796 [ERROR] from com.jpro.meta.tk.SceneInputListener in JavaFX Application Thread - Error while processing the input: MouseEventToken(MouseMoved,316.8000183105469,40.79999923706055,MouseButtonToken(2),false,false,false,false,false,false,false,false) app: stage title: Visual Product Discovery & Shopping Management System
java.lang.reflect.InvocationTargetException: null
	at java.base/jdk.internal.reflect.DirectMethodHandleAccessor.invoke(DirectMethodHandleAccessor.java:118)
	at java.base/java.lang.reflect.Method.invoke(Method.java:580)
	at simplefx.util.ReflectionUtil$UseReflection.applyDynamic(ReflectionUtil.scala:21)
	at com.jpro.meta.tk.SceneInputListener.processInputInScene(SceneInputListener.scala:304)
	at com.jpro.meta.tk.SceneInputListener.processInput(SceneInputListener.scala:206)
	at com.jpro.meta.tk.SceneInputListener.processInputs(SceneInputListener.scala:133)
	at com.jpro.meta.tk.SceneInputListener.processOrRequest(SceneInputListener.scala:41)
	at com.jpro.meta.tk.SceneInputListener.$anonfun$new$4(SceneInputListener.scala:59)
	at scala.runtime.java8.JFunction0$mcV$sp.apply(JFunction0$mcV$sp.java:23)
	at simplefx.cores.standard.parts.CoreTimeEvent$$anon$3.run(CoreTimeEvent.scala:62)
	at com.sun.javafx.application.PlatformImpl.lambda$runLater$10(PlatformImpl.java:457)
	at java.base/java.security.AccessController.doPrivileged(AccessController.java:400)
	at com.sun.javafx.application.PlatformImpl.lambda$runLater$11(PlatformImpl.java:456)
	at com.sun.glass.ui.monocle.RunnableProcessor.runLoop(RunnableProcessor.java:92)
	at com.sun.glass.ui.monocle.RunnableProcessor.run(RunnableProcessor.java:51)
	at java.base/java.lang.Thread.run(Thread.java:1583)
Caused by: java.lang.reflect.InvocationTargetException: null
	at java.base/jdk.internal.reflect.DirectMethodHandleAccessor.invoke(DirectMethodHandleAccessor.java:118)
	at java.base/java.lang.reflect.Method.invoke(Method.java:580)
	at simplefx.util.ReflectionUtil$UseReflection.applyDynamic(ReflectionUtil.scala:21)
	at com.sun.glass.ui.monocle.input.fork.NativeMouseInput.notifyMouse(NativeMouseInput.scala:330)
	at com.sun.glass.ui.monocle.input.fork.NativeMouseInput.postMouseEvent(NativeMouseInput.scala:226)
	at com.sun.glass.ui.monocle.input.fork.NativeMouseInput.setState(NativeMouseInput.scala:186)
	at java.base/jdk.internal.reflect.DirectMethodHandleAccessor.invoke(DirectMethodHandleAccessor.java:103)
	... 15 common frames omitted
Caused by: java.lang.UnsupportedOperationException: null
	at com.sun.glass.ui.monocle.MonocleApplication.staticCommonDialogs_showFileChooser(MonocleApplication.java:273)
	at com.sun.glass.ui.CommonDialogs.showFileChooser(CommonDialogs.java:213)
	at com.sun.javafx.tk.quantum.QuantumToolkit.showFileChooser(QuantumToolkit.java:1737)
	at javafx.stage.FileChooser.showDialog(FileChooser.java:396)
	at javafx.stage.FileChooser.showOpenDialog(FileChooser.java:331)
	at com.visualshop.controller.ShopController.openVisualSearch(ShopController.java:817)
	at com.visualshop.controller.ShopController.lambda$buildNavbar$6(ShopController.java:172)
	at com.sun.javafx.event.CompositeEventHandler.dispatchBubblingEvent(CompositeEventHandler.java:86)
	at com.sun.javafx.event.EventHandlerManager.dispatchBubblingEvent(EventHandlerManager.java:232)
	at com.sun.javafx.event.EventHandlerManager.dispatchBubblingEvent(EventHandlerManager.java:189)
	at com.sun.javafx.event.CompositeEventDispatcher.dispatchBubblingEvent(CompositeEventDispatcher.java:59)
	at com.sun.javafx.event.BasicEventDispatcher.dispatchEvent(BasicEventDispatcher.java:58)
	at com.sun.javafx.event.EventDispatchChainImpl.dispatchEvent(EventDispatchChainImpl.java:114)
	at com.sun.javafx.event.BasicEventDispatcher.dispatchEvent(BasicEventDispatcher.java:56)
	at com.sun.javafx.event.EventDispatchChainImpl.dispatchEvent(EventDispatchChainImpl.java:114)
	at com.sun.javafx.event.BasicEventDispatcher.dispatchEvent(BasicEventDispatcher.java:56)
	at com.sun.javafx.event.EventDispatchChainImpl.dispatchEvent(EventDispatchChainImpl.java:114)
	at com.sun.javafx.event.EventUtil.fireEventImpl(EventUtil.java:74)
	at com.sun.javafx.event.EventUtil.fireEvent(EventUtil.java:49)
	at javafx.event.Event.fireEvent(Event.java:198)
	at javafx.scene.Node.fireEvent(Node.java:8917)
	at javafx.scene.control.Button.fire(Button.java:203)
	at com.sun.javafx.scene.control.behavior.ButtonBehavior.mouseReleased(ButtonBehavior.java:207)
	at com.sun.javafx.scene.control.inputmap.InputMap.handle(InputMap.java:274)
	at com.sun.javafx.event.CompositeEventHandler$NormalEventHandlerRecord.handleBubblingEvent(CompositeEventHandler.java:247)
	at com.sun.javafx.event.CompositeEventHandler.dispatchBubblingEvent(CompositeEventHandler.java:80)
	at com.sun.javafx.event.EventHandlerManager.dispatchBubblingEvent(EventHandlerManager.java:232)
	at com.sun.javafx.event.EventHandlerManager.dispatchBubblingEvent(EventHandlerManager.java:189)
	at com.sun.javafx.event.CompositeEventDispatcher.dispatchBubblingEvent(CompositeEventDispatcher.java:59)
	at com.sun.javafx.event.BasicEventDispatcher.dispatchEvent(BasicEventDispatcher.java:58)
	at com.sun.javafx.event.EventDispatchChainImpl.dispatchEvent(EventDispatchChainImpl.java:114)
	at com.sun.javafx.event.BasicEventDispatcher.dispatchEvent(BasicEventDispatcher.java:56)
	at com.sun.javafx.event.EventDispatchChainImpl.dispatchEvent(EventDispatchChainImpl.java:114)
	at com.sun.javafx.event.BasicEventDispatcher.dispatchEvent(BasicEventDispatcher.java:56)
	at com.sun.javafx.event.EventDispatchChainImpl.dispatchEvent(EventDispatchChainImpl.java:114)
	at com.sun.javafx.event.EventUtil.fireEventImpl(EventUtil.java:74)
	at com.sun.javafx.event.EventUtil.fireEvent(EventUtil.java:54)
	at javafx.event.Event.fireEvent(Event.java:198)
	at javafx.scene.Scene$MouseHandler.process(Scene.java:4033)
	at javafx.scene.Scene.processMouseEvent(Scene.java:1933)
	at javafx.scene.Scene$ScenePeerListener.mouseEvent(Scene.java:2757)
	at com.sun.javafx.tk.quantum.GlassViewEventHandler$MouseEventNotification.run(GlassViewEventHandler.java:411)
	at com.sun.javafx.tk.quantum.GlassViewEventHandler$MouseEventNotification.run(GlassViewEventHandler.java:301)
	at java.base/java.security.AccessController.doPrivileged(AccessController.java:400)
	at com.sun.javafx.tk.quantum.GlassViewEventHandler.lambda$handleMouseEvent$2(GlassViewEventHandler.java:450)
	at com.sun.javafx.tk.quantum.QuantumToolkit.runWithoutRenderLock(QuantumToolkit.java:436)
	at com.sun.javafx.tk.quantum.GlassViewEventHandler.handleMouseEvent(GlassViewEventHandler.java:449)
	at com.sun.glass.ui.View.handleMouseEvent(View.java:551)
	at com.sun.glass.ui.View.notifyMouse(View.java:937)
	at com.sun.glass.ui.monocle.MonocleView.notifyMouse(MonocleView.java:116)
	at java.base/jdk.internal.reflect.DirectMethodHandleAccessor.invoke(DirectMethodHandleAccessor.java:103)
	... 21 common frames omitted
2026-04-09 21:13:19,805 [ERROR] from com.jpro.meta.tk.SceneInputListener in JavaFX Application Thread - Error while processing the input: MouseEventToken(MouseMoved,336.0,45.60000228881836,MouseButtonToken(2),false,false,false,false,false,false,false,false) app: stage title: Visual Product Discovery & Shopping Management System
java.lang.reflect.InvocationTargetException: null
	at java.base/jdk.internal.reflect.DirectMethodHandleAccessor.invoke(DirectMethodHandleAccessor.java:118)
	at java.base/java.lang.reflect.Method.invoke(Method.java:580)
	at simplefx.util.ReflectionUtil$UseReflection.applyDynamic(ReflectionUtil.scala:21)
	at com.jpro.meta.tk.SceneInputListener.processInputInScene(SceneInputListener.scala:304)
	at com.jpro.meta.tk.SceneInputListener.processInput(SceneInputListener.scala:206)
	at com.jpro.meta.tk.SceneInputListener.processInputs(SceneInputListener.scala:133)
	at com.jpro.meta.tk.SceneInputListener.processOrRequest(SceneInputListener.scala:41)
	at com.jpro.meta.tk.SceneInputListener.$anonfun$processOrRequest$2(SceneInputListener.scala:48)
	at scala.runtime.java8.JFunction0$mcV$sp.apply(JFunction0$mcV$sp.java:23)
	at simplefx.cores.standard.parts.CoreTimeEvent$$anon$3.run(CoreTimeEvent.scala:62)
	at com.sun.javafx.application.PlatformImpl.lambda$runLater$10(PlatformImpl.java:457)
	at java.base/java.security.AccessController.doPrivileged(AccessController.java:400)
	at com.sun.javafx.application.PlatformImpl.lambda$runLater$11(PlatformImpl.java:456)
	at com.sun.glass.ui.monocle.RunnableProcessor.runLoop(RunnableProcessor.java:92)
	at com.sun.glass.ui.monocle.RunnableProcessor.run(RunnableProcessor.java:51)
	at java.base/java.lang.Thread.run(Thread.java:1583)
Caused by: java.lang.reflect.InvocationTargetException: null
	at java.base/jdk.internal.reflect.DirectMethodHandleAccessor.invoke(DirectMethodHandleAccessor.java:118)
	at java.base/java.lang.reflect.Method.invoke(Method.java:580)
	at simplefx.util.ReflectionUtil$UseReflection.applyDynamic(ReflectionUtil.scala:21)
	at com.sun.glass.ui.monocle.input.fork.NativeMouseInput.notifyMouse(NativeMouseInput.scala:330)
	at com.sun.glass.ui.monocle.input.fork.NativeMouseInput.postMouseEvent(NativeMouseInput.scala:226)
	at com.sun.glass.ui.monocle.input.fork.NativeMouseInput.setState(NativeMouseInput.scala:186)
	at java.base/jdk.internal.reflect.DirectMethodHandleAccessor.invoke(DirectMethodHandleAccessor.java:103)
	... 15 common frames omitted
Caused by: java.lang.UnsupportedOperationException: null
	at com.sun.glass.ui.monocle.MonocleApplication.staticCommonDialogs_showFileChooser(MonocleApplication.java:273)
	at com.sun.glass.ui.CommonDialogs.showFileChooser(CommonDialogs.java:213)
	at com.sun.javafx.tk.quantum.QuantumToolkit.showFileChooser(QuantumToolkit.java:1737)
	at javafx.stage.FileChooser.showDialog(FileChooser.java:396)
	at javafx.stage.FileChooser.showOpenDialog(FileChooser.java:331)
	at com.visualshop.controller.ShopController.openVisualSearch(ShopController.java:817)
	at com.visualshop.controller.ShopController.lambda$buildNavbar$6(ShopController.java:172)
	at com.sun.javafx.event.CompositeEventHandler.dispatchBubblingEvent(CompositeEventHandler.java:86)
	at com.sun.javafx.event.EventHandlerManager.dispatchBubblingEvent(EventHandlerManager.java:232)
	at com.sun.javafx.event.EventHandlerManager.dispatchBubblingEvent(EventHandlerManager.java:189)
	at com.sun.javafx.event.CompositeEventDispatcher.dispatchBubblingEvent(CompositeEventDispatcher.java:59)
	at com.sun.javafx.event.BasicEventDispatcher.dispatchEvent(BasicEventDispatcher.java:58)
	at com.sun.javafx.event.EventDispatchChainImpl.dispatchEvent(EventDispatchChainImpl.java:114)
	at com.sun.javafx.event.BasicEventDispatcher.dispatchEvent(BasicEventDispatcher.java:56)
	at com.sun.javafx.event.EventDispatchChainImpl.dispatchEvent(EventDispatchChainImpl.java:114)
	at com.sun.javafx.event.BasicEventDispatcher.dispatchEvent(BasicEventDispatcher.java:56)
	at com.sun.javafx.event.EventDispatchChainImpl.dispatchEvent(EventDispatchChainImpl.java:114)
	at com.sun.javafx.event.EventUtil.fireEventImpl(EventUtil.java:74)
	at com.sun.javafx.event.EventUtil.fireEvent(EventUtil.java:49)
	at javafx.event.Event.fireEvent(Event.java:198)
	at javafx.scene.Node.fireEvent(Node.java:8917)
	at javafx.scene.control.Button.fire(Button.java:203)
	at com.sun.javafx.scene.control.behavior.ButtonBehavior.mouseReleased(ButtonBehavior.java:207)
	at com.sun.javafx.scene.control.inputmap.InputMap.handle(InputMap.java:274)
	at com.sun.javafx.event.CompositeEventHandler$NormalEventHandlerRecord.handleBubblingEvent(CompositeEventHandler.java:247)
	at com.sun.javafx.event.CompositeEventHandler.dispatchBubblingEvent(CompositeEventHandler.java:80)
	at com.sun.javafx.event.EventHandlerManager.dispatchBubblingEvent(EventHandlerManager.java:232)
	at com.sun.javafx.event.EventHandlerManager.dispatchBubblingEvent(EventHandlerManager.java:189)
	at com.sun.javafx.event.CompositeEventDispatcher.dispatchBubblingEvent(CompositeEventDispatcher.java:59)
	at com.sun.javafx.event.BasicEventDispatcher.dispatchEvent(BasicEventDispatcher.java:58)
	at com.sun.javafx.event.EventDispatchChainImpl.dispatchEvent(EventDispatchChainImpl.java:114)
	at com.sun.javafx.event.BasicEventDispatcher.dispatchEvent(BasicEventDispatcher.java:56)
	at com.sun.javafx.event.EventDispatchChainImpl.dispatchEvent(EventDispatchChainImpl.java:114)
	at com.sun.javafx.event.BasicEventDispatcher.dispatchEvent(BasicEventDispatcher.java:56)
	at com.sun.javafx.event.EventDispatchChainImpl.dispatchEvent(EventDispatchChainImpl.java:114)
	at com.sun.javafx.event.EventUtil.fireEventImpl(EventUtil.java:74)
	at com.sun.javafx.event.EventUtil.fireEvent(EventUtil.java:54)
	at javafx.event.Event.fireEvent(Event.java:198)
	at javafx.scene.Scene$MouseHandler.process(Scene.java:4033)
	at javafx.scene.Scene.processMouseEvent(Scene.java:1933)
	at javafx.scene.Scene$ScenePeerListener.mouseEvent(Scene.java:2757)
	at com.sun.javafx.tk.quantum.GlassViewEventHandler$MouseEventNotification.run(GlassViewEventHandler.java:411)
	at com.sun.javafx.tk.quantum.GlassViewEventHandler$MouseEventNotification.run(GlassViewEventHandler.java:301)
	at java.base/java.security.AccessController.doPrivileged(AccessController.java:400)
	at com.sun.javafx.tk.quantum.GlassViewEventHandler.lambda$handleMouseEvent$2(GlassViewEventHandler.java:450)
	at com.sun.javafx.tk.quantum.QuantumToolkit.runWithoutRenderLock(QuantumToolkit.java:436)
	at com.sun.javafx.tk.quantum.GlassViewEventHandler.handleMouseEvent(GlassViewEventHandler.java:449)
	at com.sun.glass.ui.View.handleMouseEvent(View.java:551)
	at com.sun.glass.ui.View.notifyMouse(View.java:937)
	at com.sun.glass.ui.monocle.MonocleView.notifyMouse(MonocleView.java:116)
	at java.base/jdk.internal.reflect.DirectMethodHandleAccessor.invoke(DirectMethodHandleAccessor.java:103)
	... 21 common frames omitted
2026-04-09 21:13:19,822 [ERROR] from com.jpro.meta.tk.SceneInputListener in JavaFX Application Thread - Error while processing the input: MouseEventToken(MouseMoved,373.6000061035156,52.79999923706055,MouseButtonToken(2),false,false,false,false,false,false,false,false) app: stage title: Visual Product Discovery & Shopping Management System
java.lang.reflect.InvocationTargetException: null
	at java.base/jdk.internal.reflect.DirectMethodHandleAccessor.invoke(DirectMethodHandleAccessor.java:118)
	at java.base/java.lang.reflect.Method.invoke(Method.java:580)
	at simplefx.util.ReflectionUtil$UseReflection.applyDynamic(ReflectionUtil.scala:21)
	at com.jpro.meta.tk.SceneInputListener.processInputInScene(SceneInputListener.scala:304)
	at com.jpro.meta.tk.SceneInputListener.processInput(SceneInputListener.scala:206)
	at com.jpro.meta.tk.SceneInputListener.processInputs(SceneInputListener.scala:133)
	at com.jpro.meta.tk.SceneInputListener.processOrRequest(SceneInputListener.scala:41)
	at com.jpro.meta.tk.SceneInputListener.$anonfun$processOrRequest$2(SceneInputListener.scala:48)
	at scala.runtime.java8.JFunction0$mcV$sp.apply(JFunction0$mcV$sp.java:23)
	at simplefx.cores.standard.parts.CoreTimeEvent$$anon$3.run(CoreTimeEvent.scala:62)
	at com.sun.javafx.application.PlatformImpl.lambda$runLater$10(PlatformImpl.java:457)
	at java.base/java.security.AccessController.doPrivileged(AccessController.java:400)
	at com.sun.javafx.application.PlatformImpl.lambda$runLater$11(PlatformImpl.java:456)
	at com.sun.glass.ui.monocle.RunnableProcessor.runLoop(RunnableProcessor.java:92)
	at com.sun.glass.ui.monocle.RunnableProcessor.run(RunnableProcessor.java:51)
	at java.base/java.lang.Thread.run(Thread.java:1583)
Caused by: java.lang.reflect.InvocationTargetException: null
	at java.base/jdk.internal.reflect.DirectMethodHandleAccessor.invoke(DirectMethodHandleAccessor.java:118)
	at java.base/java.lang.reflect.Method.invoke(Method.java:580)
	at simplefx.util.ReflectionUtil$UseReflection.applyDynamic(ReflectionUtil.scala:21)
	at com.sun.glass.ui.monocle.input.fork.NativeMouseInput.notifyMouse(NativeMouseInput.scala:330)
	at com.sun.glass.ui.monocle.input.fork.NativeMouseInput.postMouseEvent(NativeMouseInput.scala:226)
	at com.sun.glass.ui.monocle.input.fork.NativeMouseInput.setState(NativeMouseInput.scala:186)
	at java.base/jdk.internal.reflect.DirectMethodHandleAccessor.invoke(DirectMethodHandleAccessor.java:103)
	... 15 common frames omitted
Caused by: java.lang.UnsupportedOperationException: null
	at com.sun.glass.ui.monocle.MonocleApplication.staticCommonDialogs_showFileChooser(MonocleApplication.java:273)
	at com.sun.glass.ui.CommonDialogs.showFileChooser(CommonDialogs.java:213)
	at com.sun.javafx.tk.quantum.QuantumToolkit.showFileChooser(QuantumToolkit.java:1737)
	at javafx.stage.FileChooser.showDialog(FileChooser.java:396)
	at javafx.stage.FileChooser.showOpenDialog(FileChooser.java:331)
	at com.visualshop.controller.ShopController.openVisualSearch(ShopController.java:817)
	at com.visualshop.controller.ShopController.lambda$buildNavbar$6(ShopController.java:172)
	at com.sun.javafx.event.CompositeEventHandler.dispatchBubblingEvent(CompositeEventHandler.java:86)
	at com.sun.javafx.event.EventHandlerManager.dispatchBubblingEvent(EventHandlerManager.java:232)
	at com.sun.javafx.event.EventHandlerManager.dispatchBubblingEvent(EventHandlerManager.java:189)
	at com.sun.javafx.event.CompositeEventDispatcher.dispatchBubblingEvent(CompositeEventDispatcher.java:59)
	at com.sun.javafx.event.BasicEventDispatcher.dispatchEvent(BasicEventDispatcher.java:58)
	at com.sun.javafx.event.EventDispatchChainImpl.dispatchEvent(EventDispatchChainImpl.java:114)
	at com.sun.javafx.event.BasicEventDispatcher.dispatchEvent(BasicEventDispatcher.java:56)
	at com.sun.javafx.event.EventDispatchChainImpl.dispatchEvent(EventDispatchChainImpl.java:114)
	at com.sun.javafx.event.BasicEventDispatcher.dispatchEvent(BasicEventDispatcher.java:56)
	at com.sun.javafx.event.EventDispatchChainImpl.dispatchEvent(EventDispatchChainImpl.java:114)
	at com.sun.javafx.event.EventUtil.fireEventImpl(EventUtil.java:74)
	at com.sun.javafx.event.EventUtil.fireEvent(EventUtil.java:49)
	at javafx.event.Event.fireEvent(Event.java:198)
	at javafx.scene.Node.fireEvent(Node.java:8917)
	at javafx.scene.control.Button.fire(Button.java:203)
	at com.sun.javafx.scene.control.behavior.ButtonBehavior.mouseReleased(ButtonBehavior.java:207)
	at com.sun.javafx.scene.control.inputmap.InputMap.handle(InputMap.java:274)
	at com.sun.javafx.event.CompositeEventHandler$NormalEventHandlerRecord.handleBubblingEvent(CompositeEventHandler.java:247)
	at com.sun.javafx.event.CompositeEventHandler.dispatchBubblingEvent(CompositeEventHandler.java:80)
	at com.sun.javafx.event.EventHandlerManager.dispatchBubblingEvent(EventHandlerManager.java:232)
	at com.sun.javafx.event.EventHandlerManager.dispatchBubblingEvent(EventHandlerManager.java:189)
	at com.sun.javafx.event.CompositeEventDispatcher.dispatchBubblingEvent(CompositeEventDispatcher.java:59)
	at com.sun.javafx.event.BasicEventDispatcher.dispatchEvent(BasicEventDispatcher.java:58)
	at com.sun.javafx.event.EventDispatchChainImpl.dispatchEvent(EventDispatchChainImpl.java:114)
	at com.sun.javafx.event.BasicEventDispatcher.dispatchEvent(BasicEventDispatcher.java:56)
	at com.sun.javafx.event.EventDispatchChainImpl.dispatchEvent(EventDispatchChainImpl.java:114)
	at com.sun.javafx.event.BasicEventDispatcher.dispatchEvent(BasicEventDispatcher.java:56)
	at com.sun.javafx.event.EventDispatchChainImpl.dispatchEvent(EventDispatchChainImpl.java:114)
	at com.sun.javafx.event.EventUtil.fireEventImpl(EventUtil.java:74)
	at com.sun.javafx.event.EventUtil.fireEvent(EventUtil.java:54)
	at javafx.event.Event.fireEvent(Event.java:198)
	at javafx.scene.Scene$MouseHandler.process(Scene.java:4033)
	at javafx.scene.Scene.processMouseEvent(Scene.java:1933)
	at javafx.scene.Scene$ScenePeerListener.mouseEvent(Scene.java:2757)
	at com.sun.javafx.tk.quantum.GlassViewEventHandler$MouseEventNotification.run(GlassViewEventHandler.java:411)
	at com.sun.javafx.tk.quantum.GlassViewEventHandler$MouseEventNotification.run(GlassViewEventHandler.java:301)
	at java.base/java.security.AccessController.doPrivileged(AccessController.java:400)
	at com.sun.javafx.tk.quantum.GlassViewEventHandler.lambda$handleMouseEvent$2(GlassViewEventHandler.java:450)
	at com.sun.javafx.tk.quantum.QuantumToolkit.runWithoutRenderLock(QuantumToolkit.java:436)
	at com.sun.javafx.tk.quantum.GlassViewEventHandler.handleMouseEvent(GlassViewEventHandler.java:449)
	at com.sun.glass.ui.View.handleMouseEvent(View.java:551)
	at com.sun.glass.ui.View.notifyMouse(View.java:937)
	at com.sun.glass.ui.monocle.MonocleView.notifyMouse(MonocleView.java:116)
	at java.base/jdk.internal.reflect.DirectMethodHandleAccessor.invoke(DirectMethodHandleAccessor.java:103)
	... 21 common frames omitted
2026-04-09 21:13:44,194 [ERROR] from com.jpro.meta.tk.SceneInputListener in JavaFX Application Thread - Error while processing the input: MouseEventToken(MouseReleased,260.0,29.600000381469727,MouseButtonToken(3),false,false,false,false,false,false,false,false) app: stage title: Visual Product Discovery & Shopping Management System
java.lang.reflect.InvocationTargetException: null
	at java.base/jdk.internal.reflect.DirectMethodHandleAccessor.invoke(DirectMethodHandleAccessor.java:118)
	at java.base/java.lang.reflect.Method.invoke(Method.java:580)
	at simplefx.util.ReflectionUtil$UseReflection.applyDynamic(ReflectionUtil.scala:21)
	at com.jpro.meta.tk.SceneInputListener.processInputInScene(SceneInputListener.scala:304)
	at com.jpro.meta.tk.SceneInputListener.processInput(SceneInputListener.scala:203)
	at com.jpro.meta.tk.SceneInputListener.processInputs(SceneInputListener.scala:133)
	at com.jpro.meta.tk.SceneInputListener.processOrRequest(SceneInputListener.scala:41)
	at com.jpro.meta.tk.SceneInputListener.$anonfun$new$4(SceneInputListener.scala:59)
	at scala.runtime.java8.JFunction0$mcV$sp.apply(JFunction0$mcV$sp.java:23)
	at simplefx.cores.standard.parts.CoreTimeEvent$$anon$3.run(CoreTimeEvent.scala:62)
	at com.sun.javafx.application.PlatformImpl.lambda$runLater$10(PlatformImpl.java:457)
	at java.base/java.security.AccessController.doPrivileged(AccessController.java:400)
	at com.sun.javafx.application.PlatformImpl.lambda$runLater$11(PlatformImpl.java:456)
	at com.sun.glass.ui.monocle.RunnableProcessor.runLoop(RunnableProcessor.java:92)
	at com.sun.glass.ui.monocle.RunnableProcessor.run(RunnableProcessor.java:51)
	at java.base/java.lang.Thread.run(Thread.java:1583)
Caused by: java.lang.reflect.InvocationTargetException: null
	at java.base/jdk.internal.reflect.DirectMethodHandleAccessor.invoke(DirectMethodHandleAccessor.java:118)
	at java.base/java.lang.reflect.Method.invoke(Method.java:580)
	at simplefx.util.ReflectionUtil$UseReflection.applyDynamic(ReflectionUtil.scala:21)
	at com.sun.glass.ui.monocle.input.fork.NativeMouseInput.notifyMouse(NativeMouseInput.scala:330)
	at com.sun.glass.ui.monocle.input.fork.NativeMouseInput.postMouseEvent(NativeMouseInput.scala:226)
	at com.sun.glass.ui.monocle.input.fork.NativeMouseInput.setState(NativeMouseInput.scala:186)
	at java.base/jdk.internal.reflect.DirectMethodHandleAccessor.invoke(DirectMethodHandleAccessor.java:103)
	... 15 common frames omitted
Caused by: java.lang.UnsupportedOperationException: null
	at com.sun.glass.ui.monocle.MonocleApplication.staticCommonDialogs_showFileChooser(MonocleApplication.java:273)
	at com.sun.glass.ui.CommonDialogs.showFileChooser(CommonDialogs.java:213)
	at com.sun.javafx.tk.quantum.QuantumToolkit.showFileChooser(QuantumToolkit.java:1737)
	at javafx.stage.FileChooser.showDialog(FileChooser.java:396)
	at javafx.stage.FileChooser.showOpenDialog(FileChooser.java:331)
	at com.visualshop.controller.ShopController.openVisualSearch(ShopController.java:817)
	at com.visualshop.controller.ShopController.lambda$buildNavbar$6(ShopController.java:172)
	at com.sun.javafx.event.CompositeEventHandler.dispatchBubblingEvent(CompositeEventHandler.java:86)
	at com.sun.javafx.event.EventHandlerManager.dispatchBubblingEvent(EventHandlerManager.java:232)
	at com.sun.javafx.event.EventHandlerManager.dispatchBubblingEvent(EventHandlerManager.java:189)
	at com.sun.javafx.event.CompositeEventDispatcher.dispatchBubblingEvent(CompositeEventDispatcher.java:59)
	at com.sun.javafx.event.BasicEventDispatcher.dispatchEvent(BasicEventDispatcher.java:58)
	at com.sun.javafx.event.EventDispatchChainImpl.dispatchEvent(EventDispatchChainImpl.java:114)
	at com.sun.javafx.event.BasicEventDispatcher.dispatchEvent(BasicEventDispatcher.java:56)
	at com.sun.javafx.event.EventDispatchChainImpl.dispatchEvent(EventDispatchChainImpl.java:114)
	at com.sun.javafx.event.BasicEventDispatcher.dispatchEvent(BasicEventDispatcher.java:56)
	at com.sun.javafx.event.EventDispatchChainImpl.dispatchEvent(EventDispatchChainImpl.java:114)
	at com.sun.javafx.event.EventUtil.fireEventImpl(EventUtil.java:74)
	at com.sun.javafx.event.EventUtil.fireEvent(EventUtil.java:49)
	at javafx.event.Event.fireEvent(Event.java:198)
	at javafx.scene.Node.fireEvent(Node.java:8917)
	at javafx.scene.control.Button.fire(Button.java:203)
	at com.sun.javafx.scene.control.behavior.ButtonBehavior.mouseReleased(ButtonBehavior.java:207)
	at com.sun.javafx.scene.control.inputmap.InputMap.handle(InputMap.java:274)
	at com.sun.javafx.event.CompositeEventHandler$NormalEventHandlerRecord.handleBubblingEvent(CompositeEventHandler.java:247)
	at com.sun.javafx.event.CompositeEventHandler.dispatchBubblingEvent(CompositeEventHandler.java:80)
	at com.sun.javafx.event.EventHandlerManager.dispatchBubblingEvent(EventHandlerManager.java:232)
	at com.sun.javafx.event.EventHandlerManager.dispatchBubblingEvent(EventHandlerManager.java:189)
	at com.sun.javafx.event.CompositeEventDispatcher.dispatchBubblingEvent(CompositeEventDispatcher.java:59)
	at com.sun.javafx.event.BasicEventDispatcher.dispatchEvent(BasicEventDispatcher.java:58)
	at com.sun.javafx.event.EventDispatchChainImpl.dispatchEvent(EventDispatchChainImpl.java:114)
	at com.sun.javafx.event.BasicEventDispatcher.dispatchEvent(BasicEventDispatcher.java:56)
	at com.sun.javafx.event.EventDispatchChainImpl.dispatchEvent(EventDispatchChainImpl.java:114)
	at com.sun.javafx.event.BasicEventDispatcher.dispatchEvent(BasicEventDispatcher.java:56)
	at com.sun.javafx.event.EventDispatchChainImpl.dispatchEvent(EventDispatchChainImpl.java:114)
	at com.sun.javafx.event.EventUtil.fireEventImpl(EventUtil.java:74)
	at com.sun.javafx.event.EventUtil.fireEvent(EventUtil.java:54)
	at javafx.event.Event.fireEvent(Event.java:198)
	at javafx.scene.Scene$MouseHandler.process(Scene.java:4033)
	at javafx.scene.Scene.processMouseEvent(Scene.java:1933)
	at javafx.scene.Scene$ScenePeerListener.mouseEvent(Scene.java:2757)
	at com.sun.javafx.tk.quantum.GlassViewEventHandler$MouseEventNotification.run(GlassViewEventHandler.java:411)
	at com.sun.javafx.tk.quantum.GlassViewEventHandler$MouseEventNotification.run(GlassViewEventHandler.java:301)
	at java.base/java.security.AccessController.doPrivileged(AccessController.java:400)
	at com.sun.javafx.tk.quantum.GlassViewEventHandler.lambda$handleMouseEvent$2(GlassViewEventHandler.java:450)
	at com.sun.javafx.tk.quantum.QuantumToolkit.runWithoutRenderLock(QuantumToolkit.java:436)
	at com.sun.javafx.tk.quantum.GlassViewEventHandler.handleMouseEvent(GlassViewEventHandler.java:449)
	at com.sun.glass.ui.View.handleMouseEvent(View.java:551)
	at com.sun.glass.ui.View.notifyMouse(View.java:937)
	at com.sun.glass.ui.monocle.MonocleView.notifyMouse(MonocleView.java:116)
	at java.base/jdk.internal.reflect.DirectMethodHandleAccessor.invoke(DirectMethodHandleAccessor.java:103)
	... 21 common frames omitted
2026-04-09 21:13:44,336 [ERROR] from com.jpro.meta.tk.SceneInputListener in JavaFX Application Thread - Error while processing the input: MouseEventToken(MouseReleased,260.0,29.600000381469727,MouseButtonToken(3),false,false,false,false,false,false,false,false) app: stage title: Visual Product Discovery & Shopping Management System
java.lang.reflect.InvocationTargetException: null
	at java.base/jdk.internal.reflect.DirectMethodHandleAccessor.invoke(DirectMethodHandleAccessor.java:118)
	at java.base/java.lang.reflect.Method.invoke(Method.java:580)
	at simplefx.util.ReflectionUtil$UseReflection.applyDynamic(ReflectionUtil.scala:21)
	at com.jpro.meta.tk.SceneInputListener.processInputInScene(SceneInputListener.scala:304)
	at com.jpro.meta.tk.SceneInputListener.processInput(SceneInputListener.scala:203)
	at com.jpro.meta.tk.SceneInputListener.processInputs(SceneInputListener.scala:133)
	at com.jpro.meta.tk.SceneInputListener.processOrRequest(SceneInputListener.scala:41)
	at com.jpro.meta.tk.SceneInputListener.$anonfun$new$4(SceneInputListener.scala:59)
	at scala.runtime.java8.JFunction0$mcV$sp.apply(JFunction0$mcV$sp.java:23)
	at simplefx.cores.standard.parts.CoreTimeEvent$$anon$3.run(CoreTimeEvent.scala:62)
	at com.sun.javafx.application.PlatformImpl.lambda$runLater$10(PlatformImpl.java:457)
	at java.base/java.security.AccessController.doPrivileged(AccessController.java:400)
	at com.sun.javafx.application.PlatformImpl.lambda$runLater$11(PlatformImpl.java:456)
	at com.sun.glass.ui.monocle.RunnableProcessor.runLoop(RunnableProcessor.java:92)
	at com.sun.glass.ui.monocle.RunnableProcessor.run(RunnableProcessor.java:51)
	at java.base/java.lang.Thread.run(Thread.java:1583)
Caused by: java.lang.reflect.InvocationTargetException: null
	at java.base/jdk.internal.reflect.DirectMethodHandleAccessor.invoke(DirectMethodHandleAccessor.java:118)
	at java.base/java.lang.reflect.Method.invoke(Method.java:580)
	at simplefx.util.ReflectionUtil$UseReflection.applyDynamic(ReflectionUtil.scala:21)
	at com.sun.glass.ui.monocle.input.fork.NativeMouseInput.notifyMouse(NativeMouseInput.scala:330)
	at com.sun.glass.ui.monocle.input.fork.NativeMouseInput.postMouseEvent(NativeMouseInput.scala:226)
	at com.sun.glass.ui.monocle.input.fork.NativeMouseInput.setState(NativeMouseInput.scala:186)
	at java.base/jdk.internal.reflect.DirectMethodHandleAccessor.invoke(DirectMethodHandleAccessor.java:103)
	... 15 common frames omitted
Caused by: java.lang.UnsupportedOperationException: null
	at com.sun.glass.ui.monocle.MonocleApplication.staticCommonDialogs_showFileChooser(MonocleApplication.java:273)
	at com.sun.glass.ui.CommonDialogs.showFileChooser(CommonDialogs.java:213)
	at com.sun.javafx.tk.quantum.QuantumToolkit.showFileChooser(QuantumToolkit.java:1737)
	at javafx.stage.FileChooser.showDialog(FileChooser.java:396)
	at javafx.stage.FileChooser.showOpenDialog(FileChooser.java:331)
	at com.visualshop.controller.ShopController.openVisualSearch(ShopController.java:817)
	at com.visualshop.controller.ShopController.lambda$buildNavbar$6(ShopController.java:172)
	at com.sun.javafx.event.CompositeEventHandler.dispatchBubblingEvent(CompositeEventHandler.java:86)
	at com.sun.javafx.event.EventHandlerManager.dispatchBubblingEvent(EventHandlerManager.java:232)
	at com.sun.javafx.event.EventHandlerManager.dispatchBubblingEvent(EventHandlerManager.java:189)
	at com.sun.javafx.event.CompositeEventDispatcher.dispatchBubblingEvent(CompositeEventDispatcher.java:59)
	at com.sun.javafx.event.BasicEventDispatcher.dispatchEvent(BasicEventDispatcher.java:58)
	at com.sun.javafx.event.EventDispatchChainImpl.dispatchEvent(EventDispatchChainImpl.java:114)
	at com.sun.javafx.event.BasicEventDispatcher.dispatchEvent(BasicEventDispatcher.java:56)
	at com.sun.javafx.event.EventDispatchChainImpl.dispatchEvent(EventDispatchChainImpl.java:114)
	at com.sun.javafx.event.BasicEventDispatcher.dispatchEvent(BasicEventDispatcher.java:56)
	at com.sun.javafx.event.EventDispatchChainImpl.dispatchEvent(EventDispatchChainImpl.java:114)
	at com.sun.javafx.event.EventUtil.fireEventImpl(EventUtil.java:74)
	at com.sun.javafx.event.EventUtil.fireEvent(EventUtil.java:49)
	at javafx.event.Event.fireEvent(Event.java:198)
	at javafx.scene.Node.fireEvent(Node.java:8917)
	at javafx.scene.control.Button.fire(Button.java:203)
	at com.sun.javafx.scene.control.behavior.ButtonBehavior.mouseReleased(ButtonBehavior.java:207)
	at com.sun.javafx.scene.control.inputmap.InputMap.handle(InputMap.java:274)
	at com.sun.javafx.event.CompositeEventHandler$NormalEventHandlerRecord.handleBubblingEvent(CompositeEventHandler.java:247)
	at com.sun.javafx.event.CompositeEventHandler.dispatchBubblingEvent(CompositeEventHandler.java:80)
	at com.sun.javafx.event.EventHandlerManager.dispatchBubblingEvent(EventHandlerManager.java:232)
	at com.sun.javafx.event.EventHandlerManager.dispatchBubblingEvent(EventHandlerManager.java:189)
	at com.sun.javafx.event.CompositeEventDispatcher.dispatchBubblingEvent(CompositeEventDispatcher.java:59)
	at com.sun.javafx.event.BasicEventDispatcher.dispatchEvent(BasicEventDispatcher.java:58)
	at com.sun.javafx.event.EventDispatchChainImpl.dispatchEvent(EventDispatchChainImpl.java:114)
	at com.sun.javafx.event.BasicEventDispatcher.dispatchEvent(BasicEventDispatcher.java:56)
	at com.sun.javafx.event.EventDispatchChainImpl.dispatchEvent(EventDispatchChainImpl.java:114)
	at com.sun.javafx.event.BasicEventDispatcher.dispatchEvent(BasicEventDispatcher.java:56)
	at com.sun.javafx.event.EventDispatchChainImpl.dispatchEvent(EventDispatchChainImpl.java:114)
	at com.sun.javafx.event.EventUtil.fireEventImpl(EventUtil.java:74)
	at com.sun.javafx.event.EventUtil.fireEvent(EventUtil.java:54)
	at javafx.event.Event.fireEvent(Event.java:198)
	at javafx.scene.Scene$MouseHandler.process(Scene.java:4033)
	at javafx.scene.Scene.processMouseEvent(Scene.java:1933)
	at javafx.scene.Scene$ScenePeerListener.mouseEvent(Scene.java:2757)
	at com.sun.javafx.tk.quantum.GlassViewEventHandler$MouseEventNotification.run(GlassViewEventHandler.java:411)
	at com.sun.javafx.tk.quantum.GlassViewEventHandler$MouseEventNotification.run(GlassViewEventHandler.java:301)
	at java.base/java.security.AccessController.doPrivileged(AccessController.java:400)
	at com.sun.javafx.tk.quantum.GlassViewEventHandler.lambda$handleMouseEvent$2(GlassViewEventHandler.java:450)
	at com.sun.javafx.tk.quantum.QuantumToolkit.runWithoutRenderLock(QuantumToolkit.java:436)
	at com.sun.javafx.tk.quantum.GlassViewEventHandler.handleMouseEvent(GlassViewEventHandler.java:449)
	at com.sun.glass.ui.View.handleMouseEvent(View.java:551)
	at com.sun.glass.ui.View.notifyMouse(View.java:937)
	at com.sun.glass.ui.monocle.MonocleView.notifyMouse(MonocleView.java:116)
	at java.base/jdk.internal.reflect.DirectMethodHandleAccessor.invoke(DirectMethodHandleAccessor.java:103)
	... 21 common frames omitted
2026-04-09 21:13:44,461 [ERROR] from com.jpro.meta.tk.SceneInputListener in JavaFX Application Thread - Error while processing the input: MouseEventToken(MouseReleased,260.0,29.600000381469727,MouseButtonToken(3),false,false,false,false,false,false,false,false) app: stage title: Visual Product Discovery & Shopping Management System
java.lang.reflect.InvocationTargetException: null
	at java.base/jdk.internal.reflect.DirectMethodHandleAccessor.invoke(DirectMethodHandleAccessor.java:118)
	at java.base/java.lang.reflect.Method.invoke(Method.java:580)
	at simplefx.util.ReflectionUtil$UseReflection.applyDynamic(ReflectionUtil.scala:21)
	at com.jpro.meta.tk.SceneInputListener.processInputInScene(SceneInputListener.scala:304)
	at com.jpro.meta.tk.SceneInputListener.processInput(SceneInputListener.scala:203)
	at com.jpro.meta.tk.SceneInputListener.processInputs(SceneInputListener.scala:133)
	at com.jpro.meta.tk.SceneInputListener.processOrRequest(SceneInputListener.scala:41)
	at com.jpro.meta.tk.SceneInputListener.$anonfun$new$4(SceneInputListener.scala:59)
	at scala.runtime.java8.JFunction0$mcV$sp.apply(JFunction0$mcV$sp.java:23)
	at simplefx.cores.standard.parts.CoreTimeEvent$$anon$3.run(CoreTimeEvent.scala:62)
	at com.sun.javafx.application.PlatformImpl.lambda$runLater$10(PlatformImpl.java:457)
	at java.base/java.security.AccessController.doPrivileged(AccessController.java:400)
	at com.sun.javafx.application.PlatformImpl.lambda$runLater$11(PlatformImpl.java:456)
	at com.sun.glass.ui.monocle.RunnableProcessor.runLoop(RunnableProcessor.java:92)
	at com.sun.glass.ui.monocle.RunnableProcessor.run(RunnableProcessor.java:51)
	at java.base/java.lang.Thread.run(Thread.java:1583)
Caused by: java.lang.reflect.InvocationTargetException: null
	at java.base/jdk.internal.reflect.DirectMethodHandleAccessor.invoke(DirectMethodHandleAccessor.java:118)
	at java.base/java.lang.reflect.Method.invoke(Method.java:580)
	at simplefx.util.ReflectionUtil$UseReflection.applyDynamic(ReflectionUtil.scala:21)
	at com.sun.glass.ui.monocle.input.fork.NativeMouseInput.notifyMouse(NativeMouseInput.scala:330)
	at com.sun.glass.ui.monocle.input.fork.NativeMouseInput.postMouseEvent(NativeMouseInput.scala:226)
	at com.sun.glass.ui.monocle.input.fork.NativeMouseInput.setState(NativeMouseInput.scala:186)
	at java.base/jdk.internal.reflect.DirectMethodHandleAccessor.invoke(DirectMethodHandleAccessor.java:103)
	... 15 common frames omitted
Caused by: java.lang.UnsupportedOperationException: null
	at com.sun.glass.ui.monocle.MonocleApplication.staticCommonDialogs_showFileChooser(MonocleApplication.java:273)
	at com.sun.glass.ui.CommonDialogs.showFileChooser(CommonDialogs.java:213)
	at com.sun.javafx.tk.quantum.QuantumToolkit.showFileChooser(QuantumToolkit.java:1737)
	at javafx.stage.FileChooser.showDialog(FileChooser.java:396)
	at javafx.stage.FileChooser.showOpenDialog(FileChooser.java:331)
	at com.visualshop.controller.ShopController.openVisualSearch(ShopController.java:817)
	at com.visualshop.controller.ShopController.lambda$buildNavbar$6(ShopController.java:172)
	at com.sun.javafx.event.CompositeEventHandler.dispatchBubblingEvent(CompositeEventHandler.java:86)
	at com.sun.javafx.event.EventHandlerManager.dispatchBubblingEvent(EventHandlerManager.java:232)
	at com.sun.javafx.event.EventHandlerManager.dispatchBubblingEvent(EventHandlerManager.java:189)
	at com.sun.javafx.event.CompositeEventDispatcher.dispatchBubblingEvent(CompositeEventDispatcher.java:59)
	at com.sun.javafx.event.BasicEventDispatcher.dispatchEvent(BasicEventDispatcher.java:58)
	at com.sun.javafx.event.EventDispatchChainImpl.dispatchEvent(EventDispatchChainImpl.java:114)
	at com.sun.javafx.event.BasicEventDispatcher.dispatchEvent(BasicEventDispatcher.java:56)
	at com.sun.javafx.event.EventDispatchChainImpl.dispatchEvent(EventDispatchChainImpl.java:114)
	at com.sun.javafx.event.BasicEventDispatcher.dispatchEvent(BasicEventDispatcher.java:56)
	at com.sun.javafx.event.EventDispatchChainImpl.dispatchEvent(EventDispatchChainImpl.java:114)
	at com.sun.javafx.event.EventUtil.fireEventImpl(EventUtil.java:74)
	at com.sun.javafx.event.EventUtil.fireEvent(EventUtil.java:49)
	at javafx.event.Event.fireEvent(Event.java:198)
	at javafx.scene.Node.fireEvent(Node.java:8917)
	at javafx.scene.control.Button.fire(Button.java:203)
	at com.sun.javafx.scene.control.behavior.ButtonBehavior.mouseReleased(ButtonBehavior.java:207)
	at com.sun.javafx.scene.control.inputmap.InputMap.handle(InputMap.java:274)
	at com.sun.javafx.event.CompositeEventHandler$NormalEventHandlerRecord.handleBubblingEvent(CompositeEventHandler.java:247)
	at com.sun.javafx.event.CompositeEventHandler.dispatchBubblingEvent(CompositeEventHandler.java:80)
	at com.sun.javafx.event.EventHandlerManager.dispatchBubblingEvent(EventHandlerManager.java:232)
	at com.sun.javafx.event.EventHandlerManager.dispatchBubblingEvent(EventHandlerManager.java:189)
	at com.sun.javafx.event.CompositeEventDispatcher.dispatchBubblingEvent(CompositeEventDispatcher.java:59)
	at com.sun.javafx.event.BasicEventDispatcher.dispatchEvent(BasicEventDispatcher.java:58)
	at com.sun.javafx.event.EventDispatchChainImpl.dispatchEvent(EventDispatchChainImpl.java:114)
	at com.sun.javafx.event.BasicEventDispatcher.dispatchEvent(BasicEventDispatcher.java:56)
	at com.sun.javafx.event.EventDispatchChainImpl.dispatchEvent(EventDispatchChainImpl.java:114)
	at com.sun.javafx.event.BasicEventDispatcher.dispatchEvent(BasicEventDispatcher.java:56)
	at com.sun.javafx.event.EventDispatchChainImpl.dispatchEvent(EventDispatchChainImpl.java:114)
	at com.sun.javafx.event.EventUtil.fireEventImpl(EventUtil.java:74)
	at com.sun.javafx.event.EventUtil.fireEvent(EventUtil.java:54)
	at javafx.event.Event.fireEvent(Event.java:198)
	at javafx.scene.Scene$MouseHandler.process(Scene.java:4033)
	at javafx.scene.Scene.processMouseEvent(Scene.java:1933)
	at javafx.scene.Scene$ScenePeerListener.mouseEvent(Scene.java:2757)
	at com.sun.javafx.tk.quantum.GlassViewEventHandler$MouseEventNotification.run(GlassViewEventHandler.java:411)
	at com.sun.javafx.tk.quantum.GlassViewEventHandler$MouseEventNotification.run(GlassViewEventHandler.java:301)
	at java.base/java.security.AccessController.doPrivileged(AccessController.java:400)
	at com.sun.javafx.tk.quantum.GlassViewEventHandler.lambda$handleMouseEvent$2(GlassViewEventHandler.java:450)
	at com.sun.javafx.tk.quantum.QuantumToolkit.runWithoutRenderLock(QuantumToolkit.java:436)
	at com.sun.javafx.tk.quantum.GlassViewEventHandler.handleMouseEvent(GlassViewEventHandler.java:449)
	at com.sun.glass.ui.View.handleMouseEvent(View.java:551)
	at com.sun.glass.ui.View.notifyMouse(View.java:937)
	at com.sun.glass.ui.monocle.MonocleView.notifyMouse(MonocleView.java:116)
	at java.base/jdk.internal.reflect.DirectMethodHandleAccessor.invoke(DirectMethodHandleAccessor.java:103)
	... 21 common frames omitted
2026-04-09 21:13:44,582 [ERROR] from com.jpro.meta.tk.SceneInputListener in JavaFX Application Thread - Error while processing the input: MouseEventToken(MouseReleased,260.0,29.600000381469727,MouseButtonToken(3),false,false,false,false,false,false,false,false) app: stage title: Visual Product Discovery & Shopping Management System
java.lang.reflect.InvocationTargetException: null
	at java.base/jdk.internal.reflect.DirectMethodHandleAccessor.invoke(DirectMethodHandleAccessor.java:118)
	at java.base/java.lang.reflect.Method.invoke(Method.java:580)
	at simplefx.util.ReflectionUtil$UseReflection.applyDynamic(ReflectionUtil.scala:21)
	at com.jpro.meta.tk.SceneInputListener.processInputInScene(SceneInputListener.scala:304)
	at com.jpro.meta.tk.SceneInputListener.processInput(SceneInputListener.scala:203)
	at com.jpro.meta.tk.SceneInputListener.processInputs(SceneInputListener.scala:133)
	at com.jpro.meta.tk.SceneInputListener.processOrRequest(SceneInputListener.scala:41)
	at com.jpro.meta.tk.SceneInputListener.$anonfun$new$4(SceneInputListener.scala:59)
	at scala.runtime.java8.JFunction0$mcV$sp.apply(JFunction0$mcV$sp.java:23)
	at simplefx.cores.standard.parts.CoreTimeEvent$$anon$3.run(CoreTimeEvent.scala:62)
	at com.sun.javafx.application.PlatformImpl.lambda$runLater$10(PlatformImpl.java:457)
	at java.base/java.security.AccessController.doPrivileged(AccessController.java:400)
	at com.sun.javafx.application.PlatformImpl.lambda$runLater$11(PlatformImpl.java:456)
	at com.sun.glass.ui.monocle.RunnableProcessor.runLoop(RunnableProcessor.java:92)
	at com.sun.glass.ui.monocle.RunnableProcessor.run(RunnableProcessor.java:51)
	at java.base/java.lang.Thread.run(Thread.java:1583)
Caused by: java.lang.reflect.InvocationTargetException: null
	at java.base/jdk.internal.reflect.DirectMethodHandleAccessor.invoke(DirectMethodHandleAccessor.java:118)
	at java.base/java.lang.reflect.Method.invoke(Method.java:580)
	at simplefx.util.ReflectionUtil$UseReflection.applyDynamic(ReflectionUtil.scala:21)
	at com.sun.glass.ui.monocle.input.fork.NativeMouseInput.notifyMouse(NativeMouseInput.scala:330)
	at com.sun.glass.ui.monocle.input.fork.NativeMouseInput.postMouseEvent(NativeMouseInput.scala:226)
	at com.sun.glass.ui.monocle.input.fork.NativeMouseInput.setState(NativeMouseInput.scala:186)
	at java.base/jdk.internal.reflect.DirectMethodHandleAccessor.invoke(DirectMethodHandleAccessor.java:103)
	... 15 common frames omitted
Caused by: java.lang.UnsupportedOperationException: null
	at com.sun.glass.ui.monocle.MonocleApplication.staticCommonDialogs_showFileChooser(MonocleApplication.java:273)
	at com.sun.glass.ui.CommonDialogs.showFileChooser(CommonDialogs.java:213)
	at com.sun.javafx.tk.quantum.QuantumToolkit.showFileChooser(QuantumToolkit.java:1737)
	at javafx.stage.FileChooser.showDialog(FileChooser.java:396)
	at javafx.stage.FileChooser.showOpenDialog(FileChooser.java:331)
	at com.visualshop.controller.ShopController.openVisualSearch(ShopController.java:817)
	at com.visualshop.controller.ShopController.lambda$buildNavbar$6(ShopController.java:172)
	at com.sun.javafx.event.CompositeEventHandler.dispatchBubblingEvent(CompositeEventHandler.java:86)
	at com.sun.javafx.event.EventHandlerManager.dispatchBubblingEvent(EventHandlerManager.java:232)
	at com.sun.javafx.event.EventHandlerManager.dispatchBubblingEvent(EventHandlerManager.java:189)
	at com.sun.javafx.event.CompositeEventDispatcher.dispatchBubblingEvent(CompositeEventDispatcher.java:59)
	at com.sun.javafx.event.BasicEventDispatcher.dispatchEvent(BasicEventDispatcher.java:58)
	at com.sun.javafx.event.EventDispatchChainImpl.dispatchEvent(EventDispatchChainImpl.java:114)
	at com.sun.javafx.event.BasicEventDispatcher.dispatchEvent(BasicEventDispatcher.java:56)
	at com.sun.javafx.event.EventDispatchChainImpl.dispatchEvent(EventDispatchChainImpl.java:114)
	at com.sun.javafx.event.BasicEventDispatcher.dispatchEvent(BasicEventDispatcher.java:56)
	at com.sun.javafx.event.EventDispatchChainImpl.dispatchEvent(EventDispatchChainImpl.java:114)
	at com.sun.javafx.event.EventUtil.fireEventImpl(EventUtil.java:74)
	at com.sun.javafx.event.EventUtil.fireEvent(EventUtil.java:49)
	at javafx.event.Event.fireEvent(Event.java:198)
	at javafx.scene.Node.fireEvent(Node.java:8917)
	at javafx.scene.control.Button.fire(Button.java:203)
	at com.sun.javafx.scene.control.behavior.ButtonBehavior.mouseReleased(ButtonBehavior.java:207)
	at com.sun.javafx.scene.control.inputmap.InputMap.handle(InputMap.java:274)
	at com.sun.javafx.event.CompositeEventHandler$NormalEventHandlerRecord.handleBubblingEvent(CompositeEventHandler.java:247)
	at com.sun.javafx.event.CompositeEventHandler.dispatchBubblingEvent(CompositeEventHandler.java:80)
	at com.sun.javafx.event.EventHandlerManager.dispatchBubblingEvent(EventHandlerManager.java:232)
	at com.sun.javafx.event.EventHandlerManager.dispatchBubblingEvent(EventHandlerManager.java:189)
	at com.sun.javafx.event.CompositeEventDispatcher.dispatchBubblingEvent(CompositeEventDispatcher.java:59)
	at com.sun.javafx.event.BasicEventDispatcher.dispatchEvent(BasicEventDispatcher.java:58)
	at com.sun.javafx.event.EventDispatchChainImpl.dispatchEvent(EventDispatchChainImpl.java:114)
	at com.sun.javafx.event.BasicEventDispatcher.dispatchEvent(BasicEventDispatcher.java:56)
	at com.sun.javafx.event.EventDispatchChainImpl.dispatchEvent(EventDispatchChainImpl.java:114)
	at com.sun.javafx.event.BasicEventDispatcher.dispatchEvent(BasicEventDispatcher.java:56)
	at com.sun.javafx.event.EventDispatchChainImpl.dispatchEvent(EventDispatchChainImpl.java:114)
	at com.sun.javafx.event.EventUtil.fireEventImpl(EventUtil.java:74)
	at com.sun.javafx.event.EventUtil.fireEvent(EventUtil.java:54)
	at javafx.event.Event.fireEvent(Event.java:198)
	at javafx.scene.Scene$MouseHandler.process(Scene.java:4033)
	at javafx.scene.Scene.processMouseEvent(Scene.java:1933)
	at javafx.scene.Scene$ScenePeerListener.mouseEvent(Scene.java:2757)
	at com.sun.javafx.tk.quantum.GlassViewEventHandler$MouseEventNotification.run(GlassViewEventHandler.java:411)
	at com.sun.javafx.tk.quantum.GlassViewEventHandler$MouseEventNotification.run(GlassViewEventHandler.java:301)
	at java.base/java.security.AccessController.doPrivileged(AccessController.java:400)
	at com.sun.javafx.tk.quantum.GlassViewEventHandler.lambda$handleMouseEvent$2(GlassViewEventHandler.java:450)
	at com.sun.javafx.tk.quantum.QuantumToolkit.runWithoutRenderLock(QuantumToolkit.java:436)
	at com.sun.javafx.tk.quantum.GlassViewEventHandler.handleMouseEvent(GlassViewEventHandler.java:449)
	at com.sun.glass.ui.View.handleMouseEvent(View.java:551)
	at com.sun.glass.ui.View.notifyMouse(View.java:937)
	at com.sun.glass.ui.monocle.MonocleView.notifyMouse(MonocleView.java:116)
	at java.base/jdk.internal.reflect.DirectMethodHandleAccessor.invoke(DirectMethodHandleAccessor.java:103)
	... 21 common frames omitted
2026-04-09 21:13:44,764 [ERROR] from com.jpro.meta.tk.SceneInputListener in JavaFX Application Thread - Error while processing the input: MouseEventToken(MouseReleased,260.0,29.600000381469727,MouseButtonToken(3),false,false,false,false,false,false,false,false) app: stage title: Visual Product Discovery & Shopping Management System
java.lang.reflect.InvocationTargetException: null
	at java.base/jdk.internal.reflect.DirectMethodHandleAccessor.invoke(DirectMethodHandleAccessor.java:118)
	at java.base/java.lang.reflect.Method.invoke(Method.java:580)
	at simplefx.util.ReflectionUtil$UseReflection.applyDynamic(ReflectionUtil.scala:21)
	at com.jpro.meta.tk.SceneInputListener.processInputInScene(SceneInputListener.scala:304)
	at com.jpro.meta.tk.SceneInputListener.processInput(SceneInputListener.scala:203)
	at com.jpro.meta.tk.SceneInputListener.processInputs(SceneInputListener.scala:133)
	at com.jpro.meta.tk.SceneInputListener.processOrRequest(SceneInputListener.scala:41)
	at com.jpro.meta.tk.SceneInputListener.$anonfun$new$4(SceneInputListener.scala:59)
	at scala.runtime.java8.JFunction0$mcV$sp.apply(JFunction0$mcV$sp.java:23)
	at simplefx.cores.standard.parts.CoreTimeEvent$$anon$3.run(CoreTimeEvent.scala:62)
	at com.sun.javafx.application.PlatformImpl.lambda$runLater$10(PlatformImpl.java:457)
	at java.base/java.security.AccessController.doPrivileged(AccessController.java:400)
	at com.sun.javafx.application.PlatformImpl.lambda$runLater$11(PlatformImpl.java:456)
	at com.sun.glass.ui.monocle.RunnableProcessor.runLoop(RunnableProcessor.java:92)
	at com.sun.glass.ui.monocle.RunnableProcessor.run(RunnableProcessor.java:51)
	at java.base/java.lang.Thread.run(Thread.java:1583)
Caused by: java.lang.reflect.InvocationTargetException: null
	at java.base/jdk.internal.reflect.DirectMethodHandleAccessor.invoke(DirectMethodHandleAccessor.java:118)
	at java.base/java.lang.reflect.Method.invoke(Method.java:580)
	at simplefx.util.ReflectionUtil$UseReflection.applyDynamic(ReflectionUtil.scala:21)
	at com.sun.glass.ui.monocle.input.fork.NativeMouseInput.notifyMouse(NativeMouseInput.scala:330)
	at com.sun.glass.ui.monocle.input.fork.NativeMouseInput.postMouseEvent(NativeMouseInput.scala:226)
	at com.sun.glass.ui.monocle.input.fork.NativeMouseInput.setState(NativeMouseInput.scala:186)
	at java.base/jdk.internal.reflect.DirectMethodHandleAccessor.invoke(DirectMethodHandleAccessor.java:103)
	... 15 common frames omitted
Caused by: java.lang.UnsupportedOperationException: null
	at com.sun.glass.ui.monocle.MonocleApplication.staticCommonDialogs_showFileChooser(MonocleApplication.java:273)
	at com.sun.glass.ui.CommonDialogs.showFileChooser(CommonDialogs.java:213)
	at com.sun.javafx.tk.quantum.QuantumToolkit.showFileChooser(QuantumToolkit.java:1737)
	at javafx.stage.FileChooser.showDialog(FileChooser.java:396)
	at javafx.stage.FileChooser.showOpenDialog(FileChooser.java:331)
	at com.visualshop.controller.ShopController.openVisualSearch(ShopController.java:817)
	at com.visualshop.controller.ShopController.lambda$buildNavbar$6(ShopController.java:172)
	at com.sun.javafx.event.CompositeEventHandler.dispatchBubblingEvent(CompositeEventHandler.java:86)
	at com.sun.javafx.event.EventHandlerManager.dispatchBubblingEvent(EventHandlerManager.java:232)
	at com.sun.javafx.event.EventHandlerManager.dispatchBubblingEvent(EventHandlerManager.java:189)
	at com.sun.javafx.event.CompositeEventDispatcher.dispatchBubblingEvent(CompositeEventDispatcher.java:59)
	at com.sun.javafx.event.BasicEventDispatcher.dispatchEvent(BasicEventDispatcher.java:58)
	at com.sun.javafx.event.EventDispatchChainImpl.dispatchEvent(EventDispatchChainImpl.java:114)
	at com.sun.javafx.event.BasicEventDispatcher.dispatchEvent(BasicEventDispatcher.java:56)
	at com.sun.javafx.event.EventDispatchChainImpl.dispatchEvent(EventDispatchChainImpl.java:114)
	at com.sun.javafx.event.BasicEventDispatcher.dispatchEvent(BasicEventDispatcher.java:56)
	at com.sun.javafx.event.EventDispatchChainImpl.dispatchEvent(EventDispatchChainImpl.java:114)
	at com.sun.javafx.event.EventUtil.fireEventImpl(EventUtil.java:74)
	at com.sun.javafx.event.EventUtil.fireEvent(EventUtil.java:49)
	at javafx.event.Event.fireEvent(Event.java:198)
	at javafx.scene.Node.fireEvent(Node.java:8917)
	at javafx.scene.control.Button.fire(Button.java:203)
	at com.sun.javafx.scene.control.behavior.ButtonBehavior.mouseReleased(ButtonBehavior.java:207)
	at com.sun.javafx.scene.control.inputmap.InputMap.handle(InputMap.java:274)
	at com.sun.javafx.event.CompositeEventHandler$NormalEventHandlerRecord.handleBubblingEvent(CompositeEventHandler.java:247)
	at com.sun.javafx.event.CompositeEventHandler.dispatchBubblingEvent(CompositeEventHandler.java:80)
	at com.sun.javafx.event.EventHandlerManager.dispatchBubblingEvent(EventHandlerManager.java:232)
	at com.sun.javafx.event.EventHandlerManager.dispatchBubblingEvent(EventHandlerManager.java:189)
	at com.sun.javafx.event.CompositeEventDispatcher.dispatchBubblingEvent(CompositeEventDispatcher.java:59)
	at com.sun.javafx.event.BasicEventDispatcher.dispatchEvent(BasicEventDispatcher.java:58)
	at com.sun.javafx.event.EventDispatchChainImpl.dispatchEvent(EventDispatchChainImpl.java:114)
	at com.sun.javafx.event.BasicEventDispatcher.dispatchEvent(BasicEventDispatcher.java:56)
	at com.sun.javafx.event.EventDispatchChainImpl.dispatchEvent(EventDispatchChainImpl.java:114)
	at com.sun.javafx.event.BasicEventDispatcher.dispatchEvent(BasicEventDispatcher.java:56)
	at com.sun.javafx.event.EventDispatchChainImpl.dispatchEvent(EventDispatchChainImpl.java:114)
	at com.sun.javafx.event.EventUtil.fireEventImpl(EventUtil.java:74)
	at com.sun.javafx.event.EventUtil.fireEvent(EventUtil.java:54)
	at javafx.event.Event.fireEvent(Event.java:198)
	at javafx.scene.Scene$MouseHandler.process(Scene.java:4033)
	at javafx.scene.Scene.processMouseEvent(Scene.java:1933)
	at javafx.scene.Scene$ScenePeerListener.mouseEvent(Scene.java:2757)
	at com.sun.javafx.tk.quantum.GlassViewEventHandler$MouseEventNotification.run(GlassViewEventHandler.java:411)
	at com.sun.javafx.tk.quantum.GlassViewEventHandler$MouseEventNotification.run(GlassViewEventHandler.java:301)
	at java.base/java.security.AccessController.doPrivileged(AccessController.java:400)
	at com.sun.javafx.tk.quantum.GlassViewEventHandler.lambda$handleMouseEvent$2(GlassViewEventHandler.java:450)
	at com.sun.javafx.tk.quantum.QuantumToolkit.runWithoutRenderLock(QuantumToolkit.java:436)
	at com.sun.javafx.tk.quantum.GlassViewEventHandler.handleMouseEvent(GlassViewEventHandler.java:449)
	at com.sun.glass.ui.View.handleMouseEvent(View.java:551)
	at com.sun.glass.ui.View.notifyMouse(View.java:937)
	at com.sun.glass.ui.monocle.MonocleView.notifyMouse(MonocleView.java:116)
	at java.base/jdk.internal.reflect.DirectMethodHandleAccessor.invoke(DirectMethodHandleAccessor.java:103)
	... 21 common frames omitted
2026-04-09 21:13:45,000 [ERROR] from com.jpro.meta.tk.SceneInputListener in JavaFX Application Thread - Error while processing the input: MouseEventToken(MouseMoved,275.20001220703125,32.79999923706055,MouseButtonToken(2),false,false,false,false,false,false,false,false) app: stage title: Visual Product Discovery & Shopping Management System
java.lang.reflect.InvocationTargetException: null
	at java.base/jdk.internal.reflect.DirectMethodHandleAccessor.invoke(DirectMethodHandleAccessor.java:118)
	at java.base/java.lang.reflect.Method.invoke(Method.java:580)
	at simplefx.util.ReflectionUtil$UseReflection.applyDynamic(ReflectionUtil.scala:21)
	at com.jpro.meta.tk.SceneInputListener.processInputInScene(SceneInputListener.scala:304)
	at com.jpro.meta.tk.SceneInputListener.processInput(SceneInputListener.scala:206)
	at com.jpro.meta.tk.SceneInputListener.processInputs(SceneInputListener.scala:133)
	at com.jpro.meta.tk.SceneInputListener.processOrRequest(SceneInputListener.scala:41)
	at com.jpro.meta.tk.SceneInputListener.$anonfun$new$4(SceneInputListener.scala:59)
	at scala.runtime.java8.JFunction0$mcV$sp.apply(JFunction0$mcV$sp.java:23)
	at simplefx.cores.standard.parts.CoreTimeEvent$$anon$3.run(CoreTimeEvent.scala:62)
	at com.sun.javafx.application.PlatformImpl.lambda$runLater$10(PlatformImpl.java:457)
	at java.base/java.security.AccessController.doPrivileged(AccessController.java:400)
	at com.sun.javafx.application.PlatformImpl.lambda$runLater$11(PlatformImpl.java:456)
	at com.sun.glass.ui.monocle.RunnableProcessor.runLoop(RunnableProcessor.java:92)
	at com.sun.glass.ui.monocle.RunnableProcessor.run(RunnableProcessor.java:51)
	at java.base/java.lang.Thread.run(Thread.java:1583)
Caused by: java.lang.reflect.InvocationTargetException: null
	at java.base/jdk.internal.reflect.DirectMethodHandleAccessor.invoke(DirectMethodHandleAccessor.java:118)
	at java.base/java.lang.reflect.Method.invoke(Method.java:580)
	at simplefx.util.ReflectionUtil$UseReflection.applyDynamic(ReflectionUtil.scala:21)
	at com.sun.glass.ui.monocle.input.fork.NativeMouseInput.notifyMouse(NativeMouseInput.scala:330)
	at com.sun.glass.ui.monocle.input.fork.NativeMouseInput.postMouseEvent(NativeMouseInput.scala:226)
	at com.sun.glass.ui.monocle.input.fork.NativeMouseInput.setState(NativeMouseInput.scala:186)
	at java.base/jdk.internal.reflect.DirectMethodHandleAccessor.invoke(DirectMethodHandleAccessor.java:103)
	... 15 common frames omitted
Caused by: java.lang.UnsupportedOperationException: null
	at com.sun.glass.ui.monocle.MonocleApplication.staticCommonDialogs_showFileChooser(MonocleApplication.java:273)
	at com.sun.glass.ui.CommonDialogs.showFileChooser(CommonDialogs.java:213)
	at com.sun.javafx.tk.quantum.QuantumToolkit.showFileChooser(QuantumToolkit.java:1737)
	at javafx.stage.FileChooser.showDialog(FileChooser.java:396)
	at javafx.stage.FileChooser.showOpenDialog(FileChooser.java:331)
	at com.visualshop.controller.ShopController.openVisualSearch(ShopController.java:817)
	at com.visualshop.controller.ShopController.lambda$buildNavbar$6(ShopController.java:172)
	at com.sun.javafx.event.CompositeEventHandler.dispatchBubblingEvent(CompositeEventHandler.java:86)
	at com.sun.javafx.event.EventHandlerManager.dispatchBubblingEvent(EventHandlerManager.java:232)
	at com.sun.javafx.event.EventHandlerManager.dispatchBubblingEvent(EventHandlerManager.java:189)
	at com.sun.javafx.event.CompositeEventDispatcher.dispatchBubblingEvent(CompositeEventDispatcher.java:59)
	at com.sun.javafx.event.BasicEventDispatcher.dispatchEvent(BasicEventDispatcher.java:58)
	at com.sun.javafx.event.EventDispatchChainImpl.dispatchEvent(EventDispatchChainImpl.java:114)
	at com.sun.javafx.event.BasicEventDispatcher.dispatchEvent(BasicEventDispatcher.java:56)
	at com.sun.javafx.event.EventDispatchChainImpl.dispatchEvent(EventDispatchChainImpl.java:114)
	at com.sun.javafx.event.BasicEventDispatcher.dispatchEvent(BasicEventDispatcher.java:56)
	at com.sun.javafx.event.EventDispatchChainImpl.dispatchEvent(EventDispatchChainImpl.java:114)
	at com.sun.javafx.event.EventUtil.fireEventImpl(EventUtil.java:74)
	at com.sun.javafx.event.EventUtil.fireEvent(EventUtil.java:49)
	at javafx.event.Event.fireEvent(Event.java:198)
	at javafx.scene.Node.fireEvent(Node.java:8917)
	at javafx.scene.control.Button.fire(Button.java:203)
	at com.sun.javafx.scene.control.behavior.ButtonBehavior.mouseReleased(ButtonBehavior.java:207)
	at com.sun.javafx.scene.control.inputmap.InputMap.handle(InputMap.java:274)
	at com.sun.javafx.event.CompositeEventHandler$NormalEventHandlerRecord.handleBubblingEvent(CompositeEventHandler.java:247)
	at com.sun.javafx.event.CompositeEventHandler.dispatchBubblingEvent(CompositeEventHandler.java:80)
	at com.sun.javafx.event.EventHandlerManager.dispatchBubblingEvent(EventHandlerManager.java:232)
	at com.sun.javafx.event.EventHandlerManager.dispatchBubblingEvent(EventHandlerManager.java:189)
	at com.sun.javafx.event.CompositeEventDispatcher.dispatchBubblingEvent(CompositeEventDispatcher.java:59)
	at com.sun.javafx.event.BasicEventDispatcher.dispatchEvent(BasicEventDispatcher.java:58)
	at com.sun.javafx.event.EventDispatchChainImpl.dispatchEvent(EventDispatchChainImpl.java:114)
	at com.sun.javafx.event.BasicEventDispatcher.dispatchEvent(BasicEventDispatcher.java:56)
	at com.sun.javafx.event.EventDispatchChainImpl.dispatchEvent(EventDispatchChainImpl.java:114)
	at com.sun.javafx.event.BasicEventDispatcher.dispatchEvent(BasicEventDispatcher.java:56)
	at com.sun.javafx.event.EventDispatchChainImpl.dispatchEvent(EventDispatchChainImpl.java:114)
	at com.sun.javafx.event.EventUtil.fireEventImpl(EventUtil.java:74)
	at com.sun.javafx.event.EventUtil.fireEvent(EventUtil.java:54)
	at javafx.event.Event.fireEvent(Event.java:198)
	at javafx.scene.Scene$MouseHandler.process(Scene.java:4033)
	at javafx.scene.Scene.processMouseEvent(Scene.java:1933)
	at javafx.scene.Scene$ScenePeerListener.mouseEvent(Scene.java:2757)
	at com.sun.javafx.tk.quantum.GlassViewEventHandler$MouseEventNotification.run(GlassViewEventHandler.java:411)
	at com.sun.javafx.tk.quantum.GlassViewEventHandler$MouseEventNotification.run(GlassViewEventHandler.java:301)
	at java.base/java.security.AccessController.doPrivileged(AccessController.java:400)
	at com.sun.javafx.tk.quantum.GlassViewEventHandler.lambda$handleMouseEvent$2(GlassViewEventHandler.java:450)
	at com.sun.javafx.tk.quantum.QuantumToolkit.runWithoutRenderLock(QuantumToolkit.java:436)
	at com.sun.javafx.tk.quantum.GlassViewEventHandler.handleMouseEvent(GlassViewEventHandler.java:449)
	at com.sun.glass.ui.View.handleMouseEvent(View.java:551)
	at com.sun.glass.ui.View.notifyMouse(View.java:937)
	at com.sun.glass.ui.monocle.MonocleView.notifyMouse(MonocleView.java:116)
	at java.base/jdk.internal.reflect.DirectMethodHandleAccessor.invoke(DirectMethodHandleAccessor.java:103)
	... 21 common frames omitted
2026-04-09 21:13:48,836 [ERROR] from com.jpro.meta.tk.SceneInputListener in JavaFX Application Thread - Error while processing the input: MouseEventToken(MouseReleased,258.3999938964844,32.79999923706055,MouseButtonToken(3),false,false,false,false,false,false,false,false) app: stage title: Visual Product Discovery & Shopping Management System
java.lang.reflect.InvocationTargetException: null
	at java.base/jdk.internal.reflect.DirectMethodHandleAccessor.invoke(DirectMethodHandleAccessor.java:118)
	at java.base/java.lang.reflect.Method.invoke(Method.java:580)
	at simplefx.util.ReflectionUtil$UseReflection.applyDynamic(ReflectionUtil.scala:21)
	at com.jpro.meta.tk.SceneInputListener.processInputInScene(SceneInputListener.scala:304)
	at com.jpro.meta.tk.SceneInputListener.processInput(SceneInputListener.scala:203)
	at com.jpro.meta.tk.SceneInputListener.processInputs(SceneInputListener.scala:133)
	at com.jpro.meta.tk.SceneInputListener.processOrRequest(SceneInputListener.scala:41)
	at com.jpro.meta.tk.SceneInputListener.$anonfun$new$4(SceneInputListener.scala:59)
	at scala.runtime.java8.JFunction0$mcV$sp.apply(JFunction0$mcV$sp.java:23)
	at simplefx.cores.standard.parts.CoreTimeEvent$$anon$3.run(CoreTimeEvent.scala:62)
	at com.sun.javafx.application.PlatformImpl.lambda$runLater$10(PlatformImpl.java:457)
	at java.base/java.security.AccessController.doPrivileged(AccessController.java:400)
	at com.sun.javafx.application.PlatformImpl.lambda$runLater$11(PlatformImpl.java:456)
	at com.sun.glass.ui.monocle.RunnableProcessor.runLoop(RunnableProcessor.java:92)
	at com.sun.glass.ui.monocle.RunnableProcessor.run(RunnableProcessor.java:51)
	at java.base/java.lang.Thread.run(Thread.java:1583)
Caused by: java.lang.reflect.InvocationTargetException: null
	at java.base/jdk.internal.reflect.DirectMethodHandleAccessor.invoke(DirectMethodHandleAccessor.java:118)
	at java.base/java.lang.reflect.Method.invoke(Method.java:580)
	at simplefx.util.ReflectionUtil$UseReflection.applyDynamic(ReflectionUtil.scala:21)
	at com.sun.glass.ui.monocle.input.fork.NativeMouseInput.notifyMouse(NativeMouseInput.scala:330)
	at com.sun.glass.ui.monocle.input.fork.NativeMouseInput.postMouseEvent(NativeMouseInput.scala:226)
	at com.sun.glass.ui.monocle.input.fork.NativeMouseInput.setState(NativeMouseInput.scala:186)
	at java.base/jdk.internal.reflect.DirectMethodHandleAccessor.invoke(DirectMethodHandleAccessor.java:103)
	... 15 common frames omitted
Caused by: java.lang.UnsupportedOperationException: null
	at com.sun.glass.ui.monocle.MonocleApplication.staticCommonDialogs_showFileChooser(MonocleApplication.java:273)
	at com.sun.glass.ui.CommonDialogs.showFileChooser(CommonDialogs.java:213)
	at com.sun.javafx.tk.quantum.QuantumToolkit.showFileChooser(QuantumToolkit.java:1737)
	at javafx.stage.FileChooser.showDialog(FileChooser.java:396)
	at javafx.stage.FileChooser.showOpenDialog(FileChooser.java:331)
	at com.visualshop.controller.ShopController.openVisualSearch(ShopController.java:817)
	at com.visualshop.controller.ShopController.lambda$buildNavbar$6(ShopController.java:172)
	at com.sun.javafx.event.CompositeEventHandler.dispatchBubblingEvent(CompositeEventHandler.java:86)
	at com.sun.javafx.event.EventHandlerManager.dispatchBubblingEvent(EventHandlerManager.java:232)
	at com.sun.javafx.event.EventHandlerManager.dispatchBubblingEvent(EventHandlerManager.java:189)
	at com.sun.javafx.event.CompositeEventDispatcher.dispatchBubblingEvent(CompositeEventDispatcher.java:59)
	at com.sun.javafx.event.BasicEventDispatcher.dispatchEvent(BasicEventDispatcher.java:58)
	at com.sun.javafx.event.EventDispatchChainImpl.dispatchEvent(EventDispatchChainImpl.java:114)
	at com.sun.javafx.event.BasicEventDispatcher.dispatchEvent(BasicEventDispatcher.java:56)
	at com.sun.javafx.event.EventDispatchChainImpl.dispatchEvent(EventDispatchChainImpl.java:114)
	at com.sun.javafx.event.BasicEventDispatcher.dispatchEvent(BasicEventDispatcher.java:56)
	at com.sun.javafx.event.EventDispatchChainImpl.dispatchEvent(EventDispatchChainImpl.java:114)
	at com.sun.javafx.event.EventUtil.fireEventImpl(EventUtil.java:74)
	at com.sun.javafx.event.EventUtil.fireEvent(EventUtil.java:49)
	at javafx.event.Event.fireEvent(Event.java:198)
	at javafx.scene.Node.fireEvent(Node.java:8917)
	at javafx.scene.control.Button.fire(Button.java:203)
	at com.sun.javafx.scene.control.behavior.ButtonBehavior.mouseReleased(ButtonBehavior.java:207)
	at com.sun.javafx.scene.control.inputmap.InputMap.handle(InputMap.java:274)
	at com.sun.javafx.event.CompositeEventHandler$NormalEventHandlerRecord.handleBubblingEvent(CompositeEventHandler.java:247)
	at com.sun.javafx.event.CompositeEventHandler.dispatchBubblingEvent(CompositeEventHandler.java:80)
	at com.sun.javafx.event.EventHandlerManager.dispatchBubblingEvent(EventHandlerManager.java:232)
	at com.sun.javafx.event.EventHandlerManager.dispatchBubblingEvent(EventHandlerManager.java:189)
	at com.sun.javafx.event.CompositeEventDispatcher.dispatchBubblingEvent(CompositeEventDispatcher.java:59)
	at com.sun.javafx.event.BasicEventDispatcher.dispatchEvent(BasicEventDispatcher.java:58)
	at com.sun.javafx.event.EventDispatchChainImpl.dispatchEvent(EventDispatchChainImpl.java:114)
	at com.sun.javafx.event.BasicEventDispatcher.dispatchEvent(BasicEventDispatcher.java:56)
	at com.sun.javafx.event.EventDispatchChainImpl.dispatchEvent(EventDispatchChainImpl.java:114)
	at com.sun.javafx.event.BasicEventDispatcher.dispatchEvent(BasicEventDispatcher.java:56)
	at com.sun.javafx.event.EventDispatchChainImpl.dispatchEvent(EventDispatchChainImpl.java:114)
	at com.sun.javafx.event.EventUtil.fireEventImpl(EventUtil.java:74)
	at com.sun.javafx.event.EventUtil.fireEvent(EventUtil.java:54)
	at javafx.event.Event.fireEvent(Event.java:198)
	at javafx.scene.Scene$MouseHandler.process(Scene.java:4033)
	at javafx.scene.Scene.processMouseEvent(Scene.java:1933)
	at javafx.scene.Scene$ScenePeerListener.mouseEvent(Scene.java:2757)
	at com.sun.javafx.tk.quantum.GlassViewEventHandler$MouseEventNotification.run(GlassViewEventHandler.java:411)
	at com.sun.javafx.tk.quantum.GlassViewEventHandler$MouseEventNotification.run(GlassViewEventHandler.java:301)
	at java.base/java.security.AccessController.doPrivileged(AccessController.java:400)
	at com.sun.javafx.tk.quantum.GlassViewEventHandler.lambda$handleMouseEvent$2(GlassViewEventHandler.java:450)
	at com.sun.javafx.tk.quantum.QuantumToolkit.runWithoutRenderLock(QuantumToolkit.java:436)
	at com.sun.javafx.tk.quantum.GlassViewEventHandler.handleMouseEvent(GlassViewEventHandler.java:449)
	at com.sun.glass.ui.View.handleMouseEvent(View.java:551)
	at com.sun.glass.ui.View.notifyMouse(View.java:937)
	at com.sun.glass.ui.monocle.MonocleView.notifyMouse(MonocleView.java:116)
	at java.base/jdk.internal.reflect.DirectMethodHandleAccessor.invoke(DirectMethodHandleAccessor.java:103)
	... 21 common frames omitted
2026-04-09 21:13:49,407 [ERROR] from com.jpro.meta.tk.SceneInputListener in JavaFX Application Thread - Error while processing the input: MouseEventToken(MouseReleased,258.3999938964844,32.79999923706055,MouseButtonToken(3),false,false,false,false,false,false,false,false) app: stage title: Visual Product Discovery & Shopping Management System
java.lang.reflect.InvocationTargetException: null
	at java.base/jdk.internal.reflect.DirectMethodHandleAccessor.invoke(DirectMethodHandleAccessor.java:118)
	at java.base/java.lang.reflect.Method.invoke(Method.java:580)
	at simplefx.util.ReflectionUtil$UseReflection.applyDynamic(ReflectionUtil.scala:21)
	at com.jpro.meta.tk.SceneInputListener.processInputInScene(SceneInputListener.scala:304)
	at com.jpro.meta.tk.SceneInputListener.processInput(SceneInputListener.scala:203)
	at com.jpro.meta.tk.SceneInputListener.processInputs(SceneInputListener.scala:133)
	at com.jpro.meta.tk.SceneInputListener.processOrRequest(SceneInputListener.scala:41)
	at com.jpro.meta.tk.SceneInputListener.$anonfun$new$4(SceneInputListener.scala:59)
	at scala.runtime.java8.JFunction0$mcV$sp.apply(JFunction0$mcV$sp.java:23)
	at simplefx.cores.standard.parts.CoreTimeEvent$$anon$3.run(CoreTimeEvent.scala:62)
	at com.sun.javafx.application.PlatformImpl.lambda$runLater$10(PlatformImpl.java:457)
	at java.base/java.security.AccessController.doPrivileged(AccessController.java:400)
	at com.sun.javafx.application.PlatformImpl.lambda$runLater$11(PlatformImpl.java:456)
	at com.sun.glass.ui.monocle.RunnableProcessor.runLoop(RunnableProcessor.java:92)
	at com.sun.glass.ui.monocle.RunnableProcessor.run(RunnableProcessor.java:51)
	at java.base/java.lang.Thread.run(Thread.java:1583)
Caused by: java.lang.reflect.InvocationTargetException: null
	at java.base/jdk.internal.reflect.DirectMethodHandleAccessor.invoke(DirectMethodHandleAccessor.java:118)
	at java.base/java.lang.reflect.Method.invoke(Method.java:580)
	at simplefx.util.ReflectionUtil$UseReflection.applyDynamic(ReflectionUtil.scala:21)
	at com.sun.glass.ui.monocle.input.fork.NativeMouseInput.notifyMouse(NativeMouseInput.scala:330)
	at com.sun.glass.ui.monocle.input.fork.NativeMouseInput.postMouseEvent(NativeMouseInput.scala:226)
	at com.sun.glass.ui.monocle.input.fork.NativeMouseInput.setState(NativeMouseInput.scala:186)
	at java.base/jdk.internal.reflect.DirectMethodHandleAccessor.invoke(DirectMethodHandleAccessor.java:103)
	... 15 common frames omitted
Caused by: java.lang.UnsupportedOperationException: null
	at com.sun.glass.ui.monocle.MonocleApplication.staticCommonDialogs_showFileChooser(MonocleApplication.java:273)
	at com.sun.glass.ui.CommonDialogs.showFileChooser(CommonDialogs.java:213)
	at com.sun.javafx.tk.quantum.QuantumToolkit.showFileChooser(QuantumToolkit.java:1737)
	at javafx.stage.FileChooser.showDialog(FileChooser.java:396)
	at javafx.stage.FileChooser.showOpenDialog(FileChooser.java:331)
	at com.visualshop.controller.ShopController.openVisualSearch(ShopController.java:817)
	at com.visualshop.controller.ShopController.lambda$buildNavbar$6(ShopController.java:172)
	at com.sun.javafx.event.CompositeEventHandler.dispatchBubblingEvent(CompositeEventHandler.java:86)
	at com.sun.javafx.event.EventHandlerManager.dispatchBubblingEvent(EventHandlerManager.java:232)
	at com.sun.javafx.event.EventHandlerManager.dispatchBubblingEvent(EventHandlerManager.java:189)
	at com.sun.javafx.event.CompositeEventDispatcher.dispatchBubblingEvent(CompositeEventDispatcher.java:59)
	at com.sun.javafx.event.BasicEventDispatcher.dispatchEvent(BasicEventDispatcher.java:58)
	at com.sun.javafx.event.EventDispatchChainImpl.dispatchEvent(EventDispatchChainImpl.java:114)
	at com.sun.javafx.event.BasicEventDispatcher.dispatchEvent(BasicEventDispatcher.java:56)
	at com.sun.javafx.event.EventDispatchChainImpl.dispatchEvent(EventDispatchChainImpl.java:114)
	at com.sun.javafx.event.BasicEventDispatcher.dispatchEvent(BasicEventDispatcher.java:56)
	at com.sun.javafx.event.EventDispatchChainImpl.dispatchEvent(EventDispatchChainImpl.java:114)
	at com.sun.javafx.event.EventUtil.fireEventImpl(EventUtil.java:74)
	at com.sun.javafx.event.EventUtil.fireEvent(EventUtil.java:49)
	at javafx.event.Event.fireEvent(Event.java:198)
	at javafx.scene.Node.fireEvent(Node.java:8917)
	at javafx.scene.control.Button.fire(Button.java:203)
	at com.sun.javafx.scene.control.behavior.ButtonBehavior.mouseReleased(ButtonBehavior.java:207)
	at com.sun.javafx.scene.control.inputmap.InputMap.handle(InputMap.java:274)
	at com.sun.javafx.event.CompositeEventHandler$NormalEventHandlerRecord.handleBubblingEvent(CompositeEventHandler.java:247)
	at com.sun.javafx.event.CompositeEventHandler.dispatchBubblingEvent(CompositeEventHandler.java:80)
	at com.sun.javafx.event.EventHandlerManager.dispatchBubblingEvent(EventHandlerManager.java:232)
	at com.sun.javafx.event.EventHandlerManager.dispatchBubblingEvent(EventHandlerManager.java:189)
	at com.sun.javafx.event.CompositeEventDispatcher.dispatchBubblingEvent(CompositeEventDispatcher.java:59)
	at com.sun.javafx.event.BasicEventDispatcher.dispatchEvent(BasicEventDispatcher.java:58)
	at com.sun.javafx.event.EventDispatchChainImpl.dispatchEvent(EventDispatchChainImpl.java:114)
	at com.sun.javafx.event.BasicEventDispatcher.dispatchEvent(BasicEventDispatcher.java:56)
	at com.sun.javafx.event.EventDispatchChainImpl.dispatchEvent(EventDispatchChainImpl.java:114)
	at com.sun.javafx.event.BasicEventDispatcher.dispatchEvent(BasicEventDispatcher.java:56)
	at com.sun.javafx.event.EventDispatchChainImpl.dispatchEvent(EventDispatchChainImpl.java:114)
	at com.sun.javafx.event.EventUtil.fireEventImpl(EventUtil.java:74)
	at com.sun.javafx.event.EventUtil.fireEvent(EventUtil.java:54)
	at javafx.event.Event.fireEvent(Event.java:198)
	at javafx.scene.Scene$MouseHandler.process(Scene.java:4033)
	at javafx.scene.Scene.processMouseEvent(Scene.java:1933)
	at javafx.scene.Scene$ScenePeerListener.mouseEvent(Scene.java:2757)
	at com.sun.javafx.tk.quantum.GlassViewEventHandler$MouseEventNotification.run(GlassViewEventHandler.java:411)
	at com.sun.javafx.tk.quantum.GlassViewEventHandler$MouseEventNotification.run(GlassViewEventHandler.java:301)
	at java.base/java.security.AccessController.doPrivileged(AccessController.java:400)
	at com.sun.javafx.tk.quantum.GlassViewEventHandler.lambda$handleMouseEvent$2(GlassViewEventHandler.java:450)
	at com.sun.javafx.tk.quantum.QuantumToolkit.runWithoutRenderLock(QuantumToolkit.java:436)
	at com.sun.javafx.tk.quantum.GlassViewEventHandler.handleMouseEvent(GlassViewEventHandler.java:449)
	at com.sun.glass.ui.View.handleMouseEvent(View.java:551)
	at com.sun.glass.ui.View.notifyMouse(View.java:937)
	at com.sun.glass.ui.monocle.MonocleView.notifyMouse(MonocleView.java:116)
	at java.base/jdk.internal.reflect.DirectMethodHandleAccessor.invoke(DirectMethodHandleAccessor.java:103)
	... 21 common frames omitted
2026-04-09 21:13:49,542 [ERROR] from com.jpro.meta.tk.SceneInputListener in JavaFX Application Thread - Error while processing the input: MouseEventToken(MouseReleased,258.3999938964844,32.79999923706055,MouseButtonToken(3),false,false,false,false,false,false,false,false) app: stage title: Visual Product Discovery & Shopping Management System
java.lang.reflect.InvocationTargetException: null
	at java.base/jdk.internal.reflect.DirectMethodHandleAccessor.invoke(DirectMethodHandleAccessor.java:118)
	at java.base/java.lang.reflect.Method.invoke(Method.java:580)
	at simplefx.util.ReflectionUtil$UseReflection.applyDynamic(ReflectionUtil.scala:21)
	at com.jpro.meta.tk.SceneInputListener.processInputInScene(SceneInputListener.scala:304)
	at com.jpro.meta.tk.SceneInputListener.processInput(SceneInputListener.scala:203)
	at com.jpro.meta.tk.SceneInputListener.processInputs(SceneInputListener.scala:133)
	at com.jpro.meta.tk.SceneInputListener.processOrRequest(SceneInputListener.scala:41)
	at com.jpro.meta.tk.SceneInputListener.$anonfun$new$4(SceneInputListener.scala:59)
	at scala.runtime.java8.JFunction0$mcV$sp.apply(JFunction0$mcV$sp.java:23)
	at simplefx.cores.standard.parts.CoreTimeEvent$$anon$3.run(CoreTimeEvent.scala:62)
	at com.sun.javafx.application.PlatformImpl.lambda$runLater$10(PlatformImpl.java:457)
	at java.base/java.security.AccessController.doPrivileged(AccessController.java:400)
	at com.sun.javafx.application.PlatformImpl.lambda$runLater$11(PlatformImpl.java:456)
	at com.sun.glass.ui.monocle.RunnableProcessor.runLoop(RunnableProcessor.java:92)
	at com.sun.glass.ui.monocle.RunnableProcessor.run(RunnableProcessor.java:51)
	at java.base/java.lang.Thread.run(Thread.java:1583)
Caused by: java.lang.reflect.InvocationTargetException: null
	at java.base/jdk.internal.reflect.DirectMethodHandleAccessor.invoke(DirectMethodHandleAccessor.java:118)
	at java.base/java.lang.reflect.Method.invoke(Method.java:580)
	at simplefx.util.ReflectionUtil$UseReflection.applyDynamic(ReflectionUtil.scala:21)
	at com.sun.glass.ui.monocle.input.fork.NativeMouseInput.notifyMouse(NativeMouseInput.scala:330)
	at com.sun.glass.ui.monocle.input.fork.NativeMouseInput.postMouseEvent(NativeMouseInput.scala:226)
	at com.sun.glass.ui.monocle.input.fork.NativeMouseInput.setState(NativeMouseInput.scala:186)
	at java.base/jdk.internal.reflect.DirectMethodHandleAccessor.invoke(DirectMethodHandleAccessor.java:103)
	... 15 common frames omitted
Caused by: java.lang.UnsupportedOperationException: null
	at com.sun.glass.ui.monocle.MonocleApplication.staticCommonDialogs_showFileChooser(MonocleApplication.java:273)
	at com.sun.glass.ui.CommonDialogs.showFileChooser(CommonDialogs.java:213)
	at com.sun.javafx.tk.quantum.QuantumToolkit.showFileChooser(QuantumToolkit.java:1737)
	at javafx.stage.FileChooser.showDialog(FileChooser.java:396)
	at javafx.stage.FileChooser.showOpenDialog(FileChooser.java:331)
	at com.visualshop.controller.ShopController.openVisualSearch(ShopController.java:817)
	at com.visualshop.controller.ShopController.lambda$buildNavbar$6(ShopController.java:172)
	at com.sun.javafx.event.CompositeEventHandler.dispatchBubblingEvent(CompositeEventHandler.java:86)
	at com.sun.javafx.event.EventHandlerManager.dispatchBubblingEvent(EventHandlerManager.java:232)
	at com.sun.javafx.event.EventHandlerManager.dispatchBubblingEvent(EventHandlerManager.java:189)
	at com.sun.javafx.event.CompositeEventDispatcher.dispatchBubblingEvent(CompositeEventDispatcher.java:59)
	at com.sun.javafx.event.BasicEventDispatcher.dispatchEvent(BasicEventDispatcher.java:58)
	at com.sun.javafx.event.EventDispatchChainImpl.dispatchEvent(EventDispatchChainImpl.java:114)
	at com.sun.javafx.event.BasicEventDispatcher.dispatchEvent(BasicEventDispatcher.java:56)
	at com.sun.javafx.event.EventDispatchChainImpl.dispatchEvent(EventDispatchChainImpl.java:114)
	at com.sun.javafx.event.BasicEventDispatcher.dispatchEvent(BasicEventDispatcher.java:56)
	at com.sun.javafx.event.EventDispatchChainImpl.dispatchEvent(EventDispatchChainImpl.java:114)
	at com.sun.javafx.event.EventUtil.fireEventImpl(EventUtil.java:74)
	at com.sun.javafx.event.EventUtil.fireEvent(EventUtil.java:49)
	at javafx.event.Event.fireEvent(Event.java:198)
	at javafx.scene.Node.fireEvent(Node.java:8917)
	at javafx.scene.control.Button.fire(Button.java:203)
	at com.sun.javafx.scene.control.behavior.ButtonBehavior.mouseReleased(ButtonBehavior.java:207)
	at com.sun.javafx.scene.control.inputmap.InputMap.handle(InputMap.java:274)
	at com.sun.javafx.event.CompositeEventHandler$NormalEventHandlerRecord.handleBubblingEvent(CompositeEventHandler.java:247)
	at com.sun.javafx.event.CompositeEventHandler.dispatchBubblingEvent(CompositeEventHandler.java:80)
	at com.sun.javafx.event.EventHandlerManager.dispatchBubblingEvent(EventHandlerManager.java:232)
	at com.sun.javafx.event.EventHandlerManager.dispatchBubblingEvent(EventHandlerManager.java:189)
	at com.sun.javafx.event.CompositeEventDispatcher.dispatchBubblingEvent(CompositeEventDispatcher.java:59)
	at com.sun.javafx.event.BasicEventDispatcher.dispatchEvent(BasicEventDispatcher.java:58)
	at com.sun.javafx.event.EventDispatchChainImpl.dispatchEvent(EventDispatchChainImpl.java:114)
	at com.sun.javafx.event.BasicEventDispatcher.dispatchEvent(BasicEventDispatcher.java:56)
	at com.sun.javafx.event.EventDispatchChainImpl.dispatchEvent(EventDispatchChainImpl.java:114)
	at com.sun.javafx.event.BasicEventDispatcher.dispatchEvent(BasicEventDispatcher.java:56)
	at com.sun.javafx.event.EventDispatchChainImpl.dispatchEvent(EventDispatchChainImpl.java:114)
	at com.sun.javafx.event.EventUtil.fireEventImpl(EventUtil.java:74)
	at com.sun.javafx.event.EventUtil.fireEvent(EventUtil.java:54)
	at javafx.event.Event.fireEvent(Event.java:198)
	at javafx.scene.Scene$MouseHandler.process(Scene.java:4033)
	at javafx.scene.Scene.processMouseEvent(Scene.java:1933)
	at javafx.scene.Scene$ScenePeerListener.mouseEvent(Scene.java:2757)
	at com.sun.javafx.tk.quantum.GlassViewEventHandler$MouseEventNotification.run(GlassViewEventHandler.java:411)
	at com.sun.javafx.tk.quantum.GlassViewEventHandler$MouseEventNotification.run(GlassViewEventHandler.java:301)
	at java.base/java.security.AccessController.doPrivileged(AccessController.java:400)
	at com.sun.javafx.tk.quantum.GlassViewEventHandler.lambda$handleMouseEvent$2(GlassViewEventHandler.java:450)
	at com.sun.javafx.tk.quantum.QuantumToolkit.runWithoutRenderLock(QuantumToolkit.java:436)
	at com.sun.javafx.tk.quantum.GlassViewEventHandler.handleMouseEvent(GlassViewEventHandler.java:449)
	at com.sun.glass.ui.View.handleMouseEvent(View.java:551)
	at com.sun.glass.ui.View.notifyMouse(View.java:937)
	at com.sun.glass.ui.monocle.MonocleView.notifyMouse(MonocleView.java:116)
	at java.base/jdk.internal.reflect.DirectMethodHandleAccessor.invoke(DirectMethodHandleAccessor.java:103)
	... 21 common frames omitted
2026-04-09 21:13:49,768 [ERROR] from com.jpro.meta.tk.SceneInputListener in JavaFX Application Thread - Error while processing the input: MouseEventToken(MouseReleased,258.3999938964844,32.79999923706055,MouseButtonToken(3),false,false,false,false,false,false,false,false) app: stage title: Visual Product Discovery & Shopping Management System
java.lang.reflect.InvocationTargetException: null
	at java.base/jdk.internal.reflect.DirectMethodHandleAccessor.invoke(DirectMethodHandleAccessor.java:118)
	at java.base/java.lang.reflect.Method.invoke(Method.java:580)
	at simplefx.util.ReflectionUtil$UseReflection.applyDynamic(ReflectionUtil.scala:21)
	at com.jpro.meta.tk.SceneInputListener.processInputInScene(SceneInputListener.scala:304)
	at com.jpro.meta.tk.SceneInputListener.processInput(SceneInputListener.scala:203)
	at com.jpro.meta.tk.SceneInputListener.processInputs(SceneInputListener.scala:133)
	at com.jpro.meta.tk.SceneInputListener.processOrRequest(SceneInputListener.scala:41)
	at com.jpro.meta.tk.SceneInputListener.$anonfun$new$4(SceneInputListener.scala:59)
	at scala.runtime.java8.JFunction0$mcV$sp.apply(JFunction0$mcV$sp.java:23)
	at simplefx.cores.standard.parts.CoreTimeEvent$$anon$3.run(CoreTimeEvent.scala:62)
	at com.sun.javafx.application.PlatformImpl.lambda$runLater$10(PlatformImpl.java:457)
	at java.base/java.security.AccessController.doPrivileged(AccessController.java:400)
	at com.sun.javafx.application.PlatformImpl.lambda$runLater$11(PlatformImpl.java:456)
	at com.sun.glass.ui.monocle.RunnableProcessor.runLoop(RunnableProcessor.java:92)
	at com.sun.glass.ui.monocle.RunnableProcessor.run(RunnableProcessor.java:51)
	at java.base/java.lang.Thread.run(Thread.java:1583)
Caused by: java.lang.reflect.InvocationTargetException: null
	at java.base/jdk.internal.reflect.DirectMethodHandleAccessor.invoke(DirectMethodHandleAccessor.java:118)
	at java.base/java.lang.reflect.Method.invoke(Method.java:580)
	at simplefx.util.ReflectionUtil$UseReflection.applyDynamic(ReflectionUtil.scala:21)
	at com.sun.glass.ui.monocle.input.fork.NativeMouseInput.notifyMouse(NativeMouseInput.scala:330)
	at com.sun.glass.ui.monocle.input.fork.NativeMouseInput.postMouseEvent(NativeMouseInput.scala:226)
	at com.sun.glass.ui.monocle.input.fork.NativeMouseInput.setState(NativeMouseInput.scala:186)
	at java.base/jdk.internal.reflect.DirectMethodHandleAccessor.invoke(DirectMethodHandleAccessor.java:103)
	... 15 common frames omitted
Caused by: java.lang.UnsupportedOperationException: null
	at com.sun.glass.ui.monocle.MonocleApplication.staticCommonDialogs_showFileChooser(MonocleApplication.java:273)
	at com.sun.glass.ui.CommonDialogs.showFileChooser(CommonDialogs.java:213)
	at com.sun.javafx.tk.quantum.QuantumToolkit.showFileChooser(QuantumToolkit.java:1737)
	at javafx.stage.FileChooser.showDialog(FileChooser.java:396)
	at javafx.stage.FileChooser.showOpenDialog(FileChooser.java:331)
	at com.visualshop.controller.ShopController.openVisualSearch(ShopController.java:817)
	at com.visualshop.controller.ShopController.lambda$buildNavbar$6(ShopController.java:172)
	at com.sun.javafx.event.CompositeEventHandler.dispatchBubblingEvent(CompositeEventHandler.java:86)
	at com.sun.javafx.event.EventHandlerManager.dispatchBubblingEvent(EventHandlerManager.java:232)
	at com.sun.javafx.event.EventHandlerManager.dispatchBubblingEvent(EventHandlerManager.java:189)
	at com.sun.javafx.event.CompositeEventDispatcher.dispatchBubblingEvent(CompositeEventDispatcher.java:59)
	at com.sun.javafx.event.BasicEventDispatcher.dispatchEvent(BasicEventDispatcher.java:58)
	at com.sun.javafx.event.EventDispatchChainImpl.dispatchEvent(EventDispatchChainImpl.java:114)
	at com.sun.javafx.event.BasicEventDispatcher.dispatchEvent(BasicEventDispatcher.java:56)
	at com.sun.javafx.event.EventDispatchChainImpl.dispatchEvent(EventDispatchChainImpl.java:114)
	at com.sun.javafx.event.BasicEventDispatcher.dispatchEvent(BasicEventDispatcher.java:56)
	at com.sun.javafx.event.EventDispatchChainImpl.dispatchEvent(EventDispatchChainImpl.java:114)
	at com.sun.javafx.event.EventUtil.fireEventImpl(EventUtil.java:74)
	at com.sun.javafx.event.EventUtil.fireEvent(EventUtil.java:49)
	at javafx.event.Event.fireEvent(Event.java:198)
	at javafx.scene.Node.fireEvent(Node.java:8917)
	at javafx.scene.control.Button.fire(Button.java:203)
	at com.sun.javafx.scene.control.behavior.ButtonBehavior.mouseReleased(ButtonBehavior.java:207)
	at com.sun.javafx.scene.control.inputmap.InputMap.handle(InputMap.java:274)
	at com.sun.javafx.event.CompositeEventHandler$NormalEventHandlerRecord.handleBubblingEvent(CompositeEventHandler.java:247)
	at com.sun.javafx.event.CompositeEventHandler.dispatchBubblingEvent(CompositeEventHandler.java:80)
	at com.sun.javafx.event.EventHandlerManager.dispatchBubblingEvent(EventHandlerManager.java:232)
	at com.sun.javafx.event.EventHandlerManager.dispatchBubblingEvent(EventHandlerManager.java:189)
	at com.sun.javafx.event.CompositeEventDispatcher.dispatchBubblingEvent(CompositeEventDispatcher.java:59)
	at com.sun.javafx.event.BasicEventDispatcher.dispatchEvent(BasicEventDispatcher.java:58)
	at com.sun.javafx.event.EventDispatchChainImpl.dispatchEvent(EventDispatchChainImpl.java:114)
	at com.sun.javafx.event.BasicEventDispatcher.dispatchEvent(BasicEventDispatcher.java:56)
	at com.sun.javafx.event.EventDispatchChainImpl.dispatchEvent(EventDispatchChainImpl.java:114)
	at com.sun.javafx.event.BasicEventDispatcher.dispatchEvent(BasicEventDispatcher.java:56)
	at com.sun.javafx.event.EventDispatchChainImpl.dispatchEvent(EventDispatchChainImpl.java:114)
	at com.sun.javafx.event.EventUtil.fireEventImpl(EventUtil.java:74)
	at com.sun.javafx.event.EventUtil.fireEvent(EventUtil.java:54)
	at javafx.event.Event.fireEvent(Event.java:198)
	at javafx.scene.Scene$MouseHandler.process(Scene.java:4033)
	at javafx.scene.Scene.processMouseEvent(Scene.java:1933)
	at javafx.scene.Scene$ScenePeerListener.mouseEvent(Scene.java:2757)
	at com.sun.javafx.tk.quantum.GlassViewEventHandler$MouseEventNotification.run(GlassViewEventHandler.java:411)
	at com.sun.javafx.tk.quantum.GlassViewEventHandler$MouseEventNotification.run(GlassViewEventHandler.java:301)
	at java.base/java.security.AccessController.doPrivileged(AccessController.java:400)
	at com.sun.javafx.tk.quantum.GlassViewEventHandler.lambda$handleMouseEvent$2(GlassViewEventHandler.java:450)
	at com.sun.javafx.tk.quantum.QuantumToolkit.runWithoutRenderLock(QuantumToolkit.java:436)
	at com.sun.javafx.tk.quantum.GlassViewEventHandler.handleMouseEvent(GlassViewEventHandler.java:449)
	at com.sun.glass.ui.View.handleMouseEvent(View.java:551)
	at com.sun.glass.ui.View.notifyMouse(View.java:937)
	at com.sun.glass.ui.monocle.MonocleView.notifyMouse(MonocleView.java:116)
	at java.base/jdk.internal.reflect.DirectMethodHandleAccessor.invoke(DirectMethodHandleAccessor.java:103)
	... 21 common frames omitted
2026-04-09 21:13:49,933 [ERROR] from com.jpro.meta.tk.SceneInputListener in JavaFX Application Thread - Error while processing the input: MouseEventToken(MouseMoved,292.8000183105469,10.40000057220459,MouseButtonToken(2),false,false,false,false,false,false,false,false) app: stage title: Visual Product Discovery & Shopping Management System
java.lang.reflect.InvocationTargetException: null
	at java.base/jdk.internal.reflect.DirectMethodHandleAccessor.invoke(DirectMethodHandleAccessor.java:118)
	at java.base/java.lang.reflect.Method.invoke(Method.java:580)
	at simplefx.util.ReflectionUtil$UseReflection.applyDynamic(ReflectionUtil.scala:21)
	at com.jpro.meta.tk.SceneInputListener.processInputInScene(SceneInputListener.scala:304)
	at com.jpro.meta.tk.SceneInputListener.processInput(SceneInputListener.scala:206)
	at com.jpro.meta.tk.SceneInputListener.processInputs(SceneInputListener.scala:133)
	at com.jpro.meta.tk.SceneInputListener.processOrRequest(SceneInputListener.scala:41)
	at com.jpro.meta.tk.SceneInputListener.$anonfun$new$4(SceneInputListener.scala:59)
	at scala.runtime.java8.JFunction0$mcV$sp.apply(JFunction0$mcV$sp.java:23)
	at simplefx.cores.standard.parts.CoreTimeEvent$$anon$3.run(CoreTimeEvent.scala:62)
	at com.sun.javafx.application.PlatformImpl.lambda$runLater$10(PlatformImpl.java:457)
	at java.base/java.security.AccessController.doPrivileged(AccessController.java:400)
	at com.sun.javafx.application.PlatformImpl.lambda$runLater$11(PlatformImpl.java:456)
	at com.sun.glass.ui.monocle.RunnableProcessor.runLoop(RunnableProcessor.java:92)
	at com.sun.glass.ui.monocle.RunnableProcessor.run(RunnableProcessor.java:51)
	at java.base/java.lang.Thread.run(Thread.java:1583)
Caused by: java.lang.reflect.InvocationTargetException: null
	at java.base/jdk.internal.reflect.DirectMethodHandleAccessor.invoke(DirectMethodHandleAccessor.java:118)
	at java.base/java.lang.reflect.Method.invoke(Method.java:580)
	at simplefx.util.ReflectionUtil$UseReflection.applyDynamic(ReflectionUtil.scala:21)
	at com.sun.glass.ui.monocle.input.fork.NativeMouseInput.notifyMouse(NativeMouseInput.scala:330)
	at com.sun.glass.ui.monocle.input.fork.NativeMouseInput.postMouseEvent(NativeMouseInput.scala:226)
	at com.sun.glass.ui.monocle.input.fork.NativeMouseInput.setState(NativeMouseInput.scala:186)
	at java.base/jdk.internal.reflect.DirectMethodHandleAccessor.invoke(DirectMethodHandleAccessor.java:103)
	... 15 common frames omitted
Caused by: java.lang.UnsupportedOperationException: null
	at com.sun.glass.ui.monocle.MonocleApplication.staticCommonDialogs_showFileChooser(MonocleApplication.java:273)
	at com.sun.glass.ui.CommonDialogs.showFileChooser(CommonDialogs.java:213)
	at com.sun.javafx.tk.quantum.QuantumToolkit.showFileChooser(QuantumToolkit.java:1737)
	at javafx.stage.FileChooser.showDialog(FileChooser.java:396)
	at javafx.stage.FileChooser.showOpenDialog(FileChooser.java:331)
	at com.visualshop.controller.ShopController.openVisualSearch(ShopController.java:817)
	at com.visualshop.controller.ShopController.lambda$buildNavbar$6(ShopController.java:172)
	at com.sun.javafx.event.CompositeEventHandler.dispatchBubblingEvent(CompositeEventHandler.java:86)
	at com.sun.javafx.event.EventHandlerManager.dispatchBubblingEvent(EventHandlerManager.java:232)
	at com.sun.javafx.event.EventHandlerManager.dispatchBubblingEvent(EventHandlerManager.java:189)
	at com.sun.javafx.event.CompositeEventDispatcher.dispatchBubblingEvent(CompositeEventDispatcher.java:59)
	at com.sun.javafx.event.BasicEventDispatcher.dispatchEvent(BasicEventDispatcher.java:58)
	at com.sun.javafx.event.EventDispatchChainImpl.dispatchEvent(EventDispatchChainImpl.java:114)
	at com.sun.javafx.event.BasicEventDispatcher.dispatchEvent(BasicEventDispatcher.java:56)
	at com.sun.javafx.event.EventDispatchChainImpl.dispatchEvent(EventDispatchChainImpl.java:114)
	at com.sun.javafx.event.BasicEventDispatcher.dispatchEvent(BasicEventDispatcher.java:56)
	at com.sun.javafx.event.EventDispatchChainImpl.dispatchEvent(EventDispatchChainImpl.java:114)
	at com.sun.javafx.event.EventUtil.fireEventImpl(EventUtil.java:74)
	at com.sun.javafx.event.EventUtil.fireEvent(EventUtil.java:49)
	at javafx.event.Event.fireEvent(Event.java:198)
	at javafx.scene.Node.fireEvent(Node.java:8917)
	at javafx.scene.control.Button.fire(Button.java:203)
	at com.sun.javafx.scene.control.behavior.ButtonBehavior.mouseReleased(ButtonBehavior.java:207)
	at com.sun.javafx.scene.control.inputmap.InputMap.handle(InputMap.java:274)
	at com.sun.javafx.event.CompositeEventHandler$NormalEventHandlerRecord.handleBubblingEvent(CompositeEventHandler.java:247)
	at com.sun.javafx.event.CompositeEventHandler.dispatchBubblingEvent(CompositeEventHandler.java:80)
	at com.sun.javafx.event.EventHandlerManager.dispatchBubblingEvent(EventHandlerManager.java:232)
	at com.sun.javafx.event.EventHandlerManager.dispatchBubblingEvent(EventHandlerManager.java:189)
	at com.sun.javafx.event.CompositeEventDispatcher.dispatchBubblingEvent(CompositeEventDispatcher.java:59)
	at com.sun.javafx.event.BasicEventDispatcher.dispatchEvent(BasicEventDispatcher.java:58)
	at com.sun.javafx.event.EventDispatchChainImpl.dispatchEvent(EventDispatchChainImpl.java:114)
	at com.sun.javafx.event.BasicEventDispatcher.dispatchEvent(BasicEventDispatcher.java:56)
	at com.sun.javafx.event.EventDispatchChainImpl.dispatchEvent(EventDispatchChainImpl.java:114)
	at com.sun.javafx.event.BasicEventDispatcher.dispatchEvent(BasicEventDispatcher.java:56)
	at com.sun.javafx.event.EventDispatchChainImpl.dispatchEvent(EventDispatchChainImpl.java:114)
	at com.sun.javafx.event.EventUtil.fireEventImpl(EventUtil.java:74)
	at com.sun.javafx.event.EventUtil.fireEvent(EventUtil.java:54)
	at javafx.event.Event.fireEvent(Event.java:198)
	at javafx.scene.Scene$MouseHandler.process(Scene.java:4033)
	at javafx.scene.Scene.processMouseEvent(Scene.java:1933)
	at javafx.scene.Scene$ScenePeerListener.mouseEvent(Scene.java:2757)
	at com.sun.javafx.tk.quantum.GlassViewEventHandler$MouseEventNotification.run(GlassViewEventHandler.java:411)
	at com.sun.javafx.tk.quantum.GlassViewEventHandler$MouseEventNotification.run(GlassViewEventHandler.java:301)
	at java.base/java.security.AccessController.doPrivileged(AccessController.java:400)
	at com.sun.javafx.tk.quantum.GlassViewEventHandler.lambda$handleMouseEvent$2(GlassViewEventHandler.java:450)
	at com.sun.javafx.tk.quantum.QuantumToolkit.runWithoutRenderLock(QuantumToolkit.java:436)
	at com.sun.javafx.tk.quantum.GlassViewEventHandler.handleMouseEvent(GlassViewEventHandler.java:449)
	at com.sun.glass.ui.View.handleMouseEvent(View.java:551)
	at com.sun.glass.ui.View.notifyMouse(View.java:937)
	at com.sun.glass.ui.monocle.MonocleView.notifyMouse(MonocleView.java:116)
	at java.base/jdk.internal.reflect.DirectMethodHandleAccessor.invoke(DirectMethodHandleAccessor.java:103)
	... 21 common frames omitted
2026-04-09 21:13:53,582 [INFO] from com.jpro.internal.stats.ViewInfo$ in JavaFX Application Thread - [JPro] -> View closed: {app_name: default, host_name: localhost:8080, instance_id: 2086563328, browser: Google Chrome 146.0.0.0, browser_url: http://localhost:8080/, client_ip: 0:0:0:0:0:0:0:1, reason: tab-closed}
2026-04-09 21:13:53,609 [INFO] from com.jpro.internal.stats.ViewInfo$ in JavaFX Application Thread - 
2026-04-09 21:13:53,609 [INFO] from com.jpro.internal.stats.ViewInfo$ in JavaFX Application Thread - Application closed:
2026-04-09 21:13:53,620 [INFO] from com.jpro.internal.stats.ViewInfo$ in JavaFX Application Thread - startTime      : Thu Apr 09 21:13:53 IST 2026      
2026-04-09 21:13:53,620 [INFO] from com.jpro.internal.stats.ViewInfo$ in JavaFX Application Thread - averageLatency : 00:00:00.001 
2026-04-09 21:13:53,620 [INFO] from com.jpro.internal.stats.ViewInfo$ in JavaFX Application Thread - averageJitter  : 00:00:00.000  
2026-04-09 21:13:53,621 [INFO] from com.jpro.internal.stats.ViewInfo$ in JavaFX Application Thread - framerateServer: 00:00:00.000
2026-04-09 21:13:53,621 [INFO] from com.jpro.internal.stats.ViewInfo$ in JavaFX Application Thread - framerateClient: 00:00:00.000
2026-04-09 21:13:53,621 [INFO] from com.jpro.internal.stats.ViewInfo$ in JavaFX Application Thread - raw            : 2678720
2026-04-09 21:13:53,621 [INFO] from com.jpro.internal.stats.ViewInfo$ in JavaFX Application Thread - zipped         : 521409
2026-04-09 21:13:53,621 [INFO] from com.jpro.internal.stats.ViewInfo$ in JavaFX Application Thread - 
2026-04-09 21:13:54,580 [INFO] from com.jpro.internal.communicator.InstanceImpl in JavaFX Application Thread - [JPro] -> Instance closed: {app_name: default, host_name: localhost:8080, instance_id: 2086563328, browser: Google Chrome 146.0.0.0, browser_url: http://localhost:8080/, client_ip: 0:0:0:0:0:0:0:1, reason: close-tab-closed}
2026-04-09 21:32:48,267 [INFO] from com.jpro.activity in scala-execution-context-global-43 - Starting the server
2026-04-09 21:32:48,270 [INFO] from com.jpro.internal.server.JProInitializer$ in scala-execution-context-global-43 -  *** Starting JPro: https://www.jpro.one/ ***
2026-04-09 21:32:48,270 [INFO] from com.jpro.internal.server.JProInitializer$ in scala-execution-context-global-43 - OS: Windows 11
2026-04-09 21:32:48,287 [INFO] from com.jpro.internal.server.JProInitializer$ in scala-execution-context-global-43 - JPro: 2024.2.1
2026-04-09 21:32:48,287 [INFO] from com.jpro.internal.server.JProInitializer$ in scala-execution-context-global-43 - Java version: 21.0.9
2026-04-09 21:32:48,287 [INFO] from com.jpro.internal.server.JProInitializer$ in scala-execution-context-global-43 - JVM: 21.0.9 Oracle Corporation
2026-04-09 21:32:48,290 [INFO] from com.jpro.internal.server.JProInitializer$ in scala-execution-context-global-43 - JavaFX jar: file:/C:/Users/kaush/.m2/repository/org/openjfx/javafx-graphics/22.0.2-jpro/javafx-graphics-22.0.2-jpro-win.jar
2026-04-09 21:32:48,291 [INFO] from com.jpro.internal.server.JProInitializer$ in scala-execution-context-global-43 - Configuring logging from url: 'jar:file:/C:/Users/kaush/.m2/repository/com/sandec/jpro/jpro-server_2.12/2024.2.1/jpro-server_2.12-2024.2.1.jar!/logback-jpro-default.xml'
2026-04-09 21:32:49,224 [INFO] from com.jpro.internal.server.JProInitializer$ in JavaFX Application Thread - JavaFX version: 22.0.2-jpro+0
2026-04-09 21:32:49,301 [INFO] from com.jpro.internal.server.JProInitializer$ in scala-execution-context-global-43 - finished init!
2026-04-09 21:32:49,304 [INFO] from com.jpro.internal.server.JProInitializer$ in scala-execution-context-global-43 - [JPro] -> Server started: {start_time: 1775750568267, os_name: Windows 11, jpro_version: 2024.2.1}
2026-04-09 21:32:49,376 [INFO] from akka.event.slf4j.Slf4jLogger in application-akka.actor.default-dispatcher-5 - Slf4jLogger started
2026-04-09 21:32:49,779 [INFO] from play.api.Play in Thread-0 - Application started (Prod) (no global state)
2026-04-09 21:32:50,157 [INFO] from play.core.server.AkkaHttpServer in Thread-0 - Enabling HTTP/2 on Akka HTTP server...
2026-04-09 21:32:50,157 [INFO] from play.core.server.AkkaHttpServer in Thread-0 - Listening for HTTP on /[0:0:0:0:0:0:0:0]:8080
2026-04-09 21:32:51,246 [INFO] from controllers.jpro in application-akka.actor.default-dispatcher-5 - application requested: default
2026-04-09 21:32:51,253 [INFO] from controllers.jpro in application-akka.actor.default-dispatcher-5 - Creating Application: default
2026-04-09 21:32:51,255 [INFO] from controllers.jpro in application-akka.actor.default-dispatcher-5 - remoteAddress 0:0:0:0:0:0:0:1
2026-04-09 21:32:51,256 [INFO] from controllers.jpro in application-akka.actor.default-dispatcher-5 - host          localhost:8080
2026-04-09 21:32:51,256 [INFO] from controllers.jpro in application-akka.actor.default-dispatcher-5 - uri           /app/ws/default
2026-04-09 21:32:51,493 [INFO] from com.jpro.internal.stats.ViewInfo$ in JavaFX Application Thread - [JPro] -> View created: {app_name: default, host_name: localhost:8080, instance_id: 1828742364, browser: Google Chrome 146.0.0.0, browser_url: http://localhost:8080/, client_ip: 0:0:0:0:0:0:0:1}
2026-04-09 21:32:54,692 [INFO] from com.jpro.internal.communicator.InstanceImpl in JavaFX Application Thread - [JPro] -> Instance created: {app_name: default, host_name: localhost:8080, instance_id: 1828742364, browser: Google Chrome 146.0.0.0, browser_url: http://localhost:8080/, client_ip: 0:0:0:0:0:0:0:1}
2026-04-09 21:34:47,720 [INFO] from com.jpro.internal.stats.ViewInfo$ in JavaFX Application Thread - [JPro] -> View closed: {app_name: default, host_name: localhost:8080, instance_id: 1828742364, browser: Google Chrome 146.0.0.0, browser_url: http://localhost:8080/, client_ip: 0:0:0:0:0:0:0:1, reason: tab-closed}
2026-04-09 21:34:47,740 [INFO] from com.jpro.internal.stats.ViewInfo$ in JavaFX Application Thread - 
2026-04-09 21:34:47,740 [INFO] from com.jpro.internal.stats.ViewInfo$ in JavaFX Application Thread - Application closed:
2026-04-09 21:34:47,749 [INFO] from com.jpro.internal.stats.ViewInfo$ in JavaFX Application Thread - startTime      : Thu Apr 09 21:34:47 IST 2026      
2026-04-09 21:34:47,750 [INFO] from com.jpro.internal.stats.ViewInfo$ in JavaFX Application Thread - averageLatency : 00:00:00.001 
2026-04-09 21:34:47,750 [INFO] from com.jpro.internal.stats.ViewInfo$ in JavaFX Application Thread - averageJitter  : 00:00:00.000  
2026-04-09 21:34:47,750 [INFO] from com.jpro.internal.stats.ViewInfo$ in JavaFX Application Thread - framerateServer: 00:00:00.000
2026-04-09 21:34:47,750 [INFO] from com.jpro.internal.stats.ViewInfo$ in JavaFX Application Thread - framerateClient: 00:00:00.000
2026-04-09 21:34:47,751 [INFO] from com.jpro.internal.stats.ViewInfo$ in JavaFX Application Thread - raw            : 2352542
2026-04-09 21:34:47,751 [INFO] from com.jpro.internal.stats.ViewInfo$ in JavaFX Application Thread - zipped         : 461673
2026-04-09 21:34:47,751 [INFO] from com.jpro.internal.stats.ViewInfo$ in JavaFX Application Thread - 
2026-04-09 21:34:48,727 [INFO] from com.jpro.internal.communicator.InstanceImpl in JavaFX Application Thread - [JPro] -> Instance closed: {app_name: default, host_name: localhost:8080, instance_id: 1828742364, browser: Google Chrome 146.0.0.0, browser_url: http://localhost:8080/, client_ip: 0:0:0:0:0:0:0:1, reason: close-tab-closed}
2026-04-09 21:34:56,327 [INFO] from com.jpro.activity in scala-execution-context-global-43 - Starting the server
2026-04-09 21:34:56,329 [INFO] from com.jpro.internal.server.JProInitializer$ in scala-execution-context-global-43 -  *** Starting JPro: https://www.jpro.one/ ***
2026-04-09 21:34:56,329 [INFO] from com.jpro.internal.server.JProInitializer$ in scala-execution-context-global-43 - OS: Windows 11
2026-04-09 21:34:56,345 [INFO] from com.jpro.internal.server.JProInitializer$ in scala-execution-context-global-43 - JPro: 2024.2.1
2026-04-09 21:34:56,345 [INFO] from com.jpro.internal.server.JProInitializer$ in scala-execution-context-global-43 - Java version: 21.0.9
2026-04-09 21:34:56,345 [INFO] from com.jpro.internal.server.JProInitializer$ in scala-execution-context-global-43 - JVM: 21.0.9 Oracle Corporation
2026-04-09 21:34:56,348 [INFO] from com.jpro.internal.server.JProInitializer$ in scala-execution-context-global-43 - JavaFX jar: file:/C:/Users/kaush/.m2/repository/org/openjfx/javafx-graphics/22.0.2-jpro/javafx-graphics-22.0.2-jpro-win.jar
2026-04-09 21:34:56,349 [INFO] from com.jpro.internal.server.JProInitializer$ in scala-execution-context-global-43 - Configuring logging from url: 'jar:file:/C:/Users/kaush/.m2/repository/com/sandec/jpro/jpro-server_2.12/2024.2.1/jpro-server_2.12-2024.2.1.jar!/logback-jpro-default.xml'
2026-04-09 21:34:57,308 [INFO] from com.jpro.internal.server.JProInitializer$ in JavaFX Application Thread - JavaFX version: 22.0.2-jpro+0
2026-04-09 21:34:57,383 [INFO] from com.jpro.internal.server.JProInitializer$ in scala-execution-context-global-43 - finished init!
2026-04-09 21:34:57,386 [INFO] from com.jpro.internal.server.JProInitializer$ in scala-execution-context-global-43 - [JPro] -> Server started: {start_time: 1775750696326, os_name: Windows 11, jpro_version: 2024.2.1}
2026-04-09 21:34:57,462 [INFO] from akka.event.slf4j.Slf4jLogger in application-akka.actor.default-dispatcher-5 - Slf4jLogger started
2026-04-09 21:34:58,006 [INFO] from play.api.Play in Thread-0 - Application started (Prod) (no global state)
2026-04-09 21:34:58,387 [INFO] from play.core.server.AkkaHttpServer in Thread-0 - Enabling HTTP/2 on Akka HTTP server...
2026-04-09 21:34:58,388 [INFO] from play.core.server.AkkaHttpServer in Thread-0 - Listening for HTTP on /[0:0:0:0:0:0:0:0]:8080
2026-04-09 21:34:59,505 [INFO] from controllers.jpro in application-akka.actor.default-dispatcher-8 - application requested: default
2026-04-09 21:34:59,511 [INFO] from controllers.jpro in application-akka.actor.default-dispatcher-8 - Creating Application: default
2026-04-09 21:34:59,513 [INFO] from controllers.jpro in application-akka.actor.default-dispatcher-8 - remoteAddress 0:0:0:0:0:0:0:1
2026-04-09 21:34:59,513 [INFO] from controllers.jpro in application-akka.actor.default-dispatcher-8 - host          localhost:8080
2026-04-09 21:34:59,513 [INFO] from controllers.jpro in application-akka.actor.default-dispatcher-8 - uri           /app/ws/default
2026-04-09 21:34:59,716 [INFO] from com.jpro.internal.stats.ViewInfo$ in JavaFX Application Thread - [JPro] -> View created: {app_name: default, host_name: localhost:8080, instance_id: 1576556500, browser: Google Chrome 146.0.0.0, browser_url: http://localhost:8080/, client_ip: 0:0:0:0:0:0:0:1}
2026-04-09 21:35:02,853 [INFO] from com.jpro.internal.communicator.InstanceImpl in JavaFX Application Thread - [JPro] -> Instance created: {app_name: default, host_name: localhost:8080, instance_id: 1576556500, browser: Google Chrome 146.0.0.0, browser_url: http://localhost:8080/, client_ip: 0:0:0:0:0:0:0:1}
2026-04-09 21:35:59,416 [INFO] from com.jpro.internal.stats.ViewInfo$ in JavaFX Application Thread - [JPro] -> View closed: {app_name: default, host_name: localhost:8080, instance_id: 1576556500, browser: Google Chrome 146.0.0.0, browser_url: http://localhost:8080/, client_ip: 0:0:0:0:0:0:0:1, reason: tab-closed}
2026-04-09 21:35:59,432 [INFO] from com.jpro.internal.stats.ViewInfo$ in JavaFX Application Thread - 
2026-04-09 21:35:59,432 [INFO] from com.jpro.internal.stats.ViewInfo$ in JavaFX Application Thread - Application closed:
2026-04-09 21:35:59,443 [INFO] from com.jpro.internal.stats.ViewInfo$ in JavaFX Application Thread - startTime      : Thu Apr 09 21:35:59 IST 2026      
2026-04-09 21:35:59,444 [INFO] from com.jpro.internal.stats.ViewInfo$ in JavaFX Application Thread - averageLatency : 00:00:00.001 
2026-04-09 21:35:59,444 [INFO] from com.jpro.internal.stats.ViewInfo$ in JavaFX Application Thread - averageJitter  : 00:00:00.000  
2026-04-09 21:35:59,444 [INFO] from com.jpro.internal.stats.ViewInfo$ in JavaFX Application Thread - framerateServer: 00:00:00.000
2026-04-09 21:35:59,445 [INFO] from com.jpro.internal.stats.ViewInfo$ in JavaFX Application Thread - framerateClient: 00:00:00.000
2026-04-09 21:35:59,445 [INFO] from com.jpro.internal.stats.ViewInfo$ in JavaFX Application Thread - raw            : 1412811
2026-04-09 21:35:59,445 [INFO] from com.jpro.internal.stats.ViewInfo$ in JavaFX Application Thread - zipped         : 234091
2026-04-09 21:35:59,445 [INFO] from com.jpro.internal.stats.ViewInfo$ in JavaFX Application Thread - 
2026-04-09 21:36:00,426 [INFO] from com.jpro.internal.communicator.InstanceImpl in JavaFX Application Thread - [JPro] -> Instance closed: {app_name: default, host_name: localhost:8080, instance_id: 1576556500, browser: Google Chrome 146.0.0.0, browser_url: http://localhost:8080/, client_ip: 0:0:0:0:0:0:0:1, reason: close-tab-closed}
2026-04-09 22:19:42,827 [INFO] from controllers.jpro in application-akka.actor.default-dispatcher-23 - application requested: default
2026-04-09 22:19:42,828 [INFO] from controllers.jpro in application-akka.actor.default-dispatcher-23 - Creating Application: default
2026-04-09 22:19:42,828 [INFO] from controllers.jpro in application-akka.actor.default-dispatcher-23 - remoteAddress 0:0:0:0:0:0:0:1
2026-04-09 22:19:42,828 [INFO] from controllers.jpro in application-akka.actor.default-dispatcher-23 - host          localhost:8080
2026-04-09 22:19:42,828 [INFO] from controllers.jpro in application-akka.actor.default-dispatcher-23 - uri           /app/ws/default
2026-04-09 22:19:42,844 [INFO] from com.jpro.internal.stats.ViewInfo$ in JavaFX Application Thread - [JPro] -> View created: {app_name: default, host_name: localhost:8080, instance_id: 1003236959, browser: Google Chrome 146.0.0.0, browser_url: http://localhost:8080/, client_ip: 0:0:0:0:0:0:0:1}
2026-04-09 22:19:45,089 [INFO] from com.jpro.internal.communicator.InstanceImpl in JavaFX Application Thread - [JPro] -> Instance created: {app_name: default, host_name: localhost:8080, instance_id: 1003236959, browser: Google Chrome 146.0.0.0, browser_url: http://localhost:8080/, client_ip: 0:0:0:0:0:0:0:1}
2026-04-09 22:20:02,606 [INFO] from com.jpro.internal.stats.ViewInfo$ in JavaFX Application Thread - [JPro] -> View closed: {app_name: default, host_name: localhost:8080, instance_id: 1003236959, browser: Google Chrome 146.0.0.0, browser_url: http://localhost:8080/, client_ip: 0:0:0:0:0:0:0:1, reason: tab-closed}
2026-04-09 22:20:02,607 [INFO] from com.jpro.internal.stats.ViewInfo$ in JavaFX Application Thread - 
2026-04-09 22:20:02,607 [INFO] from com.jpro.internal.stats.ViewInfo$ in JavaFX Application Thread - Application closed:
2026-04-09 22:20:02,607 [INFO] from com.jpro.internal.stats.ViewInfo$ in JavaFX Application Thread - startTime      : Thu Apr 09 22:20:02 IST 2026      
2026-04-09 22:20:02,607 [INFO] from com.jpro.internal.stats.ViewInfo$ in JavaFX Application Thread - averageLatency : 00:00:00.001 
2026-04-09 22:20:02,607 [INFO] from com.jpro.internal.stats.ViewInfo$ in JavaFX Application Thread - averageJitter  : 00:00:00.000  
2026-04-09 22:20:02,607 [INFO] from com.jpro.internal.stats.ViewInfo$ in JavaFX Application Thread - framerateServer: 00:00:00.000
2026-04-09 22:20:02,607 [INFO] from com.jpro.internal.stats.ViewInfo$ in JavaFX Application Thread - framerateClient: 00:00:00.000
2026-04-09 22:20:02,607 [INFO] from com.jpro.internal.stats.ViewInfo$ in JavaFX Application Thread - raw            : 123876
2026-04-09 22:20:02,607 [INFO] from com.jpro.internal.stats.ViewInfo$ in JavaFX Application Thread - zipped         : 32569
2026-04-09 22:20:02,607 [INFO] from com.jpro.internal.stats.ViewInfo$ in JavaFX Application Thread - 
2026-04-09 22:20:03,608 [INFO] from com.jpro.internal.communicator.InstanceImpl in JavaFX Application Thread - [JPro] -> Instance closed: {app_name: default, host_name: localhost:8080, instance_id: 1003236959, browser: Google Chrome 146.0.0.0, browser_url: http://localhost:8080/, client_ip: 0:0:0:0:0:0:0:1, reason: close-tab-closed}
2026-04-09 22:20:12,792 [INFO] from controllers.jpro in application-akka.actor.default-dispatcher-22 - application requested: default
2026-04-09 22:20:12,792 [INFO] from controllers.jpro in application-akka.actor.default-dispatcher-22 - Creating Application: default
2026-04-09 22:20:12,793 [INFO] from controllers.jpro in application-akka.actor.default-dispatcher-22 - remoteAddress 0:0:0:0:0:0:0:1
2026-04-09 22:20:12,793 [INFO] from controllers.jpro in application-akka.actor.default-dispatcher-22 - host          localhost:8080
2026-04-09 22:20:12,793 [INFO] from controllers.jpro in application-akka.actor.default-dispatcher-22 - uri           /app/ws/default
2026-04-09 22:20:12,804 [INFO] from com.jpro.internal.stats.ViewInfo$ in JavaFX Application Thread - [JPro] -> View created: {app_name: default, host_name: localhost:8080, instance_id: 1086536661, browser: Google Chrome 146.0.0.0, browser_url: http://localhost:8080/, client_ip: 0:0:0:0:0:0:0:1}
2026-04-09 22:20:14,893 [INFO] from com.jpro.internal.communicator.InstanceImpl in JavaFX Application Thread - [JPro] -> Instance created: {app_name: default, host_name: localhost:8080, instance_id: 1086536661, browser: Google Chrome 146.0.0.0, browser_url: http://localhost:8080/, client_ip: 0:0:0:0:0:0:0:1}
2026-04-09 22:22:36,674 [INFO] from com.jpro.internal.stats.ViewInfo$ in JavaFX Application Thread - [JPro] -> View closed: {app_name: default, host_name: localhost:8080, instance_id: 1086536661, browser: Google Chrome 146.0.0.0, browser_url: http://localhost:8080/, client_ip: 0:0:0:0:0:0:0:1, reason: tab-closed}
2026-04-09 22:22:36,674 [INFO] from com.jpro.internal.stats.ViewInfo$ in JavaFX Application Thread - 
2026-04-09 22:22:36,674 [INFO] from com.jpro.internal.stats.ViewInfo$ in JavaFX Application Thread - Application closed:
2026-04-09 22:22:36,675 [INFO] from com.jpro.internal.stats.ViewInfo$ in JavaFX Application Thread - startTime      : Thu Apr 09 22:22:36 IST 2026      
2026-04-09 22:22:36,675 [INFO] from com.jpro.internal.stats.ViewInfo$ in JavaFX Application Thread - averageLatency : 00:00:00.001 
2026-04-09 22:22:36,675 [INFO] from com.jpro.internal.stats.ViewInfo$ in JavaFX Application Thread - averageJitter  : 00:00:00.000  
2026-04-09 22:22:36,675 [INFO] from com.jpro.internal.stats.ViewInfo$ in JavaFX Application Thread - framerateServer: 00:00:00.000
2026-04-09 22:22:36,675 [INFO] from com.jpro.internal.stats.ViewInfo$ in JavaFX Application Thread - framerateClient: 00:00:00.000
2026-04-09 22:22:36,675 [INFO] from com.jpro.internal.stats.ViewInfo$ in JavaFX Application Thread - raw            : 386531
2026-04-09 22:22:36,675 [INFO] from com.jpro.internal.stats.ViewInfo$ in JavaFX Application Thread - zipped         : 111504
2026-04-09 22:22:36,675 [INFO] from com.jpro.internal.stats.ViewInfo$ in JavaFX Application Thread - 
2026-04-09 22:22:37,673 [INFO] from com.jpro.internal.communicator.InstanceImpl in JavaFX Application Thread - [JPro] -> Instance closed: {app_name: default, host_name: localhost:8080, instance_id: 1086536661, browser: Google Chrome 146.0.0.0, browser_url: http://localhost:8080/, client_ip: 0:0:0:0:0:0:0:1, reason: close-tab-closed}
2026-04-10 08:54:00,745 [INFO] from controllers.jpro in application-akka.actor.default-dispatcher-48 - application requested: default
2026-04-10 08:54:00,746 [INFO] from controllers.jpro in application-akka.actor.default-dispatcher-48 - Creating Application: default
2026-04-10 08:54:00,746 [INFO] from controllers.jpro in application-akka.actor.default-dispatcher-48 - remoteAddress 0:0:0:0:0:0:0:1
2026-04-10 08:54:00,746 [INFO] from controllers.jpro in application-akka.actor.default-dispatcher-48 - host          localhost:8080
2026-04-10 08:54:00,746 [INFO] from controllers.jpro in application-akka.actor.default-dispatcher-48 - uri           /app/ws/default
2026-04-10 08:54:00,764 [INFO] from com.jpro.internal.stats.ViewInfo$ in JavaFX Application Thread - [JPro] -> View created: {app_name: default, host_name: localhost:8080, instance_id: 1230107229, browser: Google Chrome 146.0.0.0, browser_url: http://localhost:8080/, client_ip: 0:0:0:0:0:0:0:1}
2026-04-10 08:54:03,019 [INFO] from com.jpro.internal.communicator.InstanceImpl in JavaFX Application Thread - [JPro] -> Instance created: {app_name: default, host_name: localhost:8080, instance_id: 1230107229, browser: Google Chrome 146.0.0.0, browser_url: http://localhost:8080/, client_ip: 0:0:0:0:0:0:0:1}
2026-04-10 08:56:06,608 [INFO] from com.jpro.internal.stats.ViewInfo$ in JavaFX Application Thread - [JPro] -> View closed: {app_name: default, host_name: localhost:8080, instance_id: 1230107229, browser: Google Chrome 146.0.0.0, browser_url: http://localhost:8080/, client_ip: 0:0:0:0:0:0:0:1, reason: tab-closed}
2026-04-10 08:56:06,680 [INFO] from com.jpro.internal.stats.ViewInfo$ in JavaFX Application Thread - 
2026-04-10 08:56:06,681 [INFO] from com.jpro.internal.stats.ViewInfo$ in JavaFX Application Thread - Application closed:
2026-04-10 08:56:06,682 [INFO] from com.jpro.internal.stats.ViewInfo$ in JavaFX Application Thread - startTime      : Fri Apr 10 08:56:06 IST 2026      
2026-04-10 08:56:06,682 [INFO] from com.jpro.internal.stats.ViewInfo$ in JavaFX Application Thread - averageLatency : 00:00:00.014 
2026-04-10 08:56:06,682 [INFO] from com.jpro.internal.stats.ViewInfo$ in JavaFX Application Thread - averageJitter  : 00:00:00.003  
2026-04-10 08:56:06,682 [INFO] from com.jpro.internal.stats.ViewInfo$ in JavaFX Application Thread - framerateServer: 00:00:00.000
2026-04-10 08:56:06,682 [INFO] from com.jpro.internal.stats.ViewInfo$ in JavaFX Application Thread - framerateClient: 00:00:00.000
2026-04-10 08:56:06,682 [INFO] from com.jpro.internal.stats.ViewInfo$ in JavaFX Application Thread - raw            : 13823354
2026-04-10 08:56:06,682 [INFO] from com.jpro.internal.stats.ViewInfo$ in JavaFX Application Thread - zipped         : 2424574
2026-04-10 08:56:06,682 [INFO] from com.jpro.internal.stats.ViewInfo$ in JavaFX Application Thread - 
2026-04-10 08:56:07,605 [INFO] from com.jpro.internal.communicator.InstanceImpl in JavaFX Application Thread - [JPro] -> Instance closed: {app_name: default, host_name: localhost:8080, instance_id: 1230107229, browser: Google Chrome 146.0.0.0, browser_url: http://localhost:8080/, client_ip: 0:0:0:0:0:0:0:1, reason: close-tab-closed}
2026-04-10 09:02:56,639 [INFO] from controllers.jpro in application-akka.actor.default-dispatcher-59 - application requested: default
2026-04-10 09:02:56,640 [INFO] from controllers.jpro in application-akka.actor.default-dispatcher-59 - Creating Application: default
2026-04-10 09:02:56,640 [INFO] from controllers.jpro in application-akka.actor.default-dispatcher-59 - remoteAddress 0:0:0:0:0:0:0:1
2026-04-10 09:02:56,640 [INFO] from controllers.jpro in application-akka.actor.default-dispatcher-59 - host          localhost:8080
2026-04-10 09:02:56,640 [INFO] from controllers.jpro in application-akka.actor.default-dispatcher-59 - uri           /app/ws/default
2026-04-10 09:02:56,655 [INFO] from com.jpro.internal.stats.ViewInfo$ in JavaFX Application Thread - [JPro] -> View created: {app_name: default, host_name: localhost:8080, instance_id: 2016853137, browser: Google Chrome 146.0.0.0, browser_url: http://localhost:8080/, client_ip: 0:0:0:0:0:0:0:1}
2026-04-10 09:02:58,839 [INFO] from com.jpro.internal.communicator.InstanceImpl in JavaFX Application Thread - [JPro] -> Instance created: {app_name: default, host_name: localhost:8080, instance_id: 2016853137, browser: Google Chrome 146.0.0.0, browser_url: http://localhost:8080/, client_ip: 0:0:0:0:0:0:0:1}
2026-04-10 09:33:49,369 [INFO] from com.jpro.internal.stats.ViewInfo$ in JavaFX Application Thread - [JPro] -> View closed: {app_name: default, host_name: localhost:8080, instance_id: 2016853137, browser: Google Chrome 146.0.0.0, browser_url: http://localhost:8080/, client_ip: 0:0:0:0:0:0:0:1, reason: tab-closed}
2026-04-10 09:33:49,488 [INFO] from com.jpro.internal.stats.ViewInfo$ in JavaFX Application Thread - 
2026-04-10 09:33:49,488 [INFO] from com.jpro.internal.stats.ViewInfo$ in JavaFX Application Thread - Application closed:
2026-04-10 09:33:49,488 [INFO] from com.jpro.internal.stats.ViewInfo$ in JavaFX Application Thread - startTime      : Fri Apr 10 09:33:49 IST 2026      
2026-04-10 09:33:49,488 [INFO] from com.jpro.internal.stats.ViewInfo$ in JavaFX Application Thread - averageLatency : 00:00:00.006 
2026-04-10 09:33:49,488 [INFO] from com.jpro.internal.stats.ViewInfo$ in JavaFX Application Thread - averageJitter  : 00:00:00.000  
2026-04-10 09:33:49,488 [INFO] from com.jpro.internal.stats.ViewInfo$ in JavaFX Application Thread - framerateServer: 00:00:00.000
2026-04-10 09:33:49,488 [INFO] from com.jpro.internal.stats.ViewInfo$ in JavaFX Application Thread - framerateClient: 00:00:00.000
2026-04-10 09:33:49,488 [INFO] from com.jpro.internal.stats.ViewInfo$ in JavaFX Application Thread - raw            : 18010938
2026-04-10 09:33:49,488 [INFO] from com.jpro.internal.stats.ViewInfo$ in JavaFX Application Thread - zipped         : 3019956
2026-04-10 09:33:49,488 [INFO] from com.jpro.internal.stats.ViewInfo$ in JavaFX Application Thread - 
2026-04-10 09:33:50,375 [INFO] from com.jpro.internal.communicator.InstanceImpl in JavaFX Application Thread - [JPro] -> Instance closed: {app_name: default, host_name: localhost:8080, instance_id: 2016853137, browser: Google Chrome 146.0.0.0, browser_url: http://localhost:8080/, client_ip: 0:0:0:0:0:0:0:1, reason: close-tab-closed}
2026-04-10 09:33:53,982 [INFO] from controllers.jpro in application-akka.actor.default-dispatcher-58 - application requested: default
2026-04-10 09:33:53,982 [INFO] from controllers.jpro in application-akka.actor.default-dispatcher-58 - Creating Application: default
2026-04-10 09:33:53,982 [INFO] from controllers.jpro in application-akka.actor.default-dispatcher-58 - remoteAddress 0:0:0:0:0:0:0:1
2026-04-10 09:33:53,982 [INFO] from controllers.jpro in application-akka.actor.default-dispatcher-58 - host          localhost:8080
2026-04-10 09:33:53,982 [INFO] from controllers.jpro in application-akka.actor.default-dispatcher-58 - uri           /app/ws/default
2026-04-10 09:33:53,996 [INFO] from com.jpro.internal.stats.ViewInfo$ in JavaFX Application Thread - [JPro] -> View created: {app_name: default, host_name: localhost:8080, instance_id: 438547505, browser: Google Chrome 146.0.0.0, browser_url: http://localhost:8080/, client_ip: 0:0:0:0:0:0:0:1}
2026-04-10 09:33:56,037 [INFO] from com.jpro.internal.communicator.InstanceImpl in JavaFX Application Thread - [JPro] -> Instance created: {app_name: default, host_name: localhost:8080, instance_id: 438547505, browser: Google Chrome 146.0.0.0, browser_url: http://localhost:8080/, client_ip: 0:0:0:0:0:0:0:1}
2026-04-10 10:20:41,677 [INFO] from com.jpro.internal.stats.ViewInfo$ in JavaFX Application Thread - [JPro] -> View closed: {app_name: default, host_name: localhost:8080, instance_id: 438547505, browser: Google Chrome 146.0.0.0, browser_url: http://localhost:8080/, client_ip: 0:0:0:0:0:0:0:1, reason: tab-closed}
2026-04-10 10:20:41,688 [INFO] from com.jpro.internal.stats.ViewInfo$ in JavaFX Application Thread - 
2026-04-10 10:20:41,688 [INFO] from com.jpro.internal.stats.ViewInfo$ in JavaFX Application Thread - Application closed:
2026-04-10 10:20:41,689 [INFO] from com.jpro.internal.stats.ViewInfo$ in JavaFX Application Thread - startTime      : Fri Apr 10 10:20:41 IST 2026      
2026-04-10 10:20:41,689 [INFO] from com.jpro.internal.stats.ViewInfo$ in JavaFX Application Thread - averageLatency : 00:00:00.002 
2026-04-10 10:20:41,689 [INFO] from com.jpro.internal.stats.ViewInfo$ in JavaFX Application Thread - averageJitter  : 00:00:00.000  
2026-04-10 10:20:41,689 [INFO] from com.jpro.internal.stats.ViewInfo$ in JavaFX Application Thread - framerateServer: 00:00:00.000
2026-04-10 10:20:41,689 [INFO] from com.jpro.internal.stats.ViewInfo$ in JavaFX Application Thread - framerateClient: 00:00:00.000
2026-04-10 10:20:41,689 [INFO] from com.jpro.internal.stats.ViewInfo$ in JavaFX Application Thread - raw            : 5813529
2026-04-10 10:20:41,689 [INFO] from com.jpro.internal.stats.ViewInfo$ in JavaFX Application Thread - zipped         : 1861123
2026-04-10 10:20:41,689 [INFO] from com.jpro.internal.stats.ViewInfo$ in JavaFX Application Thread - 
2026-04-10 10:20:41,715 [INFO] from controllers.jpro in application-akka.actor.default-dispatcher-62 - application requested: default
2026-04-10 10:20:41,715 [INFO] from controllers.jpro in application-akka.actor.default-dispatcher-62 - Creating Application: default
2026-04-10 10:20:41,715 [INFO] from controllers.jpro in application-akka.actor.default-dispatcher-62 - remoteAddress 0:0:0:0:0:0:0:1
2026-04-10 10:20:41,715 [INFO] from controllers.jpro in application-akka.actor.default-dispatcher-62 - host          localhost:8080
2026-04-10 10:20:41,715 [INFO] from controllers.jpro in application-akka.actor.default-dispatcher-62 - uri           /app/ws/default
2026-04-10 10:20:41,725 [INFO] from com.jpro.internal.stats.ViewInfo$ in JavaFX Application Thread - [JPro] -> View created: {app_name: default, host_name: localhost:8080, instance_id: 806939677, browser: Google Chrome 146.0.0.0, browser_url: http://localhost:8080/, client_ip: 0:0:0:0:0:0:0:1}
2026-04-10 10:20:43,759 [INFO] from com.jpro.internal.communicator.InstanceImpl in JavaFX Application Thread - [JPro] -> Instance created: {app_name: default, host_name: localhost:8080, instance_id: 806939677, browser: Google Chrome 146.0.0.0, browser_url: http://localhost:8080/, client_ip: 0:0:0:0:0:0:0:1}
2026-04-10 10:20:43,768 [INFO] from com.jpro.internal.communicator.InstanceImpl in JavaFX Application Thread - [JPro] -> Instance closed: {app_name: default, host_name: localhost:8080, instance_id: 438547505, browser: Google Chrome 146.0.0.0, browser_url: http://localhost:8080/, client_ip: 0:0:0:0:0:0:0:1, reason: close-tab-closed}
2026-04-10 10:23:05,508 [WARN] from com.jpro.meta.tk.SceneInputListener in JavaFX Application Thread - Unknown Keycode: 220
2026-04-10 10:23:05,588 [WARN] from com.jpro.meta.tk.SceneInputListener in JavaFX Application Thread - Unknown Keycode: 220
2026-04-10 10:42:24,304 [INFO] from com.jpro.internal.stats.ViewInfo$ in JavaFX Application Thread - [JPro] -> View closed: {app_name: default, host_name: localhost:8080, instance_id: 806939677, browser: Google Chrome 146.0.0.0, browser_url: http://localhost:8080/, client_ip: 0:0:0:0:0:0:0:1, reason: websocket-stop}
2026-04-10 10:42:24,356 [INFO] from com.jpro.internal.stats.ViewInfo$ in JavaFX Application Thread - 
2026-04-10 10:42:24,356 [INFO] from com.jpro.internal.stats.ViewInfo$ in JavaFX Application Thread - Application closed:
2026-04-10 10:42:24,356 [INFO] from com.jpro.internal.stats.ViewInfo$ in JavaFX Application Thread - startTime      : Fri Apr 10 10:42:24 IST 2026      
2026-04-10 10:42:24,356 [INFO] from com.jpro.internal.stats.ViewInfo$ in JavaFX Application Thread - averageLatency : 00:00:00.001 
2026-04-10 10:42:24,356 [INFO] from com.jpro.internal.stats.ViewInfo$ in JavaFX Application Thread - averageJitter  : 00:00:00.000  
2026-04-10 10:42:24,356 [INFO] from com.jpro.internal.stats.ViewInfo$ in JavaFX Application Thread - framerateServer: 00:00:00.000
2026-04-10 10:42:24,356 [INFO] from com.jpro.internal.stats.ViewInfo$ in JavaFX Application Thread - framerateClient: 00:00:00.000
2026-04-10 10:42:24,356 [INFO] from com.jpro.internal.stats.ViewInfo$ in JavaFX Application Thread - raw            : 15752573
2026-04-10 10:42:24,356 [INFO] from com.jpro.internal.stats.ViewInfo$ in JavaFX Application Thread - zipped         : 3495416
2026-04-10 10:42:24,356 [INFO] from com.jpro.internal.stats.ViewInfo$ in JavaFX Application Thread - 
2026-04-10 10:42:25,307 [INFO] from com.jpro.internal.communicator.InstanceImpl in JavaFX Application Thread - [JPro] -> Instance closed: {app_name: default, host_name: localhost:8080, instance_id: 806939677, browser: Google Chrome 146.0.0.0, browser_url: http://localhost:8080/, client_ip: 0:0:0:0:0:0:0:1, reason: close-tab-closed}
2026-04-23 15:58:55,773 [INFO] from com.jpro.activity in scala-execution-context-global-43 - Starting the server
2026-04-23 15:58:55,775 [INFO] from com.jpro.internal.server.JProInitializer$ in scala-execution-context-global-43 -  *** Starting JPro: https://www.jpro.one/ ***
2026-04-23 15:58:55,775 [INFO] from com.jpro.internal.server.JProInitializer$ in scala-execution-context-global-43 - OS: Windows 11
2026-04-23 15:58:55,795 [INFO] from com.jpro.internal.server.JProInitializer$ in scala-execution-context-global-43 - JPro: 2024.2.1
2026-04-23 15:58:55,795 [INFO] from com.jpro.internal.server.JProInitializer$ in scala-execution-context-global-43 - Java version: 21.0.9
2026-04-23 15:58:55,795 [INFO] from com.jpro.internal.server.JProInitializer$ in scala-execution-context-global-43 - JVM: 21.0.9 Oracle Corporation
2026-04-23 15:58:55,803 [INFO] from com.jpro.internal.server.JProInitializer$ in scala-execution-context-global-43 - JavaFX jar: file:/C:/Users/kaush/.m2/repository/org/openjfx/javafx-graphics/22.0.2-jpro/javafx-graphics-22.0.2-jpro-win.jar
2026-04-23 15:58:55,806 [INFO] from com.jpro.internal.server.JProInitializer$ in scala-execution-context-global-43 - Configuring logging from url: 'jar:file:/C:/Users/kaush/.m2/repository/com/sandec/jpro/jpro-server_2.12/2024.2.1/jpro-server_2.12-2024.2.1.jar!/logback-jpro-default.xml'
2026-04-23 15:58:57,021 [INFO] from com.jpro.internal.server.JProInitializer$ in JavaFX Application Thread - JavaFX version: 22.0.2-jpro+0
2026-04-23 15:58:57,060 [INFO] from com.jpro.internal.server.JProInitializer$ in scala-execution-context-global-43 - finished init!
2026-04-23 15:58:57,062 [INFO] from com.jpro.internal.server.JProInitializer$ in scala-execution-context-global-43 - [JPro] -> Server started: {start_time: 1776940135772, os_name: Windows 11, jpro_version: 2024.2.1}
2026-04-23 15:58:57,083 [INFO] from akka.event.slf4j.Slf4jLogger in application-akka.actor.default-dispatcher-5 - Slf4jLogger started
2026-04-23 15:58:57,624 [INFO] from play.api.Play in Thread-0 - Application started (Prod) (no global state)
2026-04-23 15:58:58,139 [INFO] from play.core.server.AkkaHttpServer in Thread-0 - Enabling HTTP/2 on Akka HTTP server...
2026-04-23 15:58:58,140 [INFO] from play.core.server.AkkaHttpServer in Thread-0 - Listening for HTTP on /[0:0:0:0:0:0:0:0]:8080
2026-04-23 15:58:58,912 [INFO] from controllers.jpro in application-akka.actor.default-dispatcher-5 - application requested: default
2026-04-23 15:58:58,919 [INFO] from controllers.jpro in application-akka.actor.default-dispatcher-5 - Creating Application: default
2026-04-23 15:58:58,921 [INFO] from controllers.jpro in application-akka.actor.default-dispatcher-5 - remoteAddress 0:0:0:0:0:0:0:1
2026-04-23 15:58:58,921 [INFO] from controllers.jpro in application-akka.actor.default-dispatcher-5 - host          localhost:8080
2026-04-23 15:58:58,921 [INFO] from controllers.jpro in application-akka.actor.default-dispatcher-5 - uri           /app/ws/default
2026-04-23 15:58:59,184 [INFO] from com.jpro.internal.stats.ViewInfo$ in JavaFX Application Thread - [JPro] -> View created: {app_name: default, host_name: localhost:8080, instance_id: 2041703085, browser: Google Chrome 147.0.0.0, browser_url: http://localhost:8080/, client_ip: 0:0:0:0:0:0:0:1}
2026-04-23 15:59:03,208 [INFO] from com.jpro.internal.communicator.InstanceImpl in JavaFX Application Thread - [JPro] -> Instance created: {app_name: default, host_name: localhost:8080, instance_id: 2041703085, browser: Google Chrome 147.0.0.0, browser_url: http://localhost:8080/, client_ip: 0:0:0:0:0:0:0:1}
2026-04-23 16:04:08,023 [INFO] from com.jpro.activity in scala-execution-context-global-43 - Starting the server
2026-04-23 16:04:08,026 [INFO] from com.jpro.internal.server.JProInitializer$ in scala-execution-context-global-43 -  *** Starting JPro: https://www.jpro.one/ ***
2026-04-23 16:04:08,026 [INFO] from com.jpro.internal.server.JProInitializer$ in scala-execution-context-global-43 - OS: Windows 11
2026-04-23 16:04:08,049 [INFO] from com.jpro.internal.server.JProInitializer$ in scala-execution-context-global-43 - JPro: 2024.2.1
2026-04-23 16:04:08,049 [INFO] from com.jpro.internal.server.JProInitializer$ in scala-execution-context-global-43 - Java version: 21.0.9
2026-04-23 16:04:08,049 [INFO] from com.jpro.internal.server.JProInitializer$ in scala-execution-context-global-43 - JVM: 21.0.9 Oracle Corporation
2026-04-23 16:04:08,051 [INFO] from com.jpro.internal.server.JProInitializer$ in scala-execution-context-global-43 - JavaFX jar: file:/C:/Users/kaush/.m2/repository/org/openjfx/javafx-graphics/22.0.2-jpro/javafx-graphics-22.0.2-jpro-win.jar
2026-04-23 16:04:08,053 [INFO] from com.jpro.internal.server.JProInitializer$ in scala-execution-context-global-43 - Configuring logging from url: 'jar:file:/C:/Users/kaush/.m2/repository/com/sandec/jpro/jpro-server_2.12/2024.2.1/jpro-server_2.12-2024.2.1.jar!/logback-jpro-default.xml'
2026-04-23 16:04:09,038 [INFO] from com.jpro.internal.server.JProInitializer$ in JavaFX Application Thread - JavaFX version: 22.0.2-jpro+0
2026-04-23 16:04:09,092 [INFO] from com.jpro.internal.server.JProInitializer$ in scala-execution-context-global-43 - finished init!
2026-04-23 16:04:09,095 [INFO] from com.jpro.internal.server.JProInitializer$ in scala-execution-context-global-43 - [JPro] -> Server started: {start_time: 1776940448023, os_name: Windows 11, jpro_version: 2024.2.1}
2026-04-23 16:04:09,189 [INFO] from akka.event.slf4j.Slf4jLogger in application-akka.actor.default-dispatcher-5 - Slf4jLogger started
2026-04-23 16:04:09,612 [INFO] from play.api.Play in Thread-0 - Application started (Prod) (no global state)
2026-04-23 16:04:10,071 [INFO] from play.core.server.AkkaHttpServer in Thread-0 - Enabling HTTP/2 on Akka HTTP server...
2026-04-23 16:04:10,072 [INFO] from play.core.server.AkkaHttpServer in Thread-0 - Listening for HTTP on /[0:0:0:0:0:0:0:0]:8080
2026-04-23 16:04:10,770 [INFO] from controllers.jpro in application-akka.actor.default-dispatcher-10 - application requested: default
2026-04-23 16:04:10,776 [INFO] from controllers.jpro in application-akka.actor.default-dispatcher-10 - Creating Application: default
2026-04-23 16:04:10,778 [INFO] from controllers.jpro in application-akka.actor.default-dispatcher-10 - remoteAddress 0:0:0:0:0:0:0:1
2026-04-23 16:04:10,778 [INFO] from controllers.jpro in application-akka.actor.default-dispatcher-10 - host          localhost:8080
2026-04-23 16:04:10,778 [INFO] from controllers.jpro in application-akka.actor.default-dispatcher-10 - uri           /app/ws/default
2026-04-23 16:04:10,962 [INFO] from com.jpro.internal.stats.ViewInfo$ in JavaFX Application Thread - [JPro] -> View created: {app_name: default, host_name: localhost:8080, instance_id: 246613618, browser: Google Chrome 147.0.0.0, browser_url: http://localhost:8080/, client_ip: 0:0:0:0:0:0:0:1}
2026-04-23 16:04:14,135 [INFO] from com.jpro.internal.communicator.InstanceImpl in JavaFX Application Thread - [JPro] -> Instance created: {app_name: default, host_name: localhost:8080, instance_id: 246613618, browser: Google Chrome 147.0.0.0, browser_url: http://localhost:8080/, client_ip: 0:0:0:0:0:0:0:1}
2026-04-23 16:04:34,417 [INFO] from com.jpro.internal.stats.ViewInfo$ in JavaFX Application Thread - [JPro] -> View closed: {app_name: default, host_name: localhost:8080, instance_id: 246613618, browser: Google Chrome 147.0.0.0, browser_url: http://localhost:8080/, client_ip: 0:0:0:0:0:0:0:1, reason: tab-closed}
2026-04-23 16:04:34,428 [INFO] from com.jpro.internal.stats.ViewInfo$ in JavaFX Application Thread - 
2026-04-23 16:04:34,428 [INFO] from com.jpro.internal.stats.ViewInfo$ in JavaFX Application Thread - Application closed:
2026-04-23 16:04:34,441 [INFO] from com.jpro.internal.stats.ViewInfo$ in JavaFX Application Thread - startTime      : Thu Apr 23 16:04:34 IST 2026      
2026-04-23 16:04:34,441 [INFO] from com.jpro.internal.stats.ViewInfo$ in JavaFX Application Thread - averageLatency : 00:00:00.002 
2026-04-23 16:04:34,441 [INFO] from com.jpro.internal.stats.ViewInfo$ in JavaFX Application Thread - averageJitter  : 00:00:00.000  
2026-04-23 16:04:34,442 [INFO] from com.jpro.internal.stats.ViewInfo$ in JavaFX Application Thread - framerateServer: 00:00:00.000
2026-04-23 16:04:34,442 [INFO] from com.jpro.internal.stats.ViewInfo$ in JavaFX Application Thread - framerateClient: 00:00:00.000
2026-04-23 16:04:34,442 [INFO] from com.jpro.internal.stats.ViewInfo$ in JavaFX Application Thread - raw            : 929678
2026-04-23 16:04:34,442 [INFO] from com.jpro.internal.stats.ViewInfo$ in JavaFX Application Thread - zipped         : 155261
2026-04-23 16:04:34,442 [INFO] from com.jpro.internal.stats.ViewInfo$ in JavaFX Application Thread - 
2026-04-23 16:04:35,423 [INFO] from com.jpro.internal.communicator.InstanceImpl in JavaFX Application Thread - [JPro] -> Instance closed: {app_name: default, host_name: localhost:8080, instance_id: 246613618, browser: Google Chrome 147.0.0.0, browser_url: http://localhost:8080/, client_ip: 0:0:0:0:0:0:0:1, reason: close-tab-closed}
2026-04-23 16:05:08,939 [INFO] from controllers.jpro in application-akka.actor.default-dispatcher-6 - application requested: default
2026-04-23 16:05:08,939 [INFO] from controllers.jpro in application-akka.actor.default-dispatcher-6 - Creating Application: default
2026-04-23 16:05:08,939 [INFO] from controllers.jpro in application-akka.actor.default-dispatcher-6 - remoteAddress 0:0:0:0:0:0:0:1
2026-04-23 16:05:08,940 [INFO] from controllers.jpro in application-akka.actor.default-dispatcher-6 - host          localhost:8080
2026-04-23 16:05:08,940 [INFO] from controllers.jpro in application-akka.actor.default-dispatcher-6 - uri           /app/ws/default
2026-04-23 16:05:08,964 [INFO] from com.jpro.internal.stats.ViewInfo$ in JavaFX Application Thread - [JPro] -> View created: {app_name: default, host_name: localhost:8080, instance_id: 789285042, browser: Google Chrome 147.0.0.0, browser_url: http://localhost:8080/, client_ip: 0:0:0:0:0:0:0:1}
2026-04-23 16:05:11,352 [INFO] from com.jpro.internal.communicator.InstanceImpl in JavaFX Application Thread - [JPro] -> Instance created: {app_name: default, host_name: localhost:8080, instance_id: 789285042, browser: Google Chrome 147.0.0.0, browser_url: http://localhost:8080/, client_ip: 0:0:0:0:0:0:0:1}
2026-04-23 16:09:48,874 [INFO] from com.jpro.internal.stats.ViewInfo$ in JavaFX Application Thread - [JPro] -> View closed: {app_name: default, host_name: localhost:8080, instance_id: 789285042, browser: Google Chrome 147.0.0.0, browser_url: http://localhost:8080/, client_ip: 0:0:0:0:0:0:0:1, reason: tab-closed}
2026-04-23 16:09:48,885 [INFO] from com.jpro.internal.stats.ViewInfo$ in JavaFX Application Thread - 
2026-04-23 16:09:48,885 [INFO] from com.jpro.internal.stats.ViewInfo$ in JavaFX Application Thread - Application closed:
2026-04-23 16:09:48,885 [INFO] from com.jpro.internal.stats.ViewInfo$ in JavaFX Application Thread - startTime      : Thu Apr 23 16:09:48 IST 2026      
2026-04-23 16:09:48,885 [INFO] from com.jpro.internal.stats.ViewInfo$ in JavaFX Application Thread - averageLatency : 00:00:00.001 
2026-04-23 16:09:48,885 [INFO] from com.jpro.internal.stats.ViewInfo$ in JavaFX Application Thread - averageJitter  : 00:00:00.000  
2026-04-23 16:09:48,885 [INFO] from com.jpro.internal.stats.ViewInfo$ in JavaFX Application Thread - framerateServer: 00:00:00.000
2026-04-23 16:09:48,885 [INFO] from com.jpro.internal.stats.ViewInfo$ in JavaFX Application Thread - framerateClient: 00:00:00.000
2026-04-23 16:09:48,885 [INFO] from com.jpro.internal.stats.ViewInfo$ in JavaFX Application Thread - raw            : 1312129
2026-04-23 16:09:48,885 [INFO] from com.jpro.internal.stats.ViewInfo$ in JavaFX Application Thread - zipped         : 223328
2026-04-23 16:09:48,885 [INFO] from com.jpro.internal.stats.ViewInfo$ in JavaFX Application Thread - 
2026-04-23 16:09:49,876 [INFO] from com.jpro.internal.communicator.InstanceImpl in JavaFX Application Thread - [JPro] -> Instance closed: {app_name: default, host_name: localhost:8080, instance_id: 789285042, browser: Google Chrome 147.0.0.0, browser_url: http://localhost:8080/, client_ip: 0:0:0:0:0:0:0:1, reason: close-tab-closed}
2026-04-23 16:10:00,360 [INFO] from controllers.jpro in application-akka.actor.default-dispatcher-13 - application requested: default
2026-04-23 16:10:00,360 [INFO] from controllers.jpro in application-akka.actor.default-dispatcher-13 - Creating Application: default
2026-04-23 16:10:00,360 [INFO] from controllers.jpro in application-akka.actor.default-dispatcher-13 - remoteAddress 0:0:0:0:0:0:0:1
2026-04-23 16:10:00,360 [INFO] from controllers.jpro in application-akka.actor.default-dispatcher-13 - host          localhost:8080
2026-04-23 16:10:00,360 [INFO] from controllers.jpro in application-akka.actor.default-dispatcher-13 - uri           /app/ws/default
2026-04-23 16:10:00,375 [INFO] from com.jpro.internal.stats.ViewInfo$ in JavaFX Application Thread - [JPro] -> View created: {app_name: default, host_name: localhost:8080, instance_id: 659426820, browser: Google Chrome 147.0.0.0, browser_url: http://localhost:8080/, client_ip: 0:0:0:0:0:0:0:1}
2026-04-23 16:10:02,516 [INFO] from com.jpro.internal.communicator.InstanceImpl in JavaFX Application Thread - [JPro] -> Instance created: {app_name: default, host_name: localhost:8080, instance_id: 659426820, browser: Google Chrome 147.0.0.0, browser_url: http://localhost:8080/, client_ip: 0:0:0:0:0:0:0:1}
2026-04-23 16:10:19,576 [INFO] from com.jpro.internal.stats.ViewInfo$ in JavaFX Application Thread - [JPro] -> View closed: {app_name: default, host_name: localhost:8080, instance_id: 659426820, browser: Google Chrome 147.0.0.0, browser_url: http://localhost:8080/, client_ip: 0:0:0:0:0:0:0:1, reason: tab-closed}
2026-04-23 16:10:19,584 [INFO] from com.jpro.internal.stats.ViewInfo$ in JavaFX Application Thread - 
2026-04-23 16:10:19,584 [INFO] from com.jpro.internal.stats.ViewInfo$ in JavaFX Application Thread - Application closed:
2026-04-23 16:10:19,584 [INFO] from com.jpro.internal.stats.ViewInfo$ in JavaFX Application Thread - startTime      : Thu Apr 23 16:10:19 IST 2026      
2026-04-23 16:10:19,584 [INFO] from com.jpro.internal.stats.ViewInfo$ in JavaFX Application Thread - averageLatency : 00:00:00.001 
2026-04-23 16:10:19,584 [INFO] from com.jpro.internal.stats.ViewInfo$ in JavaFX Application Thread - averageJitter  : 00:00:00.000  
2026-04-23 16:10:19,584 [INFO] from com.jpro.internal.stats.ViewInfo$ in JavaFX Application Thread - framerateServer: 00:00:00.000
2026-04-23 16:10:19,584 [INFO] from com.jpro.internal.stats.ViewInfo$ in JavaFX Application Thread - framerateClient: 00:00:00.000
2026-04-23 16:10:19,584 [INFO] from com.jpro.internal.stats.ViewInfo$ in JavaFX Application Thread - raw            : 955715
2026-04-23 16:10:19,584 [INFO] from com.jpro.internal.stats.ViewInfo$ in JavaFX Application Thread - zipped         : 159545
2026-04-23 16:10:19,584 [INFO] from com.jpro.internal.stats.ViewInfo$ in JavaFX Application Thread - 
2026-04-23 16:10:20,579 [INFO] from com.jpro.internal.communicator.InstanceImpl in JavaFX Application Thread - [JPro] -> Instance closed: {app_name: default, host_name: localhost:8080, instance_id: 659426820, browser: Google Chrome 147.0.0.0, browser_url: http://localhost:8080/, client_ip: 0:0:0:0:0:0:0:1, reason: close-tab-closed}
2026-04-23 16:11:33,445 [INFO] from controllers.jpro in application-akka.actor.default-dispatcher-5 - application requested: default
2026-04-23 16:11:33,447 [INFO] from controllers.jpro in application-akka.actor.default-dispatcher-5 - Creating Application: default
2026-04-23 16:11:33,447 [INFO] from controllers.jpro in application-akka.actor.default-dispatcher-5 - remoteAddress 0:0:0:0:0:0:0:1
2026-04-23 16:11:33,447 [INFO] from controllers.jpro in application-akka.actor.default-dispatcher-5 - host          localhost:8080
2026-04-23 16:11:33,447 [INFO] from controllers.jpro in application-akka.actor.default-dispatcher-5 - uri           /app/ws/default
2026-04-23 16:11:33,459 [INFO] from com.jpro.internal.stats.ViewInfo$ in JavaFX Application Thread - [JPro] -> View created: {app_name: default, host_name: localhost:8080, instance_id: 1845156656, browser: Google Chrome 147.0.0.0, browser_url: http://localhost:8080/, client_ip: 0:0:0:0:0:0:0:1}
2026-04-23 16:11:35,637 [INFO] from com.jpro.internal.communicator.InstanceImpl in JavaFX Application Thread - [JPro] -> Instance created: {app_name: default, host_name: localhost:8080, instance_id: 1845156656, browser: Google Chrome 147.0.0.0, browser_url: http://localhost:8080/, client_ip: 0:0:0:0:0:0:0:1}
2026-04-23 16:11:52,005 [INFO] from com.jpro.internal.stats.ViewInfo$ in JavaFX Application Thread - [JPro] -> View closed: {app_name: default, host_name: localhost:8080, instance_id: 1845156656, browser: Google Chrome 147.0.0.0, browser_url: http://localhost:8080/, client_ip: 0:0:0:0:0:0:0:1, reason: tab-closed}
2026-04-23 16:11:52,011 [INFO] from com.jpro.internal.stats.ViewInfo$ in JavaFX Application Thread - 
2026-04-23 16:11:52,011 [INFO] from com.jpro.internal.stats.ViewInfo$ in JavaFX Application Thread - Application closed:
2026-04-23 16:11:52,012 [INFO] from com.jpro.internal.stats.ViewInfo$ in JavaFX Application Thread - startTime      : Thu Apr 23 16:11:51 IST 2026      
2026-04-23 16:11:52,012 [INFO] from com.jpro.internal.stats.ViewInfo$ in JavaFX Application Thread - averageLatency : 00:00:00.001 
2026-04-23 16:11:52,012 [INFO] from com.jpro.internal.stats.ViewInfo$ in JavaFX Application Thread - averageJitter  : 00:00:00.000  
2026-04-23 16:11:52,012 [INFO] from com.jpro.internal.stats.ViewInfo$ in JavaFX Application Thread - framerateServer: 00:00:00.000
2026-04-23 16:11:52,012 [INFO] from com.jpro.internal.stats.ViewInfo$ in JavaFX Application Thread - framerateClient: 00:00:00.000
2026-04-23 16:11:52,012 [INFO] from com.jpro.internal.stats.ViewInfo$ in JavaFX Application Thread - raw            : 898466
2026-04-23 16:11:52,012 [INFO] from com.jpro.internal.stats.ViewInfo$ in JavaFX Application Thread - zipped         : 148431
2026-04-23 16:11:52,012 [INFO] from com.jpro.internal.stats.ViewInfo$ in JavaFX Application Thread - 
2026-04-23 16:11:53,008 [INFO] from com.jpro.internal.communicator.InstanceImpl in JavaFX Application Thread - [JPro] -> Instance closed: {app_name: default, host_name: localhost:8080, instance_id: 1845156656, browser: Google Chrome 147.0.0.0, browser_url: http://localhost:8080/, client_ip: 0:0:0:0:0:0:0:1, reason: close-tab-closed}
2026-04-23 16:12:45,218 [INFO] from controllers.jpro in application-akka.actor.default-dispatcher-10 - application requested: default
2026-04-23 16:12:45,219 [INFO] from controllers.jpro in application-akka.actor.default-dispatcher-10 - Creating Application: default
2026-04-23 16:12:45,219 [INFO] from controllers.jpro in application-akka.actor.default-dispatcher-10 - remoteAddress 0:0:0:0:0:0:0:1
2026-04-23 16:12:45,219 [INFO] from controllers.jpro in application-akka.actor.default-dispatcher-10 - host          localhost:8080
2026-04-23 16:12:45,219 [INFO] from controllers.jpro in application-akka.actor.default-dispatcher-10 - uri           /app/ws/default
2026-04-23 16:12:45,240 [INFO] from com.jpro.internal.stats.ViewInfo$ in JavaFX Application Thread - [JPro] -> View created: {app_name: default, host_name: localhost:8080, instance_id: 1606160794, browser: Google Chrome 147.0.0.0, browser_url: http://localhost:8080/, client_ip: 0:0:0:0:0:0:0:1}
2026-04-23 16:12:47,441 [INFO] from com.jpro.internal.communicator.InstanceImpl in JavaFX Application Thread - [JPro] -> Instance created: {app_name: default, host_name: localhost:8080, instance_id: 1606160794, browser: Google Chrome 147.0.0.0, browser_url: http://localhost:8080/, client_ip: 0:0:0:0:0:0:0:1}
2026-04-23 16:27:13,309 [INFO] from com.jpro.activity in scala-execution-context-global-43 - Starting the server
2026-04-23 16:27:13,313 [INFO] from com.jpro.internal.server.JProInitializer$ in scala-execution-context-global-43 -  *** Starting JPro: https://www.jpro.one/ ***
2026-04-23 16:27:13,313 [INFO] from com.jpro.internal.server.JProInitializer$ in scala-execution-context-global-43 - OS: Windows 11
2026-04-23 16:27:13,340 [INFO] from com.jpro.internal.server.JProInitializer$ in scala-execution-context-global-43 - JPro: 2024.2.1
2026-04-23 16:27:13,340 [INFO] from com.jpro.internal.server.JProInitializer$ in scala-execution-context-global-43 - Java version: 21.0.9
2026-04-23 16:27:13,340 [INFO] from com.jpro.internal.server.JProInitializer$ in scala-execution-context-global-43 - JVM: 21.0.9 Oracle Corporation
2026-04-23 16:27:13,343 [INFO] from com.jpro.internal.server.JProInitializer$ in scala-execution-context-global-43 - JavaFX jar: file:/C:/Users/kaush/.m2/repository/org/openjfx/javafx-graphics/22.0.2-jpro/javafx-graphics-22.0.2-jpro-win.jar
2026-04-23 16:27:13,345 [INFO] from com.jpro.internal.server.JProInitializer$ in scala-execution-context-global-43 - Configuring logging from url: 'jar:file:/C:/Users/kaush/.m2/repository/com/sandec/jpro/jpro-server_2.12/2024.2.1/jpro-server_2.12-2024.2.1.jar!/logback-jpro-default.xml'
2026-04-23 16:27:14,432 [INFO] from com.jpro.internal.server.JProInitializer$ in JavaFX Application Thread - JavaFX version: 22.0.2-jpro+0
2026-04-23 16:27:14,486 [INFO] from akka.event.slf4j.Slf4jLogger in application-akka.actor.default-dispatcher-5 - Slf4jLogger started
2026-04-23 16:27:14,495 [INFO] from com.jpro.internal.server.JProInitializer$ in scala-execution-context-global-43 - finished init!
2026-04-23 16:27:14,497 [INFO] from com.jpro.internal.server.JProInitializer$ in scala-execution-context-global-43 - [JPro] -> Server started: {start_time: 1776941833308, os_name: Windows 11, jpro_version: 2024.2.1}
2026-04-23 16:27:15,093 [INFO] from play.api.Play in Thread-0 - Application started (Prod) (no global state)
2026-04-23 16:27:15,634 [INFO] from play.core.server.AkkaHttpServer in Thread-0 - Enabling HTTP/2 on Akka HTTP server...
2026-04-23 16:27:15,635 [INFO] from play.core.server.AkkaHttpServer in Thread-0 - Listening for HTTP on /[0:0:0:0:0:0:0:0]:8080
2026-04-23 16:27:17,225 [INFO] from controllers.jpro in application-akka.actor.default-dispatcher-5 - application requested: default
2026-04-23 16:27:17,235 [INFO] from controllers.jpro in application-akka.actor.default-dispatcher-5 - Creating Application: default
2026-04-23 16:27:17,237 [INFO] from controllers.jpro in application-akka.actor.default-dispatcher-5 - remoteAddress 0:0:0:0:0:0:0:1
2026-04-23 16:27:17,237 [INFO] from controllers.jpro in application-akka.actor.default-dispatcher-5 - host          localhost:8080
2026-04-23 16:27:17,237 [INFO] from controllers.jpro in application-akka.actor.default-dispatcher-5 - uri           /app/ws/default
2026-04-23 16:27:17,813 [INFO] from com.jpro.internal.stats.ViewInfo$ in JavaFX Application Thread - [JPro] -> View created: {app_name: default, host_name: localhost:8080, instance_id: 2061367793, browser: Google Chrome 147.0.0.0, browser_url: http://localhost:8080/, client_ip: 0:0:0:0:0:0:0:1}
2026-04-23 16:27:21,805 [INFO] from com.jpro.internal.communicator.InstanceImpl in JavaFX Application Thread - [JPro] -> Instance created: {app_name: default, host_name: localhost:8080, instance_id: 2061367793, browser: Google Chrome 147.0.0.0, browser_url: http://localhost:8080/, client_ip: 0:0:0:0:0:0:0:1}
2026-04-23 16:27:41,700 [INFO] from com.jpro.internal.stats.ViewInfo$ in JavaFX Application Thread - [JPro] -> View closed: {app_name: default, host_name: localhost:8080, instance_id: 2061367793, browser: Google Chrome 147.0.0.0, browser_url: http://localhost:8080/, client_ip: 0:0:0:0:0:0:0:1, reason: tab-closed}
2026-04-23 16:27:41,703 [INFO] from com.jpro.internal.stats.ViewInfo$ in JavaFX Application Thread - 
2026-04-23 16:27:41,703 [INFO] from com.jpro.internal.stats.ViewInfo$ in JavaFX Application Thread - Application closed:
2026-04-23 16:27:41,715 [INFO] from com.jpro.internal.stats.ViewInfo$ in JavaFX Application Thread - startTime      : Thu Apr 23 16:27:41 IST 2026      
2026-04-23 16:27:41,715 [INFO] from com.jpro.internal.stats.ViewInfo$ in JavaFX Application Thread - averageLatency : 00:00:00.001 
2026-04-23 16:27:41,715 [INFO] from com.jpro.internal.stats.ViewInfo$ in JavaFX Application Thread - averageJitter  : 00:00:00.000  
2026-04-23 16:27:41,716 [INFO] from com.jpro.internal.stats.ViewInfo$ in JavaFX Application Thread - framerateServer: 00:00:00.000
2026-04-23 16:27:41,716 [INFO] from com.jpro.internal.stats.ViewInfo$ in JavaFX Application Thread - framerateClient: 00:00:00.000
2026-04-23 16:27:41,716 [INFO] from com.jpro.internal.stats.ViewInfo$ in JavaFX Application Thread - raw            : 94693
2026-04-23 16:27:41,716 [INFO] from com.jpro.internal.stats.ViewInfo$ in JavaFX Application Thread - zipped         : 23886
2026-04-23 16:27:41,716 [INFO] from com.jpro.internal.stats.ViewInfo$ in JavaFX Application Thread - 
2026-04-23 16:27:42,708 [INFO] from com.jpro.internal.communicator.InstanceImpl in JavaFX Application Thread - [JPro] -> Instance closed: {app_name: default, host_name: localhost:8080, instance_id: 2061367793, browser: Google Chrome 147.0.0.0, browser_url: http://localhost:8080/, client_ip: 0:0:0:0:0:0:0:1, reason: close-tab-closed}
2026-04-23 16:27:53,634 [INFO] from controllers.jpro in application-akka.actor.default-dispatcher-18 - application requested: default
2026-04-23 16:27:53,635 [INFO] from controllers.jpro in application-akka.actor.default-dispatcher-18 - Creating Application: default
2026-04-23 16:27:53,635 [INFO] from controllers.jpro in application-akka.actor.default-dispatcher-18 - remoteAddress 0:0:0:0:0:0:0:1
2026-04-23 16:27:53,635 [INFO] from controllers.jpro in application-akka.actor.default-dispatcher-18 - host          localhost:8080
2026-04-23 16:27:53,635 [INFO] from controllers.jpro in application-akka.actor.default-dispatcher-18 - uri           /app/ws/default
2026-04-23 16:27:53,657 [INFO] from com.jpro.internal.stats.ViewInfo$ in JavaFX Application Thread - [JPro] -> View created: {app_name: default, host_name: localhost:8080, instance_id: 800512972, browser: Google Chrome 147.0.0.0, browser_url: http://localhost:8080/, client_ip: 0:0:0:0:0:0:0:1}
2026-04-23 16:27:56,135 [INFO] from com.jpro.internal.communicator.InstanceImpl in JavaFX Application Thread - [JPro] -> Instance created: {app_name: default, host_name: localhost:8080, instance_id: 800512972, browser: Google Chrome 147.0.0.0, browser_url: http://localhost:8080/, client_ip: 0:0:0:0:0:0:0:1}
2026-04-23 16:29:12,844 [INFO] from com.jpro.internal.stats.ViewInfo$ in JavaFX Application Thread - [JPro] -> View closed: {app_name: default, host_name: localhost:8080, instance_id: 800512972, browser: Google Chrome 147.0.0.0, browser_url: http://localhost:8080/, client_ip: 0:0:0:0:0:0:0:1, reason: tab-closed}
2026-04-23 16:29:12,846 [INFO] from com.jpro.internal.stats.ViewInfo$ in JavaFX Application Thread - 
2026-04-23 16:29:12,846 [INFO] from com.jpro.internal.stats.ViewInfo$ in JavaFX Application Thread - Application closed:
2026-04-23 16:29:12,846 [INFO] from com.jpro.internal.stats.ViewInfo$ in JavaFX Application Thread - startTime      : Thu Apr 23 16:29:12 IST 2026      
2026-04-23 16:29:12,846 [INFO] from com.jpro.internal.stats.ViewInfo$ in JavaFX Application Thread - averageLatency : 00:00:00.002 
2026-04-23 16:29:12,846 [INFO] from com.jpro.internal.stats.ViewInfo$ in JavaFX Application Thread - averageJitter  : 00:00:00.001  
2026-04-23 16:29:12,846 [INFO] from com.jpro.internal.stats.ViewInfo$ in JavaFX Application Thread - framerateServer: 00:00:00.000
2026-04-23 16:29:12,846 [INFO] from com.jpro.internal.stats.ViewInfo$ in JavaFX Application Thread - framerateClient: 00:00:00.000
2026-04-23 16:29:12,846 [INFO] from com.jpro.internal.stats.ViewInfo$ in JavaFX Application Thread - raw            : 345248
2026-04-23 16:29:12,846 [INFO] from com.jpro.internal.stats.ViewInfo$ in JavaFX Application Thread - zipped         : 93188
2026-04-23 16:29:12,846 [INFO] from com.jpro.internal.stats.ViewInfo$ in JavaFX Application Thread - 
2026-04-23 16:29:12,970 [INFO] from controllers.jpro in application-akka.actor.default-dispatcher-9 - application requested: default
2026-04-23 16:29:12,971 [INFO] from controllers.jpro in application-akka.actor.default-dispatcher-9 - Creating Application: default
2026-04-23 16:29:12,971 [INFO] from controllers.jpro in application-akka.actor.default-dispatcher-9 - remoteAddress 0:0:0:0:0:0:0:1
2026-04-23 16:29:12,971 [INFO] from controllers.jpro in application-akka.actor.default-dispatcher-9 - host          localhost:8080
2026-04-23 16:29:12,971 [INFO] from controllers.jpro in application-akka.actor.default-dispatcher-9 - uri           /app/ws/default
2026-04-23 16:29:12,984 [INFO] from com.jpro.internal.stats.ViewInfo$ in JavaFX Application Thread - [JPro] -> View created: {app_name: default, host_name: localhost:8080, instance_id: 888059173, browser: Google Chrome 147.0.0.0, browser_url: http://localhost:8080/, client_ip: 0:0:0:0:0:0:0:1}
2026-04-23 16:29:15,270 [INFO] from com.jpro.internal.communicator.InstanceImpl in JavaFX Application Thread - [JPro] -> Instance created: {app_name: default, host_name: localhost:8080, instance_id: 888059173, browser: Google Chrome 147.0.0.0, browser_url: http://localhost:8080/, client_ip: 0:0:0:0:0:0:0:1}
2026-04-23 16:29:15,300 [INFO] from com.jpro.internal.communicator.InstanceImpl in JavaFX Application Thread - [JPro] -> Instance closed: {app_name: default, host_name: localhost:8080, instance_id: 800512972, browser: Google Chrome 147.0.0.0, browser_url: http://localhost:8080/, client_ip: 0:0:0:0:0:0:0:1, reason: close-tab-closed}
2026-04-23 16:32:44,514 [INFO] from com.jpro.activity in scala-execution-context-global-43 - Starting the server
2026-04-23 16:32:44,516 [INFO] from com.jpro.internal.server.JProInitializer$ in scala-execution-context-global-43 -  *** Starting JPro: https://www.jpro.one/ ***
2026-04-23 16:32:44,516 [INFO] from com.jpro.internal.server.JProInitializer$ in scala-execution-context-global-43 - OS: Windows 11
2026-04-23 16:32:44,536 [INFO] from com.jpro.internal.server.JProInitializer$ in scala-execution-context-global-43 - JPro: 2024.4.1
2026-04-23 16:32:44,536 [INFO] from com.jpro.internal.server.JProInitializer$ in scala-execution-context-global-43 - Java version: 21.0.9
2026-04-23 16:32:44,536 [INFO] from com.jpro.internal.server.JProInitializer$ in scala-execution-context-global-43 - JVM: 21.0.9 Oracle Corporation
2026-04-23 16:32:44,536 [INFO] from com.jpro.internal.server.JProInitializer$ in scala-execution-context-global-43 - JavaFX jar: file:/C:/Users/kaush/.m2/repository/org/openjfx/javafx-graphics/23.0.1-jpro/javafx-graphics-23.0.1-jpro-win.jar
2026-04-23 16:32:44,538 [INFO] from com.jpro.internal.server.JProInitializer$ in scala-execution-context-global-43 - Configuring logging from url: 'jar:file:/C:/Users/kaush/.m2/repository/one/jpro/jpro-server_2.12/2024.4.1/jpro-server_2.12-2024.4.1.jar!/logback-jpro-default.xml'
2026-04-23 16:32:45,427 [INFO] from com.jpro.internal.server.JProInitializer$ in JavaFX Application Thread - JavaFX version: 23.0.1-jpro+0
2026-04-23 16:32:45,489 [INFO] from com.jpro.internal.server.JProInitializer$ in scala-execution-context-global-43 - finished init!
2026-04-23 16:32:45,491 [INFO] from com.jpro.internal.server.JProInitializer$ in scala-execution-context-global-43 - [JPro] -> Server started: {start_time: 1776942164513, os_name: Windows 11, jpro_version: 2024.4.1}
2026-04-23 16:32:45,575 [INFO] from akka.event.slf4j.Slf4jLogger in application-akka.actor.default-dispatcher-5 - Slf4jLogger started
2026-04-23 16:32:46,112 [INFO] from play.api.Play in Thread-0 - Application started (Prod) (no global state)
2026-04-23 16:32:46,509 [INFO] from play.core.server.AkkaHttpServer in Thread-0 - Enabling HTTP/2 on Akka HTTP server...
2026-04-23 16:32:46,510 [INFO] from play.core.server.AkkaHttpServer in Thread-0 - Listening for HTTP on /[0:0:0:0:0:0:0:0]:8080
2026-04-23 16:32:47,794 [INFO] from controllers.jpro in application-akka.actor.default-dispatcher-6 - application requested: default params: Map()
2026-04-23 16:32:47,798 [INFO] from controllers.jpro in application-akka.actor.default-dispatcher-6 - Creating Application: default
2026-04-23 16:32:47,800 [INFO] from controllers.jpro in application-akka.actor.default-dispatcher-6 - remoteAddress 0:0:0:0:0:0:0:1
2026-04-23 16:32:47,800 [INFO] from controllers.jpro in application-akka.actor.default-dispatcher-6 - host          localhost:8080
2026-04-23 16:32:47,800 [INFO] from controllers.jpro in application-akka.actor.default-dispatcher-6 - uri           /app/ws/default
2026-04-23 16:32:47,980 [INFO] from com.jpro.internal.stats.ViewInfo$ in JavaFX Application Thread - [JPro] -> View created: {app_name: default, host_name: localhost:8080, instance_id: 140831238, browser: Google Chrome 147.0.0.0, browser_url: http://localhost:8080/, client_ip: 0:0:0:0:0:0:0:1}
2026-04-23 16:32:51,291 [INFO] from com.jpro.internal.communicator.InstanceImpl in JavaFX Application Thread - [JPro] -> Instance created: {app_name: default, host_name: localhost:8080, instance_id: 140831238, browser: Google Chrome 147.0.0.0, browser_url: http://localhost:8080/, client_ip: 0:0:0:0:0:0:0:1}
2026-04-23 16:32:54,065 [INFO] from controllers.jpro in application-akka.actor.default-dispatcher-14 - application requested: 888059173!default params: Map()
2026-04-23 16:32:54,066 [WARN] from com.jpro.internal.server.ServerHelper$ in application-akka.actor.default-dispatcher-14 - The requested application "888059173!default" does not exist!
2026-04-23 16:33:44,687 [INFO] from controllers.jpro in application-akka.actor.default-dispatcher-19 - application requested: default params: Map()
2026-04-23 16:33:44,687 [INFO] from controllers.jpro in application-akka.actor.default-dispatcher-19 - Creating Application: default
2026-04-23 16:33:44,687 [INFO] from controllers.jpro in application-akka.actor.default-dispatcher-19 - remoteAddress 0:0:0:0:0:0:0:1
2026-04-23 16:33:44,687 [INFO] from controllers.jpro in application-akka.actor.default-dispatcher-19 - host          localhost:8080
2026-04-23 16:33:44,687 [INFO] from controllers.jpro in application-akka.actor.default-dispatcher-19 - uri           /app/ws/default
2026-04-23 16:33:44,708 [INFO] from com.jpro.internal.stats.ViewInfo$ in JavaFX Application Thread - [JPro] -> View created: {app_name: default, host_name: localhost:8080, instance_id: 174114301, browser: Google Chrome 147.0.0.0, browser_url: http://localhost:8080/, client_ip: 0:0:0:0:0:0:0:1}
2026-04-23 16:33:47,053 [INFO] from com.jpro.internal.communicator.InstanceImpl in JavaFX Application Thread - [JPro] -> Instance created: {app_name: default, host_name: localhost:8080, instance_id: 174114301, browser: Google Chrome 147.0.0.0, browser_url: http://localhost:8080/, client_ip: 0:0:0:0:0:0:0:1}
2026-04-23 16:36:40,871 [INFO] from com.jpro.internal.stats.ViewInfo$ in JavaFX Application Thread - [JPro] -> View closed: {app_name: default, host_name: localhost:8080, instance_id: 174114301, browser: Google Chrome 147.0.0.0, browser_url: http://localhost:8080/, client_ip: 0:0:0:0:0:0:0:1, reason: tab-closed}
2026-04-23 16:36:40,873 [INFO] from com.jpro.internal.stats.ViewInfo$ in JavaFX Application Thread - 
2026-04-23 16:36:40,873 [INFO] from com.jpro.internal.stats.ViewInfo$ in JavaFX Application Thread - Application closed:
2026-04-23 16:36:40,881 [INFO] from com.jpro.internal.stats.ViewInfo$ in JavaFX Application Thread - startTime      : Thu Apr 23 16:36:40 IST 2026      
2026-04-23 16:36:40,881 [INFO] from com.jpro.internal.stats.ViewInfo$ in JavaFX Application Thread - averageLatency : 00:00:00.002 
2026-04-23 16:36:40,881 [INFO] from com.jpro.internal.stats.ViewInfo$ in JavaFX Application Thread - averageJitter  : 00:00:00.001  
2026-04-23 16:36:40,882 [INFO] from com.jpro.internal.stats.ViewInfo$ in JavaFX Application Thread - framerateServer: 00:00:00.000
2026-04-23 16:36:40,882 [INFO] from com.jpro.internal.stats.ViewInfo$ in JavaFX Application Thread - framerateClient: 00:00:00.000
2026-04-23 16:36:40,882 [INFO] from com.jpro.internal.stats.ViewInfo$ in JavaFX Application Thread - raw            : 1078415
2026-04-23 16:36:40,882 [INFO] from com.jpro.internal.stats.ViewInfo$ in JavaFX Application Thread - zipped         : 301478
2026-04-23 16:36:40,882 [INFO] from com.jpro.internal.stats.ViewInfo$ in JavaFX Application Thread - 
2026-04-23 16:36:40,991 [INFO] from controllers.jpro in application-akka.actor.default-dispatcher-9 - application requested: default params: Map()
2026-04-23 16:36:40,991 [INFO] from controllers.jpro in application-akka.actor.default-dispatcher-9 - Creating Application: default
2026-04-23 16:36:40,991 [INFO] from controllers.jpro in application-akka.actor.default-dispatcher-9 - remoteAddress 0:0:0:0:0:0:0:1
2026-04-23 16:36:40,991 [INFO] from controllers.jpro in application-akka.actor.default-dispatcher-9 - host          localhost:8080
2026-04-23 16:36:40,991 [INFO] from controllers.jpro in application-akka.actor.default-dispatcher-9 - uri           /app/ws/default
2026-04-23 16:36:41,001 [INFO] from com.jpro.internal.stats.ViewInfo$ in JavaFX Application Thread - [JPro] -> View created: {app_name: default, host_name: localhost:8080, instance_id: 1342829924, browser: Google Chrome 147.0.0.0, browser_url: http://localhost:8080/, client_ip: 0:0:0:0:0:0:0:1}
2026-04-23 16:36:43,332 [INFO] from com.jpro.internal.communicator.InstanceImpl in JavaFX Application Thread - [JPro] -> Instance created: {app_name: default, host_name: localhost:8080, instance_id: 1342829924, browser: Google Chrome 147.0.0.0, browser_url: http://localhost:8080/, client_ip: 0:0:0:0:0:0:0:1}
2026-04-23 16:36:43,368 [INFO] from com.jpro.internal.communicator.InstanceImpl in JavaFX Application Thread - [JPro] -> Instance closed: {app_name: default, host_name: localhost:8080, instance_id: 174114301, browser: Google Chrome 147.0.0.0, browser_url: http://localhost:8080/, client_ip: 0:0:0:0:0:0:0:1, reason: close-tab-closed}
2026-04-23 16:37:42,196 [INFO] from com.jpro.internal.stats.ViewInfo$ in JavaFX Application Thread - [JPro] -> View closed: {app_name: default, host_name: localhost:8080, instance_id: 1342829924, browser: Google Chrome 147.0.0.0, browser_url: http://localhost:8080/, client_ip: 0:0:0:0:0:0:0:1, reason: tab-closed}
2026-04-23 16:37:42,197 [INFO] from com.jpro.internal.stats.ViewInfo$ in JavaFX Application Thread - 
2026-04-23 16:37:42,197 [INFO] from com.jpro.internal.stats.ViewInfo$ in JavaFX Application Thread - Application closed:
2026-04-23 16:37:42,197 [INFO] from com.jpro.internal.stats.ViewInfo$ in JavaFX Application Thread - startTime      : Thu Apr 23 16:37:42 IST 2026      
2026-04-23 16:37:42,197 [INFO] from com.jpro.internal.stats.ViewInfo$ in JavaFX Application Thread - averageLatency : 00:00:00.002 
2026-04-23 16:37:42,197 [INFO] from com.jpro.internal.stats.ViewInfo$ in JavaFX Application Thread - averageJitter  : 00:00:00.001  
2026-04-23 16:37:42,197 [INFO] from com.jpro.internal.stats.ViewInfo$ in JavaFX Application Thread - framerateServer: 00:00:00.000
2026-04-23 16:37:42,197 [INFO] from com.jpro.internal.stats.ViewInfo$ in JavaFX Application Thread - framerateClient: 00:00:00.000
2026-04-23 16:37:42,197 [INFO] from com.jpro.internal.stats.ViewInfo$ in JavaFX Application Thread - raw            : 225910
2026-04-23 16:37:42,197 [INFO] from com.jpro.internal.stats.ViewInfo$ in JavaFX Application Thread - zipped         : 62814
2026-04-23 16:37:42,197 [INFO] from com.jpro.internal.stats.ViewInfo$ in JavaFX Application Thread - 
2026-04-23 16:37:42,225 [INFO] from controllers.jpro in application-akka.actor.default-dispatcher-19 - application requested: default params: Map()
2026-04-23 16:37:42,225 [INFO] from controllers.jpro in application-akka.actor.default-dispatcher-19 - Creating Application: default
2026-04-23 16:37:42,225 [INFO] from controllers.jpro in application-akka.actor.default-dispatcher-19 - remoteAddress 0:0:0:0:0:0:0:1
2026-04-23 16:37:42,225 [INFO] from controllers.jpro in application-akka.actor.default-dispatcher-19 - host          localhost:8080
2026-04-23 16:37:42,225 [INFO] from controllers.jpro in application-akka.actor.default-dispatcher-19 - uri           /app/ws/default
2026-04-23 16:37:42,234 [INFO] from com.jpro.internal.stats.ViewInfo$ in JavaFX Application Thread - [JPro] -> View created: {app_name: default, host_name: localhost:8080, instance_id: 984540646, browser: Google Chrome 147.0.0.0, browser_url: http://localhost:8080/, client_ip: 0:0:0:0:0:0:0:1}
2026-04-23 16:37:44,357 [INFO] from com.jpro.internal.communicator.InstanceImpl in JavaFX Application Thread - [JPro] -> Instance created: {app_name: default, host_name: localhost:8080, instance_id: 984540646, browser: Google Chrome 147.0.0.0, browser_url: http://localhost:8080/, client_ip: 0:0:0:0:0:0:0:1}
2026-04-23 16:37:44,379 [INFO] from com.jpro.internal.communicator.InstanceImpl in JavaFX Application Thread - [JPro] -> Instance closed: {app_name: default, host_name: localhost:8080, instance_id: 1342829924, browser: Google Chrome 147.0.0.0, browser_url: http://localhost:8080/, client_ip: 0:0:0:0:0:0:0:1, reason: close-tab-closed}
2026-04-23 16:48:23,714 [INFO] from com.jpro.activity in scala-execution-context-global-43 - Starting the server
2026-04-23 16:48:23,717 [INFO] from com.jpro.internal.server.JProInitializer$ in scala-execution-context-global-43 -  *** Starting JPro: https://www.jpro.one/ ***
2026-04-23 16:48:23,717 [INFO] from com.jpro.internal.server.JProInitializer$ in scala-execution-context-global-43 - OS: Windows 11
2026-04-23 16:48:23,737 [INFO] from com.jpro.internal.server.JProInitializer$ in scala-execution-context-global-43 - JPro: 2024.4.1
2026-04-23 16:48:23,737 [INFO] from com.jpro.internal.server.JProInitializer$ in scala-execution-context-global-43 - Java version: 21.0.9
2026-04-23 16:48:23,737 [INFO] from com.jpro.internal.server.JProInitializer$ in scala-execution-context-global-43 - JVM: 21.0.9 Oracle Corporation
2026-04-23 16:48:23,739 [INFO] from com.jpro.internal.server.JProInitializer$ in scala-execution-context-global-43 - JavaFX jar: file:/C:/Users/kaush/.m2/repository/org/openjfx/javafx-graphics/23.0.1-jpro/javafx-graphics-23.0.1-jpro-win.jar
2026-04-23 16:48:23,740 [INFO] from com.jpro.internal.server.JProInitializer$ in scala-execution-context-global-43 - Configuring logging from url: 'jar:file:/C:/Users/kaush/.m2/repository/one/jpro/jpro-server_2.12/2024.4.1/jpro-server_2.12-2024.4.1.jar!/logback-jpro-default.xml'
2026-04-23 16:48:24,574 [INFO] from com.jpro.internal.server.JProInitializer$ in JavaFX Application Thread - JavaFX version: 23.0.1-jpro+0
2026-04-23 16:48:24,631 [INFO] from com.jpro.internal.server.JProInitializer$ in scala-execution-context-global-43 - finished init!
2026-04-23 16:48:24,636 [INFO] from com.jpro.internal.server.JProInitializer$ in scala-execution-context-global-43 - [JPro] -> Server started: {start_time: 1776943103713, os_name: Windows 11, jpro_version: 2024.4.1}
2026-04-23 16:48:24,669 [INFO] from akka.event.slf4j.Slf4jLogger in application-akka.actor.default-dispatcher-4 - Slf4jLogger started
2026-04-23 16:48:25,226 [INFO] from play.api.Play in Thread-0 - Application started (Prod) (no global state)
2026-04-23 16:48:25,605 [INFO] from play.core.server.AkkaHttpServer in Thread-0 - Enabling HTTP/2 on Akka HTTP server...
2026-04-23 16:48:25,605 [INFO] from play.core.server.AkkaHttpServer in Thread-0 - Listening for HTTP on /[0:0:0:0:0:0:0:0]:8080
2026-04-23 16:48:26,834 [INFO] from controllers.jpro in application-akka.actor.default-dispatcher-4 - application requested: default params: Map()
2026-04-23 16:48:26,836 [INFO] from controllers.jpro in application-akka.actor.default-dispatcher-4 - Creating Application: default
2026-04-23 16:48:26,839 [INFO] from controllers.jpro in application-akka.actor.default-dispatcher-4 - remoteAddress 0:0:0:0:0:0:0:1
2026-04-23 16:48:26,839 [INFO] from controllers.jpro in application-akka.actor.default-dispatcher-4 - host          localhost:8080
2026-04-23 16:48:26,839 [INFO] from controllers.jpro in application-akka.actor.default-dispatcher-4 - uri           /app/ws/default
2026-04-23 16:48:27,037 [INFO] from com.jpro.internal.stats.ViewInfo$ in JavaFX Application Thread - [JPro] -> View created: {app_name: default, host_name: localhost:8080, instance_id: 1933432987, browser: Google Chrome 147.0.0.0, browser_url: http://localhost:8080/, client_ip: 0:0:0:0:0:0:0:1}
2026-04-23 16:48:30,234 [INFO] from com.jpro.internal.communicator.InstanceImpl in JavaFX Application Thread - [JPro] -> Instance created: {app_name: default, host_name: localhost:8080, instance_id: 1933432987, browser: Google Chrome 147.0.0.0, browser_url: http://localhost:8080/, client_ip: 0:0:0:0:0:0:0:1}
2026-04-23 16:49:06,647 [INFO] from controllers.jpro in application-akka.actor.default-dispatcher-12 - application requested: default params: Map()
2026-04-23 16:49:06,648 [INFO] from controllers.jpro in application-akka.actor.default-dispatcher-12 - Creating Application: default
2026-04-23 16:49:06,648 [INFO] from controllers.jpro in application-akka.actor.default-dispatcher-12 - remoteAddress 0:0:0:0:0:0:0:1
2026-04-23 16:49:06,648 [INFO] from controllers.jpro in application-akka.actor.default-dispatcher-12 - host          localhost:8080
2026-04-23 16:49:06,648 [INFO] from controllers.jpro in application-akka.actor.default-dispatcher-12 - uri           /app/ws/default
2026-04-23 16:49:06,669 [INFO] from com.jpro.internal.stats.ViewInfo$ in JavaFX Application Thread - [JPro] -> View created: {app_name: default, host_name: localhost:8080, instance_id: 963421325, browser: Google Chrome 147.0.0.0, browser_url: http://localhost:8080/, client_ip: 0:0:0:0:0:0:0:1}
2026-04-23 16:49:09,051 [INFO] from com.jpro.internal.communicator.InstanceImpl in JavaFX Application Thread - [JPro] -> Instance created: {app_name: default, host_name: localhost:8080, instance_id: 963421325, browser: Google Chrome 147.0.0.0, browser_url: http://localhost:8080/, client_ip: 0:0:0:0:0:0:0:1}
2026-04-23 16:49:09,108 [INFO] from com.jpro.internal.stats.ViewInfo$ in JavaFX Application Thread - [JPro] -> View closed: {app_name: default, host_name: localhost:8080, instance_id: 1933432987, browser: Google Chrome 147.0.0.0, browser_url: http://localhost:8080/, client_ip: 0:0:0:0:0:0:0:1, reason: tab-closed}
2026-04-23 16:49:09,110 [INFO] from com.jpro.internal.stats.ViewInfo$ in JavaFX Application Thread - 
2026-04-23 16:49:09,111 [INFO] from com.jpro.internal.stats.ViewInfo$ in JavaFX Application Thread - Application closed:
2026-04-23 16:49:09,120 [INFO] from com.jpro.internal.stats.ViewInfo$ in JavaFX Application Thread - startTime      : Thu Apr 23 16:49:09 IST 2026      
2026-04-23 16:49:09,120 [INFO] from com.jpro.internal.stats.ViewInfo$ in JavaFX Application Thread - averageLatency : 00:00:00.001 
2026-04-23 16:49:09,120 [INFO] from com.jpro.internal.stats.ViewInfo$ in JavaFX Application Thread - averageJitter  : 00:00:00.000  
2026-04-23 16:49:09,121 [INFO] from com.jpro.internal.stats.ViewInfo$ in JavaFX Application Thread - framerateServer: 00:00:00.000
2026-04-23 16:49:09,121 [INFO] from com.jpro.internal.stats.ViewInfo$ in JavaFX Application Thread - framerateClient: 00:00:00.000
2026-04-23 16:49:09,121 [INFO] from com.jpro.internal.stats.ViewInfo$ in JavaFX Application Thread - raw            : 236358
2026-04-23 16:49:09,121 [INFO] from com.jpro.internal.stats.ViewInfo$ in JavaFX Application Thread - zipped         : 68764
2026-04-23 16:49:09,121 [INFO] from com.jpro.internal.stats.ViewInfo$ in JavaFX Application Thread - 
2026-04-23 16:49:10,107 [INFO] from com.jpro.internal.communicator.InstanceImpl in JavaFX Application Thread - [JPro] -> Instance closed: {app_name: default, host_name: localhost:8080, instance_id: 1933432987, browser: Google Chrome 147.0.0.0, browser_url: http://localhost:8080/, client_ip: 0:0:0:0:0:0:0:1, reason: close-tab-closed}
2026-04-23 16:50:37,351 [INFO] from com.jpro.internal.stats.ViewInfo$ in JavaFX Application Thread - [JPro] -> View closed: {app_name: default, host_name: localhost:8080, instance_id: 963421325, browser: Google Chrome 147.0.0.0, browser_url: http://localhost:8080/, client_ip: 0:0:0:0:0:0:0:1, reason: tab-closed}
2026-04-23 16:50:37,353 [INFO] from com.jpro.internal.stats.ViewInfo$ in JavaFX Application Thread - 
2026-04-23 16:50:37,353 [INFO] from com.jpro.internal.stats.ViewInfo$ in JavaFX Application Thread - Application closed:
2026-04-23 16:50:37,353 [INFO] from com.jpro.internal.stats.ViewInfo$ in JavaFX Application Thread - startTime      : Thu Apr 23 16:50:37 IST 2026      
2026-04-23 16:50:37,353 [INFO] from com.jpro.internal.stats.ViewInfo$ in JavaFX Application Thread - averageLatency : 00:00:00.001 
2026-04-23 16:50:37,353 [INFO] from com.jpro.internal.stats.ViewInfo$ in JavaFX Application Thread - averageJitter  : 00:00:00.000  
2026-04-23 16:50:37,353 [INFO] from com.jpro.internal.stats.ViewInfo$ in JavaFX Application Thread - framerateServer: 00:00:00.000
2026-04-23 16:50:37,353 [INFO] from com.jpro.internal.stats.ViewInfo$ in JavaFX Application Thread - framerateClient: 00:00:00.000
2026-04-23 16:50:37,353 [INFO] from com.jpro.internal.stats.ViewInfo$ in JavaFX Application Thread - raw            : 448028
2026-04-23 16:50:37,353 [INFO] from com.jpro.internal.stats.ViewInfo$ in JavaFX Application Thread - zipped         : 132310
2026-04-23 16:50:37,353 [INFO] from com.jpro.internal.stats.ViewInfo$ in JavaFX Application Thread - 
2026-04-23 16:50:38,344 [INFO] from com.jpro.internal.communicator.InstanceImpl in JavaFX Application Thread - [JPro] -> Instance closed: {app_name: default, host_name: localhost:8080, instance_id: 963421325, browser: Google Chrome 147.0.0.0, browser_url: http://localhost:8080/, client_ip: 0:0:0:0:0:0:0:1, reason: close-tab-closed}
2026-04-23 16:50:58,194 [INFO] from controllers.jpro in application-akka.actor.default-dispatcher-15 - application requested: default params: Map()
2026-04-23 16:50:58,194 [INFO] from controllers.jpro in application-akka.actor.default-dispatcher-15 - Creating Application: default
2026-04-23 16:50:58,194 [INFO] from controllers.jpro in application-akka.actor.default-dispatcher-15 - remoteAddress 0:0:0:0:0:0:0:1
2026-04-23 16:50:58,194 [INFO] from controllers.jpro in application-akka.actor.default-dispatcher-15 - host          localhost:8080
2026-04-23 16:50:58,194 [INFO] from controllers.jpro in application-akka.actor.default-dispatcher-15 - uri           /app/ws/default
2026-04-23 16:50:58,210 [INFO] from com.jpro.internal.stats.ViewInfo$ in JavaFX Application Thread - [JPro] -> View created: {app_name: default, host_name: localhost:8080, instance_id: 739673889, browser: Google Chrome 147.0.0.0, browser_url: http://localhost:8080/, client_ip: 0:0:0:0:0:0:0:1}
2026-04-23 16:51:00,504 [INFO] from com.jpro.internal.communicator.InstanceImpl in JavaFX Application Thread - [JPro] -> Instance created: {app_name: default, host_name: localhost:8080, instance_id: 739673889, browser: Google Chrome 147.0.0.0, browser_url: http://localhost:8080/, client_ip: 0:0:0:0:0:0:0:1}
2026-04-23 16:52:15,055 [INFO] from controllers.jpro in application-akka.actor.default-dispatcher-11 - application requested: default params: Map()
2026-04-23 16:52:15,055 [INFO] from controllers.jpro in application-akka.actor.default-dispatcher-11 - Creating Application: default
2026-04-23 16:52:15,055 [INFO] from controllers.jpro in application-akka.actor.default-dispatcher-11 - remoteAddress 0:0:0:0:0:0:0:1
2026-04-23 16:52:15,055 [INFO] from controllers.jpro in application-akka.actor.default-dispatcher-11 - host          localhost:8080
2026-04-23 16:52:15,055 [INFO] from controllers.jpro in application-akka.actor.default-dispatcher-11 - uri           /app/ws/default
2026-04-23 16:52:15,071 [INFO] from com.jpro.internal.stats.ViewInfo$ in JavaFX Application Thread - [JPro] -> View created: {app_name: default, host_name: localhost:8080, instance_id: 1179134376, browser: Google Chrome 147.0.0.0, browser_url: http://localhost:8080/, client_ip: 0:0:0:0:0:0:0:1}
2026-04-23 16:52:17,355 [INFO] from com.jpro.internal.communicator.InstanceImpl in JavaFX Application Thread - [JPro] -> Instance created: {app_name: default, host_name: localhost:8080, instance_id: 1179134376, browser: Google Chrome 147.0.0.0, browser_url: http://localhost:8080/, client_ip: 0:0:0:0:0:0:0:1}
2026-04-23 16:52:44,813 [INFO] from com.jpro.internal.stats.ViewInfo$ in JavaFX Application Thread - [JPro] -> View closed: {app_name: default, host_name: localhost:8080, instance_id: 1179134376, browser: Google Chrome 147.0.0.0, browser_url: http://localhost:8080/, client_ip: 0:0:0:0:0:0:0:1, reason: tab-closed}
2026-04-23 16:52:44,822 [INFO] from com.jpro.internal.stats.ViewInfo$ in JavaFX Application Thread - 
2026-04-23 16:52:44,822 [INFO] from com.jpro.internal.stats.ViewInfo$ in JavaFX Application Thread - Application closed:
2026-04-23 16:52:44,822 [INFO] from com.jpro.internal.stats.ViewInfo$ in JavaFX Application Thread - startTime      : Thu Apr 23 16:52:44 IST 2026      
2026-04-23 16:52:44,822 [INFO] from com.jpro.internal.stats.ViewInfo$ in JavaFX Application Thread - averageLatency : 00:00:00.001 
2026-04-23 16:52:44,822 [INFO] from com.jpro.internal.stats.ViewInfo$ in JavaFX Application Thread - averageJitter  : 00:00:00.000  
2026-04-23 16:52:44,822 [INFO] from com.jpro.internal.stats.ViewInfo$ in JavaFX Application Thread - framerateServer: 00:00:00.000
2026-04-23 16:52:44,822 [INFO] from com.jpro.internal.stats.ViewInfo$ in JavaFX Application Thread - framerateClient: 00:00:00.000
2026-04-23 16:52:44,822 [INFO] from com.jpro.internal.stats.ViewInfo$ in JavaFX Application Thread - raw            : 1230101
2026-04-23 16:52:44,822 [INFO] from com.jpro.internal.stats.ViewInfo$ in JavaFX Application Thread - zipped         : 249088
2026-04-23 16:52:44,822 [INFO] from com.jpro.internal.stats.ViewInfo$ in JavaFX Application Thread - 
2026-04-23 16:52:45,816 [INFO] from com.jpro.internal.communicator.InstanceImpl in JavaFX Application Thread - [JPro] -> Instance closed: {app_name: default, host_name: localhost:8080, instance_id: 1179134376, browser: Google Chrome 147.0.0.0, browser_url: http://localhost:8080/, client_ip: 0:0:0:0:0:0:0:1, reason: close-tab-closed}
2026-04-23 16:52:52,085 [INFO] from com.jpro.internal.stats.ViewInfo$ in JavaFX Application Thread - [JPro] -> View closed: {app_name: default, host_name: localhost:8080, instance_id: 739673889, browser: Google Chrome 147.0.0.0, browser_url: http://localhost:8080/, client_ip: 0:0:0:0:0:0:0:1, reason: tab-closed}
2026-04-23 16:52:52,086 [INFO] from com.jpro.internal.stats.ViewInfo$ in JavaFX Application Thread - 
2026-04-23 16:52:52,086 [INFO] from com.jpro.internal.stats.ViewInfo$ in JavaFX Application Thread - Application closed:
2026-04-23 16:52:52,086 [INFO] from com.jpro.internal.stats.ViewInfo$ in JavaFX Application Thread - startTime      : Thu Apr 23 16:52:52 IST 2026      
2026-04-23 16:52:52,086 [INFO] from com.jpro.internal.stats.ViewInfo$ in JavaFX Application Thread - averageLatency : 00:00:00.003 
2026-04-23 16:52:52,086 [INFO] from com.jpro.internal.stats.ViewInfo$ in JavaFX Application Thread - averageJitter  : 00:00:00.003  
2026-04-23 16:52:52,086 [INFO] from com.jpro.internal.stats.ViewInfo$ in JavaFX Application Thread - framerateServer: 00:00:00.000
2026-04-23 16:52:52,086 [INFO] from com.jpro.internal.stats.ViewInfo$ in JavaFX Application Thread - framerateClient: 00:00:00.000
2026-04-23 16:52:52,086 [INFO] from com.jpro.internal.stats.ViewInfo$ in JavaFX Application Thread - raw            : 577500
2026-04-23 16:52:52,086 [INFO] from com.jpro.internal.stats.ViewInfo$ in JavaFX Application Thread - zipped         : 161851
2026-04-23 16:52:52,086 [INFO] from com.jpro.internal.stats.ViewInfo$ in JavaFX Application Thread - 
2026-04-23 16:52:53,081 [INFO] from com.jpro.internal.communicator.InstanceImpl in JavaFX Application Thread - [JPro] -> Instance closed: {app_name: default, host_name: localhost:8080, instance_id: 739673889, browser: Google Chrome 147.0.0.0, browser_url: http://localhost:8080/, client_ip: 0:0:0:0:0:0:0:1, reason: close-tab-closed}
