2026-04-09 19:05:47,865 [INFO] in AsyncAppender-Worker-ASYNCSTDOUT - [[34mINFO [0;39m] c.jpro.activity - Starting the serverAsyncAppender-Worker-ASYNCSTDOUT
2026-04-09 19:05:47,866 [INFO] in AsyncAppender-Worker-ASYNCSTDOUT - [[34mINFO [0;39m] c.j.i.s.JProInitializer$ -  *** Starting JPro: https://www.jpro.one/ ***AsyncAppender-Worker-ASYNCSTDOUT
2026-04-09 19:05:47,866 [INFO] in AsyncAppender-Worker-ASYNCSTDOUT - [[34mINFO [0;39m] c.j.i.s.JProInitializer$ - OS: Windows 11AsyncAppender-Worker-ASYNCSTDOUT
2026-04-09 19:05:47,889 [INFO] in AsyncAppender-Worker-ASYNCSTDOUT - [[34mINFO [0;39m] c.j.i.s.JProInitializer$ - JPro: 2024.2.1AsyncAppender-Worker-ASYNCSTDOUT
2026-04-09 19:05:47,889 [INFO] in AsyncAppender-Worker-ASYNCSTDOUT - [[34mINFO [0;39m] c.j.i.s.JProInitializer$ - Java version: 21.0.9AsyncAppender-Worker-ASYNCSTDOUT
2026-04-09 19:05:47,890 [INFO] in AsyncAppender-Worker-ASYNCSTDOUT - [[34mINFO [0;39m] c.j.i.s.JProInitializer$ - JVM: 21.0.9 Oracle CorporationAsyncAppender-Worker-ASYNCSTDOUT
2026-04-09 19:05:47,891 [INFO] in AsyncAppender-Worker-ASYNCSTDOUT - [[34mINFO [0;39m] c.j.i.s.JProInitializer$ - JavaFX jar: file:/C:/Users/kaush/.m2/repository/org/openjfx/javafx-graphics/22.0.2-jpro/javafx-graphics-22.0.2-jpro-win.jarAsyncAppender-Worker-ASYNCSTDOUT
2026-04-09 19:05:47,895 [INFO] in AsyncAppender-Worker-ASYNCSTDOUT - [[34mINFO [0;39m] c.j.i.s.JProInitializer$ - Configuring logging from url: 'jar:file:/C:/Users/kaush/.m2/repository/com/sandec/jpro/jpro-server_2.12/2024.2.1/jpro-server_2.12-2024.2.1.jar!/logback-jpro-default.xml'AsyncAppender-Worker-ASYNCSTDOUT
2026-04-09 19:05:49,240 [INFO] in AsyncAppender-Worker-ASYNCSTDOUT - [[34mINFO [0;39m] c.j.i.s.JProInitializer$ - JavaFX version: 22.0.2-jpro+0AsyncAppender-Worker-ASYNCSTDOUT
2026-04-09 19:05:49,374 [INFO] in JavaFX Application Thread - G1 Young GenerationJavaFX Application Thread
2026-04-09 19:05:49,374 [INFO] in JavaFX Application Thread - G1 Concurrent GCJavaFX Application Thread
2026-04-09 19:05:49,374 [INFO] in JavaFX Application Thread - G1 Old GenerationJavaFX Application Thread
2026-04-09 19:05:49,396 [INFO] in AsyncAppender-Worker-ASYNCSTDOUT - [[34mINFO [0;39m] c.j.i.s.JProInitializer$ - finished init!AsyncAppender-Worker-ASYNCSTDOUT
2026-04-09 19:05:49,414 [INFO] in AsyncAppender-Worker-ASYNCSTDOUT - [[34mINFO [0;39m] c.j.i.s.JProInitializer$ - [JPro] -> Server started: {start_time: 1775741747845, os_name: Windows 11, jpro_version: 2024.2.1}AsyncAppender-Worker-ASYNCSTDOUT
2026-04-09 19:05:49,530 [INFO] in AsyncAppender-Worker-ASYNCSTDOUT - [[34mINFO [0;39m] a.e.s.Slf4jLogger - Slf4jLogger startedAsyncAppender-Worker-ASYNCSTDOUT
2026-04-09 19:05:50,028 [INFO] in AsyncAppender-Worker-ASYNCSTDOUT - [[34mINFO [0;39m] play.api.Play - Application started (Prod) (no global state)AsyncAppender-Worker-ASYNCSTDOUT
2026-04-09 19:05:50,463 [INFO] in AsyncAppender-Worker-ASYNCSTDOUT - [[34mINFO [0;39m] p.c.s.AkkaHttpServer - Enabling HTTP/2 on Akka HTTP server...AsyncAppender-Worker-ASYNCSTDOUT
2026-04-09 19:05:50,464 [INFO] in AsyncAppender-Worker-ASYNCSTDOUT - [[34mINFO [0;39m] p.c.s.AkkaHttpServer - Listening for HTTP on /[0:0:0:0:0:0:0:0]:8080AsyncAppender-Worker-ASYNCSTDOUT
2026-04-09 19:05:51,291 [INFO] in AsyncAppender-Worker-ASYNCSTDOUT - [[34mINFO [0;39m] c.jpro - application requested: defaultAsyncAppender-Worker-ASYNCSTDOUT
2026-04-09 19:05:51,297 [INFO] in AsyncAppender-Worker-ASYNCSTDOUT - [[34mINFO [0;39m] c.jpro - Creating Application: defaultAsyncAppender-Worker-ASYNCSTDOUT
2026-04-09 19:05:51,300 [INFO] in AsyncAppender-Worker-ASYNCSTDOUT - [[34mINFO [0;39m] c.jpro - remoteAddress 0:0:0:0:0:0:0:1AsyncAppender-Worker-ASYNCSTDOUT
2026-04-09 19:05:51,300 [INFO] in AsyncAppender-Worker-ASYNCSTDOUT - [[34mINFO [0;39m] c.jpro - host          localhost:8080AsyncAppender-Worker-ASYNCSTDOUT
2026-04-09 19:05:51,300 [INFO] in AsyncAppender-Worker-ASYNCSTDOUT - [[34mINFO [0;39m] c.jpro - uri           /app/ws/defaultAsyncAppender-Worker-ASYNCSTDOUT
2026-04-09 19:05:51,543 [INFO] in AsyncAppender-Worker-ASYNCSTDOUT - [[34mINFO [0;39m] c.j.i.s.ViewInfo$ - [JPro] -> View created: {app_name: default, host_name: localhost:8080, instance_id: 1982007335, browser: Google Chrome 146.0.0.0, browser_url: http://localhost:8080/, client_ip: 0:0:0:0:0:0:0:1}AsyncAppender-Worker-ASYNCSTDOUT
2026-04-09 19:05:53,182 [INFO] in AsyncAppender-Worker-ASYNCSTDOUT - [[34mINFO [0;39m] c.j.i.c.InstanceImpl - [JPro] -> Instance created: {app_name: default, host_name: localhost:8080, instance_id: 1982007335, browser: Google Chrome 146.0.0.0, browser_url: http://localhost:8080/, client_ip: 0:0:0:0:0:0:0:1}AsyncAppender-Worker-ASYNCSTDOUT
2026-04-09 19:07:49,274 [INFO] in AsyncAppender-Worker-ASYNCSTDOUT - [[31mWARN [0;39m] c.j.i.s.ServerInfo$ - high memory usage: 95.71851133628803%AsyncAppender-Worker-ASYNCSTDOUT
2026-04-09 19:08:09,284 [INFO] in AsyncAppender-Worker-ASYNCSTDOUT - [[31mWARN [0;39m] c.j.i.s.ServerInfo$ - high memory usage: 95.81660863013983%AsyncAppender-Worker-ASYNCSTDOUT
2026-04-09 19:08:29,284 [INFO] in AsyncAppender-Worker-ASYNCSTDOUT - [[31mWARN [0;39m] c.j.i.s.ServerInfo$ - high memory usage: 95.91920386811006%AsyncAppender-Worker-ASYNCSTDOUT
2026-04-09 19:08:49,284 [INFO] in AsyncAppender-Worker-ASYNCSTDOUT - [[31mWARN [0;39m] c.j.i.s.ServerInfo$ - high memory usage: 95.99404732996662%AsyncAppender-Worker-ASYNCSTDOUT
2026-04-09 19:09:09,284 [INFO] in AsyncAppender-Worker-ASYNCSTDOUT - [[31mWARN [0;39m] c.j.i.s.ServerInfo$ - high memory usage: 96.07618657125306%AsyncAppender-Worker-ASYNCSTDOUT
2026-04-09 19:09:33,867 [INFO] in AsyncAppender-Worker-ASYNCSTDOUT - [[34mINFO [0;39m] c.j.i.s.ViewInfo$ - [JPro] -> View closed: {app_name: default, host_name: localhost:8080, instance_id: 1982007335, browser: Google Chrome 146.0.0.0, browser_url: http://localhost:8080/, client_ip: 0:0:0:0:0:0:0:1, reason: tab-closed}AsyncAppender-Worker-ASYNCSTDOUT
2026-04-09 19:09:33,946 [INFO] in AsyncAppender-Worker-ASYNCSTDOUT - [[34mINFO [0;39m] c.j.i.s.ViewInfo$ - AsyncAppender-Worker-ASYNCSTDOUT
2026-04-09 19:09:33,946 [INFO] in AsyncAppender-Worker-ASYNCSTDOUT - [[34mINFO [0;39m] c.j.i.s.ViewInfo$ - Application closed:AsyncAppender-Worker-ASYNCSTDOUT
2026-04-09 19:09:33,958 [INFO] in AsyncAppender-Worker-ASYNCSTDOUT - [[34mINFO [0;39m] c.j.i.s.ViewInfo$ - startTime      : Thu Apr 09 19:09:33 IST 2026      AsyncAppender-Worker-ASYNCSTDOUT
2026-04-09 19:09:33,958 [INFO] in AsyncAppender-Worker-ASYNCSTDOUT - [[34mINFO [0;39m] c.j.i.s.ViewInfo$ - averageLatency : 00:00:00.001 AsyncAppender-Worker-ASYNCSTDOUT
2026-04-09 19:09:33,958 [INFO] in AsyncAppender-Worker-ASYNCSTDOUT - [[34mINFO [0;39m] c.j.i.s.ViewInfo$ - averageJitter  : 00:00:00.000  AsyncAppender-Worker-ASYNCSTDOUT
2026-04-09 19:09:33,959 [INFO] in AsyncAppender-Worker-ASYNCSTDOUT - [[34mINFO [0;39m] c.j.i.s.ViewInfo$ - framerateServer: 00:00:00.000AsyncAppender-Worker-ASYNCSTDOUT
2026-04-09 19:09:33,959 [INFO] in AsyncAppender-Worker-ASYNCSTDOUT - [[34mINFO [0;39m] c.j.i.s.ViewInfo$ - framerateClient: 00:00:00.000AsyncAppender-Worker-ASYNCSTDOUT
2026-04-09 19:09:33,959 [INFO] in AsyncAppender-Worker-ASYNCSTDOUT - [[34mINFO [0;39m] c.j.i.s.ViewInfo$ - raw            : 10792934AsyncAppender-Worker-ASYNCSTDOUT
2026-04-09 19:09:33,959 [INFO] in AsyncAppender-Worker-ASYNCSTDOUT - [[34mINFO [0;39m] c.j.i.s.ViewInfo$ - zipped         : 1680567AsyncAppender-Worker-ASYNCSTDOUT
2026-04-09 19:09:33,959 [INFO] in AsyncAppender-Worker-ASYNCSTDOUT - [[34mINFO [0;39m] c.j.i.s.ViewInfo$ - AsyncAppender-Worker-ASYNCSTDOUT
2026-04-09 19:09:34,874 [INFO] in AsyncAppender-Worker-ASYNCSTDOUT - [[34mINFO [0;39m] c.j.i.c.InstanceImpl - [JPro] -> Instance closed: {app_name: default, host_name: localhost:8080, instance_id: 1982007335, browser: Google Chrome 146.0.0.0, browser_url: http://localhost:8080/, client_ip: 0:0:0:0:0:0:0:1, reason: close-tab-closed}AsyncAppender-Worker-ASYNCSTDOUT
2026-04-09 19:10:35,535 [INFO] in AsyncAppender-Worker-ASYNCSTDOUT - [[34mINFO [0;39m] c.jpro.activity - Starting the serverAsyncAppender-Worker-ASYNCSTDOUT
2026-04-09 19:10:35,535 [INFO] in AsyncAppender-Worker-ASYNCSTDOUT - [[34mINFO [0;39m] c.j.i.s.JProInitializer$ -  *** Starting JPro: https://www.jpro.one/ ***AsyncAppender-Worker-ASYNCSTDOUT
2026-04-09 19:10:35,535 [INFO] in AsyncAppender-Worker-ASYNCSTDOUT - [[34mINFO [0;39m] c.j.i.s.JProInitializer$ - OS: Windows 11AsyncAppender-Worker-ASYNCSTDOUT
2026-04-09 19:10:35,556 [INFO] in AsyncAppender-Worker-ASYNCSTDOUT - [[34mINFO [0;39m] c.j.i.s.JProInitializer$ - JPro: 2024.2.1AsyncAppender-Worker-ASYNCSTDOUT
2026-04-09 19:10:35,556 [INFO] in AsyncAppender-Worker-ASYNCSTDOUT - [[34mINFO [0;39m] c.j.i.s.JProInitializer$ - Java version: 21.0.9AsyncAppender-Worker-ASYNCSTDOUT
2026-04-09 19:10:35,556 [INFO] in AsyncAppender-Worker-ASYNCSTDOUT - [[34mINFO [0;39m] c.j.i.s.JProInitializer$ - JVM: 21.0.9 Oracle CorporationAsyncAppender-Worker-ASYNCSTDOUT
2026-04-09 19:10:35,560 [INFO] in AsyncAppender-Worker-ASYNCSTDOUT - [[34mINFO [0;39m] c.j.i.s.JProInitializer$ - JavaFX jar: file:/C:/Users/kaush/.m2/repository/org/openjfx/javafx-graphics/22.0.2-jpro/javafx-graphics-22.0.2-jpro-win.jarAsyncAppender-Worker-ASYNCSTDOUT
2026-04-09 19:10:35,565 [INFO] in AsyncAppender-Worker-ASYNCSTDOUT - [[34mINFO [0;39m] c.j.i.s.JProInitializer$ - Configuring logging from url: 'jar:file:/C:/Users/kaush/.m2/repository/com/sandec/jpro/jpro-server_2.12/2024.2.1/jpro-server_2.12-2024.2.1.jar!/logback-jpro-default.xml'AsyncAppender-Worker-ASYNCSTDOUT
2026-04-09 19:10:36,899 [INFO] in AsyncAppender-Worker-ASYNCSTDOUT - [[34mINFO [0;39m] c.j.i.s.JProInitializer$ - JavaFX version: 22.0.2-jpro+0AsyncAppender-Worker-ASYNCSTDOUT
2026-04-09 19:10:36,980 [INFO] in JavaFX Application Thread - G1 Young GenerationJavaFX Application Thread
2026-04-09 19:10:36,980 [INFO] in JavaFX Application Thread - G1 Concurrent GCJavaFX Application Thread
2026-04-09 19:10:36,981 [INFO] in JavaFX Application Thread - G1 Old GenerationJavaFX Application Thread
2026-04-09 19:10:37,004 [INFO] in AsyncAppender-Worker-ASYNCSTDOUT - [[34mINFO [0;39m] c.j.i.s.JProInitializer$ - finished init!AsyncAppender-Worker-ASYNCSTDOUT
2026-04-09 19:10:37,006 [INFO] in AsyncAppender-Worker-ASYNCSTDOUT - [[34mINFO [0;39m] c.j.i.s.JProInitializer$ - [JPro] -> Server started: {start_time: 1775742035518, os_name: Windows 11, jpro_version: 2024.2.1}AsyncAppender-Worker-ASYNCSTDOUT
2026-04-09 19:10:37,229 [INFO] in AsyncAppender-Worker-ASYNCSTDOUT - [[34mINFO [0;39m] a.e.s.Slf4jLogger - Slf4jLogger startedAsyncAppender-Worker-ASYNCSTDOUT
2026-04-09 19:10:37,931 [INFO] in AsyncAppender-Worker-ASYNCSTDOUT - [[34mINFO [0;39m] play.api.Play - Application started (Prod) (no global state)AsyncAppender-Worker-ASYNCSTDOUT
2026-04-09 19:10:38,475 [INFO] in AsyncAppender-Worker-ASYNCSTDOUT - [[34mINFO [0;39m] p.c.s.AkkaHttpServer - Enabling HTTP/2 on Akka HTTP server...AsyncAppender-Worker-ASYNCSTDOUT
2026-04-09 19:10:38,476 [INFO] in AsyncAppender-Worker-ASYNCSTDOUT - [[34mINFO [0;39m] p.c.s.AkkaHttpServer - Listening for HTTP on /[0:0:0:0:0:0:0:0]:8080AsyncAppender-Worker-ASYNCSTDOUT
2026-04-09 19:10:39,292 [INFO] in AsyncAppender-Worker-ASYNCSTDOUT - [[34mINFO [0;39m] c.jpro - application requested: defaultAsyncAppender-Worker-ASYNCSTDOUT
2026-04-09 19:10:39,302 [INFO] in AsyncAppender-Worker-ASYNCSTDOUT - [[34mINFO [0;39m] c.jpro - Creating Application: defaultAsyncAppender-Worker-ASYNCSTDOUT
2026-04-09 19:10:39,304 [INFO] in AsyncAppender-Worker-ASYNCSTDOUT - [[34mINFO [0;39m] c.jpro - remoteAddress 0:0:0:0:0:0:0:1AsyncAppender-Worker-ASYNCSTDOUT
2026-04-09 19:10:39,304 [INFO] in AsyncAppender-Worker-ASYNCSTDOUT - [[34mINFO [0;39m] c.jpro - host          localhost:8080AsyncAppender-Worker-ASYNCSTDOUT
2026-04-09 19:10:39,304 [INFO] in AsyncAppender-Worker-ASYNCSTDOUT - [[34mINFO [0;39m] c.jpro - uri           /app/ws/defaultAsyncAppender-Worker-ASYNCSTDOUT
2026-04-09 19:10:39,500 [INFO] in AsyncAppender-Worker-ASYNCSTDOUT - [[34mINFO [0;39m] c.j.i.s.ViewInfo$ - [JPro] -> View created: {app_name: default, host_name: localhost:8080, instance_id: 1182331520, browser: Google Chrome 146.0.0.0, browser_url: http://localhost:8080/, client_ip: 0:0:0:0:0:0:0:1}AsyncAppender-Worker-ASYNCSTDOUT
2026-04-09 19:10:41,036 [INFO] in AsyncAppender-Worker-ASYNCSTDOUT - [[34mINFO [0;39m] c.j.i.c.InstanceImpl - [JPro] -> Instance created: {app_name: default, host_name: localhost:8080, instance_id: 1182331520, browser: Google Chrome 146.0.0.0, browser_url: http://localhost:8080/, client_ip: 0:0:0:0:0:0:0:1}AsyncAppender-Worker-ASYNCSTDOUT
2026-04-09 19:37:05,120 [INFO] in AsyncAppender-Worker-ASYNCSTDOUT - [[34mINFO [0;39m] c.jpro.activity - Starting the serverAsyncAppender-Worker-ASYNCSTDOUT
2026-04-09 19:37:05,121 [INFO] in AsyncAppender-Worker-ASYNCSTDOUT - [[34mINFO [0;39m] c.j.i.s.JProInitializer$ -  *** Starting JPro: https://www.jpro.one/ ***AsyncAppender-Worker-ASYNCSTDOUT
2026-04-09 19:37:05,121 [INFO] in AsyncAppender-Worker-ASYNCSTDOUT - [[34mINFO [0;39m] c.j.i.s.JProInitializer$ - OS: Windows 11AsyncAppender-Worker-ASYNCSTDOUT
2026-04-09 19:37:05,140 [INFO] in AsyncAppender-Worker-ASYNCSTDOUT - [[34mINFO [0;39m] c.j.i.s.JProInitializer$ - JPro: 2024.2.1AsyncAppender-Worker-ASYNCSTDOUT
2026-04-09 19:37:05,140 [INFO] in AsyncAppender-Worker-ASYNCSTDOUT - [[34mINFO [0;39m] c.j.i.s.JProInitializer$ - Java version: 21.0.9AsyncAppender-Worker-ASYNCSTDOUT
2026-04-09 19:37:05,140 [INFO] in AsyncAppender-Worker-ASYNCSTDOUT - [[34mINFO [0;39m] c.j.i.s.JProInitializer$ - JVM: 21.0.9 Oracle CorporationAsyncAppender-Worker-ASYNCSTDOUT
2026-04-09 19:37:05,143 [INFO] in AsyncAppender-Worker-ASYNCSTDOUT - [[34mINFO [0;39m] c.j.i.s.JProInitializer$ - JavaFX jar: file:/C:/Users/kaush/.m2/repository/org/openjfx/javafx-graphics/22.0.2-jpro/javafx-graphics-22.0.2-jpro-win.jarAsyncAppender-Worker-ASYNCSTDOUT
2026-04-09 19:37:05,150 [INFO] in AsyncAppender-Worker-ASYNCSTDOUT - [[34mINFO [0;39m] c.j.i.s.JProInitializer$ - Configuring logging from url: 'jar:file:/C:/Users/kaush/.m2/repository/com/sandec/jpro/jpro-server_2.12/2024.2.1/jpro-server_2.12-2024.2.1.jar!/logback-jpro-default.xml'AsyncAppender-Worker-ASYNCSTDOUT
2026-04-09 19:37:06,235 [INFO] in AsyncAppender-Worker-ASYNCSTDOUT - [[34mINFO [0;39m] a.e.s.Slf4jLogger - Slf4jLogger startedAsyncAppender-Worker-ASYNCSTDOUT
2026-04-09 19:37:06,244 [INFO] in AsyncAppender-Worker-ASYNCSTDOUT - [[34mINFO [0;39m] c.j.i.s.JProInitializer$ - JavaFX version: 22.0.2-jpro+0AsyncAppender-Worker-ASYNCSTDOUT
2026-04-09 19:37:06,315 [INFO] in JavaFX Application Thread - G1 Young GenerationJavaFX Application Thread
2026-04-09 19:37:06,316 [INFO] in JavaFX Application Thread - G1 Concurrent GCJavaFX Application Thread
2026-04-09 19:37:06,316 [INFO] in JavaFX Application Thread - G1 Old GenerationJavaFX Application Thread
2026-04-09 19:37:06,338 [INFO] in AsyncAppender-Worker-ASYNCSTDOUT - [[34mINFO [0;39m] c.j.i.s.JProInitializer$ - finished init!AsyncAppender-Worker-ASYNCSTDOUT
2026-04-09 19:37:06,340 [INFO] in AsyncAppender-Worker-ASYNCSTDOUT - [[34mINFO [0;39m] c.j.i.s.JProInitializer$ - [JPro] -> Server started: {start_time: 1775743625104, os_name: Windows 11, jpro_version: 2024.2.1}AsyncAppender-Worker-ASYNCSTDOUT
2026-04-09 19:37:06,812 [INFO] in AsyncAppender-Worker-ASYNCSTDOUT - [[34mINFO [0;39m] play.api.Play - Application started (Prod) (no global state)AsyncAppender-Worker-ASYNCSTDOUT
2026-04-09 19:37:07,337 [INFO] in AsyncAppender-Worker-ASYNCSTDOUT - [[34mINFO [0;39m] p.c.s.AkkaHttpServer - Enabling HTTP/2 on Akka HTTP server...AsyncAppender-Worker-ASYNCSTDOUT
2026-04-09 19:37:07,338 [INFO] in AsyncAppender-Worker-ASYNCSTDOUT - [[34mINFO [0;39m] p.c.s.AkkaHttpServer - Listening for HTTP on /[0:0:0:0:0:0:0:0]:8080AsyncAppender-Worker-ASYNCSTDOUT
2026-04-09 19:37:08,041 [INFO] in AsyncAppender-Worker-ASYNCSTDOUT - [[34mINFO [0;39m] c.jpro - application requested: defaultAsyncAppender-Worker-ASYNCSTDOUT
2026-04-09 19:37:08,047 [INFO] in AsyncAppender-Worker-ASYNCSTDOUT - [[34mINFO [0;39m] c.jpro - Creating Application: defaultAsyncAppender-Worker-ASYNCSTDOUT
2026-04-09 19:37:08,049 [INFO] in AsyncAppender-Worker-ASYNCSTDOUT - [[34mINFO [0;39m] c.jpro - remoteAddress 0:0:0:0:0:0:0:1AsyncAppender-Worker-ASYNCSTDOUT
2026-04-09 19:37:08,049 [INFO] in AsyncAppender-Worker-ASYNCSTDOUT - [[34mINFO [0;39m] c.jpro - host          localhost:8080AsyncAppender-Worker-ASYNCSTDOUT
2026-04-09 19:37:08,049 [INFO] in AsyncAppender-Worker-ASYNCSTDOUT - [[34mINFO [0;39m] c.jpro - uri           /app/ws/defaultAsyncAppender-Worker-ASYNCSTDOUT
2026-04-09 19:37:08,277 [INFO] in AsyncAppender-Worker-ASYNCSTDOUT - [[34mINFO [0;39m] c.j.i.s.ViewInfo$ - [JPro] -> View created: {app_name: default, host_name: localhost:8080, instance_id: 1744751386, browser: Google Chrome 146.0.0.0, browser_url: http://localhost:8080/, client_ip: 0:0:0:0:0:0:0:1}AsyncAppender-Worker-ASYNCSTDOUT
2026-04-09 19:37:09,744 [INFO] in AsyncAppender-Worker-ASYNCSTDOUT - [[34mINFO [0;39m] c.j.i.c.InstanceImpl - [JPro] -> Instance created: {app_name: default, host_name: localhost:8080, instance_id: 1744751386, browser: Google Chrome 146.0.0.0, browser_url: http://localhost:8080/, client_ip: 0:0:0:0:0:0:0:1}AsyncAppender-Worker-ASYNCSTDOUT
2026-04-09 19:41:45,100 [INFO] in AsyncAppender-Worker-ASYNCSTDOUT - [[34mINFO [0;39m] c.jpro.activity - Starting the serverAsyncAppender-Worker-ASYNCSTDOUT
2026-04-09 19:41:45,100 [INFO] in AsyncAppender-Worker-ASYNCSTDOUT - [[34mINFO [0;39m] c.j.i.s.JProInitializer$ -  *** Starting JPro: https://www.jpro.one/ ***AsyncAppender-Worker-ASYNCSTDOUT
2026-04-09 19:41:45,100 [INFO] in AsyncAppender-Worker-ASYNCSTDOUT - [[34mINFO [0;39m] c.j.i.s.JProInitializer$ - OS: Windows 11AsyncAppender-Worker-ASYNCSTDOUT
2026-04-09 19:41:45,108 [INFO] in AsyncAppender-Worker-ASYNCSTDOUT - [[34mINFO [0;39m] c.j.i.s.JProInitializer$ - JPro: 2024.2.1AsyncAppender-Worker-ASYNCSTDOUT
2026-04-09 19:41:45,108 [INFO] in AsyncAppender-Worker-ASYNCSTDOUT - [[34mINFO [0;39m] c.j.i.s.JProInitializer$ - Java version: 21.0.9AsyncAppender-Worker-ASYNCSTDOUT
2026-04-09 19:41:45,108 [INFO] in AsyncAppender-Worker-ASYNCSTDOUT - [[34mINFO [0;39m] c.j.i.s.JProInitializer$ - JVM: 21.0.9 Oracle CorporationAsyncAppender-Worker-ASYNCSTDOUT
2026-04-09 19:41:45,109 [INFO] in AsyncAppender-Worker-ASYNCSTDOUT - [[34mINFO [0;39m] c.j.i.s.JProInitializer$ - JavaFX jar: file:/C:/Users/kaush/.m2/repository/org/openjfx/javafx-graphics/22.0.2-jpro/javafx-graphics-22.0.2-jpro-win.jarAsyncAppender-Worker-ASYNCSTDOUT
2026-04-09 19:41:45,112 [INFO] in AsyncAppender-Worker-ASYNCSTDOUT - [[34mINFO [0;39m] c.j.i.s.JProInitializer$ - Configuring logging from url: 'jar:file:/C:/Users/kaush/.m2/repository/com/sandec/jpro/jpro-server_2.12/2024.2.1/jpro-server_2.12-2024.2.1.jar!/logback-jpro-default.xml'AsyncAppender-Worker-ASYNCSTDOUT
2026-04-09 19:41:46,054 [INFO] in AsyncAppender-Worker-ASYNCSTDOUT - [[34mINFO [0;39m] c.j.i.s.JProInitializer$ - JavaFX version: 22.0.2-jpro+0AsyncAppender-Worker-ASYNCSTDOUT
2026-04-09 19:41:46,084 [INFO] in JavaFX Application Thread - G1 Young GenerationJavaFX Application Thread
2026-04-09 19:41:46,085 [INFO] in JavaFX Application Thread - G1 Concurrent GCJavaFX Application Thread
2026-04-09 19:41:46,085 [INFO] in JavaFX Application Thread - G1 Old GenerationJavaFX Application Thread
2026-04-09 19:41:46,106 [INFO] in AsyncAppender-Worker-ASYNCSTDOUT - [[34mINFO [0;39m] c.j.i.s.JProInitializer$ - finished init!AsyncAppender-Worker-ASYNCSTDOUT
2026-04-09 19:41:46,111 [INFO] in AsyncAppender-Worker-ASYNCSTDOUT - [[34mINFO [0;39m] c.j.i.s.JProInitializer$ - [JPro] -> Server started: {start_time: 1775743905087, os_name: Windows 11, jpro_version: 2024.2.1}AsyncAppender-Worker-ASYNCSTDOUT
2026-04-09 19:41:46,155 [INFO] in AsyncAppender-Worker-ASYNCSTDOUT - [[34mINFO [0;39m] a.e.s.Slf4jLogger - Slf4jLogger startedAsyncAppender-Worker-ASYNCSTDOUT
2026-04-09 19:41:46,574 [INFO] in AsyncAppender-Worker-ASYNCSTDOUT - [[34mINFO [0;39m] play.api.Play - Application started (Prod) (no global state)AsyncAppender-Worker-ASYNCSTDOUT
2026-04-09 19:41:46,933 [INFO] in AsyncAppender-Worker-ASYNCSTDOUT - [[34mINFO [0;39m] p.c.s.AkkaHttpServer - Enabling HTTP/2 on Akka HTTP server...AsyncAppender-Worker-ASYNCSTDOUT
2026-04-09 19:41:46,934 [INFO] in AsyncAppender-Worker-ASYNCSTDOUT - [[34mINFO [0;39m] p.c.s.AkkaHttpServer - Listening for HTTP on /[0:0:0:0:0:0:0:0]:8080AsyncAppender-Worker-ASYNCSTDOUT
2026-04-09 19:41:48,144 [INFO] in AsyncAppender-Worker-ASYNCSTDOUT - [[34mINFO [0;39m] c.jpro - application requested: defaultAsyncAppender-Worker-ASYNCSTDOUT
2026-04-09 19:41:48,149 [INFO] in AsyncAppender-Worker-ASYNCSTDOUT - [[34mINFO [0;39m] c.jpro - Creating Application: defaultAsyncAppender-Worker-ASYNCSTDOUT
2026-04-09 19:41:48,151 [INFO] in AsyncAppender-Worker-ASYNCSTDOUT - [[34mINFO [0;39m] c.jpro - remoteAddress 0:0:0:0:0:0:0:1AsyncAppender-Worker-ASYNCSTDOUT
2026-04-09 19:41:48,151 [INFO] in AsyncAppender-Worker-ASYNCSTDOUT - [[34mINFO [0;39m] c.jpro - host          localhost:8080AsyncAppender-Worker-ASYNCSTDOUT
2026-04-09 19:41:48,151 [INFO] in AsyncAppender-Worker-ASYNCSTDOUT - [[34mINFO [0;39m] c.jpro - uri           /app/ws/defaultAsyncAppender-Worker-ASYNCSTDOUT
2026-04-09 19:41:48,349 [INFO] in AsyncAppender-Worker-ASYNCSTDOUT - [[34mINFO [0;39m] c.j.i.s.ViewInfo$ - [JPro] -> View created: {app_name: default, host_name: localhost:8080, instance_id: 2096874160, browser: Google Chrome 146.0.0.0, browser_url: http://localhost:8080/, client_ip: 0:0:0:0:0:0:0:1}AsyncAppender-Worker-ASYNCSTDOUT
2026-04-09 19:41:49,479 [INFO] in AsyncAppender-Worker-ASYNCSTDOUT - [[34mINFO [0;39m] c.j.i.c.InstanceImpl - [JPro] -> Instance created: {app_name: default, host_name: localhost:8080, instance_id: 2096874160, browser: Google Chrome 146.0.0.0, browser_url: http://localhost:8080/, client_ip: 0:0:0:0:0:0:0:1}AsyncAppender-Worker-ASYNCSTDOUT
2026-04-09 19:50:50,580 [INFO] in AsyncAppender-Worker-ASYNCSTDOUT - [[34mINFO [0;39m] c.jpro.activity - Starting the serverAsyncAppender-Worker-ASYNCSTDOUT
2026-04-09 19:50:50,581 [INFO] in AsyncAppender-Worker-ASYNCSTDOUT - [[34mINFO [0;39m] c.j.i.s.JProInitializer$ -  *** Starting JPro: https://www.jpro.one/ ***AsyncAppender-Worker-ASYNCSTDOUT
2026-04-09 19:50:50,581 [INFO] in AsyncAppender-Worker-ASYNCSTDOUT - [[34mINFO [0;39m] c.j.i.s.JProInitializer$ - OS: Windows 11AsyncAppender-Worker-ASYNCSTDOUT
2026-04-09 19:50:50,591 [INFO] in AsyncAppender-Worker-ASYNCSTDOUT - [[34mINFO [0;39m] c.j.i.s.JProInitializer$ - JPro: 2024.2.1AsyncAppender-Worker-ASYNCSTDOUT
2026-04-09 19:50:50,591 [INFO] in AsyncAppender-Worker-ASYNCSTDOUT - [[34mINFO [0;39m] c.j.i.s.JProInitializer$ - Java version: 21.0.9AsyncAppender-Worker-ASYNCSTDOUT
2026-04-09 19:50:50,591 [INFO] in AsyncAppender-Worker-ASYNCSTDOUT - [[34mINFO [0;39m] c.j.i.s.JProInitializer$ - JVM: 21.0.9 Oracle CorporationAsyncAppender-Worker-ASYNCSTDOUT
2026-04-09 19:50:50,595 [INFO] in AsyncAppender-Worker-ASYNCSTDOUT - [[34mINFO [0;39m] c.j.i.s.JProInitializer$ - JavaFX jar: file:/C:/Users/kaush/.m2/repository/org/openjfx/javafx-graphics/22.0.2-jpro/javafx-graphics-22.0.2-jpro-win.jarAsyncAppender-Worker-ASYNCSTDOUT
2026-04-09 19:50:50,597 [INFO] in AsyncAppender-Worker-ASYNCSTDOUT - [[34mINFO [0;39m] c.j.i.s.JProInitializer$ - Configuring logging from url: 'jar:file:/C:/Users/kaush/.m2/repository/com/sandec/jpro/jpro-server_2.12/2024.2.1/jpro-server_2.12-2024.2.1.jar!/logback-jpro-default.xml'AsyncAppender-Worker-ASYNCSTDOUT
2026-04-09 19:50:51,365 [INFO] in AsyncAppender-Worker-ASYNCSTDOUT - [[34mINFO [0;39m] c.j.i.s.JProInitializer$ - JavaFX version: 22.0.2-jpro+0AsyncAppender-Worker-ASYNCSTDOUT
2026-04-09 19:50:51,436 [INFO] in JavaFX Application Thread - G1 Young GenerationJavaFX Application Thread
2026-04-09 19:50:51,437 [INFO] in JavaFX Application Thread - G1 Concurrent GCJavaFX Application Thread
2026-04-09 19:50:51,437 [INFO] in JavaFX Application Thread - G1 Old GenerationJavaFX Application Thread
2026-04-09 19:50:51,461 [INFO] in AsyncAppender-Worker-ASYNCSTDOUT - [[34mINFO [0;39m] c.j.i.s.JProInitializer$ - finished init!AsyncAppender-Worker-ASYNCSTDOUT
2026-04-09 19:50:51,464 [INFO] in AsyncAppender-Worker-ASYNCSTDOUT - [[34mINFO [0;39m] c.j.i.s.JProInitializer$ - [JPro] -> Server started: {start_time: 1775744450568, os_name: Windows 11, jpro_version: 2024.2.1}AsyncAppender-Worker-ASYNCSTDOUT
2026-04-09 19:50:51,663 [INFO] in AsyncAppender-Worker-ASYNCSTDOUT - [[34mINFO [0;39m] a.e.s.Slf4jLogger - Slf4jLogger startedAsyncAppender-Worker-ASYNCSTDOUT
2026-04-09 19:50:52,151 [INFO] in AsyncAppender-Worker-ASYNCSTDOUT - [[34mINFO [0;39m] play.api.Play - Application started (Prod) (no global state)AsyncAppender-Worker-ASYNCSTDOUT
2026-04-09 19:50:52,511 [INFO] in AsyncAppender-Worker-ASYNCSTDOUT - [[34mINFO [0;39m] p.c.s.AkkaHttpServer - Enabling HTTP/2 on Akka HTTP server...AsyncAppender-Worker-ASYNCSTDOUT
2026-04-09 19:50:52,511 [INFO] in AsyncAppender-Worker-ASYNCSTDOUT - [[34mINFO [0;39m] p.c.s.AkkaHttpServer - Listening for HTTP on /[0:0:0:0:0:0:0:0]:8080AsyncAppender-Worker-ASYNCSTDOUT
2026-04-09 19:50:53,513 [INFO] in AsyncAppender-Worker-ASYNCSTDOUT - [[34mINFO [0;39m] c.jpro - application requested: defaultAsyncAppender-Worker-ASYNCSTDOUT
2026-04-09 19:50:53,519 [INFO] in AsyncAppender-Worker-ASYNCSTDOUT - [[34mINFO [0;39m] c.jpro - Creating Application: defaultAsyncAppender-Worker-ASYNCSTDOUT
2026-04-09 19:50:53,520 [INFO] in AsyncAppender-Worker-ASYNCSTDOUT - [[34mINFO [0;39m] c.jpro - remoteAddress 0:0:0:0:0:0:0:1AsyncAppender-Worker-ASYNCSTDOUT
2026-04-09 19:50:53,520 [INFO] in AsyncAppender-Worker-ASYNCSTDOUT - [[34mINFO [0;39m] c.jpro - host          localhost:8080AsyncAppender-Worker-ASYNCSTDOUT
2026-04-09 19:50:53,520 [INFO] in AsyncAppender-Worker-ASYNCSTDOUT - [[34mINFO [0;39m] c.jpro - uri           /app/ws/defaultAsyncAppender-Worker-ASYNCSTDOUT
2026-04-09 19:50:53,700 [INFO] in AsyncAppender-Worker-ASYNCSTDOUT - [[34mINFO [0;39m] c.j.i.s.ViewInfo$ - [JPro] -> View created: {app_name: default, host_name: localhost:8080, instance_id: 419351899, browser: Google Chrome 146.0.0.0, browser_url: http://localhost:8080/, client_ip: 0:0:0:0:0:0:0:1}AsyncAppender-Worker-ASYNCSTDOUT
2026-04-09 19:51:28,827 [INFO] in AsyncAppender-Worker-ASYNCSTDOUT - [[34mINFO [0;39m] c.j.i.c.InstanceImpl - [JPro] -> Instance created: {app_name: default, host_name: localhost:8080, instance_id: 419351899, browser: Google Chrome 146.0.0.0, browser_url: http://localhost:8080/, client_ip: 0:0:0:0:0:0:0:1}AsyncAppender-Worker-ASYNCSTDOUT
2026-04-09 19:52:56,768 [INFO] in AsyncAppender-Worker-ASYNCSTDOUT - [[34mINFO [0;39m] c.j.i.s.ViewInfo$ - [JPro] -> View closed: {app_name: default, host_name: localhost:8080, instance_id: 419351899, browser: Google Chrome 146.0.0.0, browser_url: http://localhost:8080/, client_ip: 0:0:0:0:0:0:0:1, reason: tab-closed}AsyncAppender-Worker-ASYNCSTDOUT
2026-04-09 19:52:56,784 [INFO] in AsyncAppender-Worker-ASYNCSTDOUT - [[34mINFO [0;39m] c.j.i.s.ViewInfo$ - AsyncAppender-Worker-ASYNCSTDOUT
2026-04-09 19:52:56,784 [INFO] in AsyncAppender-Worker-ASYNCSTDOUT - [[34mINFO [0;39m] c.j.i.s.ViewInfo$ - Application closed:AsyncAppender-Worker-ASYNCSTDOUT
2026-04-09 19:52:56,792 [INFO] in AsyncAppender-Worker-ASYNCSTDOUT - [[34mINFO [0;39m] c.j.i.s.ViewInfo$ - startTime      : Thu Apr 09 19:52:56 IST 2026      AsyncAppender-Worker-ASYNCSTDOUT
2026-04-09 19:52:56,792 [INFO] in AsyncAppender-Worker-ASYNCSTDOUT - [[34mINFO [0;39m] c.j.i.s.ViewInfo$ - averageLatency : 00:00:00.001 AsyncAppender-Worker-ASYNCSTDOUT
2026-04-09 19:52:56,792 [INFO] in AsyncAppender-Worker-ASYNCSTDOUT - [[34mINFO [0;39m] c.j.i.s.ViewInfo$ - averageJitter  : 00:00:00.000  AsyncAppender-Worker-ASYNCSTDOUT
2026-04-09 19:52:56,793 [INFO] in AsyncAppender-Worker-ASYNCSTDOUT - [[34mINFO [0;39m] c.j.i.s.ViewInfo$ - framerateServer: 00:00:00.000AsyncAppender-Worker-ASYNCSTDOUT
2026-04-09 19:52:56,794 [INFO] in AsyncAppender-Worker-ASYNCSTDOUT - [[34mINFO [0;39m] c.j.i.s.ViewInfo$ - framerateClient: 00:00:00.000AsyncAppender-Worker-ASYNCSTDOUT
2026-04-09 19:52:56,794 [INFO] in AsyncAppender-Worker-ASYNCSTDOUT - [[34mINFO [0;39m] c.j.i.s.ViewInfo$ - raw            : 3423655AsyncAppender-Worker-ASYNCSTDOUT
2026-04-09 19:52:56,794 [INFO] in AsyncAppender-Worker-ASYNCSTDOUT - [[34mINFO [0;39m] c.j.i.s.ViewInfo$ - zipped         : 747714AsyncAppender-Worker-ASYNCSTDOUT
2026-04-09 19:52:56,794 [INFO] in AsyncAppender-Worker-ASYNCSTDOUT - [[34mINFO [0;39m] c.j.i.s.ViewInfo$ - AsyncAppender-Worker-ASYNCSTDOUT
2026-04-09 19:52:56,807 [INFO] in AsyncAppender-Worker-ASYNCSTDOUT - [[34mINFO [0;39m] c.jpro - application requested: defaultAsyncAppender-Worker-ASYNCSTDOUT
2026-04-09 19:52:56,807 [INFO] in AsyncAppender-Worker-ASYNCSTDOUT - [[34mINFO [0;39m] c.jpro - Creating Application: defaultAsyncAppender-Worker-ASYNCSTDOUT
2026-04-09 19:52:56,807 [INFO] in AsyncAppender-Worker-ASYNCSTDOUT - [[34mINFO [0;39m] c.jpro - remoteAddress 0:0:0:0:0:0:0:1AsyncAppender-Worker-ASYNCSTDOUT
2026-04-09 19:52:56,807 [INFO] in AsyncAppender-Worker-ASYNCSTDOUT - [[34mINFO [0;39m] c.jpro - host          localhost:8080AsyncAppender-Worker-ASYNCSTDOUT
2026-04-09 19:52:56,808 [INFO] in AsyncAppender-Worker-ASYNCSTDOUT - [[34mINFO [0;39m] c.jpro - uri           /app/ws/defaultAsyncAppender-Worker-ASYNCSTDOUT
2026-04-09 19:52:56,819 [INFO] in AsyncAppender-Worker-ASYNCSTDOUT - [[34mINFO [0;39m] c.j.i.s.ViewInfo$ - [JPro] -> View created: {app_name: default, host_name: localhost:8080, instance_id: 948535991, browser: Google Chrome 146.0.0.0, browser_url: http://localhost:8080/, client_ip: 0:0:0:0:0:0:0:1}AsyncAppender-Worker-ASYNCSTDOUT
2026-04-09 19:52:59,163 [INFO] in AsyncAppender-Worker-ASYNCSTDOUT - [[34mINFO [0;39m] c.j.i.c.InstanceImpl - [JPro] -> Instance created: {app_name: default, host_name: localhost:8080, instance_id: 948535991, browser: Google Chrome 146.0.0.0, browser_url: http://localhost:8080/, client_ip: 0:0:0:0:0:0:0:1}AsyncAppender-Worker-ASYNCSTDOUT
2026-04-09 19:52:59,184 [INFO] in AsyncAppender-Worker-ASYNCSTDOUT - [[34mINFO [0;39m] c.j.i.c.InstanceImpl - [JPro] -> Instance closed: {app_name: default, host_name: localhost:8080, instance_id: 419351899, browser: Google Chrome 146.0.0.0, browser_url: http://localhost:8080/, client_ip: 0:0:0:0:0:0:0:1, reason: close-tab-closed}AsyncAppender-Worker-ASYNCSTDOUT
2026-04-09 19:59:12,101 [INFO] in AsyncAppender-Worker-ASYNCSTDOUT - [[31mWARN [0;39m] c.j.m.t.SceneInputListener - Unknown Keycode: 190AsyncAppender-Worker-ASYNCSTDOUT
2026-04-09 19:59:12,223 [INFO] in AsyncAppender-Worker-ASYNCSTDOUT - [[31mWARN [0;39m] c.j.m.t.SceneInputListener - Unknown Keycode: 190AsyncAppender-Worker-ASYNCSTDOUT
2026-04-09 20:02:09,196 [INFO] in AsyncAppender-Worker-ASYNCSTDOUT - [[34mINFO [0;39m] c.j.i.s.ViewInfo$ - [JPro] -> View closed: {app_name: default, host_name: localhost:8080, instance_id: 948535991, browser: Google Chrome 146.0.0.0, browser_url: http://localhost:8080/, client_ip: 0:0:0:0:0:0:0:1, reason: tab-closed}AsyncAppender-Worker-ASYNCSTDOUT
2026-04-09 20:02:09,229 [INFO] in AsyncAppender-Worker-ASYNCSTDOUT - [[34mINFO [0;39m] c.j.i.s.ViewInfo$ - AsyncAppender-Worker-ASYNCSTDOUT
2026-04-09 20:02:09,229 [INFO] in AsyncAppender-Worker-ASYNCSTDOUT - [[34mINFO [0;39m] c.j.i.s.ViewInfo$ - Application closed:AsyncAppender-Worker-ASYNCSTDOUT
2026-04-09 20:02:09,229 [INFO] in AsyncAppender-Worker-ASYNCSTDOUT - [[34mINFO [0;39m] c.j.i.s.ViewInfo$ - startTime      : Thu Apr 09 20:02:09 IST 2026      AsyncAppender-Worker-ASYNCSTDOUT
2026-04-09 20:02:09,229 [INFO] in AsyncAppender-Worker-ASYNCSTDOUT - [[34mINFO [0;39m] c.j.i.s.ViewInfo$ - averageLatency : 00:00:00.001 AsyncAppender-Worker-ASYNCSTDOUT
2026-04-09 20:02:09,229 [INFO] in AsyncAppender-Worker-ASYNCSTDOUT - [[34mINFO [0;39m] c.j.i.s.ViewInfo$ - averageJitter  : 00:00:00.000  AsyncAppender-Worker-ASYNCSTDOUT
2026-04-09 20:02:09,229 [INFO] in AsyncAppender-Worker-ASYNCSTDOUT - [[34mINFO [0;39m] c.j.i.s.ViewInfo$ - framerateServer: 00:00:00.000AsyncAppender-Worker-ASYNCSTDOUT
2026-04-09 20:02:09,229 [INFO] in AsyncAppender-Worker-ASYNCSTDOUT - [[34mINFO [0;39m] c.j.i.s.ViewInfo$ - framerateClient: 00:00:00.000AsyncAppender-Worker-ASYNCSTDOUT
2026-04-09 20:02:09,230 [INFO] in AsyncAppender-Worker-ASYNCSTDOUT - [[34mINFO [0;39m] c.j.i.s.ViewInfo$ - raw            : 13192158AsyncAppender-Worker-ASYNCSTDOUT
2026-04-09 20:02:09,230 [INFO] in AsyncAppender-Worker-ASYNCSTDOUT - [[34mINFO [0;39m] c.j.i.s.ViewInfo$ - zipped         : 2952805AsyncAppender-Worker-ASYNCSTDOUT
2026-04-09 20:02:09,230 [INFO] in AsyncAppender-Worker-ASYNCSTDOUT - [[34mINFO [0;39m] c.j.i.s.ViewInfo$ - AsyncAppender-Worker-ASYNCSTDOUT
2026-04-09 20:02:10,198 [INFO] in AsyncAppender-Worker-ASYNCSTDOUT - [[34mINFO [0;39m] c.j.i.c.InstanceImpl - [JPro] -> Instance closed: {app_name: default, host_name: localhost:8080, instance_id: 948535991, browser: Google Chrome 146.0.0.0, browser_url: http://localhost:8080/, client_ip: 0:0:0:0:0:0:0:1, reason: close-tab-closed}AsyncAppender-Worker-ASYNCSTDOUT
2026-04-09 20:02:28,965 [INFO] in AsyncAppender-Worker-ASYNCSTDOUT - [[34mINFO [0;39m] c.jpro - application requested: defaultAsyncAppender-Worker-ASYNCSTDOUT
2026-04-09 20:02:28,965 [INFO] in AsyncAppender-Worker-ASYNCSTDOUT - [[34mINFO [0;39m] c.jpro - Creating Application: defaultAsyncAppender-Worker-ASYNCSTDOUT
2026-04-09 20:02:28,965 [INFO] in AsyncAppender-Worker-ASYNCSTDOUT - [[34mINFO [0;39m] c.jpro - remoteAddress 0:0:0:0:0:0:0:1AsyncAppender-Worker-ASYNCSTDOUT
2026-04-09 20:02:28,965 [INFO] in AsyncAppender-Worker-ASYNCSTDOUT - [[34mINFO [0;39m] c.jpro - host          localhost:8080AsyncAppender-Worker-ASYNCSTDOUT
2026-04-09 20:02:28,965 [INFO] in AsyncAppender-Worker-ASYNCSTDOUT - [[34mINFO [0;39m] c.jpro - uri           /app/ws/defaultAsyncAppender-Worker-ASYNCSTDOUT
2026-04-09 20:02:28,987 [INFO] in AsyncAppender-Worker-ASYNCSTDOUT - [[34mINFO [0;39m] c.j.i.s.ViewInfo$ - [JPro] -> View created: {app_name: default, host_name: localhost:8080, instance_id: 1610269321, browser: Google Chrome 146.0.0.0, browser_url: http://localhost:8080/, client_ip: 0:0:0:0:0:0:0:1}AsyncAppender-Worker-ASYNCSTDOUT
2026-04-09 20:02:31,297 [INFO] in AsyncAppender-Worker-ASYNCSTDOUT - [[34mINFO [0;39m] c.j.i.c.InstanceImpl - [JPro] -> Instance created: {app_name: default, host_name: localhost:8080, instance_id: 1610269321, browser: Google Chrome 146.0.0.0, browser_url: http://localhost:8080/, client_ip: 0:0:0:0:0:0:0:1}AsyncAppender-Worker-ASYNCSTDOUT
2026-04-09 20:03:20,164 [INFO] in AsyncAppender-Worker-ASYNCSTDOUT - [[34mINFO [0;39m] c.j.i.s.ViewInfo$ - [JPro] -> View closed: {app_name: default, host_name: localhost:8080, instance_id: 1610269321, browser: Google Chrome 146.0.0.0, browser_url: http://localhost:8080/, client_ip: 0:0:0:0:0:0:0:1, reason: tab-closed}AsyncAppender-Worker-ASYNCSTDOUT
2026-04-09 20:03:20,165 [INFO] in AsyncAppender-Worker-ASYNCSTDOUT - [[34mINFO [0;39m] c.j.i.s.ViewInfo$ - AsyncAppender-Worker-ASYNCSTDOUT
2026-04-09 20:03:20,165 [INFO] in AsyncAppender-Worker-ASYNCSTDOUT - [[34mINFO [0;39m] c.j.i.s.ViewInfo$ - Application closed:AsyncAppender-Worker-ASYNCSTDOUT
2026-04-09 20:03:20,165 [INFO] in AsyncAppender-Worker-ASYNCSTDOUT - [[34mINFO [0;39m] c.j.i.s.ViewInfo$ - startTime      : Thu Apr 09 20:03:20 IST 2026      AsyncAppender-Worker-ASYNCSTDOUT
2026-04-09 20:03:20,165 [INFO] in AsyncAppender-Worker-ASYNCSTDOUT - [[34mINFO [0;39m] c.j.i.s.ViewInfo$ - averageLatency : 00:00:00.001 AsyncAppender-Worker-ASYNCSTDOUT
2026-04-09 20:03:20,165 [INFO] in AsyncAppender-Worker-ASYNCSTDOUT - [[34mINFO [0;39m] c.j.i.s.ViewInfo$ - averageJitter  : 00:00:00.000  AsyncAppender-Worker-ASYNCSTDOUT
2026-04-09 20:03:20,165 [INFO] in AsyncAppender-Worker-ASYNCSTDOUT - [[34mINFO [0;39m] c.j.i.s.ViewInfo$ - framerateServer: 00:00:00.000AsyncAppender-Worker-ASYNCSTDOUT
2026-04-09 20:03:20,165 [INFO] in AsyncAppender-Worker-ASYNCSTDOUT - [[34mINFO [0;39m] c.j.i.s.ViewInfo$ - framerateClient: 00:00:00.000AsyncAppender-Worker-ASYNCSTDOUT
2026-04-09 20:03:20,165 [INFO] in AsyncAppender-Worker-ASYNCSTDOUT - [[34mINFO [0;39m] c.j.i.s.ViewInfo$ - raw            : 184825AsyncAppender-Worker-ASYNCSTDOUT
2026-04-09 20:03:20,165 [INFO] in AsyncAppender-Worker-ASYNCSTDOUT - [[34mINFO [0;39m] c.j.i.s.ViewInfo$ - zipped         : 53543AsyncAppender-Worker-ASYNCSTDOUT
2026-04-09 20:03:20,165 [INFO] in AsyncAppender-Worker-ASYNCSTDOUT - [[34mINFO [0;39m] c.j.i.s.ViewInfo$ - AsyncAppender-Worker-ASYNCSTDOUT
2026-04-09 20:03:21,158 [INFO] in AsyncAppender-Worker-ASYNCSTDOUT - [[34mINFO [0;39m] c.j.i.c.InstanceImpl - [JPro] -> Instance closed: {app_name: default, host_name: localhost:8080, instance_id: 1610269321, browser: Google Chrome 146.0.0.0, browser_url: http://localhost:8080/, client_ip: 0:0:0:0:0:0:0:1, reason: close-tab-closed}AsyncAppender-Worker-ASYNCSTDOUT
2026-04-09 20:03:28,710 [INFO] in AsyncAppender-Worker-ASYNCSTDOUT - [[34mINFO [0;39m] c.jpro.activity - Starting the serverAsyncAppender-Worker-ASYNCSTDOUT
2026-04-09 20:03:28,710 [INFO] in AsyncAppender-Worker-ASYNCSTDOUT - [[34mINFO [0;39m] c.j.i.s.JProInitializer$ -  *** Starting JPro: https://www.jpro.one/ ***AsyncAppender-Worker-ASYNCSTDOUT
2026-04-09 20:03:28,710 [INFO] in AsyncAppender-Worker-ASYNCSTDOUT - [[34mINFO [0;39m] c.j.i.s.JProInitializer$ - OS: Windows 11AsyncAppender-Worker-ASYNCSTDOUT
2026-04-09 20:03:28,717 [INFO] in AsyncAppender-Worker-ASYNCSTDOUT - [[34mINFO [0;39m] c.j.i.s.JProInitializer$ - JPro: 2024.2.1AsyncAppender-Worker-ASYNCSTDOUT
2026-04-09 20:03:28,717 [INFO] in AsyncAppender-Worker-ASYNCSTDOUT - [[34mINFO [0;39m] c.j.i.s.JProInitializer$ - Java version: 21.0.9AsyncAppender-Worker-ASYNCSTDOUT
2026-04-09 20:03:28,717 [INFO] in AsyncAppender-Worker-ASYNCSTDOUT - [[34mINFO [0;39m] c.j.i.s.JProInitializer$ - JVM: 21.0.9 Oracle CorporationAsyncAppender-Worker-ASYNCSTDOUT
2026-04-09 20:03:28,718 [INFO] in AsyncAppender-Worker-ASYNCSTDOUT - [[34mINFO [0;39m] c.j.i.s.JProInitializer$ - JavaFX jar: file:/C:/Users/kaush/.m2/repository/org/openjfx/javafx-graphics/22.0.2-jpro/javafx-graphics-22.0.2-jpro-win.jarAsyncAppender-Worker-ASYNCSTDOUT
2026-04-09 20:03:28,722 [INFO] in AsyncAppender-Worker-ASYNCSTDOUT - [[34mINFO [0;39m] c.j.i.s.JProInitializer$ - Configuring logging from url: 'jar:file:/C:/Users/kaush/.m2/repository/com/sandec/jpro/jpro-server_2.12/2024.2.1/jpro-server_2.12-2024.2.1.jar!/logback-jpro-default.xml'AsyncAppender-Worker-ASYNCSTDOUT
2026-04-09 20:03:29,614 [INFO] in AsyncAppender-Worker-ASYNCSTDOUT - [[34mINFO [0;39m] c.j.i.s.JProInitializer$ - JavaFX version: 22.0.2-jpro+0AsyncAppender-Worker-ASYNCSTDOUT
2026-04-09 20:03:29,660 [INFO] in JavaFX Application Thread - G1 Young GenerationJavaFX Application Thread
2026-04-09 20:03:29,660 [INFO] in JavaFX Application Thread - G1 Concurrent GCJavaFX Application Thread
2026-04-09 20:03:29,660 [INFO] in JavaFX Application Thread - G1 Old GenerationJavaFX Application Thread
2026-04-09 20:03:29,680 [INFO] in AsyncAppender-Worker-ASYNCSTDOUT - [[34mINFO [0;39m] c.j.i.s.JProInitializer$ - finished init!AsyncAppender-Worker-ASYNCSTDOUT
2026-04-09 20:03:29,682 [INFO] in AsyncAppender-Worker-ASYNCSTDOUT - [[34mINFO [0;39m] c.j.i.s.JProInitializer$ - [JPro] -> Server started: {start_time: 1775745208697, os_name: Windows 11, jpro_version: 2024.2.1}AsyncAppender-Worker-ASYNCSTDOUT
2026-04-09 20:03:29,705 [INFO] in AsyncAppender-Worker-ASYNCSTDOUT - [[34mINFO [0;39m] a.e.s.Slf4jLogger - Slf4jLogger startedAsyncAppender-Worker-ASYNCSTDOUT
2026-04-09 20:03:30,219 [INFO] in AsyncAppender-Worker-ASYNCSTDOUT - [[34mINFO [0;39m] play.api.Play - Application started (Prod) (no global state)AsyncAppender-Worker-ASYNCSTDOUT
2026-04-09 20:03:30,578 [INFO] in AsyncAppender-Worker-ASYNCSTDOUT - [[34mINFO [0;39m] p.c.s.AkkaHttpServer - Enabling HTTP/2 on Akka HTTP server...AsyncAppender-Worker-ASYNCSTDOUT
2026-04-09 20:03:30,578 [INFO] in AsyncAppender-Worker-ASYNCSTDOUT - [[34mINFO [0;39m] p.c.s.AkkaHttpServer - Listening for HTTP on /[0:0:0:0:0:0:0:0]:8080AsyncAppender-Worker-ASYNCSTDOUT
2026-04-09 20:03:31,612 [INFO] in AsyncAppender-Worker-ASYNCSTDOUT - [[34mINFO [0;39m] c.jpro - application requested: defaultAsyncAppender-Worker-ASYNCSTDOUT
2026-04-09 20:03:31,618 [INFO] in AsyncAppender-Worker-ASYNCSTDOUT - [[34mINFO [0;39m] c.jpro - Creating Application: defaultAsyncAppender-Worker-ASYNCSTDOUT
2026-04-09 20:03:31,620 [INFO] in AsyncAppender-Worker-ASYNCSTDOUT - [[34mINFO [0;39m] c.jpro - remoteAddress 0:0:0:0:0:0:0:1AsyncAppender-Worker-ASYNCSTDOUT
2026-04-09 20:03:31,620 [INFO] in AsyncAppender-Worker-ASYNCSTDOUT - [[34mINFO [0;39m] c.jpro - host          localhost:8080AsyncAppender-Worker-ASYNCSTDOUT
2026-04-09 20:03:31,620 [INFO] in AsyncAppender-Worker-ASYNCSTDOUT - [[34mINFO [0;39m] c.jpro - uri           /app/ws/defaultAsyncAppender-Worker-ASYNCSTDOUT
2026-04-09 20:03:31,820 [INFO] in AsyncAppender-Worker-ASYNCSTDOUT - [[34mINFO [0;39m] c.j.i.s.ViewInfo$ - [JPro] -> View created: {app_name: default, host_name: localhost:8080, instance_id: 1126809328, browser: Google Chrome 146.0.0.0, browser_url: http://localhost:8080/, client_ip: 0:0:0:0:0:0:0:1}AsyncAppender-Worker-ASYNCSTDOUT
2026-04-09 20:03:35,018 [INFO] in AsyncAppender-Worker-ASYNCSTDOUT - [[34mINFO [0;39m] c.j.i.c.InstanceImpl - [JPro] -> Instance created: {app_name: default, host_name: localhost:8080, instance_id: 1126809328, browser: Google Chrome 146.0.0.0, browser_url: http://localhost:8080/, client_ip: 0:0:0:0:0:0:0:1}AsyncAppender-Worker-ASYNCSTDOUT
2026-04-09 20:03:46,880 [INFO] in AsyncAppender-Worker-ASYNCSTDOUT - [[34mINFO [0;39m] c.j.i.s.ViewInfo$ - [JPro] -> View closed: {app_name: default, host_name: localhost:8080, instance_id: 1126809328, browser: Google Chrome 146.0.0.0, browser_url: http://localhost:8080/, client_ip: 0:0:0:0:0:0:0:1, reason: tab-closed}AsyncAppender-Worker-ASYNCSTDOUT
2026-04-09 20:03:46,891 [INFO] in AsyncAppender-Worker-ASYNCSTDOUT - [[34mINFO [0;39m] c.j.i.s.ViewInfo$ - AsyncAppender-Worker-ASYNCSTDOUT
2026-04-09 20:03:46,891 [INFO] in AsyncAppender-Worker-ASYNCSTDOUT - [[34mINFO [0;39m] c.j.i.s.ViewInfo$ - Application closed:AsyncAppender-Worker-ASYNCSTDOUT
2026-04-09 20:03:46,903 [INFO] in AsyncAppender-Worker-ASYNCSTDOUT - [[34mINFO [0;39m] c.j.i.s.ViewInfo$ - startTime      : Thu Apr 09 20:03:46 IST 2026      AsyncAppender-Worker-ASYNCSTDOUT
2026-04-09 20:03:46,903 [INFO] in AsyncAppender-Worker-ASYNCSTDOUT - [[34mINFO [0;39m] c.j.i.s.ViewInfo$ - averageLatency : 00:00:00.002 AsyncAppender-Worker-ASYNCSTDOUT
2026-04-09 20:03:46,903 [INFO] in AsyncAppender-Worker-ASYNCSTDOUT - [[34mINFO [0;39m] c.j.i.s.ViewInfo$ - averageJitter  : 00:00:00.001  AsyncAppender-Worker-ASYNCSTDOUT
2026-04-09 20:03:46,903 [INFO] in AsyncAppender-Worker-ASYNCSTDOUT - [[34mINFO [0;39m] c.j.i.s.ViewInfo$ - framerateServer: 00:00:00.000AsyncAppender-Worker-ASYNCSTDOUT
2026-04-09 20:03:46,904 [INFO] in AsyncAppender-Worker-ASYNCSTDOUT - [[34mINFO [0;39m] c.j.i.s.ViewInfo$ - framerateClient: 00:00:00.000AsyncAppender-Worker-ASYNCSTDOUT
2026-04-09 20:03:46,904 [INFO] in AsyncAppender-Worker-ASYNCSTDOUT - [[34mINFO [0;39m] c.j.i.s.ViewInfo$ - raw            : 843822AsyncAppender-Worker-ASYNCSTDOUT
2026-04-09 20:03:46,904 [INFO] in AsyncAppender-Worker-ASYNCSTDOUT - [[34mINFO [0;39m] c.j.i.s.ViewInfo$ - zipped         : 129417AsyncAppender-Worker-ASYNCSTDOUT
2026-04-09 20:03:46,904 [INFO] in AsyncAppender-Worker-ASYNCSTDOUT - [[34mINFO [0;39m] c.j.i.s.ViewInfo$ - AsyncAppender-Worker-ASYNCSTDOUT
2026-04-09 20:03:47,890 [INFO] in AsyncAppender-Worker-ASYNCSTDOUT - [[34mINFO [0;39m] c.j.i.c.InstanceImpl - [JPro] -> Instance closed: {app_name: default, host_name: localhost:8080, instance_id: 1126809328, browser: Google Chrome 146.0.0.0, browser_url: http://localhost:8080/, client_ip: 0:0:0:0:0:0:0:1, reason: close-tab-closed}AsyncAppender-Worker-ASYNCSTDOUT
2026-04-09 20:07:51,335 [INFO] in AsyncAppender-Worker-ASYNCSTDOUT - [[34mINFO [0;39m] c.jpro.activity - Starting the serverAsyncAppender-Worker-ASYNCSTDOUT
2026-04-09 20:07:51,335 [INFO] in AsyncAppender-Worker-ASYNCSTDOUT - [[34mINFO [0;39m] c.j.i.s.JProInitializer$ -  *** Starting JPro: https://www.jpro.one/ ***AsyncAppender-Worker-ASYNCSTDOUT
2026-04-09 20:07:51,335 [INFO] in AsyncAppender-Worker-ASYNCSTDOUT - [[34mINFO [0;39m] c.j.i.s.JProInitializer$ - OS: Windows 11AsyncAppender-Worker-ASYNCSTDOUT
2026-04-09 20:07:51,345 [INFO] in AsyncAppender-Worker-ASYNCSTDOUT - [[34mINFO [0;39m] c.j.i.s.JProInitializer$ - JPro: 2024.2.1AsyncAppender-Worker-ASYNCSTDOUT
2026-04-09 20:07:51,346 [INFO] in AsyncAppender-Worker-ASYNCSTDOUT - [[34mINFO [0;39m] c.j.i.s.JProInitializer$ - Java version: 21.0.9AsyncAppender-Worker-ASYNCSTDOUT
2026-04-09 20:07:51,346 [INFO] in AsyncAppender-Worker-ASYNCSTDOUT - [[34mINFO [0;39m] c.j.i.s.JProInitializer$ - JVM: 21.0.9 Oracle CorporationAsyncAppender-Worker-ASYNCSTDOUT
2026-04-09 20:07:51,347 [INFO] in AsyncAppender-Worker-ASYNCSTDOUT - [[34mINFO [0;39m] c.j.i.s.JProInitializer$ - JavaFX jar: file:/C:/Users/kaush/.m2/repository/org/openjfx/javafx-graphics/22.0.2-jpro/javafx-graphics-22.0.2-jpro-win.jarAsyncAppender-Worker-ASYNCSTDOUT
2026-04-09 20:07:51,349 [INFO] in AsyncAppender-Worker-ASYNCSTDOUT - [[34mINFO [0;39m] c.j.i.s.JProInitializer$ - Configuring logging from url: 'jar:file:/C:/Users/kaush/.m2/repository/com/sandec/jpro/jpro-server_2.12/2024.2.1/jpro-server_2.12-2024.2.1.jar!/logback-jpro-default.xml'AsyncAppender-Worker-ASYNCSTDOUT
2026-04-09 20:07:52,214 [INFO] in AsyncAppender-Worker-ASYNCSTDOUT - [[34mINFO [0;39m] c.j.i.s.JProInitializer$ - JavaFX version: 22.0.2-jpro+0AsyncAppender-Worker-ASYNCSTDOUT
2026-04-09 20:07:52,235 [INFO] in JavaFX Application Thread - G1 Young GenerationJavaFX Application Thread
2026-04-09 20:07:52,236 [INFO] in JavaFX Application Thread - G1 Concurrent GCJavaFX Application Thread
2026-04-09 20:07:52,236 [INFO] in JavaFX Application Thread - G1 Old GenerationJavaFX Application Thread
2026-04-09 20:07:52,265 [INFO] in AsyncAppender-Worker-ASYNCSTDOUT - [[34mINFO [0;39m] c.j.i.s.JProInitializer$ - finished init!AsyncAppender-Worker-ASYNCSTDOUT
2026-04-09 20:07:52,266 [INFO] in AsyncAppender-Worker-ASYNCSTDOUT - [[34mINFO [0;39m] c.j.i.s.JProInitializer$ - [JPro] -> Server started: {start_time: 1775745471318, os_name: Windows 11, jpro_version: 2024.2.1}AsyncAppender-Worker-ASYNCSTDOUT
2026-04-09 20:07:52,297 [INFO] in AsyncAppender-Worker-ASYNCSTDOUT - [[34mINFO [0;39m] a.e.s.Slf4jLogger - Slf4jLogger startedAsyncAppender-Worker-ASYNCSTDOUT
2026-04-09 20:07:52,808 [INFO] in AsyncAppender-Worker-ASYNCSTDOUT - [[34mINFO [0;39m] play.api.Play - Application started (Prod) (no global state)AsyncAppender-Worker-ASYNCSTDOUT
2026-04-09 20:07:53,167 [INFO] in AsyncAppender-Worker-ASYNCSTDOUT - [[34mINFO [0;39m] p.c.s.AkkaHttpServer - Enabling HTTP/2 on Akka HTTP server...AsyncAppender-Worker-ASYNCSTDOUT
2026-04-09 20:07:53,168 [INFO] in AsyncAppender-Worker-ASYNCSTDOUT - [[34mINFO [0;39m] p.c.s.AkkaHttpServer - Listening for HTTP on /[0:0:0:0:0:0:0:0]:8080AsyncAppender-Worker-ASYNCSTDOUT
2026-04-09 20:07:54,124 [INFO] in AsyncAppender-Worker-ASYNCSTDOUT - [[34mINFO [0;39m] c.jpro - application requested: defaultAsyncAppender-Worker-ASYNCSTDOUT
2026-04-09 20:07:54,131 [INFO] in AsyncAppender-Worker-ASYNCSTDOUT - [[34mINFO [0;39m] c.jpro - Creating Application: defaultAsyncAppender-Worker-ASYNCSTDOUT
2026-04-09 20:07:54,133 [INFO] in AsyncAppender-Worker-ASYNCSTDOUT - [[34mINFO [0;39m] c.jpro - remoteAddress 0:0:0:0:0:0:0:1AsyncAppender-Worker-ASYNCSTDOUT
2026-04-09 20:07:54,133 [INFO] in AsyncAppender-Worker-ASYNCSTDOUT - [[34mINFO [0;39m] c.jpro - host          localhost:8080AsyncAppender-Worker-ASYNCSTDOUT
2026-04-09 20:07:54,133 [INFO] in AsyncAppender-Worker-ASYNCSTDOUT - [[34mINFO [0;39m] c.jpro - uri           /app/ws/defaultAsyncAppender-Worker-ASYNCSTDOUT
2026-04-09 20:07:54,325 [INFO] in AsyncAppender-Worker-ASYNCSTDOUT - [[34mINFO [0;39m] c.j.i.s.ViewInfo$ - [JPro] -> View created: {app_name: default, host_name: localhost:8080, instance_id: 705708443, browser: Google Chrome 146.0.0.0, browser_url: http://localhost:8080/, client_ip: 0:0:0:0:0:0:0:1}AsyncAppender-Worker-ASYNCSTDOUT
2026-04-09 20:07:57,426 [INFO] in AsyncAppender-Worker-ASYNCSTDOUT - [[34mINFO [0;39m] c.j.i.c.InstanceImpl - [JPro] -> Instance created: {app_name: default, host_name: localhost:8080, instance_id: 705708443, browser: Google Chrome 146.0.0.0, browser_url: http://localhost:8080/, client_ip: 0:0:0:0:0:0:0:1}AsyncAppender-Worker-ASYNCSTDOUT
2026-04-09 21:12:54,465 [INFO] in AsyncAppender-Worker-ASYNCSTDOUT - [[34mINFO [0;39m] c.jpro.activity - Starting the serverAsyncAppender-Worker-ASYNCSTDOUT
2026-04-09 21:12:54,466 [INFO] in AsyncAppender-Worker-ASYNCSTDOUT - [[34mINFO [0;39m] c.j.i.s.JProInitializer$ -  *** Starting JPro: https://www.jpro.one/ ***AsyncAppender-Worker-ASYNCSTDOUT
2026-04-09 21:12:54,466 [INFO] in AsyncAppender-Worker-ASYNCSTDOUT - [[34mINFO [0;39m] c.j.i.s.JProInitializer$ - OS: Windows 11AsyncAppender-Worker-ASYNCSTDOUT
2026-04-09 21:12:54,483 [INFO] in AsyncAppender-Worker-ASYNCSTDOUT - [[34mINFO [0;39m] c.j.i.s.JProInitializer$ - JPro: 2024.2.1AsyncAppender-Worker-ASYNCSTDOUT
2026-04-09 21:12:54,483 [INFO] in AsyncAppender-Worker-ASYNCSTDOUT - [[34mINFO [0;39m] c.j.i.s.JProInitializer$ - Java version: 21.0.9AsyncAppender-Worker-ASYNCSTDOUT
2026-04-09 21:12:54,483 [INFO] in AsyncAppender-Worker-ASYNCSTDOUT - [[34mINFO [0;39m] c.j.i.s.JProInitializer$ - JVM: 21.0.9 Oracle CorporationAsyncAppender-Worker-ASYNCSTDOUT
2026-04-09 21:12:54,495 [INFO] in AsyncAppender-Worker-ASYNCSTDOUT - [[34mINFO [0;39m] c.j.i.s.JProInitializer$ - JavaFX jar: file:/C:/Users/kaush/.m2/repository/org/openjfx/javafx-graphics/22.0.2-jpro/javafx-graphics-22.0.2-jpro-win.jarAsyncAppender-Worker-ASYNCSTDOUT
2026-04-09 21:12:54,506 [INFO] in AsyncAppender-Worker-ASYNCSTDOUT - [[34mINFO [0;39m] c.j.i.s.JProInitializer$ - Configuring logging from url: 'jar:file:/C:/Users/kaush/.m2/repository/com/sandec/jpro/jpro-server_2.12/2024.2.1/jpro-server_2.12-2024.2.1.jar!/logback-jpro-default.xml'AsyncAppender-Worker-ASYNCSTDOUT
2026-04-09 21:12:55,439 [INFO] in AsyncAppender-Worker-ASYNCSTDOUT - [[34mINFO [0;39m] c.j.i.s.JProInitializer$ - JavaFX version: 22.0.2-jpro+0AsyncAppender-Worker-ASYNCSTDOUT
2026-04-09 21:12:55,479 [INFO] in JavaFX Application Thread - G1 Young GenerationJavaFX Application Thread
2026-04-09 21:12:55,479 [INFO] in JavaFX Application Thread - G1 Concurrent GCJavaFX Application Thread
2026-04-09 21:12:55,479 [INFO] in JavaFX Application Thread - G1 Old GenerationJavaFX Application Thread
2026-04-09 21:12:55,503 [INFO] in AsyncAppender-Worker-ASYNCSTDOUT - [[34mINFO [0;39m] c.j.i.s.JProInitializer$ - finished init!AsyncAppender-Worker-ASYNCSTDOUT
2026-04-09 21:12:55,511 [INFO] in AsyncAppender-Worker-ASYNCSTDOUT - [[34mINFO [0;39m] c.j.i.s.JProInitializer$ - [JPro] -> Server started: {start_time: 1775749374448, os_name: Windows 11, jpro_version: 2024.2.1}AsyncAppender-Worker-ASYNCSTDOUT
2026-04-09 21:12:55,565 [INFO] in AsyncAppender-Worker-ASYNCSTDOUT - [[34mINFO [0;39m] a.e.s.Slf4jLogger - Slf4jLogger startedAsyncAppender-Worker-ASYNCSTDOUT
2026-04-09 21:12:56,168 [INFO] in AsyncAppender-Worker-ASYNCSTDOUT - [[34mINFO [0;39m] play.api.Play - Application started (Prod) (no global state)AsyncAppender-Worker-ASYNCSTDOUT
2026-04-09 21:12:56,689 [INFO] in AsyncAppender-Worker-ASYNCSTDOUT - [[34mINFO [0;39m] p.c.s.AkkaHttpServer - Enabling HTTP/2 on Akka HTTP server...AsyncAppender-Worker-ASYNCSTDOUT
2026-04-09 21:12:56,690 [INFO] in AsyncAppender-Worker-ASYNCSTDOUT - [[34mINFO [0;39m] p.c.s.AkkaHttpServer - Listening for HTTP on /[0:0:0:0:0:0:0:0]:8080AsyncAppender-Worker-ASYNCSTDOUT
2026-04-09 21:12:58,172 [INFO] in AsyncAppender-Worker-ASYNCSTDOUT - [[34mINFO [0;39m] c.jpro - application requested: defaultAsyncAppender-Worker-ASYNCSTDOUT
2026-04-09 21:12:58,183 [INFO] in AsyncAppender-Worker-ASYNCSTDOUT - [[34mINFO [0;39m] c.jpro - Creating Application: defaultAsyncAppender-Worker-ASYNCSTDOUT
2026-04-09 21:12:58,185 [INFO] in AsyncAppender-Worker-ASYNCSTDOUT - [[34mINFO [0;39m] c.jpro - remoteAddress 0:0:0:0:0:0:0:1AsyncAppender-Worker-ASYNCSTDOUT
2026-04-09 21:12:58,185 [INFO] in AsyncAppender-Worker-ASYNCSTDOUT - [[34mINFO [0;39m] c.jpro - host          localhost:8080AsyncAppender-Worker-ASYNCSTDOUT
2026-04-09 21:12:58,185 [INFO] in AsyncAppender-Worker-ASYNCSTDOUT - [[34mINFO [0;39m] c.jpro - uri           /app/ws/defaultAsyncAppender-Worker-ASYNCSTDOUT
2026-04-09 21:12:58,447 [INFO] in AsyncAppender-Worker-ASYNCSTDOUT - [[34mINFO [0;39m] c.j.i.s.ViewInfo$ - [JPro] -> View created: {app_name: default, host_name: localhost:8080, instance_id: 2086563328, browser: Google Chrome 146.0.0.0, browser_url: http://localhost:8080/, client_ip: 0:0:0:0:0:0:0:1}AsyncAppender-Worker-ASYNCSTDOUT
2026-04-09 21:13:01,736 [INFO] in AsyncAppender-Worker-ASYNCSTDOUT - [[34mINFO [0;39m] c.j.i.c.InstanceImpl - [JPro] -> Instance created: {app_name: default, host_name: localhost:8080, instance_id: 2086563328, browser: Google Chrome 146.0.0.0, browser_url: http://localhost:8080/, client_ip: 0:0:0:0:0:0:0:1}AsyncAppender-Worker-ASYNCSTDOUT
2026-04-09 21:13:14,283 [INFO] in AsyncAppender-Worker-ASYNCSTDOUT - [[1;31mERROR[0;39m] c.j.m.t.SceneInputListener - Error while processing the input: MouseEventToken(MouseReleased,249.60000610351562,29.600000381469727,MouseButtonToken(3),false,false,false,false,false,false,false,false) app: stage title: Visual Product Discovery & Shopping Management SystemAsyncAppender-Worker-ASYNCSTDOUT
2026-04-09 21:13:14,283 [INFO] in AsyncAppender-Worker-ASYNCSTDOUT - java.lang.reflect.InvocationTargetException: nullAsyncAppender-Worker-ASYNCSTDOUT
2026-04-09 21:13:14,283 [INFO] in AsyncAppender-Worker-ASYNCSTDOUT - 	at java.base/jdk.internal.reflect.DirectMethodHandleAccessor.invoke(DirectMethodHandleAccessor.java:118)AsyncAppender-Worker-ASYNCSTDOUT
2026-04-09 21:13:14,283 [INFO] in AsyncAppender-Worker-ASYNCSTDOUT - 	at java.base/java.lang.reflect.Method.invoke(Method.java:580)AsyncAppender-Worker-ASYNCSTDOUT
2026-04-09 21:13:14,283 [INFO] in AsyncAppender-Worker-ASYNCSTDOUT - 	at simplefx.util.ReflectionUtil$UseReflection.applyDynamic(ReflectionUtil.scala:21)AsyncAppender-Worker-ASYNCSTDOUT
2026-04-09 21:13:14,283 [INFO] in AsyncAppender-Worker-ASYNCSTDOUT - 	at com.jpro.meta.tk.SceneInputListener.processInputInScene(SceneInputListener.scala:304)AsyncAppender-Worker-ASYNCSTDOUT
2026-04-09 21:13:14,284 [INFO] in AsyncAppender-Worker-ASYNCSTDOUT - 	at com.jpro.meta.tk.SceneInputListener.processInput(SceneInputListener.scala:203)AsyncAppender-Worker-ASYNCSTDOUT
2026-04-09 21:13:14,284 [INFO] in AsyncAppender-Worker-ASYNCSTDOUT - 	at com.jpro.meta.tk.SceneInputListener.processInputs(SceneInputListener.scala:133)AsyncAppender-Worker-ASYNCSTDOUT
2026-04-09 21:13:14,284 [INFO] in AsyncAppender-Worker-ASYNCSTDOUT - 	at com.jpro.meta.tk.SceneInputListener.processOrRequest(SceneInputListener.scala:41)AsyncAppender-Worker-ASYNCSTDOUT
2026-04-09 21:13:14,284 [INFO] in AsyncAppender-Worker-ASYNCSTDOUT - 	at com.jpro.meta.tk.SceneInputListener.$anonfun$new$4(SceneInputListener.scala:59)AsyncAppender-Worker-ASYNCSTDOUT
2026-04-09 21:13:14,284 [INFO] in AsyncAppender-Worker-ASYNCSTDOUT - 	at scala.runtime.java8.JFunction0$mcV$sp.apply(JFunction0$mcV$sp.java:23)AsyncAppender-Worker-ASYNCSTDOUT
2026-04-09 21:13:14,284 [INFO] in AsyncAppender-Worker-ASYNCSTDOUT - 	at simplefx.cores.standard.parts.CoreTimeEvent$$anon$3.run(CoreTimeEvent.scala:62)AsyncAppender-Worker-ASYNCSTDOUT
2026-04-09 21:13:14,284 [INFO] in AsyncAppender-Worker-ASYNCSTDOUT - Caused by: java.lang.reflect.InvocationTargetException: nullAsyncAppender-Worker-ASYNCSTDOUT
2026-04-09 21:13:14,284 [INFO] in AsyncAppender-Worker-ASYNCSTDOUT - 	at java.base/jdk.internal.reflect.DirectMethodHandleAccessor.invoke(DirectMethodHandleAccessor.java:118)AsyncAppender-Worker-ASYNCSTDOUT
2026-04-09 21:13:14,284 [INFO] in AsyncAppender-Worker-ASYNCSTDOUT - 	at java.base/java.lang.reflect.Method.invoke(Method.java:580)AsyncAppender-Worker-ASYNCSTDOUT
2026-04-09 21:13:14,284 [INFO] in AsyncAppender-Worker-ASYNCSTDOUT - 	at simplefx.util.ReflectionUtil$UseReflection.applyDynamic(ReflectionUtil.scala:21)AsyncAppender-Worker-ASYNCSTDOUT
2026-04-09 21:13:14,284 [INFO] in AsyncAppender-Worker-ASYNCSTDOUT - 	at com.sun.glass.ui.monocle.input.fork.NativeMouseInput.notifyMouse(NativeMouseInput.scala:330)AsyncAppender-Worker-ASYNCSTDOUT
2026-04-09 21:13:14,284 [INFO] in AsyncAppender-Worker-ASYNCSTDOUT - 	at com.sun.glass.ui.monocle.input.fork.NativeMouseInput.postMouseEvent(NativeMouseInput.scala:226)AsyncAppender-Worker-ASYNCSTDOUT
2026-04-09 21:13:14,284 [INFO] in AsyncAppender-Worker-ASYNCSTDOUT - 	at com.sun.glass.ui.monocle.input.fork.NativeMouseInput.setState(NativeMouseInput.scala:186)AsyncAppender-Worker-ASYNCSTDOUT
2026-04-09 21:13:14,284 [INFO] in AsyncAppender-Worker-ASYNCSTDOUT - 	at java.base/jdk.internal.reflect.DirectMethodHandleAccessor.invoke(DirectMethodHandleAccessor.java:103)AsyncAppender-Worker-ASYNCSTDOUT
2026-04-09 21:13:14,284 [INFO] in AsyncAppender-Worker-ASYNCSTDOUT - 	at java.base/java.lang.reflect.Method.invoke(Method.java:580)AsyncAppender-Worker-ASYNCSTDOUT
2026-04-09 21:13:14,284 [INFO] in AsyncAppender-Worker-ASYNCSTDOUT - 	at simplefx.util.ReflectionUtil$UseReflection.applyDynamic(ReflectionUtil.scala:21)AsyncAppender-Worker-ASYNCSTDOUT
2026-04-09 21:13:14,284 [INFO] in AsyncAppender-Worker-ASYNCSTDOUT - 	at com.jpro.meta.tk.SceneInputListener.processInputInScene(SceneInputListener.scala:304)AsyncAppender-Worker-ASYNCSTDOUT
2026-04-09 21:13:14,284 [INFO] in AsyncAppender-Worker-ASYNCSTDOUT - Caused by: java.lang.UnsupportedOperationException: nullAsyncAppender-Worker-ASYNCSTDOUT
2026-04-09 21:13:14,284 [INFO] in AsyncAppender-Worker-ASYNCSTDOUT - 	at com.sun.glass.ui.monocle.MonocleApplication.staticCommonDialogs_showFileChooser(MonocleApplication.java:273)AsyncAppender-Worker-ASYNCSTDOUT
2026-04-09 21:13:14,284 [INFO] in AsyncAppender-Worker-ASYNCSTDOUT - 	at com.sun.glass.ui.CommonDialogs.showFileChooser(CommonDialogs.java:213)AsyncAppender-Worker-ASYNCSTDOUT
2026-04-09 21:13:14,284 [INFO] in AsyncAppender-Worker-ASYNCSTDOUT - 	at com.sun.javafx.tk.quantum.QuantumToolkit.showFileChooser(QuantumToolkit.java:1737)AsyncAppender-Worker-ASYNCSTDOUT
2026-04-09 21:13:14,284 [INFO] in AsyncAppender-Worker-ASYNCSTDOUT - 	at javafx.stage.FileChooser.showDialog(FileChooser.java:396)AsyncAppender-Worker-ASYNCSTDOUT
2026-04-09 21:13:14,284 [INFO] in AsyncAppender-Worker-ASYNCSTDOUT - 	at javafx.stage.FileChooser.showOpenDialog(FileChooser.java:331)AsyncAppender-Worker-ASYNCSTDOUT
2026-04-09 21:13:14,284 [INFO] in AsyncAppender-Worker-ASYNCSTDOUT - 	at com.visualshop.controller.ShopController.openVisualSearch(ShopController.java:817)AsyncAppender-Worker-ASYNCSTDOUT
2026-04-09 21:13:14,285 [INFO] in AsyncAppender-Worker-ASYNCSTDOUT - 	at com.visualshop.controller.ShopController.lambda$buildNavbar$6(ShopController.java:172)AsyncAppender-Worker-ASYNCSTDOUT
2026-04-09 21:13:14,285 [INFO] in AsyncAppender-Worker-ASYNCSTDOUT - 	at com.sun.javafx.event.CompositeEventHandler.dispatchBubblingEvent(CompositeEventHandler.java:86)AsyncAppender-Worker-ASYNCSTDOUT
2026-04-09 21:13:14,285 [INFO] in AsyncAppender-Worker-ASYNCSTDOUT - 	at com.sun.javafx.event.EventHandlerManager.dispatchBubblingEvent(EventHandlerManager.java:232)AsyncAppender-Worker-ASYNCSTDOUT
2026-04-09 21:13:14,285 [INFO] in AsyncAppender-Worker-ASYNCSTDOUT - 	at com.sun.javafx.event.EventHandlerManager.dispatchBubblingEvent(EventHandlerManager.java:189)AsyncAppender-Worker-ASYNCSTDOUT
2026-04-09 21:13:15,284 [INFO] in AsyncAppender-Worker-ASYNCSTDOUT - [[1;31mERROR[0;39m] c.j.m.t.SceneInputListener - Error while processing the input: MouseEventToken(MouseMoved,252.0,35.20000076293945,MouseButtonToken(2),false,false,false,false,false,false,false,false) app: stage title: Visual Product Discovery & Shopping Management SystemAsyncAppender-Worker-ASYNCSTDOUT
2026-04-09 21:13:15,285 [INFO] in AsyncAppender-Worker-ASYNCSTDOUT - java.lang.reflect.InvocationTargetException: nullAsyncAppender-Worker-ASYNCSTDOUT
2026-04-09 21:13:15,285 [INFO] in AsyncAppender-Worker-ASYNCSTDOUT - 	at java.base/jdk.internal.reflect.DirectMethodHandleAccessor.invoke(DirectMethodHandleAccessor.java:118)AsyncAppender-Worker-ASYNCSTDOUT
2026-04-09 21:13:15,285 [INFO] in AsyncAppender-Worker-ASYNCSTDOUT - 	at java.base/java.lang.reflect.Method.invoke(Method.java:580)AsyncAppender-Worker-ASYNCSTDOUT
2026-04-09 21:13:15,285 [INFO] in AsyncAppender-Worker-ASYNCSTDOUT - 	at simplefx.util.ReflectionUtil$UseReflection.applyDynamic(ReflectionUtil.scala:21)AsyncAppender-Worker-ASYNCSTDOUT
2026-04-09 21:13:15,285 [INFO] in AsyncAppender-Worker-ASYNCSTDOUT - 	at com.jpro.meta.tk.SceneInputListener.processInputInScene(SceneInputListener.scala:304)AsyncAppender-Worker-ASYNCSTDOUT
2026-04-09 21:13:15,285 [INFO] in AsyncAppender-Worker-ASYNCSTDOUT - 	at com.jpro.meta.tk.SceneInputListener.processInput(SceneInputListener.scala:206)AsyncAppender-Worker-ASYNCSTDOUT
2026-04-09 21:13:15,285 [INFO] in AsyncAppender-Worker-ASYNCSTDOUT - 	at com.jpro.meta.tk.SceneInputListener.processInputs(SceneInputListener.scala:133)AsyncAppender-Worker-ASYNCSTDOUT
2026-04-09 21:13:15,285 [INFO] in AsyncAppender-Worker-ASYNCSTDOUT - 	at com.jpro.meta.tk.SceneInputListener.processOrRequest(SceneInputListener.scala:41)AsyncAppender-Worker-ASYNCSTDOUT
2026-04-09 21:13:15,285 [INFO] in AsyncAppender-Worker-ASYNCSTDOUT - 	at com.jpro.meta.tk.SceneInputListener.$anonfun$new$4(SceneInputListener.scala:59)AsyncAppender-Worker-ASYNCSTDOUT
2026-04-09 21:13:15,285 [INFO] in AsyncAppender-Worker-ASYNCSTDOUT - 	at scala.runtime.java8.JFunction0$mcV$sp.apply(JFunction0$mcV$sp.java:23)AsyncAppender-Worker-ASYNCSTDOUT
2026-04-09 21:13:15,285 [INFO] in AsyncAppender-Worker-ASYNCSTDOUT - 	at simplefx.cores.standard.parts.CoreTimeEvent$$anon$3.run(CoreTimeEvent.scala:62)AsyncAppender-Worker-ASYNCSTDOUT
2026-04-09 21:13:15,285 [INFO] in AsyncAppender-Worker-ASYNCSTDOUT - Caused by: java.lang.reflect.InvocationTargetException: nullAsyncAppender-Worker-ASYNCSTDOUT
2026-04-09 21:13:15,285 [INFO] in AsyncAppender-Worker-ASYNCSTDOUT - 	at java.base/jdk.internal.reflect.DirectMethodHandleAccessor.invoke(DirectMethodHandleAccessor.java:118)AsyncAppender-Worker-ASYNCSTDOUT
2026-04-09 21:13:15,285 [INFO] in AsyncAppender-Worker-ASYNCSTDOUT - 	at java.base/java.lang.reflect.Method.invoke(Method.java:580)AsyncAppender-Worker-ASYNCSTDOUT
2026-04-09 21:13:15,285 [INFO] in AsyncAppender-Worker-ASYNCSTDOUT - 	at simplefx.util.ReflectionUtil$UseReflection.applyDynamic(ReflectionUtil.scala:21)AsyncAppender-Worker-ASYNCSTDOUT
2026-04-09 21:13:15,285 [INFO] in AsyncAppender-Worker-ASYNCSTDOUT - 	at com.sun.glass.ui.monocle.input.fork.NativeMouseInput.notifyMouse(NativeMouseInput.scala:330)AsyncAppender-Worker-ASYNCSTDOUT
2026-04-09 21:13:15,285 [INFO] in AsyncAppender-Worker-ASYNCSTDOUT - 	at com.sun.glass.ui.monocle.input.fork.NativeMouseInput.postMouseEvent(NativeMouseInput.scala:226)AsyncAppender-Worker-ASYNCSTDOUT
2026-04-09 21:13:15,285 [INFO] in AsyncAppender-Worker-ASYNCSTDOUT - 	at com.sun.glass.ui.monocle.input.fork.NativeMouseInput.setState(NativeMouseInput.scala:186)AsyncAppender-Worker-ASYNCSTDOUT
2026-04-09 21:13:15,285 [INFO] in AsyncAppender-Worker-ASYNCSTDOUT - 	at java.base/jdk.internal.reflect.DirectMethodHandleAccessor.invoke(DirectMethodHandleAccessor.java:103)AsyncAppender-Worker-ASYNCSTDOUT
2026-04-09 21:13:15,285 [INFO] in AsyncAppender-Worker-ASYNCSTDOUT - 	at java.base/java.lang.reflect.Method.invoke(Method.java:580)AsyncAppender-Worker-ASYNCSTDOUT
2026-04-09 21:13:15,285 [INFO] in AsyncAppender-Worker-ASYNCSTDOUT - 	at simplefx.util.ReflectionUtil$UseReflection.applyDynamic(ReflectionUtil.scala:21)AsyncAppender-Worker-ASYNCSTDOUT
2026-04-09 21:13:15,285 [INFO] in AsyncAppender-Worker-ASYNCSTDOUT - 	at com.jpro.meta.tk.SceneInputListener.processInputInScene(SceneInputListener.scala:304)AsyncAppender-Worker-ASYNCSTDOUT
2026-04-09 21:13:15,285 [INFO] in AsyncAppender-Worker-ASYNCSTDOUT - Caused by: java.lang.UnsupportedOperationException: nullAsyncAppender-Worker-ASYNCSTDOUT
2026-04-09 21:13:15,285 [INFO] in AsyncAppender-Worker-ASYNCSTDOUT - 	at com.sun.glass.ui.monocle.MonocleApplication.staticCommonDialogs_showFileChooser(MonocleApplication.java:273)AsyncAppender-Worker-ASYNCSTDOUT
2026-04-09 21:13:15,285 [INFO] in AsyncAppender-Worker-ASYNCSTDOUT - 	at com.sun.glass.ui.CommonDialogs.showFileChooser(CommonDialogs.java:213)AsyncAppender-Worker-ASYNCSTDOUT
2026-04-09 21:13:15,285 [INFO] in AsyncAppender-Worker-ASYNCSTDOUT - 	at com.sun.javafx.tk.quantum.QuantumToolkit.showFileChooser(QuantumToolkit.java:1737)AsyncAppender-Worker-ASYNCSTDOUT
2026-04-09 21:13:15,285 [INFO] in AsyncAppender-Worker-ASYNCSTDOUT - 	at javafx.stage.FileChooser.showDialog(FileChooser.java:396)AsyncAppender-Worker-ASYNCSTDOUT
2026-04-09 21:13:15,285 [INFO] in AsyncAppender-Worker-ASYNCSTDOUT - 	at javafx.stage.FileChooser.showOpenDialog(FileChooser.java:331)AsyncAppender-Worker-ASYNCSTDOUT
2026-04-09 21:13:15,285 [INFO] in AsyncAppender-Worker-ASYNCSTDOUT - 	at com.visualshop.controller.ShopController.openVisualSearch(ShopController.java:817)AsyncAppender-Worker-ASYNCSTDOUT
2026-04-09 21:13:15,285 [INFO] in AsyncAppender-Worker-ASYNCSTDOUT - 	at com.visualshop.controller.ShopController.lambda$buildNavbar$6(ShopController.java:172)AsyncAppender-Worker-ASYNCSTDOUT
2026-04-09 21:13:15,285 [INFO] in AsyncAppender-Worker-ASYNCSTDOUT - 	at com.sun.javafx.event.CompositeEventHandler.dispatchBubblingEvent(CompositeEventHandler.java:86)AsyncAppender-Worker-ASYNCSTDOUT
2026-04-09 21:13:15,285 [INFO] in AsyncAppender-Worker-ASYNCSTDOUT - 	at com.sun.javafx.event.EventHandlerManager.dispatchBubblingEvent(EventHandlerManager.java:232)AsyncAppender-Worker-ASYNCSTDOUT
2026-04-09 21:13:15,285 [INFO] in AsyncAppender-Worker-ASYNCSTDOUT - 	at com.sun.javafx.event.EventHandlerManager.dispatchBubblingEvent(EventHandlerManager.java:189)AsyncAppender-Worker-ASYNCSTDOUT
2026-04-09 21:13:15,293 [INFO] in AsyncAppender-Worker-ASYNCSTDOUT - [[1;31mERROR[0;39m] c.j.m.t.SceneInputListener - Error while processing the input: MouseEventToken(MouseMoved,255.1999969482422,41.60000228881836,MouseButtonToken(2),false,false,false,false,false,false,false,false) app: stage title: Visual Product Discovery & Shopping Management SystemAsyncAppender-Worker-ASYNCSTDOUT
2026-04-09 21:13:15,293 [INFO] in AsyncAppender-Worker-ASYNCSTDOUT - java.lang.reflect.InvocationTargetException: nullAsyncAppender-Worker-ASYNCSTDOUT
2026-04-09 21:13:15,293 [INFO] in AsyncAppender-Worker-ASYNCSTDOUT - 	at java.base/jdk.internal.reflect.DirectMethodHandleAccessor.invoke(DirectMethodHandleAccessor.java:118)AsyncAppender-Worker-ASYNCSTDOUT
2026-04-09 21:13:15,293 [INFO] in AsyncAppender-Worker-ASYNCSTDOUT - 	at java.base/java.lang.reflect.Method.invoke(Method.java:580)AsyncAppender-Worker-ASYNCSTDOUT
2026-04-09 21:13:15,293 [INFO] in AsyncAppender-Worker-ASYNCSTDOUT - 	at simplefx.util.ReflectionUtil$UseReflection.applyDynamic(ReflectionUtil.scala:21)AsyncAppender-Worker-ASYNCSTDOUT
2026-04-09 21:13:15,293 [INFO] in AsyncAppender-Worker-ASYNCSTDOUT - 	at com.jpro.meta.tk.SceneInputListener.processInputInScene(SceneInputListener.scala:304)AsyncAppender-Worker-ASYNCSTDOUT
2026-04-09 21:13:15,293 [INFO] in AsyncAppender-Worker-ASYNCSTDOUT - 	at com.jpro.meta.tk.SceneInputListener.processInput(SceneInputListener.scala:206)AsyncAppender-Worker-ASYNCSTDOUT
2026-04-09 21:13:15,293 [INFO] in AsyncAppender-Worker-ASYNCSTDOUT - 	at com.jpro.meta.tk.SceneInputListener.processInputs(SceneInputListener.scala:133)AsyncAppender-Worker-ASYNCSTDOUT
2026-04-09 21:13:15,293 [INFO] in AsyncAppender-Worker-ASYNCSTDOUT - 	at com.jpro.meta.tk.SceneInputListener.processOrRequest(SceneInputListener.scala:41)AsyncAppender-Worker-ASYNCSTDOUT
2026-04-09 21:13:15,293 [INFO] in AsyncAppender-Worker-ASYNCSTDOUT - 	at com.jpro.meta.tk.SceneInputListener.$anonfun$processOrRequest$2(SceneInputListener.scala:48)AsyncAppender-Worker-ASYNCSTDOUT
2026-04-09 21:13:15,293 [INFO] in AsyncAppender-Worker-ASYNCSTDOUT - 	at scala.runtime.java8.JFunction0$mcV$sp.apply(JFunction0$mcV$sp.java:23)AsyncAppender-Worker-ASYNCSTDOUT
2026-04-09 21:13:15,293 [INFO] in AsyncAppender-Worker-ASYNCSTDOUT - 	at simplefx.cores.standard.parts.CoreTimeEvent$$anon$3.run(CoreTimeEvent.scala:62)AsyncAppender-Worker-ASYNCSTDOUT
2026-04-09 21:13:15,293 [INFO] in AsyncAppender-Worker-ASYNCSTDOUT - Caused by: java.lang.reflect.InvocationTargetException: nullAsyncAppender-Worker-ASYNCSTDOUT
2026-04-09 21:13:15,293 [INFO] in AsyncAppender-Worker-ASYNCSTDOUT - 	at java.base/jdk.internal.reflect.DirectMethodHandleAccessor.invoke(DirectMethodHandleAccessor.java:118)AsyncAppender-Worker-ASYNCSTDOUT
2026-04-09 21:13:15,293 [INFO] in AsyncAppender-Worker-ASYNCSTDOUT - 	at java.base/java.lang.reflect.Method.invoke(Method.java:580)AsyncAppender-Worker-ASYNCSTDOUT
2026-04-09 21:13:15,293 [INFO] in AsyncAppender-Worker-ASYNCSTDOUT - 	at simplefx.util.ReflectionUtil$UseReflection.applyDynamic(ReflectionUtil.scala:21)AsyncAppender-Worker-ASYNCSTDOUT
2026-04-09 21:13:15,293 [INFO] in AsyncAppender-Worker-ASYNCSTDOUT - 	at com.sun.glass.ui.monocle.input.fork.NativeMouseInput.notifyMouse(NativeMouseInput.scala:330)AsyncAppender-Worker-ASYNCSTDOUT
2026-04-09 21:13:15,293 [INFO] in AsyncAppender-Worker-ASYNCSTDOUT - 	at com.sun.glass.ui.monocle.input.fork.NativeMouseInput.postMouseEvent(NativeMouseInput.scala:226)AsyncAppender-Worker-ASYNCSTDOUT
2026-04-09 21:13:15,293 [INFO] in AsyncAppender-Worker-ASYNCSTDOUT - 	at com.sun.glass.ui.monocle.input.fork.NativeMouseInput.setState(NativeMouseInput.scala:186)AsyncAppender-Worker-ASYNCSTDOUT
2026-04-09 21:13:15,293 [INFO] in AsyncAppender-Worker-ASYNCSTDOUT - 	at java.base/jdk.internal.reflect.DirectMethodHandleAccessor.invoke(DirectMethodHandleAccessor.java:103)AsyncAppender-Worker-ASYNCSTDOUT
2026-04-09 21:13:15,293 [INFO] in AsyncAppender-Worker-ASYNCSTDOUT - 	at java.base/java.lang.reflect.Method.invoke(Method.java:580)AsyncAppender-Worker-ASYNCSTDOUT
2026-04-09 21:13:15,293 [INFO] in AsyncAppender-Worker-ASYNCSTDOUT - 	at simplefx.util.ReflectionUtil$UseReflection.applyDynamic(ReflectionUtil.scala:21)AsyncAppender-Worker-ASYNCSTDOUT
2026-04-09 21:13:15,293 [INFO] in AsyncAppender-Worker-ASYNCSTDOUT - 	at com.jpro.meta.tk.SceneInputListener.processInputInScene(SceneInputListener.scala:304)AsyncAppender-Worker-ASYNCSTDOUT
2026-04-09 21:13:15,293 [INFO] in AsyncAppender-Worker-ASYNCSTDOUT - Caused by: java.lang.UnsupportedOperationException: nullAsyncAppender-Worker-ASYNCSTDOUT
2026-04-09 21:13:15,293 [INFO] in AsyncAppender-Worker-ASYNCSTDOUT - 	at com.sun.glass.ui.monocle.MonocleApplication.staticCommonDialogs_showFileChooser(MonocleApplication.java:273)AsyncAppender-Worker-ASYNCSTDOUT
2026-04-09 21:13:15,293 [INFO] in AsyncAppender-Worker-ASYNCSTDOUT - 	at com.sun.glass.ui.CommonDialogs.showFileChooser(CommonDialogs.java:213)AsyncAppender-Worker-ASYNCSTDOUT
2026-04-09 21:13:15,293 [INFO] in AsyncAppender-Worker-ASYNCSTDOUT - 	at com.sun.javafx.tk.quantum.QuantumToolkit.showFileChooser(QuantumToolkit.java:1737)AsyncAppender-Worker-ASYNCSTDOUT
2026-04-09 21:13:15,293 [INFO] in AsyncAppender-Worker-ASYNCSTDOUT - 	at javafx.stage.FileChooser.showDialog(FileChooser.java:396)AsyncAppender-Worker-ASYNCSTDOUT
2026-04-09 21:13:15,293 [INFO] in AsyncAppender-Worker-ASYNCSTDOUT - 	at javafx.stage.FileChooser.showOpenDialog(FileChooser.java:331)AsyncAppender-Worker-ASYNCSTDOUT
2026-04-09 21:13:15,294 [INFO] in AsyncAppender-Worker-ASYNCSTDOUT - 	at com.visualshop.controller.ShopController.openVisualSearch(ShopController.java:817)AsyncAppender-Worker-ASYNCSTDOUT
2026-04-09 21:13:15,294 [INFO] in AsyncAppender-Worker-ASYNCSTDOUT - 	at com.visualshop.controller.ShopController.lambda$buildNavbar$6(ShopController.java:172)AsyncAppender-Worker-ASYNCSTDOUT
2026-04-09 21:13:15,294 [INFO] in AsyncAppender-Worker-ASYNCSTDOUT - 	at com.sun.javafx.event.CompositeEventHandler.dispatchBubblingEvent(CompositeEventHandler.java:86)AsyncAppender-Worker-ASYNCSTDOUT
2026-04-09 21:13:15,294 [INFO] in AsyncAppender-Worker-ASYNCSTDOUT - 	at com.sun.javafx.event.EventHandlerManager.dispatchBubblingEvent(EventHandlerManager.java:232)AsyncAppender-Worker-ASYNCSTDOUT
2026-04-09 21:13:15,294 [INFO] in AsyncAppender-Worker-ASYNCSTDOUT - 	at com.sun.javafx.event.EventHandlerManager.dispatchBubblingEvent(EventHandlerManager.java:189)AsyncAppender-Worker-ASYNCSTDOUT
2026-04-09 21:13:16,633 [INFO] in AsyncAppender-Worker-ASYNCSTDOUT - [[1;31mERROR[0;39m] c.j.m.t.SceneInputListener - Error while processing the input: MouseEventToken(MouseReleased,257.6000061035156,29.600000381469727,MouseButtonToken(3),false,false,false,false,false,false,false,false) app: stage title: Visual Product Discovery & Shopping Management SystemAsyncAppender-Worker-ASYNCSTDOUT
2026-04-09 21:13:16,633 [INFO] in AsyncAppender-Worker-ASYNCSTDOUT - java.lang.reflect.InvocationTargetException: nullAsyncAppender-Worker-ASYNCSTDOUT
2026-04-09 21:13:16,633 [INFO] in AsyncAppender-Worker-ASYNCSTDOUT - 	at java.base/jdk.internal.reflect.DirectMethodHandleAccessor.invoke(DirectMethodHandleAccessor.java:118)AsyncAppender-Worker-ASYNCSTDOUT
2026-04-09 21:13:16,633 [INFO] in AsyncAppender-Worker-ASYNCSTDOUT - 	at java.base/java.lang.reflect.Method.invoke(Method.java:580)AsyncAppender-Worker-ASYNCSTDOUT
2026-04-09 21:13:16,633 [INFO] in AsyncAppender-Worker-ASYNCSTDOUT - 	at simplefx.util.ReflectionUtil$UseReflection.applyDynamic(ReflectionUtil.scala:21)AsyncAppender-Worker-ASYNCSTDOUT
2026-04-09 21:13:16,633 [INFO] in AsyncAppender-Worker-ASYNCSTDOUT - 	at com.jpro.meta.tk.SceneInputListener.processInputInScene(SceneInputListener.scala:304)AsyncAppender-Worker-ASYNCSTDOUT
2026-04-09 21:13:16,633 [INFO] in AsyncAppender-Worker-ASYNCSTDOUT - 	at com.jpro.meta.tk.SceneInputListener.processInput(SceneInputListener.scala:203)AsyncAppender-Worker-ASYNCSTDOUT
2026-04-09 21:13:16,633 [INFO] in AsyncAppender-Worker-ASYNCSTDOUT - 	at com.jpro.meta.tk.SceneInputListener.processInputs(SceneInputListener.scala:133)AsyncAppender-Worker-ASYNCSTDOUT
2026-04-09 21:13:16,633 [INFO] in AsyncAppender-Worker-ASYNCSTDOUT - 	at com.jpro.meta.tk.SceneInputListener.processOrRequest(SceneInputListener.scala:41)AsyncAppender-Worker-ASYNCSTDOUT
2026-04-09 21:13:16,633 [INFO] in AsyncAppender-Worker-ASYNCSTDOUT - 	at com.jpro.meta.tk.SceneInputListener.$anonfun$new$4(SceneInputListener.scala:59)AsyncAppender-Worker-ASYNCSTDOUT
2026-04-09 21:13:16,633 [INFO] in AsyncAppender-Worker-ASYNCSTDOUT - 	at scala.runtime.java8.JFunction0$mcV$sp.apply(JFunction0$mcV$sp.java:23)AsyncAppender-Worker-ASYNCSTDOUT
2026-04-09 21:13:16,633 [INFO] in AsyncAppender-Worker-ASYNCSTDOUT - 	at simplefx.cores.standard.parts.CoreTimeEvent$$anon$3.run(CoreTimeEvent.scala:62)AsyncAppender-Worker-ASYNCSTDOUT
2026-04-09 21:13:16,633 [INFO] in AsyncAppender-Worker-ASYNCSTDOUT - Caused by: java.lang.reflect.InvocationTargetException: nullAsyncAppender-Worker-ASYNCSTDOUT
2026-04-09 21:13:16,633 [INFO] in AsyncAppender-Worker-ASYNCSTDOUT - 	at java.base/jdk.internal.reflect.DirectMethodHandleAccessor.invoke(DirectMethodHandleAccessor.java:118)AsyncAppender-Worker-ASYNCSTDOUT
2026-04-09 21:13:16,633 [INFO] in AsyncAppender-Worker-ASYNCSTDOUT - 	at java.base/java.lang.reflect.Method.invoke(Method.java:580)AsyncAppender-Worker-ASYNCSTDOUT
2026-04-09 21:13:16,633 [INFO] in AsyncAppender-Worker-ASYNCSTDOUT - 	at simplefx.util.ReflectionUtil$UseReflection.applyDynamic(ReflectionUtil.scala:21)AsyncAppender-Worker-ASYNCSTDOUT
2026-04-09 21:13:16,633 [INFO] in AsyncAppender-Worker-ASYNCSTDOUT - 	at com.sun.glass.ui.monocle.input.fork.NativeMouseInput.notifyMouse(NativeMouseInput.scala:330)AsyncAppender-Worker-ASYNCSTDOUT
2026-04-09 21:13:16,633 [INFO] in AsyncAppender-Worker-ASYNCSTDOUT - 	at com.sun.glass.ui.monocle.input.fork.NativeMouseInput.postMouseEvent(NativeMouseInput.scala:226)AsyncAppender-Worker-ASYNCSTDOUT
2026-04-09 21:13:16,633 [INFO] in AsyncAppender-Worker-ASYNCSTDOUT - 	at com.sun.glass.ui.monocle.input.fork.NativeMouseInput.setState(NativeMouseInput.scala:186)AsyncAppender-Worker-ASYNCSTDOUT
2026-04-09 21:13:16,633 [INFO] in AsyncAppender-Worker-ASYNCSTDOUT - 	at java.base/jdk.internal.reflect.DirectMethodHandleAccessor.invoke(DirectMethodHandleAccessor.java:103)AsyncAppender-Worker-ASYNCSTDOUT
2026-04-09 21:13:16,633 [INFO] in AsyncAppender-Worker-ASYNCSTDOUT - 	at java.base/java.lang.reflect.Method.invoke(Method.java:580)AsyncAppender-Worker-ASYNCSTDOUT
2026-04-09 21:13:16,633 [INFO] in AsyncAppender-Worker-ASYNCSTDOUT - 	at simplefx.util.ReflectionUtil$UseReflection.applyDynamic(ReflectionUtil.scala:21)AsyncAppender-Worker-ASYNCSTDOUT
2026-04-09 21:13:16,633 [INFO] in AsyncAppender-Worker-ASYNCSTDOUT - 	at com.jpro.meta.tk.SceneInputListener.processInputInScene(SceneInputListener.scala:304)AsyncAppender-Worker-ASYNCSTDOUT
2026-04-09 21:13:16,633 [INFO] in AsyncAppender-Worker-ASYNCSTDOUT - Caused by: java.lang.UnsupportedOperationException: nullAsyncAppender-Worker-ASYNCSTDOUT
2026-04-09 21:13:16,633 [INFO] in AsyncAppender-Worker-ASYNCSTDOUT - 	at com.sun.glass.ui.monocle.MonocleApplication.staticCommonDialogs_showFileChooser(MonocleApplication.java:273)AsyncAppender-Worker-ASYNCSTDOUT
2026-04-09 21:13:16,633 [INFO] in AsyncAppender-Worker-ASYNCSTDOUT - 	at com.sun.glass.ui.CommonDialogs.showFileChooser(CommonDialogs.java:213)AsyncAppender-Worker-ASYNCSTDOUT
2026-04-09 21:13:16,634 [INFO] in AsyncAppender-Worker-ASYNCSTDOUT - 	at com.sun.javafx.tk.quantum.QuantumToolkit.showFileChooser(QuantumToolkit.java:1737)AsyncAppender-Worker-ASYNCSTDOUT
2026-04-09 21:13:16,634 [INFO] in AsyncAppender-Worker-ASYNCSTDOUT - 	at javafx.stage.FileChooser.showDialog(FileChooser.java:396)AsyncAppender-Worker-ASYNCSTDOUT
2026-04-09 21:13:16,634 [INFO] in AsyncAppender-Worker-ASYNCSTDOUT - 	at javafx.stage.FileChooser.showOpenDialog(FileChooser.java:331)AsyncAppender-Worker-ASYNCSTDOUT
2026-04-09 21:13:16,634 [INFO] in AsyncAppender-Worker-ASYNCSTDOUT - 	at com.visualshop.controller.ShopController.openVisualSearch(ShopController.java:817)AsyncAppender-Worker-ASYNCSTDOUT
2026-04-09 21:13:16,634 [INFO] in AsyncAppender-Worker-ASYNCSTDOUT - 	at com.visualshop.controller.ShopController.lambda$buildNavbar$6(ShopController.java:172)AsyncAppender-Worker-ASYNCSTDOUT
2026-04-09 21:13:16,634 [INFO] in AsyncAppender-Worker-ASYNCSTDOUT - 	at com.sun.javafx.event.CompositeEventHandler.dispatchBubblingEvent(CompositeEventHandler.java:86)AsyncAppender-Worker-ASYNCSTDOUT
2026-04-09 21:13:16,634 [INFO] in AsyncAppender-Worker-ASYNCSTDOUT - 	at com.sun.javafx.event.EventHandlerManager.dispatchBubblingEvent(EventHandlerManager.java:232)AsyncAppender-Worker-ASYNCSTDOUT
2026-04-09 21:13:16,634 [INFO] in AsyncAppender-Worker-ASYNCSTDOUT - 	at com.sun.javafx.event.EventHandlerManager.dispatchBubblingEvent(EventHandlerManager.java:189)AsyncAppender-Worker-ASYNCSTDOUT
2026-04-09 21:13:17,157 [INFO] in AsyncAppender-Worker-ASYNCSTDOUT - [[1;31mERROR[0;39m] c.j.m.t.SceneInputListener - Error while processing the input: MouseEventToken(MouseMoved,259.20001220703125,29.600000381469727,MouseButtonToken(2),false,false,false,false,false,false,false,false) app: stage title: Visual Product Discovery & Shopping Management SystemAsyncAppender-Worker-ASYNCSTDOUT
2026-04-09 21:13:17,157 [INFO] in AsyncAppender-Worker-ASYNCSTDOUT - java.lang.reflect.InvocationTargetException: nullAsyncAppender-Worker-ASYNCSTDOUT
2026-04-09 21:13:17,157 [INFO] in AsyncAppender-Worker-ASYNCSTDOUT - 	at java.base/jdk.internal.reflect.DirectMethodHandleAccessor.invoke(DirectMethodHandleAccessor.java:118)AsyncAppender-Worker-ASYNCSTDOUT
2026-04-09 21:13:17,157 [INFO] in AsyncAppender-Worker-ASYNCSTDOUT - 	at java.base/java.lang.reflect.Method.invoke(Method.java:580)AsyncAppender-Worker-ASYNCSTDOUT
2026-04-09 21:13:17,157 [INFO] in AsyncAppender-Worker-ASYNCSTDOUT - 	at simplefx.util.ReflectionUtil$UseReflection.applyDynamic(ReflectionUtil.scala:21)AsyncAppender-Worker-ASYNCSTDOUT
2026-04-09 21:13:17,157 [INFO] in AsyncAppender-Worker-ASYNCSTDOUT - 	at com.jpro.meta.tk.SceneInputListener.processInputInScene(SceneInputListener.scala:304)AsyncAppender-Worker-ASYNCSTDOUT
2026-04-09 21:13:17,157 [INFO] in AsyncAppender-Worker-ASYNCSTDOUT - 	at com.jpro.meta.tk.SceneInputListener.processInput(SceneInputListener.scala:206)AsyncAppender-Worker-ASYNCSTDOUT
2026-04-09 21:13:17,157 [INFO] in AsyncAppender-Worker-ASYNCSTDOUT - 	at com.jpro.meta.tk.SceneInputListener.processInputs(SceneInputListener.scala:133)AsyncAppender-Worker-ASYNCSTDOUT
2026-04-09 21:13:17,157 [INFO] in AsyncAppender-Worker-ASYNCSTDOUT - 	at com.jpro.meta.tk.SceneInputListener.processOrRequest(SceneInputListener.scala:41)AsyncAppender-Worker-ASYNCSTDOUT
2026-04-09 21:13:17,157 [INFO] in AsyncAppender-Worker-ASYNCSTDOUT - 	at com.jpro.meta.tk.SceneInputListener.$anonfun$new$4(SceneInputListener.scala:59)AsyncAppender-Worker-ASYNCSTDOUT
2026-04-09 21:13:17,157 [INFO] in AsyncAppender-Worker-ASYNCSTDOUT - 	at scala.runtime.java8.JFunction0$mcV$sp.apply(JFunction0$mcV$sp.java:23)AsyncAppender-Worker-ASYNCSTDOUT
2026-04-09 21:13:17,157 [INFO] in AsyncAppender-Worker-ASYNCSTDOUT - 	at simplefx.cores.standard.parts.CoreTimeEvent$$anon$3.run(CoreTimeEvent.scala:62)AsyncAppender-Worker-ASYNCSTDOUT
2026-04-09 21:13:17,157 [INFO] in AsyncAppender-Worker-ASYNCSTDOUT - Caused by: java.lang.reflect.InvocationTargetException: nullAsyncAppender-Worker-ASYNCSTDOUT
2026-04-09 21:13:17,157 [INFO] in AsyncAppender-Worker-ASYNCSTDOUT - 	at java.base/jdk.internal.reflect.DirectMethodHandleAccessor.invoke(DirectMethodHandleAccessor.java:118)AsyncAppender-Worker-ASYNCSTDOUT
2026-04-09 21:13:17,157 [INFO] in AsyncAppender-Worker-ASYNCSTDOUT - 	at java.base/java.lang.reflect.Method.invoke(Method.java:580)AsyncAppender-Worker-ASYNCSTDOUT
2026-04-09 21:13:17,157 [INFO] in AsyncAppender-Worker-ASYNCSTDOUT - 	at simplefx.util.ReflectionUtil$UseReflection.applyDynamic(ReflectionUtil.scala:21)AsyncAppender-Worker-ASYNCSTDOUT
2026-04-09 21:13:17,158 [INFO] in AsyncAppender-Worker-ASYNCSTDOUT - 	at com.sun.glass.ui.monocle.input.fork.NativeMouseInput.notifyMouse(NativeMouseInput.scala:330)AsyncAppender-Worker-ASYNCSTDOUT
2026-04-09 21:13:17,158 [INFO] in AsyncAppender-Worker-ASYNCSTDOUT - 	at com.sun.glass.ui.monocle.input.fork.NativeMouseInput.postMouseEvent(NativeMouseInput.scala:226)AsyncAppender-Worker-ASYNCSTDOUT
2026-04-09 21:13:17,158 [INFO] in AsyncAppender-Worker-ASYNCSTDOUT - 	at com.sun.glass.ui.monocle.input.fork.NativeMouseInput.setState(NativeMouseInput.scala:186)AsyncAppender-Worker-ASYNCSTDOUT
2026-04-09 21:13:17,158 [INFO] in AsyncAppender-Worker-ASYNCSTDOUT - 	at java.base/jdk.internal.reflect.DirectMethodHandleAccessor.invoke(DirectMethodHandleAccessor.java:103)AsyncAppender-Worker-ASYNCSTDOUT
2026-04-09 21:13:17,158 [INFO] in AsyncAppender-Worker-ASYNCSTDOUT - 	at java.base/java.lang.reflect.Method.invoke(Method.java:580)AsyncAppender-Worker-ASYNCSTDOUT
2026-04-09 21:13:17,158 [INFO] in AsyncAppender-Worker-ASYNCSTDOUT - 	at simplefx.util.ReflectionUtil$UseReflection.applyDynamic(ReflectionUtil.scala:21)AsyncAppender-Worker-ASYNCSTDOUT
2026-04-09 21:13:17,158 [INFO] in AsyncAppender-Worker-ASYNCSTDOUT - 	at com.jpro.meta.tk.SceneInputListener.processInputInScene(SceneInputListener.scala:304)AsyncAppender-Worker-ASYNCSTDOUT
2026-04-09 21:13:17,158 [INFO] in AsyncAppender-Worker-ASYNCSTDOUT - Caused by: java.lang.UnsupportedOperationException: nullAsyncAppender-Worker-ASYNCSTDOUT
2026-04-09 21:13:17,158 [INFO] in AsyncAppender-Worker-ASYNCSTDOUT - 	at com.sun.glass.ui.monocle.MonocleApplication.staticCommonDialogs_showFileChooser(MonocleApplication.java:273)AsyncAppender-Worker-ASYNCSTDOUT
2026-04-09 21:13:17,158 [INFO] in AsyncAppender-Worker-ASYNCSTDOUT - 	at com.sun.glass.ui.CommonDialogs.showFileChooser(CommonDialogs.java:213)AsyncAppender-Worker-ASYNCSTDOUT
2026-04-09 21:13:17,158 [INFO] in AsyncAppender-Worker-ASYNCSTDOUT - 	at com.sun.javafx.tk.quantum.QuantumToolkit.showFileChooser(QuantumToolkit.java:1737)AsyncAppender-Worker-ASYNCSTDOUT
2026-04-09 21:13:17,158 [INFO] in AsyncAppender-Worker-ASYNCSTDOUT - 	at javafx.stage.FileChooser.showDialog(FileChooser.java:396)AsyncAppender-Worker-ASYNCSTDOUT
2026-04-09 21:13:17,158 [INFO] in AsyncAppender-Worker-ASYNCSTDOUT - 	at javafx.stage.FileChooser.showOpenDialog(FileChooser.java:331)AsyncAppender-Worker-ASYNCSTDOUT
2026-04-09 21:13:17,158 [INFO] in AsyncAppender-Worker-ASYNCSTDOUT - 	at com.visualshop.controller.ShopController.openVisualSearch(ShopController.java:817)AsyncAppender-Worker-ASYNCSTDOUT
2026-04-09 21:13:17,158 [INFO] in AsyncAppender-Worker-ASYNCSTDOUT - 	at com.visualshop.controller.ShopController.lambda$buildNavbar$6(ShopController.java:172)AsyncAppender-Worker-ASYNCSTDOUT
2026-04-09 21:13:17,158 [INFO] in AsyncAppender-Worker-ASYNCSTDOUT - 	at com.sun.javafx.event.CompositeEventHandler.dispatchBubblingEvent(CompositeEventHandler.java:86)AsyncAppender-Worker-ASYNCSTDOUT
2026-04-09 21:13:17,158 [INFO] in AsyncAppender-Worker-ASYNCSTDOUT - 	at com.sun.javafx.event.EventHandlerManager.dispatchBubblingEvent(EventHandlerManager.java:232)AsyncAppender-Worker-ASYNCSTDOUT
2026-04-09 21:13:17,158 [INFO] in AsyncAppender-Worker-ASYNCSTDOUT - 	at com.sun.javafx.event.EventHandlerManager.dispatchBubblingEvent(EventHandlerManager.java:189)AsyncAppender-Worker-ASYNCSTDOUT
2026-04-09 21:13:17,164 [INFO] in AsyncAppender-Worker-ASYNCSTDOUT - [[1;31mERROR[0;39m] c.j.m.t.SceneInputListener - Error while processing the input: MouseEventToken(MouseMoved,259.20001220703125,30.399999618530273,MouseButtonToken(2),false,false,false,false,false,false,false,false) app: stage title: Visual Product Discovery & Shopping Management SystemAsyncAppender-Worker-ASYNCSTDOUT
2026-04-09 21:13:17,164 [INFO] in AsyncAppender-Worker-ASYNCSTDOUT - java.lang.reflect.InvocationTargetException: nullAsyncAppender-Worker-ASYNCSTDOUT
2026-04-09 21:13:17,164 [INFO] in AsyncAppender-Worker-ASYNCSTDOUT - 	at java.base/jdk.internal.reflect.DirectMethodHandleAccessor.invoke(DirectMethodHandleAccessor.java:118)AsyncAppender-Worker-ASYNCSTDOUT
2026-04-09 21:13:17,164 [INFO] in AsyncAppender-Worker-ASYNCSTDOUT - 	at java.base/java.lang.reflect.Method.invoke(Method.java:580)AsyncAppender-Worker-ASYNCSTDOUT
2026-04-09 21:13:17,164 [INFO] in AsyncAppender-Worker-ASYNCSTDOUT - 	at simplefx.util.ReflectionUtil$UseReflection.applyDynamic(ReflectionUtil.scala:21)AsyncAppender-Worker-ASYNCSTDOUT
2026-04-09 21:13:17,164 [INFO] in AsyncAppender-Worker-ASYNCSTDOUT - 	at com.jpro.meta.tk.SceneInputListener.processInputInScene(SceneInputListener.scala:304)AsyncAppender-Worker-ASYNCSTDOUT
2026-04-09 21:13:17,164 [INFO] in AsyncAppender-Worker-ASYNCSTDOUT - 	at com.jpro.meta.tk.SceneInputListener.processInput(SceneInputListener.scala:206)AsyncAppender-Worker-ASYNCSTDOUT
2026-04-09 21:13:17,164 [INFO] in AsyncAppender-Worker-ASYNCSTDOUT - 	at com.jpro.meta.tk.SceneInputListener.processInputs(SceneInputListener.scala:133)AsyncAppender-Worker-ASYNCSTDOUT
2026-04-09 21:13:17,164 [INFO] in AsyncAppender-Worker-ASYNCSTDOUT - 	at com.jpro.meta.tk.SceneInputListener.processOrRequest(SceneInputListener.scala:41)AsyncAppender-Worker-ASYNCSTDOUT
2026-04-09 21:13:17,164 [INFO] in AsyncAppender-Worker-ASYNCSTDOUT - 	at com.jpro.meta.tk.SceneInputListener.$anonfun$processOrRequest$2(SceneInputListener.scala:48)AsyncAppender-Worker-ASYNCSTDOUT
2026-04-09 21:13:17,164 [INFO] in AsyncAppender-Worker-ASYNCSTDOUT - 	at scala.runtime.java8.JFunction0$mcV$sp.apply(JFunction0$mcV$sp.java:23)AsyncAppender-Worker-ASYNCSTDOUT
2026-04-09 21:13:17,164 [INFO] in AsyncAppender-Worker-ASYNCSTDOUT - 	at simplefx.cores.standard.parts.CoreTimeEvent$$anon$3.run(CoreTimeEvent.scala:62)AsyncAppender-Worker-ASYNCSTDOUT
2026-04-09 21:13:17,164 [INFO] in AsyncAppender-Worker-ASYNCSTDOUT - Caused by: java.lang.reflect.InvocationTargetException: nullAsyncAppender-Worker-ASYNCSTDOUT
2026-04-09 21:13:17,164 [INFO] in AsyncAppender-Worker-ASYNCSTDOUT - 	at java.base/jdk.internal.reflect.DirectMethodHandleAccessor.invoke(DirectMethodHandleAccessor.java:118)AsyncAppender-Worker-ASYNCSTDOUT
2026-04-09 21:13:17,164 [INFO] in AsyncAppender-Worker-ASYNCSTDOUT - 	at java.base/java.lang.reflect.Method.invoke(Method.java:580)AsyncAppender-Worker-ASYNCSTDOUT
2026-04-09 21:13:17,164 [INFO] in AsyncAppender-Worker-ASYNCSTDOUT - 	at simplefx.util.ReflectionUtil$UseReflection.applyDynamic(ReflectionUtil.scala:21)AsyncAppender-Worker-ASYNCSTDOUT
2026-04-09 21:13:17,164 [INFO] in AsyncAppender-Worker-ASYNCSTDOUT - 	at com.sun.glass.ui.monocle.input.fork.NativeMouseInput.notifyMouse(NativeMouseInput.scala:330)AsyncAppender-Worker-ASYNCSTDOUT
2026-04-09 21:13:17,164 [INFO] in AsyncAppender-Worker-ASYNCSTDOUT - 	at com.sun.glass.ui.monocle.input.fork.NativeMouseInput.postMouseEvent(NativeMouseInput.scala:226)AsyncAppender-Worker-ASYNCSTDOUT
2026-04-09 21:13:17,164 [INFO] in AsyncAppender-Worker-ASYNCSTDOUT - 	at com.sun.glass.ui.monocle.input.fork.NativeMouseInput.setState(NativeMouseInput.scala:186)AsyncAppender-Worker-ASYNCSTDOUT
2026-04-09 21:13:17,164 [INFO] in AsyncAppender-Worker-ASYNCSTDOUT - 	at java.base/jdk.internal.reflect.DirectMethodHandleAccessor.invoke(DirectMethodHandleAccessor.java:103)AsyncAppender-Worker-ASYNCSTDOUT
2026-04-09 21:13:17,164 [INFO] in AsyncAppender-Worker-ASYNCSTDOUT - 	at java.base/java.lang.reflect.Method.invoke(Method.java:580)AsyncAppender-Worker-ASYNCSTDOUT
2026-04-09 21:13:17,164 [INFO] in AsyncAppender-Worker-ASYNCSTDOUT - 	at simplefx.util.ReflectionUtil$UseReflection.applyDynamic(ReflectionUtil.scala:21)AsyncAppender-Worker-ASYNCSTDOUT
2026-04-09 21:13:17,164 [INFO] in AsyncAppender-Worker-ASYNCSTDOUT - 	at com.jpro.meta.tk.SceneInputListener.processInputInScene(SceneInputListener.scala:304)AsyncAppender-Worker-ASYNCSTDOUT
2026-04-09 21:13:17,164 [INFO] in AsyncAppender-Worker-ASYNCSTDOUT - Caused by: java.lang.UnsupportedOperationException: nullAsyncAppender-Worker-ASYNCSTDOUT
2026-04-09 21:13:17,164 [INFO] in AsyncAppender-Worker-ASYNCSTDOUT - 	at com.sun.glass.ui.monocle.MonocleApplication.staticCommonDialogs_showFileChooser(MonocleApplication.java:273)AsyncAppender-Worker-ASYNCSTDOUT
2026-04-09 21:13:17,164 [INFO] in AsyncAppender-Worker-ASYNCSTDOUT - 	at com.sun.glass.ui.CommonDialogs.showFileChooser(CommonDialogs.java:213)AsyncAppender-Worker-ASYNCSTDOUT
2026-04-09 21:13:17,164 [INFO] in AsyncAppender-Worker-ASYNCSTDOUT - 	at com.sun.javafx.tk.quantum.QuantumToolkit.showFileChooser(QuantumToolkit.java:1737)AsyncAppender-Worker-ASYNCSTDOUT
2026-04-09 21:13:17,164 [INFO] in AsyncAppender-Worker-ASYNCSTDOUT - 	at javafx.stage.FileChooser.showDialog(FileChooser.java:396)AsyncAppender-Worker-ASYNCSTDOUT
2026-04-09 21:13:17,164 [INFO] in AsyncAppender-Worker-ASYNCSTDOUT - 	at javafx.stage.FileChooser.showOpenDialog(FileChooser.java:331)AsyncAppender-Worker-ASYNCSTDOUT
2026-04-09 21:13:17,164 [INFO] in AsyncAppender-Worker-ASYNCSTDOUT - 	at com.visualshop.controller.ShopController.openVisualSearch(ShopController.java:817)AsyncAppender-Worker-ASYNCSTDOUT
2026-04-09 21:13:17,164 [INFO] in AsyncAppender-Worker-ASYNCSTDOUT - 	at com.visualshop.controller.ShopController.lambda$buildNavbar$6(ShopController.java:172)AsyncAppender-Worker-ASYNCSTDOUT
2026-04-09 21:13:17,164 [INFO] in AsyncAppender-Worker-ASYNCSTDOUT - 	at com.sun.javafx.event.CompositeEventHandler.dispatchBubblingEvent(CompositeEventHandler.java:86)AsyncAppender-Worker-ASYNCSTDOUT
2026-04-09 21:13:17,164 [INFO] in AsyncAppender-Worker-ASYNCSTDOUT - 	at com.sun.javafx.event.EventHandlerManager.dispatchBubblingEvent(EventHandlerManager.java:232)AsyncAppender-Worker-ASYNCSTDOUT
2026-04-09 21:13:17,164 [INFO] in AsyncAppender-Worker-ASYNCSTDOUT - 	at com.sun.javafx.event.EventHandlerManager.dispatchBubblingEvent(EventHandlerManager.java:189)AsyncAppender-Worker-ASYNCSTDOUT
2026-04-09 21:13:17,179 [INFO] in AsyncAppender-Worker-ASYNCSTDOUT - [[1;31mERROR[0;39m] c.j.m.t.SceneInputListener - Error while processing the input: MouseEventToken(MouseMoved,260.0,31.200000762939453,MouseButtonToken(2),false,false,false,false,false,false,false,false) app: stage title: Visual Product Discovery & Shopping Management SystemAsyncAppender-Worker-ASYNCSTDOUT
2026-04-09 21:13:17,179 [INFO] in AsyncAppender-Worker-ASYNCSTDOUT - java.lang.reflect.InvocationTargetException: nullAsyncAppender-Worker-ASYNCSTDOUT
2026-04-09 21:13:17,179 [INFO] in AsyncAppender-Worker-ASYNCSTDOUT - 	at java.base/jdk.internal.reflect.DirectMethodHandleAccessor.invoke(DirectMethodHandleAccessor.java:118)AsyncAppender-Worker-ASYNCSTDOUT
2026-04-09 21:13:17,179 [INFO] in AsyncAppender-Worker-ASYNCSTDOUT - 	at java.base/java.lang.reflect.Method.invoke(Method.java:580)AsyncAppender-Worker-ASYNCSTDOUT
2026-04-09 21:13:17,179 [INFO] in AsyncAppender-Worker-ASYNCSTDOUT - 	at simplefx.util.ReflectionUtil$UseReflection.applyDynamic(ReflectionUtil.scala:21)AsyncAppender-Worker-ASYNCSTDOUT
2026-04-09 21:13:17,179 [INFO] in AsyncAppender-Worker-ASYNCSTDOUT - 	at com.jpro.meta.tk.SceneInputListener.processInputInScene(SceneInputListener.scala:304)AsyncAppender-Worker-ASYNCSTDOUT
2026-04-09 21:13:17,179 [INFO] in AsyncAppender-Worker-ASYNCSTDOUT - 	at com.jpro.meta.tk.SceneInputListener.processInput(SceneInputListener.scala:206)AsyncAppender-Worker-ASYNCSTDOUT
2026-04-09 21:13:17,179 [INFO] in AsyncAppender-Worker-ASYNCSTDOUT - 	at com.jpro.meta.tk.SceneInputListener.processInputs(SceneInputListener.scala:133)AsyncAppender-Worker-ASYNCSTDOUT
2026-04-09 21:13:17,179 [INFO] in AsyncAppender-Worker-ASYNCSTDOUT - 	at com.jpro.meta.tk.SceneInputListener.processOrRequest(SceneInputListener.scala:41)AsyncAppender-Worker-ASYNCSTDOUT
2026-04-09 21:13:17,179 [INFO] in AsyncAppender-Worker-ASYNCSTDOUT - 	at com.jpro.meta.tk.SceneInputListener.$anonfun$processOrRequest$2(SceneInputListener.scala:48)AsyncAppender-Worker-ASYNCSTDOUT
2026-04-09 21:13:17,179 [INFO] in AsyncAppender-Worker-ASYNCSTDOUT - 	at scala.runtime.java8.JFunction0$mcV$sp.apply(JFunction0$mcV$sp.java:23)AsyncAppender-Worker-ASYNCSTDOUT
2026-04-09 21:13:17,179 [INFO] in AsyncAppender-Worker-ASYNCSTDOUT - 	at simplefx.cores.standard.parts.CoreTimeEvent$$anon$3.run(CoreTimeEvent.scala:62)AsyncAppender-Worker-ASYNCSTDOUT
2026-04-09 21:13:17,179 [INFO] in AsyncAppender-Worker-ASYNCSTDOUT - Caused by: java.lang.reflect.InvocationTargetException: nullAsyncAppender-Worker-ASYNCSTDOUT
2026-04-09 21:13:17,179 [INFO] in AsyncAppender-Worker-ASYNCSTDOUT - 	at java.base/jdk.internal.reflect.DirectMethodHandleAccessor.invoke(DirectMethodHandleAccessor.java:118)AsyncAppender-Worker-ASYNCSTDOUT
2026-04-09 21:13:17,179 [INFO] in AsyncAppender-Worker-ASYNCSTDOUT - 	at java.base/java.lang.reflect.Method.invoke(Method.java:580)AsyncAppender-Worker-ASYNCSTDOUT
2026-04-09 21:13:17,179 [INFO] in AsyncAppender-Worker-ASYNCSTDOUT - 	at simplefx.util.ReflectionUtil$UseReflection.applyDynamic(ReflectionUtil.scala:21)AsyncAppender-Worker-ASYNCSTDOUT
2026-04-09 21:13:17,179 [INFO] in AsyncAppender-Worker-ASYNCSTDOUT - 	at com.sun.glass.ui.monocle.input.fork.NativeMouseInput.notifyMouse(NativeMouseInput.scala:330)AsyncAppender-Worker-ASYNCSTDOUT
2026-04-09 21:13:17,179 [INFO] in AsyncAppender-Worker-ASYNCSTDOUT - 	at com.sun.glass.ui.monocle.input.fork.NativeMouseInput.postMouseEvent(NativeMouseInput.scala:226)AsyncAppender-Worker-ASYNCSTDOUT
2026-04-09 21:13:17,180 [INFO] in AsyncAppender-Worker-ASYNCSTDOUT - 	at com.sun.glass.ui.monocle.input.fork.NativeMouseInput.setState(NativeMouseInput.scala:186)AsyncAppender-Worker-ASYNCSTDOUT
2026-04-09 21:13:17,180 [INFO] in AsyncAppender-Worker-ASYNCSTDOUT - 	at java.base/jdk.internal.reflect.DirectMethodHandleAccessor.invoke(DirectMethodHandleAccessor.java:103)AsyncAppender-Worker-ASYNCSTDOUT
2026-04-09 21:13:17,180 [INFO] in AsyncAppender-Worker-ASYNCSTDOUT - 	at java.base/java.lang.reflect.Method.invoke(Method.java:580)AsyncAppender-Worker-ASYNCSTDOUT
2026-04-09 21:13:17,180 [INFO] in AsyncAppender-Worker-ASYNCSTDOUT - 	at simplefx.util.ReflectionUtil$UseReflection.applyDynamic(ReflectionUtil.scala:21)AsyncAppender-Worker-ASYNCSTDOUT
2026-04-09 21:13:17,180 [INFO] in AsyncAppender-Worker-ASYNCSTDOUT - 	at com.jpro.meta.tk.SceneInputListener.processInputInScene(SceneInputListener.scala:304)AsyncAppender-Worker-ASYNCSTDOUT
2026-04-09 21:13:17,180 [INFO] in AsyncAppender-Worker-ASYNCSTDOUT - Caused by: java.lang.UnsupportedOperationException: nullAsyncAppender-Worker-ASYNCSTDOUT
2026-04-09 21:13:17,180 [INFO] in AsyncAppender-Worker-ASYNCSTDOUT - 	at com.sun.glass.ui.monocle.MonocleApplication.staticCommonDialogs_showFileChooser(MonocleApplication.java:273)AsyncAppender-Worker-ASYNCSTDOUT
2026-04-09 21:13:17,180 [INFO] in AsyncAppender-Worker-ASYNCSTDOUT - 	at com.sun.glass.ui.CommonDialogs.showFileChooser(CommonDialogs.java:213)AsyncAppender-Worker-ASYNCSTDOUT
2026-04-09 21:13:17,180 [INFO] in AsyncAppender-Worker-ASYNCSTDOUT - 	at com.sun.javafx.tk.quantum.QuantumToolkit.showFileChooser(QuantumToolkit.java:1737)AsyncAppender-Worker-ASYNCSTDOUT
2026-04-09 21:13:17,180 [INFO] in AsyncAppender-Worker-ASYNCSTDOUT - 	at javafx.stage.FileChooser.showDialog(FileChooser.java:396)AsyncAppender-Worker-ASYNCSTDOUT
2026-04-09 21:13:17,180 [INFO] in AsyncAppender-Worker-ASYNCSTDOUT - 	at javafx.stage.FileChooser.showOpenDialog(FileChooser.java:331)AsyncAppender-Worker-ASYNCSTDOUT
2026-04-09 21:13:17,180 [INFO] in AsyncAppender-Worker-ASYNCSTDOUT - 	at com.visualshop.controller.ShopController.openVisualSearch(ShopController.java:817)AsyncAppender-Worker-ASYNCSTDOUT
2026-04-09 21:13:17,180 [INFO] in AsyncAppender-Worker-ASYNCSTDOUT - 	at com.visualshop.controller.ShopController.lambda$buildNavbar$6(ShopController.java:172)AsyncAppender-Worker-ASYNCSTDOUT
2026-04-09 21:13:17,180 [INFO] in AsyncAppender-Worker-ASYNCSTDOUT - 	at com.sun.javafx.event.CompositeEventHandler.dispatchBubblingEvent(CompositeEventHandler.java:86)AsyncAppender-Worker-ASYNCSTDOUT
2026-04-09 21:13:17,180 [INFO] in AsyncAppender-Worker-ASYNCSTDOUT - 	at com.sun.javafx.event.EventHandlerManager.dispatchBubblingEvent(EventHandlerManager.java:232)AsyncAppender-Worker-ASYNCSTDOUT
2026-04-09 21:13:17,180 [INFO] in AsyncAppender-Worker-ASYNCSTDOUT - 	at com.sun.javafx.event.EventHandlerManager.dispatchBubblingEvent(EventHandlerManager.java:189)AsyncAppender-Worker-ASYNCSTDOUT
2026-04-09 21:13:17,195 [INFO] in AsyncAppender-Worker-ASYNCSTDOUT - [[1;31mERROR[0;39m] c.j.m.t.SceneInputListener - Error while processing the input: MouseEventToken(MouseMoved,263.20001220703125,33.60000228881836,MouseButtonToken(2),false,false,false,false,false,false,false,false) app: stage title: Visual Product Discovery & Shopping Management SystemAsyncAppender-Worker-ASYNCSTDOUT
2026-04-09 21:13:17,195 [INFO] in AsyncAppender-Worker-ASYNCSTDOUT - java.lang.reflect.InvocationTargetException: nullAsyncAppender-Worker-ASYNCSTDOUT
2026-04-09 21:13:17,195 [INFO] in AsyncAppender-Worker-ASYNCSTDOUT - 	at java.base/jdk.internal.reflect.DirectMethodHandleAccessor.invoke(DirectMethodHandleAccessor.java:118)AsyncAppender-Worker-ASYNCSTDOUT
2026-04-09 21:13:17,195 [INFO] in AsyncAppender-Worker-ASYNCSTDOUT - 	at java.base/java.lang.reflect.Method.invoke(Method.java:580)AsyncAppender-Worker-ASYNCSTDOUT
2026-04-09 21:13:17,195 [INFO] in AsyncAppender-Worker-ASYNCSTDOUT - 	at simplefx.util.ReflectionUtil$UseReflection.applyDynamic(ReflectionUtil.scala:21)AsyncAppender-Worker-ASYNCSTDOUT
2026-04-09 21:13:17,195 [INFO] in AsyncAppender-Worker-ASYNCSTDOUT - 	at com.jpro.meta.tk.SceneInputListener.processInputInScene(SceneInputListener.scala:304)AsyncAppender-Worker-ASYNCSTDOUT
2026-04-09 21:13:17,195 [INFO] in AsyncAppender-Worker-ASYNCSTDOUT - 	at com.jpro.meta.tk.SceneInputListener.processInput(SceneInputListener.scala:206)AsyncAppender-Worker-ASYNCSTDOUT
2026-04-09 21:13:17,195 [INFO] in AsyncAppender-Worker-ASYNCSTDOUT - 	at com.jpro.meta.tk.SceneInputListener.processInputs(SceneInputListener.scala:133)AsyncAppender-Worker-ASYNCSTDOUT
2026-04-09 21:13:17,195 [INFO] in AsyncAppender-Worker-ASYNCSTDOUT - 	at com.jpro.meta.tk.SceneInputListener.processOrRequest(SceneInputListener.scala:41)AsyncAppender-Worker-ASYNCSTDOUT
2026-04-09 21:13:17,195 [INFO] in AsyncAppender-Worker-ASYNCSTDOUT - 	at com.jpro.meta.tk.SceneInputListener.$anonfun$processOrRequest$2(SceneInputListener.scala:48)AsyncAppender-Worker-ASYNCSTDOUT
2026-04-09 21:13:17,195 [INFO] in AsyncAppender-Worker-ASYNCSTDOUT - 	at scala.runtime.java8.JFunction0$mcV$sp.apply(JFunction0$mcV$sp.java:23)AsyncAppender-Worker-ASYNCSTDOUT
2026-04-09 21:13:17,195 [INFO] in AsyncAppender-Worker-ASYNCSTDOUT - 	at simplefx.cores.standard.parts.CoreTimeEvent$$anon$3.run(CoreTimeEvent.scala:62)AsyncAppender-Worker-ASYNCSTDOUT
2026-04-09 21:13:17,195 [INFO] in AsyncAppender-Worker-ASYNCSTDOUT - Caused by: java.lang.reflect.InvocationTargetException: nullAsyncAppender-Worker-ASYNCSTDOUT
2026-04-09 21:13:17,195 [INFO] in AsyncAppender-Worker-ASYNCSTDOUT - 	at java.base/jdk.internal.reflect.DirectMethodHandleAccessor.invoke(DirectMethodHandleAccessor.java:118)AsyncAppender-Worker-ASYNCSTDOUT
2026-04-09 21:13:17,195 [INFO] in AsyncAppender-Worker-ASYNCSTDOUT - 	at java.base/java.lang.reflect.Method.invoke(Method.java:580)AsyncAppender-Worker-ASYNCSTDOUT
2026-04-09 21:13:17,195 [INFO] in AsyncAppender-Worker-ASYNCSTDOUT - 	at simplefx.util.ReflectionUtil$UseReflection.applyDynamic(ReflectionUtil.scala:21)AsyncAppender-Worker-ASYNCSTDOUT
2026-04-09 21:13:17,195 [INFO] in AsyncAppender-Worker-ASYNCSTDOUT - 	at com.sun.glass.ui.monocle.input.fork.NativeMouseInput.notifyMouse(NativeMouseInput.scala:330)AsyncAppender-Worker-ASYNCSTDOUT
2026-04-09 21:13:17,195 [INFO] in AsyncAppender-Worker-ASYNCSTDOUT - 	at com.sun.glass.ui.monocle.input.fork.NativeMouseInput.postMouseEvent(NativeMouseInput.scala:226)AsyncAppender-Worker-ASYNCSTDOUT
2026-04-09 21:13:17,195 [INFO] in AsyncAppender-Worker-ASYNCSTDOUT - 	at com.sun.glass.ui.monocle.input.fork.NativeMouseInput.setState(NativeMouseInput.scala:186)AsyncAppender-Worker-ASYNCSTDOUT
2026-04-09 21:13:17,195 [INFO] in AsyncAppender-Worker-ASYNCSTDOUT - 	at java.base/jdk.internal.reflect.DirectMethodHandleAccessor.invoke(DirectMethodHandleAccessor.java:103)AsyncAppender-Worker-ASYNCSTDOUT
2026-04-09 21:13:17,195 [INFO] in AsyncAppender-Worker-ASYNCSTDOUT - 	at java.base/java.lang.reflect.Method.invoke(Method.java:580)AsyncAppender-Worker-ASYNCSTDOUT
2026-04-09 21:13:17,195 [INFO] in AsyncAppender-Worker-ASYNCSTDOUT - 	at simplefx.util.ReflectionUtil$UseReflection.applyDynamic(ReflectionUtil.scala:21)AsyncAppender-Worker-ASYNCSTDOUT
2026-04-09 21:13:17,195 [INFO] in AsyncAppender-Worker-ASYNCSTDOUT - 	at com.jpro.meta.tk.SceneInputListener.processInputInScene(SceneInputListener.scala:304)AsyncAppender-Worker-ASYNCSTDOUT
2026-04-09 21:13:17,195 [INFO] in AsyncAppender-Worker-ASYNCSTDOUT - Caused by: java.lang.UnsupportedOperationException: nullAsyncAppender-Worker-ASYNCSTDOUT
2026-04-09 21:13:17,195 [INFO] in AsyncAppender-Worker-ASYNCSTDOUT - 	at com.sun.glass.ui.monocle.MonocleApplication.staticCommonDialogs_showFileChooser(MonocleApplication.java:273)AsyncAppender-Worker-ASYNCSTDOUT
2026-04-09 21:13:17,195 [INFO] in AsyncAppender-Worker-ASYNCSTDOUT - 	at com.sun.glass.ui.CommonDialogs.showFileChooser(CommonDialogs.java:213)AsyncAppender-Worker-ASYNCSTDOUT
2026-04-09 21:13:17,195 [INFO] in AsyncAppender-Worker-ASYNCSTDOUT - 	at com.sun.javafx.tk.quantum.QuantumToolkit.showFileChooser(QuantumToolkit.java:1737)AsyncAppender-Worker-ASYNCSTDOUT
2026-04-09 21:13:17,195 [INFO] in AsyncAppender-Worker-ASYNCSTDOUT - 	at javafx.stage.FileChooser.showDialog(FileChooser.java:396)AsyncAppender-Worker-ASYNCSTDOUT
2026-04-09 21:13:17,195 [INFO] in AsyncAppender-Worker-ASYNCSTDOUT - 	at javafx.stage.FileChooser.showOpenDialog(FileChooser.java:331)AsyncAppender-Worker-ASYNCSTDOUT
2026-04-09 21:13:17,195 [INFO] in AsyncAppender-Worker-ASYNCSTDOUT - 	at com.visualshop.controller.ShopController.openVisualSearch(ShopController.java:817)AsyncAppender-Worker-ASYNCSTDOUT
2026-04-09 21:13:17,195 [INFO] in AsyncAppender-Worker-ASYNCSTDOUT - 	at com.visualshop.controller.ShopController.lambda$buildNavbar$6(ShopController.java:172)AsyncAppender-Worker-ASYNCSTDOUT
2026-04-09 21:13:17,195 [INFO] in AsyncAppender-Worker-ASYNCSTDOUT - 	at com.sun.javafx.event.CompositeEventHandler.dispatchBubblingEvent(CompositeEventHandler.java:86)AsyncAppender-Worker-ASYNCSTDOUT
2026-04-09 21:13:17,195 [INFO] in AsyncAppender-Worker-ASYNCSTDOUT - 	at com.sun.javafx.event.EventHandlerManager.dispatchBubblingEvent(EventHandlerManager.java:232)AsyncAppender-Worker-ASYNCSTDOUT
2026-04-09 21:13:17,195 [INFO] in AsyncAppender-Worker-ASYNCSTDOUT - 	at com.sun.javafx.event.EventHandlerManager.dispatchBubblingEvent(EventHandlerManager.java:189)AsyncAppender-Worker-ASYNCSTDOUT
2026-04-09 21:13:17,209 [INFO] in AsyncAppender-Worker-ASYNCSTDOUT - [[1;31mERROR[0;39m] c.j.m.t.SceneInputListener - Error while processing the input: MouseEventToken(MouseMoved,266.3999938964844,35.20000076293945,MouseButtonToken(2),false,false,false,false,false,false,false,false) app: stage title: Visual Product Discovery & Shopping Management SystemAsyncAppender-Worker-ASYNCSTDOUT
2026-04-09 21:13:17,209 [INFO] in AsyncAppender-Worker-ASYNCSTDOUT - java.lang.reflect.InvocationTargetException: nullAsyncAppender-Worker-ASYNCSTDOUT
2026-04-09 21:13:17,209 [INFO] in AsyncAppender-Worker-ASYNCSTDOUT - 	at java.base/jdk.internal.reflect.DirectMethodHandleAccessor.invoke(DirectMethodHandleAccessor.java:118)AsyncAppender-Worker-ASYNCSTDOUT
2026-04-09 21:13:17,209 [INFO] in AsyncAppender-Worker-ASYNCSTDOUT - 	at java.base/java.lang.reflect.Method.invoke(Method.java:580)AsyncAppender-Worker-ASYNCSTDOUT
2026-04-09 21:13:17,210 [INFO] in AsyncAppender-Worker-ASYNCSTDOUT - 	at simplefx.util.ReflectionUtil$UseReflection.applyDynamic(ReflectionUtil.scala:21)AsyncAppender-Worker-ASYNCSTDOUT
2026-04-09 21:13:17,210 [INFO] in AsyncAppender-Worker-ASYNCSTDOUT - 	at com.jpro.meta.tk.SceneInputListener.processInputInScene(SceneInputListener.scala:304)AsyncAppender-Worker-ASYNCSTDOUT
2026-04-09 21:13:17,210 [INFO] in AsyncAppender-Worker-ASYNCSTDOUT - 	at com.jpro.meta.tk.SceneInputListener.processInput(SceneInputListener.scala:206)AsyncAppender-Worker-ASYNCSTDOUT
2026-04-09 21:13:17,210 [INFO] in AsyncAppender-Worker-ASYNCSTDOUT - 	at com.jpro.meta.tk.SceneInputListener.processInputs(SceneInputListener.scala:133)AsyncAppender-Worker-ASYNCSTDOUT
2026-04-09 21:13:17,210 [INFO] in AsyncAppender-Worker-ASYNCSTDOUT - 	at com.jpro.meta.tk.SceneInputListener.processOrRequest(SceneInputListener.scala:41)AsyncAppender-Worker-ASYNCSTDOUT
2026-04-09 21:13:17,210 [INFO] in AsyncAppender-Worker-ASYNCSTDOUT - 	at com.jpro.meta.tk.SceneInputListener.$anonfun$processOrRequest$2(SceneInputListener.scala:48)AsyncAppender-Worker-ASYNCSTDOUT
2026-04-09 21:13:17,210 [INFO] in AsyncAppender-Worker-ASYNCSTDOUT - 	at scala.runtime.java8.JFunction0$mcV$sp.apply(JFunction0$mcV$sp.java:23)AsyncAppender-Worker-ASYNCSTDOUT
2026-04-09 21:13:17,210 [INFO] in AsyncAppender-Worker-ASYNCSTDOUT - 	at simplefx.cores.standard.parts.CoreTimeEvent$$anon$3.run(CoreTimeEvent.scala:62)AsyncAppender-Worker-ASYNCSTDOUT
2026-04-09 21:13:17,210 [INFO] in AsyncAppender-Worker-ASYNCSTDOUT - Caused by: java.lang.reflect.InvocationTargetException: nullAsyncAppender-Worker-ASYNCSTDOUT
2026-04-09 21:13:17,210 [INFO] in AsyncAppender-Worker-ASYNCSTDOUT - 	at java.base/jdk.internal.reflect.DirectMethodHandleAccessor.invoke(DirectMethodHandleAccessor.java:118)AsyncAppender-Worker-ASYNCSTDOUT
2026-04-09 21:13:17,210 [INFO] in AsyncAppender-Worker-ASYNCSTDOUT - 	at java.base/java.lang.reflect.Method.invoke(Method.java:580)AsyncAppender-Worker-ASYNCSTDOUT
2026-04-09 21:13:17,210 [INFO] in AsyncAppender-Worker-ASYNCSTDOUT - 	at simplefx.util.ReflectionUtil$UseReflection.applyDynamic(ReflectionUtil.scala:21)AsyncAppender-Worker-ASYNCSTDOUT
2026-04-09 21:13:17,210 [INFO] in AsyncAppender-Worker-ASYNCSTDOUT - 	at com.sun.glass.ui.monocle.input.fork.NativeMouseInput.notifyMouse(NativeMouseInput.scala:330)AsyncAppender-Worker-ASYNCSTDOUT
2026-04-09 21:13:17,210 [INFO] in AsyncAppender-Worker-ASYNCSTDOUT - 	at com.sun.glass.ui.monocle.input.fork.NativeMouseInput.postMouseEvent(NativeMouseInput.scala:226)AsyncAppender-Worker-ASYNCSTDOUT
2026-04-09 21:13:17,210 [INFO] in AsyncAppender-Worker-ASYNCSTDOUT - 	at com.sun.glass.ui.monocle.input.fork.NativeMouseInput.setState(NativeMouseInput.scala:186)AsyncAppender-Worker-ASYNCSTDOUT
2026-04-09 21:13:17,210 [INFO] in AsyncAppender-Worker-ASYNCSTDOUT - 	at java.base/jdk.internal.reflect.DirectMethodHandleAccessor.invoke(DirectMethodHandleAccessor.java:103)AsyncAppender-Worker-ASYNCSTDOUT
2026-04-09 21:13:17,210 [INFO] in AsyncAppender-Worker-ASYNCSTDOUT - 	at java.base/java.lang.reflect.Method.invoke(Method.java:580)AsyncAppender-Worker-ASYNCSTDOUT
2026-04-09 21:13:17,210 [INFO] in AsyncAppender-Worker-ASYNCSTDOUT - 	at simplefx.util.ReflectionUtil$UseReflection.applyDynamic(ReflectionUtil.scala:21)AsyncAppender-Worker-ASYNCSTDOUT
2026-04-09 21:13:17,210 [INFO] in AsyncAppender-Worker-ASYNCSTDOUT - 	at com.jpro.meta.tk.SceneInputListener.processInputInScene(SceneInputListener.scala:304)AsyncAppender-Worker-ASYNCSTDOUT
2026-04-09 21:13:17,210 [INFO] in AsyncAppender-Worker-ASYNCSTDOUT - Caused by: java.lang.UnsupportedOperationException: nullAsyncAppender-Worker-ASYNCSTDOUT
2026-04-09 21:13:17,210 [INFO] in AsyncAppender-Worker-ASYNCSTDOUT - 	at com.sun.glass.ui.monocle.MonocleApplication.staticCommonDialogs_showFileChooser(MonocleApplication.java:273)AsyncAppender-Worker-ASYNCSTDOUT
2026-04-09 21:13:17,210 [INFO] in AsyncAppender-Worker-ASYNCSTDOUT - 	at com.sun.glass.ui.CommonDialogs.showFileChooser(CommonDialogs.java:213)AsyncAppender-Worker-ASYNCSTDOUT
2026-04-09 21:13:17,210 [INFO] in AsyncAppender-Worker-ASYNCSTDOUT - 	at com.sun.javafx.tk.quantum.QuantumToolkit.showFileChooser(QuantumToolkit.java:1737)AsyncAppender-Worker-ASYNCSTDOUT
2026-04-09 21:13:17,210 [INFO] in AsyncAppender-Worker-ASYNCSTDOUT - 	at javafx.stage.FileChooser.showDialog(FileChooser.java:396)AsyncAppender-Worker-ASYNCSTDOUT
2026-04-09 21:13:17,210 [INFO] in AsyncAppender-Worker-ASYNCSTDOUT - 	at javafx.stage.FileChooser.showOpenDialog(FileChooser.java:331)AsyncAppender-Worker-ASYNCSTDOUT
2026-04-09 21:13:17,210 [INFO] in AsyncAppender-Worker-ASYNCSTDOUT - 	at com.visualshop.controller.ShopController.openVisualSearch(ShopController.java:817)AsyncAppender-Worker-ASYNCSTDOUT
2026-04-09 21:13:17,210 [INFO] in AsyncAppender-Worker-ASYNCSTDOUT - 	at com.visualshop.controller.ShopController.lambda$buildNavbar$6(ShopController.java:172)AsyncAppender-Worker-ASYNCSTDOUT
2026-04-09 21:13:17,210 [INFO] in AsyncAppender-Worker-ASYNCSTDOUT - 	at com.sun.javafx.event.CompositeEventHandler.dispatchBubblingEvent(CompositeEventHandler.java:86)AsyncAppender-Worker-ASYNCSTDOUT
2026-04-09 21:13:17,210 [INFO] in AsyncAppender-Worker-ASYNCSTDOUT - 	at com.sun.javafx.event.EventHandlerManager.dispatchBubblingEvent(EventHandlerManager.java:232)AsyncAppender-Worker-ASYNCSTDOUT
2026-04-09 21:13:17,210 [INFO] in AsyncAppender-Worker-ASYNCSTDOUT - 	at com.sun.javafx.event.EventHandlerManager.dispatchBubblingEvent(EventHandlerManager.java:189)AsyncAppender-Worker-ASYNCSTDOUT
2026-04-09 21:13:17,225 [INFO] in AsyncAppender-Worker-ASYNCSTDOUT - [[1;31mERROR[0;39m] c.j.m.t.SceneInputListener - Error while processing the input: MouseEventToken(MouseMoved,269.6000061035156,36.79999923706055,MouseButtonToken(2),false,false,false,false,false,false,false,false) app: stage title: Visual Product Discovery & Shopping Management SystemAsyncAppender-Worker-ASYNCSTDOUT
2026-04-09 21:13:17,225 [INFO] in AsyncAppender-Worker-ASYNCSTDOUT - java.lang.reflect.InvocationTargetException: nullAsyncAppender-Worker-ASYNCSTDOUT
2026-04-09 21:13:17,225 [INFO] in AsyncAppender-Worker-ASYNCSTDOUT - 	at java.base/jdk.internal.reflect.DirectMethodHandleAccessor.invoke(DirectMethodHandleAccessor.java:118)AsyncAppender-Worker-ASYNCSTDOUT
2026-04-09 21:13:17,225 [INFO] in AsyncAppender-Worker-ASYNCSTDOUT - 	at java.base/java.lang.reflect.Method.invoke(Method.java:580)AsyncAppender-Worker-ASYNCSTDOUT
2026-04-09 21:13:17,225 [INFO] in AsyncAppender-Worker-ASYNCSTDOUT - 	at simplefx.util.ReflectionUtil$UseReflection.applyDynamic(ReflectionUtil.scala:21)AsyncAppender-Worker-ASYNCSTDOUT
2026-04-09 21:13:17,225 [INFO] in AsyncAppender-Worker-ASYNCSTDOUT - 	at com.jpro.meta.tk.SceneInputListener.processInputInScene(SceneInputListener.scala:304)AsyncAppender-Worker-ASYNCSTDOUT
2026-04-09 21:13:17,225 [INFO] in AsyncAppender-Worker-ASYNCSTDOUT - 	at com.jpro.meta.tk.SceneInputListener.processInput(SceneInputListener.scala:206)AsyncAppender-Worker-ASYNCSTDOUT
2026-04-09 21:13:17,225 [INFO] in AsyncAppender-Worker-ASYNCSTDOUT - 	at com.jpro.meta.tk.SceneInputListener.processInputs(SceneInputListener.scala:133)AsyncAppender-Worker-ASYNCSTDOUT
2026-04-09 21:13:17,225 [INFO] in AsyncAppender-Worker-ASYNCSTDOUT - 	at com.jpro.meta.tk.SceneInputListener.processOrRequest(SceneInputListener.scala:41)AsyncAppender-Worker-ASYNCSTDOUT
2026-04-09 21:13:17,225 [INFO] in AsyncAppender-Worker-ASYNCSTDOUT - 	at com.jpro.meta.tk.SceneInputListener.$anonfun$processOrRequest$2(SceneInputListener.scala:48)AsyncAppender-Worker-ASYNCSTDOUT
2026-04-09 21:13:17,225 [INFO] in AsyncAppender-Worker-ASYNCSTDOUT - 	at scala.runtime.java8.JFunction0$mcV$sp.apply(JFunction0$mcV$sp.java:23)AsyncAppender-Worker-ASYNCSTDOUT
2026-04-09 21:13:17,225 [INFO] in AsyncAppender-Worker-ASYNCSTDOUT - 	at simplefx.cores.standard.parts.CoreTimeEvent$$anon$3.run(CoreTimeEvent.scala:62)AsyncAppender-Worker-ASYNCSTDOUT
2026-04-09 21:13:17,226 [INFO] in AsyncAppender-Worker-ASYNCSTDOUT - Caused by: java.lang.reflect.InvocationTargetException: nullAsyncAppender-Worker-ASYNCSTDOUT
2026-04-09 21:13:17,226 [INFO] in AsyncAppender-Worker-ASYNCSTDOUT - 	at java.base/jdk.internal.reflect.DirectMethodHandleAccessor.invoke(DirectMethodHandleAccessor.java:118)AsyncAppender-Worker-ASYNCSTDOUT
2026-04-09 21:13:17,226 [INFO] in AsyncAppender-Worker-ASYNCSTDOUT - 	at java.base/java.lang.reflect.Method.invoke(Method.java:580)AsyncAppender-Worker-ASYNCSTDOUT
2026-04-09 21:13:17,226 [INFO] in AsyncAppender-Worker-ASYNCSTDOUT - 	at simplefx.util.ReflectionUtil$UseReflection.applyDynamic(ReflectionUtil.scala:21)AsyncAppender-Worker-ASYNCSTDOUT
2026-04-09 21:13:17,226 [INFO] in AsyncAppender-Worker-ASYNCSTDOUT - 	at com.sun.glass.ui.monocle.input.fork.NativeMouseInput.notifyMouse(NativeMouseInput.scala:330)AsyncAppender-Worker-ASYNCSTDOUT
2026-04-09 21:13:17,226 [INFO] in AsyncAppender-Worker-ASYNCSTDOUT - 	at com.sun.glass.ui.monocle.input.fork.NativeMouseInput.postMouseEvent(NativeMouseInput.scala:226)AsyncAppender-Worker-ASYNCSTDOUT
2026-04-09 21:13:17,226 [INFO] in AsyncAppender-Worker-ASYNCSTDOUT - 	at com.sun.glass.ui.monocle.input.fork.NativeMouseInput.setState(NativeMouseInput.scala:186)AsyncAppender-Worker-ASYNCSTDOUT
2026-04-09 21:13:17,226 [INFO] in AsyncAppender-Worker-ASYNCSTDOUT - 	at java.base/jdk.internal.reflect.DirectMethodHandleAccessor.invoke(DirectMethodHandleAccessor.java:103)AsyncAppender-Worker-ASYNCSTDOUT
2026-04-09 21:13:17,226 [INFO] in AsyncAppender-Worker-ASYNCSTDOUT - 	at java.base/java.lang.reflect.Method.invoke(Method.java:580)AsyncAppender-Worker-ASYNCSTDOUT
2026-04-09 21:13:17,226 [INFO] in AsyncAppender-Worker-ASYNCSTDOUT - 	at simplefx.util.ReflectionUtil$UseReflection.applyDynamic(ReflectionUtil.scala:21)AsyncAppender-Worker-ASYNCSTDOUT
2026-04-09 21:13:17,226 [INFO] in AsyncAppender-Worker-ASYNCSTDOUT - 	at com.jpro.meta.tk.SceneInputListener.processInputInScene(SceneInputListener.scala:304)AsyncAppender-Worker-ASYNCSTDOUT
2026-04-09 21:13:17,226 [INFO] in AsyncAppender-Worker-ASYNCSTDOUT - Caused by: java.lang.UnsupportedOperationException: nullAsyncAppender-Worker-ASYNCSTDOUT
2026-04-09 21:13:17,226 [INFO] in AsyncAppender-Worker-ASYNCSTDOUT - 	at com.sun.glass.ui.monocle.MonocleApplication.staticCommonDialogs_showFileChooser(MonocleApplication.java:273)AsyncAppender-Worker-ASYNCSTDOUT
2026-04-09 21:13:17,226 [INFO] in AsyncAppender-Worker-ASYNCSTDOUT - 	at com.sun.glass.ui.CommonDialogs.showFileChooser(CommonDialogs.java:213)AsyncAppender-Worker-ASYNCSTDOUT
2026-04-09 21:13:17,226 [INFO] in AsyncAppender-Worker-ASYNCSTDOUT - 	at com.sun.javafx.tk.quantum.QuantumToolkit.showFileChooser(QuantumToolkit.java:1737)AsyncAppender-Worker-ASYNCSTDOUT
2026-04-09 21:13:17,226 [INFO] in AsyncAppender-Worker-ASYNCSTDOUT - 	at javafx.stage.FileChooser.showDialog(FileChooser.java:396)AsyncAppender-Worker-ASYNCSTDOUT
2026-04-09 21:13:17,226 [INFO] in AsyncAppender-Worker-ASYNCSTDOUT - 	at javafx.stage.FileChooser.showOpenDialog(FileChooser.java:331)AsyncAppender-Worker-ASYNCSTDOUT
2026-04-09 21:13:17,226 [INFO] in AsyncAppender-Worker-ASYNCSTDOUT - 	at com.visualshop.controller.ShopController.openVisualSearch(ShopController.java:817)AsyncAppender-Worker-ASYNCSTDOUT
2026-04-09 21:13:17,226 [INFO] in AsyncAppender-Worker-ASYNCSTDOUT - 	at com.visualshop.controller.ShopController.lambda$buildNavbar$6(ShopController.java:172)AsyncAppender-Worker-ASYNCSTDOUT
2026-04-09 21:13:17,226 [INFO] in AsyncAppender-Worker-ASYNCSTDOUT - 	at com.sun.javafx.event.CompositeEventHandler.dispatchBubblingEvent(CompositeEventHandler.java:86)AsyncAppender-Worker-ASYNCSTDOUT
2026-04-09 21:13:17,226 [INFO] in AsyncAppender-Worker-ASYNCSTDOUT - 	at com.sun.javafx.event.EventHandlerManager.dispatchBubblingEvent(EventHandlerManager.java:232)AsyncAppender-Worker-ASYNCSTDOUT
2026-04-09 21:13:17,226 [INFO] in AsyncAppender-Worker-ASYNCSTDOUT - 	at com.sun.javafx.event.EventHandlerManager.dispatchBubblingEvent(EventHandlerManager.java:189)AsyncAppender-Worker-ASYNCSTDOUT
2026-04-09 21:13:17,240 [INFO] in AsyncAppender-Worker-ASYNCSTDOUT - [[1;31mERROR[0;39m] c.j.m.t.SceneInputListener - Error while processing the input: MouseEventToken(MouseMoved,272.8000183105469,38.400001525878906,MouseButtonToken(2),false,false,false,false,false,false,false,false) app: stage title: Visual Product Discovery & Shopping Management SystemAsyncAppender-Worker-ASYNCSTDOUT
2026-04-09 21:13:17,240 [INFO] in AsyncAppender-Worker-ASYNCSTDOUT - java.lang.reflect.InvocationTargetException: nullAsyncAppender-Worker-ASYNCSTDOUT
2026-04-09 21:13:17,240 [INFO] in AsyncAppender-Worker-ASYNCSTDOUT - 	at java.base/jdk.internal.reflect.DirectMethodHandleAccessor.invoke(DirectMethodHandleAccessor.java:118)AsyncAppender-Worker-ASYNCSTDOUT
2026-04-09 21:13:17,240 [INFO] in AsyncAppender-Worker-ASYNCSTDOUT - 	at java.base/java.lang.reflect.Method.invoke(Method.java:580)AsyncAppender-Worker-ASYNCSTDOUT
2026-04-09 21:13:17,240 [INFO] in AsyncAppender-Worker-ASYNCSTDOUT - 	at simplefx.util.ReflectionUtil$UseReflection.applyDynamic(ReflectionUtil.scala:21)AsyncAppender-Worker-ASYNCSTDOUT
2026-04-09 21:13:17,240 [INFO] in AsyncAppender-Worker-ASYNCSTDOUT - 	at com.jpro.meta.tk.SceneInputListener.processInputInScene(SceneInputListener.scala:304)AsyncAppender-Worker-ASYNCSTDOUT
2026-04-09 21:13:17,240 [INFO] in AsyncAppender-Worker-ASYNCSTDOUT - 	at com.jpro.meta.tk.SceneInputListener.processInput(SceneInputListener.scala:206)AsyncAppender-Worker-ASYNCSTDOUT
2026-04-09 21:13:17,240 [INFO] in AsyncAppender-Worker-ASYNCSTDOUT - 	at com.jpro.meta.tk.SceneInputListener.processInputs(SceneInputListener.scala:133)AsyncAppender-Worker-ASYNCSTDOUT
2026-04-09 21:13:17,240 [INFO] in AsyncAppender-Worker-ASYNCSTDOUT - 	at com.jpro.meta.tk.SceneInputListener.processOrRequest(SceneInputListener.scala:41)AsyncAppender-Worker-ASYNCSTDOUT
2026-04-09 21:13:17,240 [INFO] in AsyncAppender-Worker-ASYNCSTDOUT - 	at com.jpro.meta.tk.SceneInputListener.$anonfun$processOrRequest$2(SceneInputListener.scala:48)AsyncAppender-Worker-ASYNCSTDOUT
2026-04-09 21:13:17,240 [INFO] in AsyncAppender-Worker-ASYNCSTDOUT - 	at scala.runtime.java8.JFunction0$mcV$sp.apply(JFunction0$mcV$sp.java:23)AsyncAppender-Worker-ASYNCSTDOUT
2026-04-09 21:13:17,240 [INFO] in AsyncAppender-Worker-ASYNCSTDOUT - 	at simplefx.cores.standard.parts.CoreTimeEvent$$anon$3.run(CoreTimeEvent.scala:62)AsyncAppender-Worker-ASYNCSTDOUT
2026-04-09 21:13:17,240 [INFO] in AsyncAppender-Worker-ASYNCSTDOUT - Caused by: java.lang.reflect.InvocationTargetException: nullAsyncAppender-Worker-ASYNCSTDOUT
2026-04-09 21:13:17,240 [INFO] in AsyncAppender-Worker-ASYNCSTDOUT - 	at java.base/jdk.internal.reflect.DirectMethodHandleAccessor.invoke(DirectMethodHandleAccessor.java:118)AsyncAppender-Worker-ASYNCSTDOUT
2026-04-09 21:13:17,240 [INFO] in AsyncAppender-Worker-ASYNCSTDOUT - 	at java.base/java.lang.reflect.Method.invoke(Method.java:580)AsyncAppender-Worker-ASYNCSTDOUT
2026-04-09 21:13:17,240 [INFO] in AsyncAppender-Worker-ASYNCSTDOUT - 	at simplefx.util.ReflectionUtil$UseReflection.applyDynamic(ReflectionUtil.scala:21)AsyncAppender-Worker-ASYNCSTDOUT
2026-04-09 21:13:17,240 [INFO] in AsyncAppender-Worker-ASYNCSTDOUT - 	at com.sun.glass.ui.monocle.input.fork.NativeMouseInput.notifyMouse(NativeMouseInput.scala:330)AsyncAppender-Worker-ASYNCSTDOUT
2026-04-09 21:13:17,240 [INFO] in AsyncAppender-Worker-ASYNCSTDOUT - 	at com.sun.glass.ui.monocle.input.fork.NativeMouseInput.postMouseEvent(NativeMouseInput.scala:226)AsyncAppender-Worker-ASYNCSTDOUT
2026-04-09 21:13:17,241 [INFO] in AsyncAppender-Worker-ASYNCSTDOUT - 	at com.sun.glass.ui.monocle.input.fork.NativeMouseInput.setState(NativeMouseInput.scala:186)AsyncAppender-Worker-ASYNCSTDOUT
2026-04-09 21:13:17,241 [INFO] in AsyncAppender-Worker-ASYNCSTDOUT - 	at java.base/jdk.internal.reflect.DirectMethodHandleAccessor.invoke(DirectMethodHandleAccessor.java:103)AsyncAppender-Worker-ASYNCSTDOUT
2026-04-09 21:13:17,241 [INFO] in AsyncAppender-Worker-ASYNCSTDOUT - 	at java.base/java.lang.reflect.Method.invoke(Method.java:580)AsyncAppender-Worker-ASYNCSTDOUT
2026-04-09 21:13:17,241 [INFO] in AsyncAppender-Worker-ASYNCSTDOUT - 	at simplefx.util.ReflectionUtil$UseReflection.applyDynamic(ReflectionUtil.scala:21)AsyncAppender-Worker-ASYNCSTDOUT
2026-04-09 21:13:17,241 [INFO] in AsyncAppender-Worker-ASYNCSTDOUT - 	at com.jpro.meta.tk.SceneInputListener.processInputInScene(SceneInputListener.scala:304)AsyncAppender-Worker-ASYNCSTDOUT
2026-04-09 21:13:17,241 [INFO] in AsyncAppender-Worker-ASYNCSTDOUT - Caused by: java.lang.UnsupportedOperationException: nullAsyncAppender-Worker-ASYNCSTDOUT
2026-04-09 21:13:17,241 [INFO] in AsyncAppender-Worker-ASYNCSTDOUT - 	at com.sun.glass.ui.monocle.MonocleApplication.staticCommonDialogs_showFileChooser(MonocleApplication.java:273)AsyncAppender-Worker-ASYNCSTDOUT
2026-04-09 21:13:17,241 [INFO] in AsyncAppender-Worker-ASYNCSTDOUT - 	at com.sun.glass.ui.CommonDialogs.showFileChooser(CommonDialogs.java:213)AsyncAppender-Worker-ASYNCSTDOUT
2026-04-09 21:13:17,241 [INFO] in AsyncAppender-Worker-ASYNCSTDOUT - 	at com.sun.javafx.tk.quantum.QuantumToolkit.showFileChooser(QuantumToolkit.java:1737)AsyncAppender-Worker-ASYNCSTDOUT
2026-04-09 21:13:17,241 [INFO] in AsyncAppender-Worker-ASYNCSTDOUT - 	at javafx.stage.FileChooser.showDialog(FileChooser.java:396)AsyncAppender-Worker-ASYNCSTDOUT
2026-04-09 21:13:17,241 [INFO] in AsyncAppender-Worker-ASYNCSTDOUT - 	at javafx.stage.FileChooser.showOpenDialog(FileChooser.java:331)AsyncAppender-Worker-ASYNCSTDOUT
2026-04-09 21:13:17,241 [INFO] in AsyncAppender-Worker-ASYNCSTDOUT - 	at com.visualshop.controller.ShopController.openVisualSearch(ShopController.java:817)AsyncAppender-Worker-ASYNCSTDOUT
2026-04-09 21:13:17,241 [INFO] in AsyncAppender-Worker-ASYNCSTDOUT - 	at com.visualshop.controller.ShopController.lambda$buildNavbar$6(ShopController.java:172)AsyncAppender-Worker-ASYNCSTDOUT
2026-04-09 21:13:17,241 [INFO] in AsyncAppender-Worker-ASYNCSTDOUT - 	at com.sun.javafx.event.CompositeEventHandler.dispatchBubblingEvent(CompositeEventHandler.java:86)AsyncAppender-Worker-ASYNCSTDOUT
2026-04-09 21:13:17,241 [INFO] in AsyncAppender-Worker-ASYNCSTDOUT - 	at com.sun.javafx.event.EventHandlerManager.dispatchBubblingEvent(EventHandlerManager.java:232)AsyncAppender-Worker-ASYNCSTDOUT
2026-04-09 21:13:17,241 [INFO] in AsyncAppender-Worker-ASYNCSTDOUT - 	at com.sun.javafx.event.EventHandlerManager.dispatchBubblingEvent(EventHandlerManager.java:189)AsyncAppender-Worker-ASYNCSTDOUT
2026-04-09 21:13:17,255 [INFO] in AsyncAppender-Worker-ASYNCSTDOUT - [[1;31mERROR[0;39m] c.j.m.t.SceneInputListener - Error while processing the input: MouseEventToken(MouseMoved,276.8000183105469,40.79999923706055,MouseButtonToken(2),false,false,false,false,false,false,false,false) app: stage title: Visual Product Discovery & Shopping Management SystemAsyncAppender-Worker-ASYNCSTDOUT
2026-04-09 21:13:17,255 [INFO] in AsyncAppender-Worker-ASYNCSTDOUT - java.lang.reflect.InvocationTargetException: nullAsyncAppender-Worker-ASYNCSTDOUT
2026-04-09 21:13:17,255 [INFO] in AsyncAppender-Worker-ASYNCSTDOUT - 	at java.base/jdk.internal.reflect.DirectMethodHandleAccessor.invoke(DirectMethodHandleAccessor.java:118)AsyncAppender-Worker-ASYNCSTDOUT
2026-04-09 21:13:17,255 [INFO] in AsyncAppender-Worker-ASYNCSTDOUT - 	at java.base/java.lang.reflect.Method.invoke(Method.java:580)AsyncAppender-Worker-ASYNCSTDOUT
2026-04-09 21:13:17,255 [INFO] in AsyncAppender-Worker-ASYNCSTDOUT - 	at simplefx.util.ReflectionUtil$UseReflection.applyDynamic(ReflectionUtil.scala:21)AsyncAppender-Worker-ASYNCSTDOUT
2026-04-09 21:13:17,255 [INFO] in AsyncAppender-Worker-ASYNCSTDOUT - 	at com.jpro.meta.tk.SceneInputListener.processInputInScene(SceneInputListener.scala:304)AsyncAppender-Worker-ASYNCSTDOUT
2026-04-09 21:13:17,255 [INFO] in AsyncAppender-Worker-ASYNCSTDOUT - 	at com.jpro.meta.tk.SceneInputListener.processInput(SceneInputListener.scala:206)AsyncAppender-Worker-ASYNCSTDOUT
2026-04-09 21:13:17,256 [INFO] in AsyncAppender-Worker-ASYNCSTDOUT - 	at com.jpro.meta.tk.SceneInputListener.processInputs(SceneInputListener.scala:133)AsyncAppender-Worker-ASYNCSTDOUT
2026-04-09 21:13:17,256 [INFO] in AsyncAppender-Worker-ASYNCSTDOUT - 	at com.jpro.meta.tk.SceneInputListener.processOrRequest(SceneInputListener.scala:41)AsyncAppender-Worker-ASYNCSTDOUT
2026-04-09 21:13:17,256 [INFO] in AsyncAppender-Worker-ASYNCSTDOUT - 	at com.jpro.meta.tk.SceneInputListener.$anonfun$processOrRequest$2(SceneInputListener.scala:48)AsyncAppender-Worker-ASYNCSTDOUT
2026-04-09 21:13:17,256 [INFO] in AsyncAppender-Worker-ASYNCSTDOUT - 	at scala.runtime.java8.JFunction0$mcV$sp.apply(JFunction0$mcV$sp.java:23)AsyncAppender-Worker-ASYNCSTDOUT
2026-04-09 21:13:17,256 [INFO] in AsyncAppender-Worker-ASYNCSTDOUT - 	at simplefx.cores.standard.parts.CoreTimeEvent$$anon$3.run(CoreTimeEvent.scala:62)AsyncAppender-Worker-ASYNCSTDOUT
2026-04-09 21:13:17,256 [INFO] in AsyncAppender-Worker-ASYNCSTDOUT - Caused by: java.lang.reflect.InvocationTargetException: nullAsyncAppender-Worker-ASYNCSTDOUT
2026-04-09 21:13:17,256 [INFO] in AsyncAppender-Worker-ASYNCSTDOUT - 	at java.base/jdk.internal.reflect.DirectMethodHandleAccessor.invoke(DirectMethodHandleAccessor.java:118)AsyncAppender-Worker-ASYNCSTDOUT
2026-04-09 21:13:17,256 [INFO] in AsyncAppender-Worker-ASYNCSTDOUT - 	at java.base/java.lang.reflect.Method.invoke(Method.java:580)AsyncAppender-Worker-ASYNCSTDOUT
2026-04-09 21:13:17,256 [INFO] in AsyncAppender-Worker-ASYNCSTDOUT - 	at simplefx.util.ReflectionUtil$UseReflection.applyDynamic(ReflectionUtil.scala:21)AsyncAppender-Worker-ASYNCSTDOUT
2026-04-09 21:13:17,256 [INFO] in AsyncAppender-Worker-ASYNCSTDOUT - 	at com.sun.glass.ui.monocle.input.fork.NativeMouseInput.notifyMouse(NativeMouseInput.scala:330)AsyncAppender-Worker-ASYNCSTDOUT
2026-04-09 21:13:17,256 [INFO] in AsyncAppender-Worker-ASYNCSTDOUT - 	at com.sun.glass.ui.monocle.input.fork.NativeMouseInput.postMouseEvent(NativeMouseInput.scala:226)AsyncAppender-Worker-ASYNCSTDOUT
2026-04-09 21:13:17,256 [INFO] in AsyncAppender-Worker-ASYNCSTDOUT - 	at com.sun.glass.ui.monocle.input.fork.NativeMouseInput.setState(NativeMouseInput.scala:186)AsyncAppender-Worker-ASYNCSTDOUT
2026-04-09 21:13:17,256 [INFO] in AsyncAppender-Worker-ASYNCSTDOUT - 	at java.base/jdk.internal.reflect.DirectMethodHandleAccessor.invoke(DirectMethodHandleAccessor.java:103)AsyncAppender-Worker-ASYNCSTDOUT
2026-04-09 21:13:17,256 [INFO] in AsyncAppender-Worker-ASYNCSTDOUT - 	at java.base/java.lang.reflect.Method.invoke(Method.java:580)AsyncAppender-Worker-ASYNCSTDOUT
2026-04-09 21:13:17,256 [INFO] in AsyncAppender-Worker-ASYNCSTDOUT - 	at simplefx.util.ReflectionUtil$UseReflection.applyDynamic(ReflectionUtil.scala:21)AsyncAppender-Worker-ASYNCSTDOUT
2026-04-09 21:13:17,256 [INFO] in AsyncAppender-Worker-ASYNCSTDOUT - 	at com.jpro.meta.tk.SceneInputListener.processInputInScene(SceneInputListener.scala:304)AsyncAppender-Worker-ASYNCSTDOUT
2026-04-09 21:13:17,256 [INFO] in AsyncAppender-Worker-ASYNCSTDOUT - Caused by: java.lang.UnsupportedOperationException: nullAsyncAppender-Worker-ASYNCSTDOUT
2026-04-09 21:13:17,256 [INFO] in AsyncAppender-Worker-ASYNCSTDOUT - 	at com.sun.glass.ui.monocle.MonocleApplication.staticCommonDialogs_showFileChooser(MonocleApplication.java:273)AsyncAppender-Worker-ASYNCSTDOUT
2026-04-09 21:13:17,256 [INFO] in AsyncAppender-Worker-ASYNCSTDOUT - 	at com.sun.glass.ui.CommonDialogs.showFileChooser(CommonDialogs.java:213)AsyncAppender-Worker-ASYNCSTDOUT
2026-04-09 21:13:17,256 [INFO] in AsyncAppender-Worker-ASYNCSTDOUT - 	at com.sun.javafx.tk.quantum.QuantumToolkit.showFileChooser(QuantumToolkit.java:1737)AsyncAppender-Worker-ASYNCSTDOUT
2026-04-09 21:13:17,256 [INFO] in AsyncAppender-Worker-ASYNCSTDOUT - 	at javafx.stage.FileChooser.showDialog(FileChooser.java:396)AsyncAppender-Worker-ASYNCSTDOUT
2026-04-09 21:13:17,256 [INFO] in AsyncAppender-Worker-ASYNCSTDOUT - 	at javafx.stage.FileChooser.showOpenDialog(FileChooser.java:331)AsyncAppender-Worker-ASYNCSTDOUT
2026-04-09 21:13:17,256 [INFO] in AsyncAppender-Worker-ASYNCSTDOUT - 	at com.visualshop.controller.ShopController.openVisualSearch(ShopController.java:817)AsyncAppender-Worker-ASYNCSTDOUT
2026-04-09 21:13:17,256 [INFO] in AsyncAppender-Worker-ASYNCSTDOUT - 	at com.visualshop.controller.ShopController.lambda$buildNavbar$6(ShopController.java:172)AsyncAppender-Worker-ASYNCSTDOUT
2026-04-09 21:13:17,256 [INFO] in AsyncAppender-Worker-ASYNCSTDOUT - 	at com.sun.javafx.event.CompositeEventHandler.dispatchBubblingEvent(CompositeEventHandler.java:86)AsyncAppender-Worker-ASYNCSTDOUT
2026-04-09 21:13:17,256 [INFO] in AsyncAppender-Worker-ASYNCSTDOUT - 	at com.sun.javafx.event.EventHandlerManager.dispatchBubblingEvent(EventHandlerManager.java:232)AsyncAppender-Worker-ASYNCSTDOUT
2026-04-09 21:13:17,256 [INFO] in AsyncAppender-Worker-ASYNCSTDOUT - 	at com.sun.javafx.event.EventHandlerManager.dispatchBubblingEvent(EventHandlerManager.java:189)AsyncAppender-Worker-ASYNCSTDOUT
2026-04-09 21:13:17,271 [INFO] in AsyncAppender-Worker-ASYNCSTDOUT - [[1;31mERROR[0;39m] c.j.m.t.SceneInputListener - Error while processing the input: MouseEventToken(MouseMoved,281.6000061035156,43.20000076293945,MouseButtonToken(2),false,false,false,false,false,false,false,false) app: stage title: Visual Product Discovery & Shopping Management SystemAsyncAppender-Worker-ASYNCSTDOUT
2026-04-09 21:13:17,271 [INFO] in AsyncAppender-Worker-ASYNCSTDOUT - java.lang.reflect.InvocationTargetException: nullAsyncAppender-Worker-ASYNCSTDOUT
2026-04-09 21:13:17,271 [INFO] in AsyncAppender-Worker-ASYNCSTDOUT - 	at java.base/jdk.internal.reflect.DirectMethodHandleAccessor.invoke(DirectMethodHandleAccessor.java:118)AsyncAppender-Worker-ASYNCSTDOUT
2026-04-09 21:13:17,271 [INFO] in AsyncAppender-Worker-ASYNCSTDOUT - 	at java.base/java.lang.reflect.Method.invoke(Method.java:580)AsyncAppender-Worker-ASYNCSTDOUT
2026-04-09 21:13:17,271 [INFO] in AsyncAppender-Worker-ASYNCSTDOUT - 	at simplefx.util.ReflectionUtil$UseReflection.applyDynamic(ReflectionUtil.scala:21)AsyncAppender-Worker-ASYNCSTDOUT
2026-04-09 21:13:17,271 [INFO] in AsyncAppender-Worker-ASYNCSTDOUT - 	at com.jpro.meta.tk.SceneInputListener.processInputInScene(SceneInputListener.scala:304)AsyncAppender-Worker-ASYNCSTDOUT
2026-04-09 21:13:17,271 [INFO] in AsyncAppender-Worker-ASYNCSTDOUT - 	at com.jpro.meta.tk.SceneInputListener.processInput(SceneInputListener.scala:206)AsyncAppender-Worker-ASYNCSTDOUT
2026-04-09 21:13:17,271 [INFO] in AsyncAppender-Worker-ASYNCSTDOUT - 	at com.jpro.meta.tk.SceneInputListener.processInputs(SceneInputListener.scala:133)AsyncAppender-Worker-ASYNCSTDOUT
2026-04-09 21:13:17,271 [INFO] in AsyncAppender-Worker-ASYNCSTDOUT - 	at com.jpro.meta.tk.SceneInputListener.processOrRequest(SceneInputListener.scala:41)AsyncAppender-Worker-ASYNCSTDOUT
2026-04-09 21:13:17,271 [INFO] in AsyncAppender-Worker-ASYNCSTDOUT - 	at com.jpro.meta.tk.SceneInputListener.$anonfun$processOrRequest$2(SceneInputListener.scala:48)AsyncAppender-Worker-ASYNCSTDOUT
2026-04-09 21:13:17,271 [INFO] in AsyncAppender-Worker-ASYNCSTDOUT - 	at scala.runtime.java8.JFunction0$mcV$sp.apply(JFunction0$mcV$sp.java:23)AsyncAppender-Worker-ASYNCSTDOUT
2026-04-09 21:13:17,271 [INFO] in AsyncAppender-Worker-ASYNCSTDOUT - 	at simplefx.cores.standard.parts.CoreTimeEvent$$anon$3.run(CoreTimeEvent.scala:62)AsyncAppender-Worker-ASYNCSTDOUT
2026-04-09 21:13:17,271 [INFO] in AsyncAppender-Worker-ASYNCSTDOUT - Caused by: java.lang.reflect.InvocationTargetException: nullAsyncAppender-Worker-ASYNCSTDOUT
2026-04-09 21:13:17,271 [INFO] in AsyncAppender-Worker-ASYNCSTDOUT - 	at java.base/jdk.internal.reflect.DirectMethodHandleAccessor.invoke(DirectMethodHandleAccessor.java:118)AsyncAppender-Worker-ASYNCSTDOUT
2026-04-09 21:13:17,271 [INFO] in AsyncAppender-Worker-ASYNCSTDOUT - 	at java.base/java.lang.reflect.Method.invoke(Method.java:580)AsyncAppender-Worker-ASYNCSTDOUT
2026-04-09 21:13:17,271 [INFO] in AsyncAppender-Worker-ASYNCSTDOUT - 	at simplefx.util.ReflectionUtil$UseReflection.applyDynamic(ReflectionUtil.scala:21)AsyncAppender-Worker-ASYNCSTDOUT
2026-04-09 21:13:17,271 [INFO] in AsyncAppender-Worker-ASYNCSTDOUT - 	at com.sun.glass.ui.monocle.input.fork.NativeMouseInput.notifyMouse(NativeMouseInput.scala:330)AsyncAppender-Worker-ASYNCSTDOUT
2026-04-09 21:13:17,271 [INFO] in AsyncAppender-Worker-ASYNCSTDOUT - 	at com.sun.glass.ui.monocle.input.fork.NativeMouseInput.postMouseEvent(NativeMouseInput.scala:226)AsyncAppender-Worker-ASYNCSTDOUT
2026-04-09 21:13:17,271 [INFO] in AsyncAppender-Worker-ASYNCSTDOUT - 	at com.sun.glass.ui.monocle.input.fork.NativeMouseInput.setState(NativeMouseInput.scala:186)AsyncAppender-Worker-ASYNCSTDOUT
2026-04-09 21:13:17,271 [INFO] in AsyncAppender-Worker-ASYNCSTDOUT - 	at java.base/jdk.internal.reflect.DirectMethodHandleAccessor.invoke(DirectMethodHandleAccessor.java:103)AsyncAppender-Worker-ASYNCSTDOUT
2026-04-09 21:13:17,271 [INFO] in AsyncAppender-Worker-ASYNCSTDOUT - 	at java.base/java.lang.reflect.Method.invoke(Method.java:580)AsyncAppender-Worker-ASYNCSTDOUT
2026-04-09 21:13:17,271 [INFO] in AsyncAppender-Worker-ASYNCSTDOUT - 	at simplefx.util.ReflectionUtil$UseReflection.applyDynamic(ReflectionUtil.scala:21)AsyncAppender-Worker-ASYNCSTDOUT
2026-04-09 21:13:17,271 [INFO] in AsyncAppender-Worker-ASYNCSTDOUT - 	at com.jpro.meta.tk.SceneInputListener.processInputInScene(SceneInputListener.scala:304)AsyncAppender-Worker-ASYNCSTDOUT
2026-04-09 21:13:17,271 [INFO] in AsyncAppender-Worker-ASYNCSTDOUT - Caused by: java.lang.UnsupportedOperationException: nullAsyncAppender-Worker-ASYNCSTDOUT
2026-04-09 21:13:17,271 [INFO] in AsyncAppender-Worker-ASYNCSTDOUT - 	at com.sun.glass.ui.monocle.MonocleApplication.staticCommonDialogs_showFileChooser(MonocleApplication.java:273)AsyncAppender-Worker-ASYNCSTDOUT
2026-04-09 21:13:17,271 [INFO] in AsyncAppender-Worker-ASYNCSTDOUT - 	at com.sun.glass.ui.CommonDialogs.showFileChooser(CommonDialogs.java:213)AsyncAppender-Worker-ASYNCSTDOUT
2026-04-09 21:13:17,271 [INFO] in AsyncAppender-Worker-ASYNCSTDOUT - 	at com.sun.javafx.tk.quantum.QuantumToolkit.showFileChooser(QuantumToolkit.java:1737)AsyncAppender-Worker-ASYNCSTDOUT
2026-04-09 21:13:17,271 [INFO] in AsyncAppender-Worker-ASYNCSTDOUT - 	at javafx.stage.FileChooser.showDialog(FileChooser.java:396)AsyncAppender-Worker-ASYNCSTDOUT
2026-04-09 21:13:17,271 [INFO] in AsyncAppender-Worker-ASYNCSTDOUT - 	at javafx.stage.FileChooser.showOpenDialog(FileChooser.java:331)AsyncAppender-Worker-ASYNCSTDOUT
2026-04-09 21:13:17,271 [INFO] in AsyncAppender-Worker-ASYNCSTDOUT - 	at com.visualshop.controller.ShopController.openVisualSearch(ShopController.java:817)AsyncAppender-Worker-ASYNCSTDOUT
2026-04-09 21:13:17,271 [INFO] in AsyncAppender-Worker-ASYNCSTDOUT - 	at com.visualshop.controller.ShopController.lambda$buildNavbar$6(ShopController.java:172)AsyncAppender-Worker-ASYNCSTDOUT
2026-04-09 21:13:17,271 [INFO] in AsyncAppender-Worker-ASYNCSTDOUT - 	at com.sun.javafx.event.CompositeEventHandler.dispatchBubblingEvent(CompositeEventHandler.java:86)AsyncAppender-Worker-ASYNCSTDOUT
2026-04-09 21:13:17,271 [INFO] in AsyncAppender-Worker-ASYNCSTDOUT - 	at com.sun.javafx.event.EventHandlerManager.dispatchBubblingEvent(EventHandlerManager.java:232)AsyncAppender-Worker-ASYNCSTDOUT
2026-04-09 21:13:17,271 [INFO] in AsyncAppender-Worker-ASYNCSTDOUT - 	at com.sun.javafx.event.EventHandlerManager.dispatchBubblingEvent(EventHandlerManager.java:189)AsyncAppender-Worker-ASYNCSTDOUT
2026-04-09 21:13:17,287 [INFO] in AsyncAppender-Worker-ASYNCSTDOUT - [[1;31mERROR[0;39m] c.j.m.t.SceneInputListener - Error while processing the input: MouseEventToken(MouseMoved,284.8000183105469,44.79999923706055,MouseButtonToken(2),false,false,false,false,false,false,false,false) app: stage title: Visual Product Discovery & Shopping Management SystemAsyncAppender-Worker-ASYNCSTDOUT
2026-04-09 21:13:17,287 [INFO] in AsyncAppender-Worker-ASYNCSTDOUT - java.lang.reflect.InvocationTargetException: nullAsyncAppender-Worker-ASYNCSTDOUT
2026-04-09 21:13:17,287 [INFO] in AsyncAppender-Worker-ASYNCSTDOUT - 	at java.base/jdk.internal.reflect.DirectMethodHandleAccessor.invoke(DirectMethodHandleAccessor.java:118)AsyncAppender-Worker-ASYNCSTDOUT
2026-04-09 21:13:17,287 [INFO] in AsyncAppender-Worker-ASYNCSTDOUT - 	at java.base/java.lang.reflect.Method.invoke(Method.java:580)AsyncAppender-Worker-ASYNCSTDOUT
2026-04-09 21:13:17,287 [INFO] in AsyncAppender-Worker-ASYNCSTDOUT - 	at simplefx.util.ReflectionUtil$UseReflection.applyDynamic(ReflectionUtil.scala:21)AsyncAppender-Worker-ASYNCSTDOUT
2026-04-09 21:13:17,287 [INFO] in AsyncAppender-Worker-ASYNCSTDOUT - 	at com.jpro.meta.tk.SceneInputListener.processInputInScene(SceneInputListener.scala:304)AsyncAppender-Worker-ASYNCSTDOUT
2026-04-09 21:13:17,287 [INFO] in AsyncAppender-Worker-ASYNCSTDOUT - 	at com.jpro.meta.tk.SceneInputListener.processInput(SceneInputListener.scala:206)AsyncAppender-Worker-ASYNCSTDOUT
2026-04-09 21:13:17,287 [INFO] in AsyncAppender-Worker-ASYNCSTDOUT - 	at com.jpro.meta.tk.SceneInputListener.processInputs(SceneInputListener.scala:133)AsyncAppender-Worker-ASYNCSTDOUT
2026-04-09 21:13:17,287 [INFO] in AsyncAppender-Worker-ASYNCSTDOUT - 	at com.jpro.meta.tk.SceneInputListener.processOrRequest(SceneInputListener.scala:41)AsyncAppender-Worker-ASYNCSTDOUT
2026-04-09 21:13:17,287 [INFO] in AsyncAppender-Worker-ASYNCSTDOUT - 	at com.jpro.meta.tk.SceneInputListener.$anonfun$processOrRequest$2(SceneInputListener.scala:48)AsyncAppender-Worker-ASYNCSTDOUT
2026-04-09 21:13:17,287 [INFO] in AsyncAppender-Worker-ASYNCSTDOUT - 	at scala.runtime.java8.JFunction0$mcV$sp.apply(JFunction0$mcV$sp.java:23)AsyncAppender-Worker-ASYNCSTDOUT
2026-04-09 21:13:17,287 [INFO] in AsyncAppender-Worker-ASYNCSTDOUT - 	at simplefx.cores.standard.parts.CoreTimeEvent$$anon$3.run(CoreTimeEvent.scala:62)AsyncAppender-Worker-ASYNCSTDOUT
2026-04-09 21:13:17,287 [INFO] in AsyncAppender-Worker-ASYNCSTDOUT - Caused by: java.lang.reflect.InvocationTargetException: nullAsyncAppender-Worker-ASYNCSTDOUT
2026-04-09 21:13:17,287 [INFO] in AsyncAppender-Worker-ASYNCSTDOUT - 	at java.base/jdk.internal.reflect.DirectMethodHandleAccessor.invoke(DirectMethodHandleAccessor.java:118)AsyncAppender-Worker-ASYNCSTDOUT
2026-04-09 21:13:17,287 [INFO] in AsyncAppender-Worker-ASYNCSTDOUT - 	at java.base/java.lang.reflect.Method.invoke(Method.java:580)AsyncAppender-Worker-ASYNCSTDOUT
2026-04-09 21:13:17,287 [INFO] in AsyncAppender-Worker-ASYNCSTDOUT - 	at simplefx.util.ReflectionUtil$UseReflection.applyDynamic(ReflectionUtil.scala:21)AsyncAppender-Worker-ASYNCSTDOUT
2026-04-09 21:13:17,287 [INFO] in AsyncAppender-Worker-ASYNCSTDOUT - 	at com.sun.glass.ui.monocle.input.fork.NativeMouseInput.notifyMouse(NativeMouseInput.scala:330)AsyncAppender-Worker-ASYNCSTDOUT
2026-04-09 21:13:17,288 [INFO] in AsyncAppender-Worker-ASYNCSTDOUT - 	at com.sun.glass.ui.monocle.input.fork.NativeMouseInput.postMouseEvent(NativeMouseInput.scala:226)AsyncAppender-Worker-ASYNCSTDOUT
2026-04-09 21:13:17,288 [INFO] in AsyncAppender-Worker-ASYNCSTDOUT - 	at com.sun.glass.ui.monocle.input.fork.NativeMouseInput.setState(NativeMouseInput.scala:186)AsyncAppender-Worker-ASYNCSTDOUT
2026-04-09 21:13:17,288 [INFO] in AsyncAppender-Worker-ASYNCSTDOUT - 	at java.base/jdk.internal.reflect.DirectMethodHandleAccessor.invoke(DirectMethodHandleAccessor.java:103)AsyncAppender-Worker-ASYNCSTDOUT
2026-04-09 21:13:17,288 [INFO] in AsyncAppender-Worker-ASYNCSTDOUT - 	at java.base/java.lang.reflect.Method.invoke(Method.java:580)AsyncAppender-Worker-ASYNCSTDOUT
2026-04-09 21:13:17,288 [INFO] in AsyncAppender-Worker-ASYNCSTDOUT - 	at simplefx.util.ReflectionUtil$UseReflection.applyDynamic(ReflectionUtil.scala:21)AsyncAppender-Worker-ASYNCSTDOUT
2026-04-09 21:13:17,288 [INFO] in AsyncAppender-Worker-ASYNCSTDOUT - 	at com.jpro.meta.tk.SceneInputListener.processInputInScene(SceneInputListener.scala:304)AsyncAppender-Worker-ASYNCSTDOUT
2026-04-09 21:13:17,288 [INFO] in AsyncAppender-Worker-ASYNCSTDOUT - Caused by: java.lang.UnsupportedOperationException: nullAsyncAppender-Worker-ASYNCSTDOUT
2026-04-09 21:13:17,288 [INFO] in AsyncAppender-Worker-ASYNCSTDOUT - 	at com.sun.glass.ui.monocle.MonocleApplication.staticCommonDialogs_showFileChooser(MonocleApplication.java:273)AsyncAppender-Worker-ASYNCSTDOUT
2026-04-09 21:13:17,288 [INFO] in AsyncAppender-Worker-ASYNCSTDOUT - 	at com.sun.glass.ui.CommonDialogs.showFileChooser(CommonDialogs.java:213)AsyncAppender-Worker-ASYNCSTDOUT
2026-04-09 21:13:17,288 [INFO] in AsyncAppender-Worker-ASYNCSTDOUT - 	at com.sun.javafx.tk.quantum.QuantumToolkit.showFileChooser(QuantumToolkit.java:1737)AsyncAppender-Worker-ASYNCSTDOUT
2026-04-09 21:13:17,288 [INFO] in AsyncAppender-Worker-ASYNCSTDOUT - 	at javafx.stage.FileChooser.showDialog(FileChooser.java:396)AsyncAppender-Worker-ASYNCSTDOUT
2026-04-09 21:13:17,288 [INFO] in AsyncAppender-Worker-ASYNCSTDOUT - 	at javafx.stage.FileChooser.showOpenDialog(FileChooser.java:331)AsyncAppender-Worker-ASYNCSTDOUT
2026-04-09 21:13:17,288 [INFO] in AsyncAppender-Worker-ASYNCSTDOUT - 	at com.visualshop.controller.ShopController.openVisualSearch(ShopController.java:817)AsyncAppender-Worker-ASYNCSTDOUT
2026-04-09 21:13:17,288 [INFO] in AsyncAppender-Worker-ASYNCSTDOUT - 	at com.visualshop.controller.ShopController.lambda$buildNavbar$6(ShopController.java:172)AsyncAppender-Worker-ASYNCSTDOUT
2026-04-09 21:13:17,288 [INFO] in AsyncAppender-Worker-ASYNCSTDOUT - 	at com.sun.javafx.event.CompositeEventHandler.dispatchBubblingEvent(CompositeEventHandler.java:86)AsyncAppender-Worker-ASYNCSTDOUT
2026-04-09 21:13:17,288 [INFO] in AsyncAppender-Worker-ASYNCSTDOUT - 	at com.sun.javafx.event.EventHandlerManager.dispatchBubblingEvent(EventHandlerManager.java:232)AsyncAppender-Worker-ASYNCSTDOUT
2026-04-09 21:13:17,288 [INFO] in AsyncAppender-Worker-ASYNCSTDOUT - 	at com.sun.javafx.event.EventHandlerManager.dispatchBubblingEvent(EventHandlerManager.java:189)AsyncAppender-Worker-ASYNCSTDOUT
2026-04-09 21:13:18,911 [INFO] in AsyncAppender-Worker-ASYNCSTDOUT - [[1;31mERROR[0;39m] c.j.m.t.SceneInputListener - Error while processing the input: MouseEventToken(MouseReleased,279.20001220703125,35.20000076293945,MouseButtonToken(3),false,false,false,false,false,false,false,false) app: stage title: Visual Product Discovery & Shopping Management SystemAsyncAppender-Worker-ASYNCSTDOUT
2026-04-09 21:13:18,911 [INFO] in AsyncAppender-Worker-ASYNCSTDOUT - java.lang.reflect.InvocationTargetException: nullAsyncAppender-Worker-ASYNCSTDOUT
2026-04-09 21:13:18,911 [INFO] in AsyncAppender-Worker-ASYNCSTDOUT - 	at java.base/jdk.internal.reflect.DirectMethodHandleAccessor.invoke(DirectMethodHandleAccessor.java:118)AsyncAppender-Worker-ASYNCSTDOUT
2026-04-09 21:13:18,911 [INFO] in AsyncAppender-Worker-ASYNCSTDOUT - 	at java.base/java.lang.reflect.Method.invoke(Method.java:580)AsyncAppender-Worker-ASYNCSTDOUT
2026-04-09 21:13:18,911 [INFO] in AsyncAppender-Worker-ASYNCSTDOUT - 	at simplefx.util.ReflectionUtil$UseReflection.applyDynamic(ReflectionUtil.scala:21)AsyncAppender-Worker-ASYNCSTDOUT
2026-04-09 21:13:18,911 [INFO] in AsyncAppender-Worker-ASYNCSTDOUT - 	at com.jpro.meta.tk.SceneInputListener.processInputInScene(SceneInputListener.scala:304)AsyncAppender-Worker-ASYNCSTDOUT
2026-04-09 21:13:18,911 [INFO] in AsyncAppender-Worker-ASYNCSTDOUT - 	at com.jpro.meta.tk.SceneInputListener.processInput(SceneInputListener.scala:203)AsyncAppender-Worker-ASYNCSTDOUT
2026-04-09 21:13:18,911 [INFO] in AsyncAppender-Worker-ASYNCSTDOUT - 	at com.jpro.meta.tk.SceneInputListener.processInputs(SceneInputListener.scala:133)AsyncAppender-Worker-ASYNCSTDOUT
2026-04-09 21:13:18,911 [INFO] in AsyncAppender-Worker-ASYNCSTDOUT - 	at com.jpro.meta.tk.SceneInputListener.processOrRequest(SceneInputListener.scala:41)AsyncAppender-Worker-ASYNCSTDOUT
2026-04-09 21:13:18,911 [INFO] in AsyncAppender-Worker-ASYNCSTDOUT - 	at com.jpro.meta.tk.SceneInputListener.$anonfun$new$4(SceneInputListener.scala:59)AsyncAppender-Worker-ASYNCSTDOUT
2026-04-09 21:13:18,911 [INFO] in AsyncAppender-Worker-ASYNCSTDOUT - 	at scala.runtime.java8.JFunction0$mcV$sp.apply(JFunction0$mcV$sp.java:23)AsyncAppender-Worker-ASYNCSTDOUT
2026-04-09 21:13:18,911 [INFO] in AsyncAppender-Worker-ASYNCSTDOUT - 	at simplefx.cores.standard.parts.CoreTimeEvent$$anon$3.run(CoreTimeEvent.scala:62)AsyncAppender-Worker-ASYNCSTDOUT
2026-04-09 21:13:18,911 [INFO] in AsyncAppender-Worker-ASYNCSTDOUT - Caused by: java.lang.reflect.InvocationTargetException: nullAsyncAppender-Worker-ASYNCSTDOUT
2026-04-09 21:13:18,911 [INFO] in AsyncAppender-Worker-ASYNCSTDOUT - 	at java.base/jdk.internal.reflect.DirectMethodHandleAccessor.invoke(DirectMethodHandleAccessor.java:118)AsyncAppender-Worker-ASYNCSTDOUT
2026-04-09 21:13:18,911 [INFO] in AsyncAppender-Worker-ASYNCSTDOUT - 	at java.base/java.lang.reflect.Method.invoke(Method.java:580)AsyncAppender-Worker-ASYNCSTDOUT
2026-04-09 21:13:18,911 [INFO] in AsyncAppender-Worker-ASYNCSTDOUT - 	at simplefx.util.ReflectionUtil$UseReflection.applyDynamic(ReflectionUtil.scala:21)AsyncAppender-Worker-ASYNCSTDOUT
2026-04-09 21:13:18,912 [INFO] in AsyncAppender-Worker-ASYNCSTDOUT - 	at com.sun.glass.ui.monocle.input.fork.NativeMouseInput.notifyMouse(NativeMouseInput.scala:330)AsyncAppender-Worker-ASYNCSTDOUT
2026-04-09 21:13:18,912 [INFO] in AsyncAppender-Worker-ASYNCSTDOUT - 	at com.sun.glass.ui.monocle.input.fork.NativeMouseInput.postMouseEvent(NativeMouseInput.scala:226)AsyncAppender-Worker-ASYNCSTDOUT
2026-04-09 21:13:18,912 [INFO] in AsyncAppender-Worker-ASYNCSTDOUT - 	at com.sun.glass.ui.monocle.input.fork.NativeMouseInput.setState(NativeMouseInput.scala:186)AsyncAppender-Worker-ASYNCSTDOUT
2026-04-09 21:13:18,912 [INFO] in AsyncAppender-Worker-ASYNCSTDOUT - 	at java.base/jdk.internal.reflect.DirectMethodHandleAccessor.invoke(DirectMethodHandleAccessor.java:103)AsyncAppender-Worker-ASYNCSTDOUT
2026-04-09 21:13:18,912 [INFO] in AsyncAppender-Worker-ASYNCSTDOUT - 	at java.base/java.lang.reflect.Method.invoke(Method.java:580)AsyncAppender-Worker-ASYNCSTDOUT
2026-04-09 21:13:18,912 [INFO] in AsyncAppender-Worker-ASYNCSTDOUT - 	at simplefx.util.ReflectionUtil$UseReflection.applyDynamic(ReflectionUtil.scala:21)AsyncAppender-Worker-ASYNCSTDOUT
2026-04-09 21:13:18,912 [INFO] in AsyncAppender-Worker-ASYNCSTDOUT - 	at com.jpro.meta.tk.SceneInputListener.processInputInScene(SceneInputListener.scala:304)AsyncAppender-Worker-ASYNCSTDOUT
2026-04-09 21:13:18,912 [INFO] in AsyncAppender-Worker-ASYNCSTDOUT - Caused by: java.lang.UnsupportedOperationException: nullAsyncAppender-Worker-ASYNCSTDOUT
2026-04-09 21:13:18,912 [INFO] in AsyncAppender-Worker-ASYNCSTDOUT - 	at com.sun.glass.ui.monocle.MonocleApplication.staticCommonDialogs_showFileChooser(MonocleApplication.java:273)AsyncAppender-Worker-ASYNCSTDOUT
2026-04-09 21:13:18,912 [INFO] in AsyncAppender-Worker-ASYNCSTDOUT - 	at com.sun.glass.ui.CommonDialogs.showFileChooser(CommonDialogs.java:213)AsyncAppender-Worker-ASYNCSTDOUT
2026-04-09 21:13:18,912 [INFO] in AsyncAppender-Worker-ASYNCSTDOUT - 	at com.sun.javafx.tk.quantum.QuantumToolkit.showFileChooser(QuantumToolkit.java:1737)AsyncAppender-Worker-ASYNCSTDOUT
2026-04-09 21:13:18,912 [INFO] in AsyncAppender-Worker-ASYNCSTDOUT - 	at javafx.stage.FileChooser.showDialog(FileChooser.java:396)AsyncAppender-Worker-ASYNCSTDOUT
2026-04-09 21:13:18,912 [INFO] in AsyncAppender-Worker-ASYNCSTDOUT - 	at javafx.stage.FileChooser.showOpenDialog(FileChooser.java:331)AsyncAppender-Worker-ASYNCSTDOUT
2026-04-09 21:13:18,912 [INFO] in AsyncAppender-Worker-ASYNCSTDOUT - 	at com.visualshop.controller.ShopController.openVisualSearch(ShopController.java:817)AsyncAppender-Worker-ASYNCSTDOUT
2026-04-09 21:13:18,912 [INFO] in AsyncAppender-Worker-ASYNCSTDOUT - 	at com.visualshop.controller.ShopController.lambda$buildNavbar$6(ShopController.java:172)AsyncAppender-Worker-ASYNCSTDOUT
2026-04-09 21:13:18,912 [INFO] in AsyncAppender-Worker-ASYNCSTDOUT - 	at com.sun.javafx.event.CompositeEventHandler.dispatchBubblingEvent(CompositeEventHandler.java:86)AsyncAppender-Worker-ASYNCSTDOUT
2026-04-09 21:13:18,912 [INFO] in AsyncAppender-Worker-ASYNCSTDOUT - 	at com.sun.javafx.event.EventHandlerManager.dispatchBubblingEvent(EventHandlerManager.java:232)AsyncAppender-Worker-ASYNCSTDOUT
2026-04-09 21:13:18,912 [INFO] in AsyncAppender-Worker-ASYNCSTDOUT - 	at com.sun.javafx.event.EventHandlerManager.dispatchBubblingEvent(EventHandlerManager.java:189)AsyncAppender-Worker-ASYNCSTDOUT
2026-04-09 21:13:19,048 [INFO] in AsyncAppender-Worker-ASYNCSTDOUT - [[1;31mERROR[0;39m] c.j.m.t.SceneInputListener - Error while processing the input: MouseEventToken(MouseReleased,279.20001220703125,35.20000076293945,MouseButtonToken(3),false,false,false,false,false,false,false,false) app: stage title: Visual Product Discovery & Shopping Management SystemAsyncAppender-Worker-ASYNCSTDOUT
2026-04-09 21:13:19,048 [INFO] in AsyncAppender-Worker-ASYNCSTDOUT - java.lang.reflect.InvocationTargetException: nullAsyncAppender-Worker-ASYNCSTDOUT
2026-04-09 21:13:19,048 [INFO] in AsyncAppender-Worker-ASYNCSTDOUT - 	at java.base/jdk.internal.reflect.DirectMethodHandleAccessor.invoke(DirectMethodHandleAccessor.java:118)AsyncAppender-Worker-ASYNCSTDOUT
2026-04-09 21:13:19,048 [INFO] in AsyncAppender-Worker-ASYNCSTDOUT - 	at java.base/java.lang.reflect.Method.invoke(Method.java:580)AsyncAppender-Worker-ASYNCSTDOUT
2026-04-09 21:13:19,048 [INFO] in AsyncAppender-Worker-ASYNCSTDOUT - 	at simplefx.util.ReflectionUtil$UseReflection.applyDynamic(ReflectionUtil.scala:21)AsyncAppender-Worker-ASYNCSTDOUT
2026-04-09 21:13:19,048 [INFO] in AsyncAppender-Worker-ASYNCSTDOUT - 	at com.jpro.meta.tk.SceneInputListener.processInputInScene(SceneInputListener.scala:304)AsyncAppender-Worker-ASYNCSTDOUT
2026-04-09 21:13:19,048 [INFO] in AsyncAppender-Worker-ASYNCSTDOUT - 	at com.jpro.meta.tk.SceneInputListener.processInput(SceneInputListener.scala:203)AsyncAppender-Worker-ASYNCSTDOUT
2026-04-09 21:13:19,048 [INFO] in AsyncAppender-Worker-ASYNCSTDOUT - 	at com.jpro.meta.tk.SceneInputListener.processInputs(SceneInputListener.scala:133)AsyncAppender-Worker-ASYNCSTDOUT
2026-04-09 21:13:19,048 [INFO] in AsyncAppender-Worker-ASYNCSTDOUT - 	at com.jpro.meta.tk.SceneInputListener.processOrRequest(SceneInputListener.scala:41)AsyncAppender-Worker-ASYNCSTDOUT
2026-04-09 21:13:19,048 [INFO] in AsyncAppender-Worker-ASYNCSTDOUT - 	at com.jpro.meta.tk.SceneInputListener.$anonfun$new$4(SceneInputListener.scala:59)AsyncAppender-Worker-ASYNCSTDOUT
2026-04-09 21:13:19,048 [INFO] in AsyncAppender-Worker-ASYNCSTDOUT - 	at scala.runtime.java8.JFunction0$mcV$sp.apply(JFunction0$mcV$sp.java:23)AsyncAppender-Worker-ASYNCSTDOUT
2026-04-09 21:13:19,048 [INFO] in AsyncAppender-Worker-ASYNCSTDOUT - 	at simplefx.cores.standard.parts.CoreTimeEvent$$anon$3.run(CoreTimeEvent.scala:62)AsyncAppender-Worker-ASYNCSTDOUT
2026-04-09 21:13:19,048 [INFO] in AsyncAppender-Worker-ASYNCSTDOUT - Caused by: java.lang.reflect.InvocationTargetException: nullAsyncAppender-Worker-ASYNCSTDOUT
2026-04-09 21:13:19,048 [INFO] in AsyncAppender-Worker-ASYNCSTDOUT - 	at java.base/jdk.internal.reflect.DirectMethodHandleAccessor.invoke(DirectMethodHandleAccessor.java:118)AsyncAppender-Worker-ASYNCSTDOUT
2026-04-09 21:13:19,048 [INFO] in AsyncAppender-Worker-ASYNCSTDOUT - 	at java.base/java.lang.reflect.Method.invoke(Method.java:580)AsyncAppender-Worker-ASYNCSTDOUT
2026-04-09 21:13:19,048 [INFO] in AsyncAppender-Worker-ASYNCSTDOUT - 	at simplefx.util.ReflectionUtil$UseReflection.applyDynamic(ReflectionUtil.scala:21)AsyncAppender-Worker-ASYNCSTDOUT
2026-04-09 21:13:19,048 [INFO] in AsyncAppender-Worker-ASYNCSTDOUT - 	at com.sun.glass.ui.monocle.input.fork.NativeMouseInput.notifyMouse(NativeMouseInput.scala:330)AsyncAppender-Worker-ASYNCSTDOUT
2026-04-09 21:13:19,048 [INFO] in AsyncAppender-Worker-ASYNCSTDOUT - 	at com.sun.glass.ui.monocle.input.fork.NativeMouseInput.postMouseEvent(NativeMouseInput.scala:226)AsyncAppender-Worker-ASYNCSTDOUT
2026-04-09 21:13:19,048 [INFO] in AsyncAppender-Worker-ASYNCSTDOUT - 	at com.sun.glass.ui.monocle.input.fork.NativeMouseInput.setState(NativeMouseInput.scala:186)AsyncAppender-Worker-ASYNCSTDOUT
2026-04-09 21:13:19,048 [INFO] in AsyncAppender-Worker-ASYNCSTDOUT - 	at java.base/jdk.internal.reflect.DirectMethodHandleAccessor.invoke(DirectMethodHandleAccessor.java:103)AsyncAppender-Worker-ASYNCSTDOUT
2026-04-09 21:13:19,048 [INFO] in AsyncAppender-Worker-ASYNCSTDOUT - 	at java.base/java.lang.reflect.Method.invoke(Method.java:580)AsyncAppender-Worker-ASYNCSTDOUT
2026-04-09 21:13:19,048 [INFO] in AsyncAppender-Worker-ASYNCSTDOUT - 	at simplefx.util.ReflectionUtil$UseReflection.applyDynamic(ReflectionUtil.scala:21)AsyncAppender-Worker-ASYNCSTDOUT
2026-04-09 21:13:19,048 [INFO] in AsyncAppender-Worker-ASYNCSTDOUT - 	at com.jpro.meta.tk.SceneInputListener.processInputInScene(SceneInputListener.scala:304)AsyncAppender-Worker-ASYNCSTDOUT
2026-04-09 21:13:19,048 [INFO] in AsyncAppender-Worker-ASYNCSTDOUT - Caused by: java.lang.UnsupportedOperationException: nullAsyncAppender-Worker-ASYNCSTDOUT
2026-04-09 21:13:19,048 [INFO] in AsyncAppender-Worker-ASYNCSTDOUT - 	at com.sun.glass.ui.monocle.MonocleApplication.staticCommonDialogs_showFileChooser(MonocleApplication.java:273)AsyncAppender-Worker-ASYNCSTDOUT
2026-04-09 21:13:19,049 [INFO] in AsyncAppender-Worker-ASYNCSTDOUT - 	at com.sun.glass.ui.CommonDialogs.showFileChooser(CommonDialogs.java:213)AsyncAppender-Worker-ASYNCSTDOUT
2026-04-09 21:13:19,049 [INFO] in AsyncAppender-Worker-ASYNCSTDOUT - 	at com.sun.javafx.tk.quantum.QuantumToolkit.showFileChooser(QuantumToolkit.java:1737)AsyncAppender-Worker-ASYNCSTDOUT
2026-04-09 21:13:19,049 [INFO] in AsyncAppender-Worker-ASYNCSTDOUT - 	at javafx.stage.FileChooser.showDialog(FileChooser.java:396)AsyncAppender-Worker-ASYNCSTDOUT
2026-04-09 21:13:19,049 [INFO] in AsyncAppender-Worker-ASYNCSTDOUT - 	at javafx.stage.FileChooser.showOpenDialog(FileChooser.java:331)AsyncAppender-Worker-ASYNCSTDOUT
2026-04-09 21:13:19,049 [INFO] in AsyncAppender-Worker-ASYNCSTDOUT - 	at com.visualshop.controller.ShopController.openVisualSearch(ShopController.java:817)AsyncAppender-Worker-ASYNCSTDOUT
2026-04-09 21:13:19,049 [INFO] in AsyncAppender-Worker-ASYNCSTDOUT - 	at com.visualshop.controller.ShopController.lambda$buildNavbar$6(ShopController.java:172)AsyncAppender-Worker-ASYNCSTDOUT
2026-04-09 21:13:19,049 [INFO] in AsyncAppender-Worker-ASYNCSTDOUT - 	at com.sun.javafx.event.CompositeEventHandler.dispatchBubblingEvent(CompositeEventHandler.java:86)AsyncAppender-Worker-ASYNCSTDOUT
2026-04-09 21:13:19,049 [INFO] in AsyncAppender-Worker-ASYNCSTDOUT - 	at com.sun.javafx.event.EventHandlerManager.dispatchBubblingEvent(EventHandlerManager.java:232)AsyncAppender-Worker-ASYNCSTDOUT
2026-04-09 21:13:19,049 [INFO] in AsyncAppender-Worker-ASYNCSTDOUT - 	at com.sun.javafx.event.EventHandlerManager.dispatchBubblingEvent(EventHandlerManager.java:189)AsyncAppender-Worker-ASYNCSTDOUT
2026-04-09 21:13:19,172 [INFO] in AsyncAppender-Worker-ASYNCSTDOUT - [[1;31mERROR[0;39m] c.j.m.t.SceneInputListener - Error while processing the input: MouseEventToken(MouseReleased,279.20001220703125,35.20000076293945,MouseButtonToken(3),false,false,false,false,false,false,false,false) app: stage title: Visual Product Discovery & Shopping Management SystemAsyncAppender-Worker-ASYNCSTDOUT
2026-04-09 21:13:19,173 [INFO] in AsyncAppender-Worker-ASYNCSTDOUT - java.lang.reflect.InvocationTargetException: nullAsyncAppender-Worker-ASYNCSTDOUT
2026-04-09 21:13:19,173 [INFO] in AsyncAppender-Worker-ASYNCSTDOUT - 	at java.base/jdk.internal.reflect.DirectMethodHandleAccessor.invoke(DirectMethodHandleAccessor.java:118)AsyncAppender-Worker-ASYNCSTDOUT
2026-04-09 21:13:19,173 [INFO] in AsyncAppender-Worker-ASYNCSTDOUT - 	at java.base/java.lang.reflect.Method.invoke(Method.java:580)AsyncAppender-Worker-ASYNCSTDOUT
2026-04-09 21:13:19,173 [INFO] in AsyncAppender-Worker-ASYNCSTDOUT - 	at simplefx.util.ReflectionUtil$UseReflection.applyDynamic(ReflectionUtil.scala:21)AsyncAppender-Worker-ASYNCSTDOUT
2026-04-09 21:13:19,173 [INFO] in AsyncAppender-Worker-ASYNCSTDOUT - 	at com.jpro.meta.tk.SceneInputListener.processInputInScene(SceneInputListener.scala:304)AsyncAppender-Worker-ASYNCSTDOUT
2026-04-09 21:13:19,173 [INFO] in AsyncAppender-Worker-ASYNCSTDOUT - 	at com.jpro.meta.tk.SceneInputListener.processInput(SceneInputListener.scala:203)AsyncAppender-Worker-ASYNCSTDOUT
2026-04-09 21:13:19,173 [INFO] in AsyncAppender-Worker-ASYNCSTDOUT - 	at com.jpro.meta.tk.SceneInputListener.processInputs(SceneInputListener.scala:133)AsyncAppender-Worker-ASYNCSTDOUT
2026-04-09 21:13:19,173 [INFO] in AsyncAppender-Worker-ASYNCSTDOUT - 	at com.jpro.meta.tk.SceneInputListener.processOrRequest(SceneInputListener.scala:41)AsyncAppender-Worker-ASYNCSTDOUT
2026-04-09 21:13:19,173 [INFO] in AsyncAppender-Worker-ASYNCSTDOUT - 	at com.jpro.meta.tk.SceneInputListener.$anonfun$new$4(SceneInputListener.scala:59)AsyncAppender-Worker-ASYNCSTDOUT
2026-04-09 21:13:19,173 [INFO] in AsyncAppender-Worker-ASYNCSTDOUT - 	at scala.runtime.java8.JFunction0$mcV$sp.apply(JFunction0$mcV$sp.java:23)AsyncAppender-Worker-ASYNCSTDOUT
2026-04-09 21:13:19,173 [INFO] in AsyncAppender-Worker-ASYNCSTDOUT - 	at simplefx.cores.standard.parts.CoreTimeEvent$$anon$3.run(CoreTimeEvent.scala:62)AsyncAppender-Worker-ASYNCSTDOUT
2026-04-09 21:13:19,173 [INFO] in AsyncAppender-Worker-ASYNCSTDOUT - Caused by: java.lang.reflect.InvocationTargetException: nullAsyncAppender-Worker-ASYNCSTDOUT
2026-04-09 21:13:19,173 [INFO] in AsyncAppender-Worker-ASYNCSTDOUT - 	at java.base/jdk.internal.reflect.DirectMethodHandleAccessor.invoke(DirectMethodHandleAccessor.java:118)AsyncAppender-Worker-ASYNCSTDOUT
2026-04-09 21:13:19,173 [INFO] in AsyncAppender-Worker-ASYNCSTDOUT - 	at java.base/java.lang.reflect.Method.invoke(Method.java:580)AsyncAppender-Worker-ASYNCSTDOUT
2026-04-09 21:13:19,173 [INFO] in AsyncAppender-Worker-ASYNCSTDOUT - 	at simplefx.util.ReflectionUtil$UseReflection.applyDynamic(ReflectionUtil.scala:21)AsyncAppender-Worker-ASYNCSTDOUT
2026-04-09 21:13:19,173 [INFO] in AsyncAppender-Worker-ASYNCSTDOUT - 	at com.sun.glass.ui.monocle.input.fork.NativeMouseInput.notifyMouse(NativeMouseInput.scala:330)AsyncAppender-Worker-ASYNCSTDOUT
2026-04-09 21:13:19,173 [INFO] in AsyncAppender-Worker-ASYNCSTDOUT - 	at com.sun.glass.ui.monocle.input.fork.NativeMouseInput.postMouseEvent(NativeMouseInput.scala:226)AsyncAppender-Worker-ASYNCSTDOUT
2026-04-09 21:13:19,173 [INFO] in AsyncAppender-Worker-ASYNCSTDOUT - 	at com.sun.glass.ui.monocle.input.fork.NativeMouseInput.setState(NativeMouseInput.scala:186)AsyncAppender-Worker-ASYNCSTDOUT
2026-04-09 21:13:19,173 [INFO] in AsyncAppender-Worker-ASYNCSTDOUT - 	at java.base/jdk.internal.reflect.DirectMethodHandleAccessor.invoke(DirectMethodHandleAccessor.java:103)AsyncAppender-Worker-ASYNCSTDOUT
2026-04-09 21:13:19,173 [INFO] in AsyncAppender-Worker-ASYNCSTDOUT - 	at java.base/java.lang.reflect.Method.invoke(Method.java:580)AsyncAppender-Worker-ASYNCSTDOUT
2026-04-09 21:13:19,173 [INFO] in AsyncAppender-Worker-ASYNCSTDOUT - 	at simplefx.util.ReflectionUtil$UseReflection.applyDynamic(ReflectionUtil.scala:21)AsyncAppender-Worker-ASYNCSTDOUT
2026-04-09 21:13:19,173 [INFO] in AsyncAppender-Worker-ASYNCSTDOUT - 	at com.jpro.meta.tk.SceneInputListener.processInputInScene(SceneInputListener.scala:304)AsyncAppender-Worker-ASYNCSTDOUT
2026-04-09 21:13:19,173 [INFO] in AsyncAppender-Worker-ASYNCSTDOUT - Caused by: java.lang.UnsupportedOperationException: nullAsyncAppender-Worker-ASYNCSTDOUT
2026-04-09 21:13:19,173 [INFO] in AsyncAppender-Worker-ASYNCSTDOUT - 	at com.sun.glass.ui.monocle.MonocleApplication.staticCommonDialogs_showFileChooser(MonocleApplication.java:273)AsyncAppender-Worker-ASYNCSTDOUT
2026-04-09 21:13:19,173 [INFO] in AsyncAppender-Worker-ASYNCSTDOUT - 	at com.sun.glass.ui.CommonDialogs.showFileChooser(CommonDialogs.java:213)AsyncAppender-Worker-ASYNCSTDOUT
2026-04-09 21:13:19,173 [INFO] in AsyncAppender-Worker-ASYNCSTDOUT - 	at com.sun.javafx.tk.quantum.QuantumToolkit.showFileChooser(QuantumToolkit.java:1737)AsyncAppender-Worker-ASYNCSTDOUT
2026-04-09 21:13:19,173 [INFO] in AsyncAppender-Worker-ASYNCSTDOUT - 	at javafx.stage.FileChooser.showDialog(FileChooser.java:396)AsyncAppender-Worker-ASYNCSTDOUT
2026-04-09 21:13:19,173 [INFO] in AsyncAppender-Worker-ASYNCSTDOUT - 	at javafx.stage.FileChooser.showOpenDialog(FileChooser.java:331)AsyncAppender-Worker-ASYNCSTDOUT
2026-04-09 21:13:19,173 [INFO] in AsyncAppender-Worker-ASYNCSTDOUT - 	at com.visualshop.controller.ShopController.openVisualSearch(ShopController.java:817)AsyncAppender-Worker-ASYNCSTDOUT
2026-04-09 21:13:19,173 [INFO] in AsyncAppender-Worker-ASYNCSTDOUT - 	at com.visualshop.controller.ShopController.lambda$buildNavbar$6(ShopController.java:172)AsyncAppender-Worker-ASYNCSTDOUT
2026-04-09 21:13:19,173 [INFO] in AsyncAppender-Worker-ASYNCSTDOUT - 	at com.sun.javafx.event.CompositeEventHandler.dispatchBubblingEvent(CompositeEventHandler.java:86)AsyncAppender-Worker-ASYNCSTDOUT
2026-04-09 21:13:19,173 [INFO] in AsyncAppender-Worker-ASYNCSTDOUT - 	at com.sun.javafx.event.EventHandlerManager.dispatchBubblingEvent(EventHandlerManager.java:232)AsyncAppender-Worker-ASYNCSTDOUT
2026-04-09 21:13:19,173 [INFO] in AsyncAppender-Worker-ASYNCSTDOUT - 	at com.sun.javafx.event.EventHandlerManager.dispatchBubblingEvent(EventHandlerManager.java:189)AsyncAppender-Worker-ASYNCSTDOUT
2026-04-09 21:13:19,295 [INFO] in AsyncAppender-Worker-ASYNCSTDOUT - [[1;31mERROR[0;39m] c.j.m.t.SceneInputListener - Error while processing the input: MouseEventToken(MouseReleased,279.20001220703125,35.20000076293945,MouseButtonToken(3),false,false,false,false,false,false,false,false) app: stage title: Visual Product Discovery & Shopping Management SystemAsyncAppender-Worker-ASYNCSTDOUT
2026-04-09 21:13:19,295 [INFO] in AsyncAppender-Worker-ASYNCSTDOUT - java.lang.reflect.InvocationTargetException: nullAsyncAppender-Worker-ASYNCSTDOUT
2026-04-09 21:13:19,295 [INFO] in AsyncAppender-Worker-ASYNCSTDOUT - 	at java.base/jdk.internal.reflect.DirectMethodHandleAccessor.invoke(DirectMethodHandleAccessor.java:118)AsyncAppender-Worker-ASYNCSTDOUT
2026-04-09 21:13:19,295 [INFO] in AsyncAppender-Worker-ASYNCSTDOUT - 	at java.base/java.lang.reflect.Method.invoke(Method.java:580)AsyncAppender-Worker-ASYNCSTDOUT
2026-04-09 21:13:19,295 [INFO] in AsyncAppender-Worker-ASYNCSTDOUT - 	at simplefx.util.ReflectionUtil$UseReflection.applyDynamic(ReflectionUtil.scala:21)AsyncAppender-Worker-ASYNCSTDOUT
2026-04-09 21:13:19,295 [INFO] in AsyncAppender-Worker-ASYNCSTDOUT - 	at com.jpro.meta.tk.SceneInputListener.processInputInScene(SceneInputListener.scala:304)AsyncAppender-Worker-ASYNCSTDOUT
2026-04-09 21:13:19,295 [INFO] in AsyncAppender-Worker-ASYNCSTDOUT - 	at com.jpro.meta.tk.SceneInputListener.processInput(SceneInputListener.scala:203)AsyncAppender-Worker-ASYNCSTDOUT
2026-04-09 21:13:19,295 [INFO] in AsyncAppender-Worker-ASYNCSTDOUT - 	at com.jpro.meta.tk.SceneInputListener.processInputs(SceneInputListener.scala:133)AsyncAppender-Worker-ASYNCSTDOUT
2026-04-09 21:13:19,295 [INFO] in AsyncAppender-Worker-ASYNCSTDOUT - 	at com.jpro.meta.tk.SceneInputListener.processOrRequest(SceneInputListener.scala:41)AsyncAppender-Worker-ASYNCSTDOUT
2026-04-09 21:13:19,295 [INFO] in AsyncAppender-Worker-ASYNCSTDOUT - 	at com.jpro.meta.tk.SceneInputListener.$anonfun$new$4(SceneInputListener.scala:59)AsyncAppender-Worker-ASYNCSTDOUT
2026-04-09 21:13:19,295 [INFO] in AsyncAppender-Worker-ASYNCSTDOUT - 	at scala.runtime.java8.JFunction0$mcV$sp.apply(JFunction0$mcV$sp.java:23)AsyncAppender-Worker-ASYNCSTDOUT
2026-04-09 21:13:19,295 [INFO] in AsyncAppender-Worker-ASYNCSTDOUT - 	at simplefx.cores.standard.parts.CoreTimeEvent$$anon$3.run(CoreTimeEvent.scala:62)AsyncAppender-Worker-ASYNCSTDOUT
2026-04-09 21:13:19,295 [INFO] in AsyncAppender-Worker-ASYNCSTDOUT - Caused by: java.lang.reflect.InvocationTargetException: nullAsyncAppender-Worker-ASYNCSTDOUT
2026-04-09 21:13:19,295 [INFO] in AsyncAppender-Worker-ASYNCSTDOUT - 	at java.base/jdk.internal.reflect.DirectMethodHandleAccessor.invoke(DirectMethodHandleAccessor.java:118)AsyncAppender-Worker-ASYNCSTDOUT
2026-04-09 21:13:19,295 [INFO] in AsyncAppender-Worker-ASYNCSTDOUT - 	at java.base/java.lang.reflect.Method.invoke(Method.java:580)AsyncAppender-Worker-ASYNCSTDOUT
2026-04-09 21:13:19,295 [INFO] in AsyncAppender-Worker-ASYNCSTDOUT - 	at simplefx.util.ReflectionUtil$UseReflection.applyDynamic(ReflectionUtil.scala:21)AsyncAppender-Worker-ASYNCSTDOUT
2026-04-09 21:13:19,295 [INFO] in AsyncAppender-Worker-ASYNCSTDOUT - 	at com.sun.glass.ui.monocle.input.fork.NativeMouseInput.notifyMouse(NativeMouseInput.scala:330)AsyncAppender-Worker-ASYNCSTDOUT
2026-04-09 21:13:19,295 [INFO] in AsyncAppender-Worker-ASYNCSTDOUT - 	at com.sun.glass.ui.monocle.input.fork.NativeMouseInput.postMouseEvent(NativeMouseInput.scala:226)AsyncAppender-Worker-ASYNCSTDOUT
2026-04-09 21:13:19,295 [INFO] in AsyncAppender-Worker-ASYNCSTDOUT - 	at com.sun.glass.ui.monocle.input.fork.NativeMouseInput.setState(NativeMouseInput.scala:186)AsyncAppender-Worker-ASYNCSTDOUT
2026-04-09 21:13:19,295 [INFO] in AsyncAppender-Worker-ASYNCSTDOUT - 	at java.base/jdk.internal.reflect.DirectMethodHandleAccessor.invoke(DirectMethodHandleAccessor.java:103)AsyncAppender-Worker-ASYNCSTDOUT
2026-04-09 21:13:19,296 [INFO] in AsyncAppender-Worker-ASYNCSTDOUT - 	at java.base/java.lang.reflect.Method.invoke(Method.java:580)AsyncAppender-Worker-ASYNCSTDOUT
2026-04-09 21:13:19,296 [INFO] in AsyncAppender-Worker-ASYNCSTDOUT - 	at simplefx.util.ReflectionUtil$UseReflection.applyDynamic(ReflectionUtil.scala:21)AsyncAppender-Worker-ASYNCSTDOUT
2026-04-09 21:13:19,296 [INFO] in AsyncAppender-Worker-ASYNCSTDOUT - 	at com.jpro.meta.tk.SceneInputListener.processInputInScene(SceneInputListener.scala:304)AsyncAppender-Worker-ASYNCSTDOUT
2026-04-09 21:13:19,296 [INFO] in AsyncAppender-Worker-ASYNCSTDOUT - Caused by: java.lang.UnsupportedOperationException: nullAsyncAppender-Worker-ASYNCSTDOUT
2026-04-09 21:13:19,296 [INFO] in AsyncAppender-Worker-ASYNCSTDOUT - 	at com.sun.glass.ui.monocle.MonocleApplication.staticCommonDialogs_showFileChooser(MonocleApplication.java:273)AsyncAppender-Worker-ASYNCSTDOUT
2026-04-09 21:13:19,296 [INFO] in AsyncAppender-Worker-ASYNCSTDOUT - 	at com.sun.glass.ui.CommonDialogs.showFileChooser(CommonDialogs.java:213)AsyncAppender-Worker-ASYNCSTDOUT
2026-04-09 21:13:19,296 [INFO] in AsyncAppender-Worker-ASYNCSTDOUT - 	at com.sun.javafx.tk.quantum.QuantumToolkit.showFileChooser(QuantumToolkit.java:1737)AsyncAppender-Worker-ASYNCSTDOUT
2026-04-09 21:13:19,296 [INFO] in AsyncAppender-Worker-ASYNCSTDOUT - 	at javafx.stage.FileChooser.showDialog(FileChooser.java:396)AsyncAppender-Worker-ASYNCSTDOUT
2026-04-09 21:13:19,296 [INFO] in AsyncAppender-Worker-ASYNCSTDOUT - 	at javafx.stage.FileChooser.showOpenDialog(FileChooser.java:331)AsyncAppender-Worker-ASYNCSTDOUT
2026-04-09 21:13:19,296 [INFO] in AsyncAppender-Worker-ASYNCSTDOUT - 	at com.visualshop.controller.ShopController.openVisualSearch(ShopController.java:817)AsyncAppender-Worker-ASYNCSTDOUT
2026-04-09 21:13:19,296 [INFO] in AsyncAppender-Worker-ASYNCSTDOUT - 	at com.visualshop.controller.ShopController.lambda$buildNavbar$6(ShopController.java:172)AsyncAppender-Worker-ASYNCSTDOUT
2026-04-09 21:13:19,296 [INFO] in AsyncAppender-Worker-ASYNCSTDOUT - 	at com.sun.javafx.event.CompositeEventHandler.dispatchBubblingEvent(CompositeEventHandler.java:86)AsyncAppender-Worker-ASYNCSTDOUT
2026-04-09 21:13:19,296 [INFO] in AsyncAppender-Worker-ASYNCSTDOUT - 	at com.sun.javafx.event.EventHandlerManager.dispatchBubblingEvent(EventHandlerManager.java:232)AsyncAppender-Worker-ASYNCSTDOUT
2026-04-09 21:13:19,296 [INFO] in AsyncAppender-Worker-ASYNCSTDOUT - 	at com.sun.javafx.event.EventHandlerManager.dispatchBubblingEvent(EventHandlerManager.java:189)AsyncAppender-Worker-ASYNCSTDOUT
2026-04-09 21:13:19,468 [INFO] in AsyncAppender-Worker-ASYNCSTDOUT - [[1;31mERROR[0;39m] c.j.m.t.SceneInputListener - Error while processing the input: MouseEventToken(MouseReleased,279.20001220703125,35.20000076293945,MouseButtonToken(3),false,false,false,false,false,false,false,false) app: stage title: Visual Product Discovery & Shopping Management SystemAsyncAppender-Worker-ASYNCSTDOUT
2026-04-09 21:13:19,468 [INFO] in AsyncAppender-Worker-ASYNCSTDOUT - java.lang.reflect.InvocationTargetException: nullAsyncAppender-Worker-ASYNCSTDOUT
2026-04-09 21:13:19,468 [INFO] in AsyncAppender-Worker-ASYNCSTDOUT - 	at java.base/jdk.internal.reflect.DirectMethodHandleAccessor.invoke(DirectMethodHandleAccessor.java:118)AsyncAppender-Worker-ASYNCSTDOUT
2026-04-09 21:13:19,468 [INFO] in AsyncAppender-Worker-ASYNCSTDOUT - 	at java.base/java.lang.reflect.Method.invoke(Method.java:580)AsyncAppender-Worker-ASYNCSTDOUT
2026-04-09 21:13:19,468 [INFO] in AsyncAppender-Worker-ASYNCSTDOUT - 	at simplefx.util.ReflectionUtil$UseReflection.applyDynamic(ReflectionUtil.scala:21)AsyncAppender-Worker-ASYNCSTDOUT
2026-04-09 21:13:19,468 [INFO] in AsyncAppender-Worker-ASYNCSTDOUT - 	at com.jpro.meta.tk.SceneInputListener.processInputInScene(SceneInputListener.scala:304)AsyncAppender-Worker-ASYNCSTDOUT
2026-04-09 21:13:19,468 [INFO] in AsyncAppender-Worker-ASYNCSTDOUT - 	at com.jpro.meta.tk.SceneInputListener.processInput(SceneInputListener.scala:203)AsyncAppender-Worker-ASYNCSTDOUT
2026-04-09 21:13:19,468 [INFO] in AsyncAppender-Worker-ASYNCSTDOUT - 	at com.jpro.meta.tk.SceneInputListener.processInputs(SceneInputListener.scala:133)AsyncAppender-Worker-ASYNCSTDOUT
2026-04-09 21:13:19,468 [INFO] in AsyncAppender-Worker-ASYNCSTDOUT - 	at com.jpro.meta.tk.SceneInputListener.processOrRequest(SceneInputListener.scala:41)AsyncAppender-Worker-ASYNCSTDOUT
2026-04-09 21:13:19,468 [INFO] in AsyncAppender-Worker-ASYNCSTDOUT - 	at com.jpro.meta.tk.SceneInputListener.$anonfun$new$4(SceneInputListener.scala:59)AsyncAppender-Worker-ASYNCSTDOUT
2026-04-09 21:13:19,468 [INFO] in AsyncAppender-Worker-ASYNCSTDOUT - 	at scala.runtime.java8.JFunction0$mcV$sp.apply(JFunction0$mcV$sp.java:23)AsyncAppender-Worker-ASYNCSTDOUT
2026-04-09 21:13:19,468 [INFO] in AsyncAppender-Worker-ASYNCSTDOUT - 	at simplefx.cores.standard.parts.CoreTimeEvent$$anon$3.run(CoreTimeEvent.scala:62)AsyncAppender-Worker-ASYNCSTDOUT
2026-04-09 21:13:19,468 [INFO] in AsyncAppender-Worker-ASYNCSTDOUT - Caused by: java.lang.reflect.InvocationTargetException: nullAsyncAppender-Worker-ASYNCSTDOUT
2026-04-09 21:13:19,468 [INFO] in AsyncAppender-Worker-ASYNCSTDOUT - 	at java.base/jdk.internal.reflect.DirectMethodHandleAccessor.invoke(DirectMethodHandleAccessor.java:118)AsyncAppender-Worker-ASYNCSTDOUT
2026-04-09 21:13:19,468 [INFO] in AsyncAppender-Worker-ASYNCSTDOUT - 	at java.base/java.lang.reflect.Method.invoke(Method.java:580)AsyncAppender-Worker-ASYNCSTDOUT
2026-04-09 21:13:19,468 [INFO] in AsyncAppender-Worker-ASYNCSTDOUT - 	at simplefx.util.ReflectionUtil$UseReflection.applyDynamic(ReflectionUtil.scala:21)AsyncAppender-Worker-ASYNCSTDOUT
2026-04-09 21:13:19,468 [INFO] in AsyncAppender-Worker-ASYNCSTDOUT - 	at com.sun.glass.ui.monocle.input.fork.NativeMouseInput.notifyMouse(NativeMouseInput.scala:330)AsyncAppender-Worker-ASYNCSTDOUT
2026-04-09 21:13:19,468 [INFO] in AsyncAppender-Worker-ASYNCSTDOUT - 	at com.sun.glass.ui.monocle.input.fork.NativeMouseInput.postMouseEvent(NativeMouseInput.scala:226)AsyncAppender-Worker-ASYNCSTDOUT
2026-04-09 21:13:19,468 [INFO] in AsyncAppender-Worker-ASYNCSTDOUT - 	at com.sun.glass.ui.monocle.input.fork.NativeMouseInput.setState(NativeMouseInput.scala:186)AsyncAppender-Worker-ASYNCSTDOUT
2026-04-09 21:13:19,468 [INFO] in AsyncAppender-Worker-ASYNCSTDOUT - 	at java.base/jdk.internal.reflect.DirectMethodHandleAccessor.invoke(DirectMethodHandleAccessor.java:103)AsyncAppender-Worker-ASYNCSTDOUT
2026-04-09 21:13:19,468 [INFO] in AsyncAppender-Worker-ASYNCSTDOUT - 	at java.base/java.lang.reflect.Method.invoke(Method.java:580)AsyncAppender-Worker-ASYNCSTDOUT
2026-04-09 21:13:19,468 [INFO] in AsyncAppender-Worker-ASYNCSTDOUT - 	at simplefx.util.ReflectionUtil$UseReflection.applyDynamic(ReflectionUtil.scala:21)AsyncAppender-Worker-ASYNCSTDOUT
2026-04-09 21:13:19,468 [INFO] in AsyncAppender-Worker-ASYNCSTDOUT - 	at com.jpro.meta.tk.SceneInputListener.processInputInScene(SceneInputListener.scala:304)AsyncAppender-Worker-ASYNCSTDOUT
2026-04-09 21:13:19,469 [INFO] in AsyncAppender-Worker-ASYNCSTDOUT - Caused by: java.lang.UnsupportedOperationException: nullAsyncAppender-Worker-ASYNCSTDOUT
2026-04-09 21:13:19,469 [INFO] in AsyncAppender-Worker-ASYNCSTDOUT - 	at com.sun.glass.ui.monocle.MonocleApplication.staticCommonDialogs_showFileChooser(MonocleApplication.java:273)AsyncAppender-Worker-ASYNCSTDOUT
2026-04-09 21:13:19,469 [INFO] in AsyncAppender-Worker-ASYNCSTDOUT - 	at com.sun.glass.ui.CommonDialogs.showFileChooser(CommonDialogs.java:213)AsyncAppender-Worker-ASYNCSTDOUT
2026-04-09 21:13:19,469 [INFO] in AsyncAppender-Worker-ASYNCSTDOUT - 	at com.sun.javafx.tk.quantum.QuantumToolkit.showFileChooser(QuantumToolkit.java:1737)AsyncAppender-Worker-ASYNCSTDOUT
2026-04-09 21:13:19,469 [INFO] in AsyncAppender-Worker-ASYNCSTDOUT - 	at javafx.stage.FileChooser.showDialog(FileChooser.java:396)AsyncAppender-Worker-ASYNCSTDOUT
2026-04-09 21:13:19,469 [INFO] in AsyncAppender-Worker-ASYNCSTDOUT - 	at javafx.stage.FileChooser.showOpenDialog(FileChooser.java:331)AsyncAppender-Worker-ASYNCSTDOUT
2026-04-09 21:13:19,469 [INFO] in AsyncAppender-Worker-ASYNCSTDOUT - 	at com.visualshop.controller.ShopController.openVisualSearch(ShopController.java:817)AsyncAppender-Worker-ASYNCSTDOUT
2026-04-09 21:13:19,469 [INFO] in AsyncAppender-Worker-ASYNCSTDOUT - 	at com.visualshop.controller.ShopController.lambda$buildNavbar$6(ShopController.java:172)AsyncAppender-Worker-ASYNCSTDOUT
2026-04-09 21:13:19,469 [INFO] in AsyncAppender-Worker-ASYNCSTDOUT - 	at com.sun.javafx.event.CompositeEventHandler.dispatchBubblingEvent(CompositeEventHandler.java:86)AsyncAppender-Worker-ASYNCSTDOUT
2026-04-09 21:13:19,469 [INFO] in AsyncAppender-Worker-ASYNCSTDOUT - 	at com.sun.javafx.event.EventHandlerManager.dispatchBubblingEvent(EventHandlerManager.java:232)AsyncAppender-Worker-ASYNCSTDOUT
2026-04-09 21:13:19,469 [INFO] in AsyncAppender-Worker-ASYNCSTDOUT - 	at com.sun.javafx.event.EventHandlerManager.dispatchBubblingEvent(EventHandlerManager.java:189)AsyncAppender-Worker-ASYNCSTDOUT
2026-04-09 21:13:19,789 [INFO] in AsyncAppender-Worker-ASYNCSTDOUT - [[1;31mERROR[0;39m] c.j.m.t.SceneInputListener - Error while processing the input: MouseEventToken(MouseMoved,295.20001220703125,37.60000228881836,MouseButtonToken(2),false,false,false,false,false,false,false,false) app: stage title: Visual Product Discovery & Shopping Management SystemAsyncAppender-Worker-ASYNCSTDOUT
2026-04-09 21:13:19,789 [INFO] in AsyncAppender-Worker-ASYNCSTDOUT - java.lang.reflect.InvocationTargetException: nullAsyncAppender-Worker-ASYNCSTDOUT
2026-04-09 21:13:19,789 [INFO] in AsyncAppender-Worker-ASYNCSTDOUT - 	at java.base/jdk.internal.reflect.DirectMethodHandleAccessor.invoke(DirectMethodHandleAccessor.java:118)AsyncAppender-Worker-ASYNCSTDOUT
2026-04-09 21:13:19,789 [INFO] in AsyncAppender-Worker-ASYNCSTDOUT - 	at java.base/java.lang.reflect.Method.invoke(Method.java:580)AsyncAppender-Worker-ASYNCSTDOUT
2026-04-09 21:13:19,789 [INFO] in AsyncAppender-Worker-ASYNCSTDOUT - 	at simplefx.util.ReflectionUtil$UseReflection.applyDynamic(ReflectionUtil.scala:21)AsyncAppender-Worker-ASYNCSTDOUT
2026-04-09 21:13:19,789 [INFO] in AsyncAppender-Worker-ASYNCSTDOUT - 	at com.jpro.meta.tk.SceneInputListener.processInputInScene(SceneInputListener.scala:304)AsyncAppender-Worker-ASYNCSTDOUT
2026-04-09 21:13:19,789 [INFO] in AsyncAppender-Worker-ASYNCSTDOUT - 	at com.jpro.meta.tk.SceneInputListener.processInput(SceneInputListener.scala:206)AsyncAppender-Worker-ASYNCSTDOUT
2026-04-09 21:13:19,789 [INFO] in AsyncAppender-Worker-ASYNCSTDOUT - 	at com.jpro.meta.tk.SceneInputListener.processInputs(SceneInputListener.scala:133)AsyncAppender-Worker-ASYNCSTDOUT
2026-04-09 21:13:19,789 [INFO] in AsyncAppender-Worker-ASYNCSTDOUT - 	at com.jpro.meta.tk.SceneInputListener.processOrRequest(SceneInputListener.scala:41)AsyncAppender-Worker-ASYNCSTDOUT
2026-04-09 21:13:19,789 [INFO] in AsyncAppender-Worker-ASYNCSTDOUT - 	at com.jpro.meta.tk.SceneInputListener.$anonfun$new$4(SceneInputListener.scala:59)AsyncAppender-Worker-ASYNCSTDOUT
2026-04-09 21:13:19,789 [INFO] in AsyncAppender-Worker-ASYNCSTDOUT - 	at scala.runtime.java8.JFunction0$mcV$sp.apply(JFunction0$mcV$sp.java:23)AsyncAppender-Worker-ASYNCSTDOUT
2026-04-09 21:13:19,789 [INFO] in AsyncAppender-Worker-ASYNCSTDOUT - 	at simplefx.cores.standard.parts.CoreTimeEvent$$anon$3.run(CoreTimeEvent.scala:62)AsyncAppender-Worker-ASYNCSTDOUT
2026-04-09 21:13:19,789 [INFO] in AsyncAppender-Worker-ASYNCSTDOUT - Caused by: java.lang.reflect.InvocationTargetException: nullAsyncAppender-Worker-ASYNCSTDOUT
2026-04-09 21:13:19,789 [INFO] in AsyncAppender-Worker-ASYNCSTDOUT - 	at java.base/jdk.internal.reflect.DirectMethodHandleAccessor.invoke(DirectMethodHandleAccessor.java:118)AsyncAppender-Worker-ASYNCSTDOUT
2026-04-09 21:13:19,789 [INFO] in AsyncAppender-Worker-ASYNCSTDOUT - 	at java.base/java.lang.reflect.Method.invoke(Method.java:580)AsyncAppender-Worker-ASYNCSTDOUT
2026-04-09 21:13:19,789 [INFO] in AsyncAppender-Worker-ASYNCSTDOUT - 	at simplefx.util.ReflectionUtil$UseReflection.applyDynamic(ReflectionUtil.scala:21)AsyncAppender-Worker-ASYNCSTDOUT
2026-04-09 21:13:19,789 [INFO] in AsyncAppender-Worker-ASYNCSTDOUT - 	at com.sun.glass.ui.monocle.input.fork.NativeMouseInput.notifyMouse(NativeMouseInput.scala:330)AsyncAppender-Worker-ASYNCSTDOUT
2026-04-09 21:13:19,789 [INFO] in AsyncAppender-Worker-ASYNCSTDOUT - 	at com.sun.glass.ui.monocle.input.fork.NativeMouseInput.postMouseEvent(NativeMouseInput.scala:226)AsyncAppender-Worker-ASYNCSTDOUT
2026-04-09 21:13:19,789 [INFO] in AsyncAppender-Worker-ASYNCSTDOUT - 	at com.sun.glass.ui.monocle.input.fork.NativeMouseInput.setState(NativeMouseInput.scala:186)AsyncAppender-Worker-ASYNCSTDOUT
2026-04-09 21:13:19,789 [INFO] in AsyncAppender-Worker-ASYNCSTDOUT - 	at java.base/jdk.internal.reflect.DirectMethodHandleAccessor.invoke(DirectMethodHandleAccessor.java:103)AsyncAppender-Worker-ASYNCSTDOUT
2026-04-09 21:13:19,789 [INFO] in AsyncAppender-Worker-ASYNCSTDOUT - 	at java.base/java.lang.reflect.Method.invoke(Method.java:580)AsyncAppender-Worker-ASYNCSTDOUT
2026-04-09 21:13:19,789 [INFO] in AsyncAppender-Worker-ASYNCSTDOUT - 	at simplefx.util.ReflectionUtil$UseReflection.applyDynamic(ReflectionUtil.scala:21)AsyncAppender-Worker-ASYNCSTDOUT
2026-04-09 21:13:19,789 [INFO] in AsyncAppender-Worker-ASYNCSTDOUT - 	at com.jpro.meta.tk.SceneInputListener.processInputInScene(SceneInputListener.scala:304)AsyncAppender-Worker-ASYNCSTDOUT
2026-04-09 21:13:19,789 [INFO] in AsyncAppender-Worker-ASYNCSTDOUT - Caused by: java.lang.UnsupportedOperationException: nullAsyncAppender-Worker-ASYNCSTDOUT
2026-04-09 21:13:19,789 [INFO] in AsyncAppender-Worker-ASYNCSTDOUT - 	at com.sun.glass.ui.monocle.MonocleApplication.staticCommonDialogs_showFileChooser(MonocleApplication.java:273)AsyncAppender-Worker-ASYNCSTDOUT
2026-04-09 21:13:19,789 [INFO] in AsyncAppender-Worker-ASYNCSTDOUT - 	at com.sun.glass.ui.CommonDialogs.showFileChooser(CommonDialogs.java:213)AsyncAppender-Worker-ASYNCSTDOUT
2026-04-09 21:13:19,789 [INFO] in AsyncAppender-Worker-ASYNCSTDOUT - 	at com.sun.javafx.tk.quantum.QuantumToolkit.showFileChooser(QuantumToolkit.java:1737)AsyncAppender-Worker-ASYNCSTDOUT
2026-04-09 21:13:19,789 [INFO] in AsyncAppender-Worker-ASYNCSTDOUT - 	at javafx.stage.FileChooser.showDialog(FileChooser.java:396)AsyncAppender-Worker-ASYNCSTDOUT
2026-04-09 21:13:19,789 [INFO] in AsyncAppender-Worker-ASYNCSTDOUT - 	at javafx.stage.FileChooser.showOpenDialog(FileChooser.java:331)AsyncAppender-Worker-ASYNCSTDOUT
2026-04-09 21:13:19,789 [INFO] in AsyncAppender-Worker-ASYNCSTDOUT - 	at com.visualshop.controller.ShopController.openVisualSearch(ShopController.java:817)AsyncAppender-Worker-ASYNCSTDOUT
2026-04-09 21:13:19,789 [INFO] in AsyncAppender-Worker-ASYNCSTDOUT - 	at com.visualshop.controller.ShopController.lambda$buildNavbar$6(ShopController.java:172)AsyncAppender-Worker-ASYNCSTDOUT
2026-04-09 21:13:19,789 [INFO] in AsyncAppender-Worker-ASYNCSTDOUT - 	at com.sun.javafx.event.CompositeEventHandler.dispatchBubblingEvent(CompositeEventHandler.java:86)AsyncAppender-Worker-ASYNCSTDOUT
2026-04-09 21:13:19,789 [INFO] in AsyncAppender-Worker-ASYNCSTDOUT - 	at com.sun.javafx.event.EventHandlerManager.dispatchBubblingEvent(EventHandlerManager.java:232)AsyncAppender-Worker-ASYNCSTDOUT
2026-04-09 21:13:19,789 [INFO] in AsyncAppender-Worker-ASYNCSTDOUT - 	at com.sun.javafx.event.EventHandlerManager.dispatchBubblingEvent(EventHandlerManager.java:189)AsyncAppender-Worker-ASYNCSTDOUT
2026-04-09 21:13:19,796 [INFO] in AsyncAppender-Worker-ASYNCSTDOUT - [[1;31mERROR[0;39m] c.j.m.t.SceneInputListener - Error while processing the input: MouseEventToken(MouseMoved,316.8000183105469,40.79999923706055,MouseButtonToken(2),false,false,false,false,false,false,false,false) app: stage title: Visual Product Discovery & Shopping Management SystemAsyncAppender-Worker-ASYNCSTDOUT
2026-04-09 21:13:19,796 [INFO] in AsyncAppender-Worker-ASYNCSTDOUT - java.lang.reflect.InvocationTargetException: nullAsyncAppender-Worker-ASYNCSTDOUT
2026-04-09 21:13:19,796 [INFO] in AsyncAppender-Worker-ASYNCSTDOUT - 	at java.base/jdk.internal.reflect.DirectMethodHandleAccessor.invoke(DirectMethodHandleAccessor.java:118)AsyncAppender-Worker-ASYNCSTDOUT
2026-04-09 21:13:19,797 [INFO] in AsyncAppender-Worker-ASYNCSTDOUT - 	at java.base/java.lang.reflect.Method.invoke(Method.java:580)AsyncAppender-Worker-ASYNCSTDOUT
2026-04-09 21:13:19,797 [INFO] in AsyncAppender-Worker-ASYNCSTDOUT - 	at simplefx.util.ReflectionUtil$UseReflection.applyDynamic(ReflectionUtil.scala:21)AsyncAppender-Worker-ASYNCSTDOUT
2026-04-09 21:13:19,797 [INFO] in AsyncAppender-Worker-ASYNCSTDOUT - 	at com.jpro.meta.tk.SceneInputListener.processInputInScene(SceneInputListener.scala:304)AsyncAppender-Worker-ASYNCSTDOUT
2026-04-09 21:13:19,797 [INFO] in AsyncAppender-Worker-ASYNCSTDOUT - 	at com.jpro.meta.tk.SceneInputListener.processInput(SceneInputListener.scala:206)AsyncAppender-Worker-ASYNCSTDOUT
2026-04-09 21:13:19,797 [INFO] in AsyncAppender-Worker-ASYNCSTDOUT - 	at com.jpro.meta.tk.SceneInputListener.processInputs(SceneInputListener.scala:133)AsyncAppender-Worker-ASYNCSTDOUT
2026-04-09 21:13:19,797 [INFO] in AsyncAppender-Worker-ASYNCSTDOUT - 	at com.jpro.meta.tk.SceneInputListener.processOrRequest(SceneInputListener.scala:41)AsyncAppender-Worker-ASYNCSTDOUT
2026-04-09 21:13:19,797 [INFO] in AsyncAppender-Worker-ASYNCSTDOUT - 	at com.jpro.meta.tk.SceneInputListener.$anonfun$new$4(SceneInputListener.scala:59)AsyncAppender-Worker-ASYNCSTDOUT
2026-04-09 21:13:19,797 [INFO] in AsyncAppender-Worker-ASYNCSTDOUT - 	at scala.runtime.java8.JFunction0$mcV$sp.apply(JFunction0$mcV$sp.java:23)AsyncAppender-Worker-ASYNCSTDOUT
2026-04-09 21:13:19,797 [INFO] in AsyncAppender-Worker-ASYNCSTDOUT - 	at simplefx.cores.standard.parts.CoreTimeEvent$$anon$3.run(CoreTimeEvent.scala:62)AsyncAppender-Worker-ASYNCSTDOUT
2026-04-09 21:13:19,797 [INFO] in AsyncAppender-Worker-ASYNCSTDOUT - Caused by: java.lang.reflect.InvocationTargetException: nullAsyncAppender-Worker-ASYNCSTDOUT
2026-04-09 21:13:19,797 [INFO] in AsyncAppender-Worker-ASYNCSTDOUT - 	at java.base/jdk.internal.reflect.DirectMethodHandleAccessor.invoke(DirectMethodHandleAccessor.java:118)AsyncAppender-Worker-ASYNCSTDOUT
2026-04-09 21:13:19,797 [INFO] in AsyncAppender-Worker-ASYNCSTDOUT - 	at java.base/java.lang.reflect.Method.invoke(Method.java:580)AsyncAppender-Worker-ASYNCSTDOUT
2026-04-09 21:13:19,797 [INFO] in AsyncAppender-Worker-ASYNCSTDOUT - 	at simplefx.util.ReflectionUtil$UseReflection.applyDynamic(ReflectionUtil.scala:21)AsyncAppender-Worker-ASYNCSTDOUT
2026-04-09 21:13:19,797 [INFO] in AsyncAppender-Worker-ASYNCSTDOUT - 	at com.sun.glass.ui.monocle.input.fork.NativeMouseInput.notifyMouse(NativeMouseInput.scala:330)AsyncAppender-Worker-ASYNCSTDOUT
2026-04-09 21:13:19,797 [INFO] in AsyncAppender-Worker-ASYNCSTDOUT - 	at com.sun.glass.ui.monocle.input.fork.NativeMouseInput.postMouseEvent(NativeMouseInput.scala:226)AsyncAppender-Worker-ASYNCSTDOUT
2026-04-09 21:13:19,797 [INFO] in AsyncAppender-Worker-ASYNCSTDOUT - 	at com.sun.glass.ui.monocle.input.fork.NativeMouseInput.setState(NativeMouseInput.scala:186)AsyncAppender-Worker-ASYNCSTDOUT
2026-04-09 21:13:19,797 [INFO] in AsyncAppender-Worker-ASYNCSTDOUT - 	at java.base/jdk.internal.reflect.DirectMethodHandleAccessor.invoke(DirectMethodHandleAccessor.java:103)AsyncAppender-Worker-ASYNCSTDOUT
2026-04-09 21:13:19,797 [INFO] in AsyncAppender-Worker-ASYNCSTDOUT - 	at java.base/java.lang.reflect.Method.invoke(Method.java:580)AsyncAppender-Worker-ASYNCSTDOUT
2026-04-09 21:13:19,797 [INFO] in AsyncAppender-Worker-ASYNCSTDOUT - 	at simplefx.util.ReflectionUtil$UseReflection.applyDynamic(ReflectionUtil.scala:21)AsyncAppender-Worker-ASYNCSTDOUT
2026-04-09 21:13:19,797 [INFO] in AsyncAppender-Worker-ASYNCSTDOUT - 	at com.jpro.meta.tk.SceneInputListener.processInputInScene(SceneInputListener.scala:304)AsyncAppender-Worker-ASYNCSTDOUT
2026-04-09 21:13:19,797 [INFO] in AsyncAppender-Worker-ASYNCSTDOUT - Caused by: java.lang.UnsupportedOperationException: nullAsyncAppender-Worker-ASYNCSTDOUT
2026-04-09 21:13:19,797 [INFO] in AsyncAppender-Worker-ASYNCSTDOUT - 	at com.sun.glass.ui.monocle.MonocleApplication.staticCommonDialogs_showFileChooser(MonocleApplication.java:273)AsyncAppender-Worker-ASYNCSTDOUT
2026-04-09 21:13:19,797 [INFO] in AsyncAppender-Worker-ASYNCSTDOUT - 	at com.sun.glass.ui.CommonDialogs.showFileChooser(CommonDialogs.java:213)AsyncAppender-Worker-ASYNCSTDOUT
2026-04-09 21:13:19,797 [INFO] in AsyncAppender-Worker-ASYNCSTDOUT - 	at com.sun.javafx.tk.quantum.QuantumToolkit.showFileChooser(QuantumToolkit.java:1737)AsyncAppender-Worker-ASYNCSTDOUT
2026-04-09 21:13:19,797 [INFO] in AsyncAppender-Worker-ASYNCSTDOUT - 	at javafx.stage.FileChooser.showDialog(FileChooser.java:396)AsyncAppender-Worker-ASYNCSTDOUT
2026-04-09 21:13:19,797 [INFO] in AsyncAppender-Worker-ASYNCSTDOUT - 	at javafx.stage.FileChooser.showOpenDialog(FileChooser.java:331)AsyncAppender-Worker-ASYNCSTDOUT
2026-04-09 21:13:19,797 [INFO] in AsyncAppender-Worker-ASYNCSTDOUT - 	at com.visualshop.controller.ShopController.openVisualSearch(ShopController.java:817)AsyncAppender-Worker-ASYNCSTDOUT
2026-04-09 21:13:19,797 [INFO] in AsyncAppender-Worker-ASYNCSTDOUT - 	at com.visualshop.controller.ShopController.lambda$buildNavbar$6(ShopController.java:172)AsyncAppender-Worker-ASYNCSTDOUT
2026-04-09 21:13:19,797 [INFO] in AsyncAppender-Worker-ASYNCSTDOUT - 	at com.sun.javafx.event.CompositeEventHandler.dispatchBubblingEvent(CompositeEventHandler.java:86)AsyncAppender-Worker-ASYNCSTDOUT
2026-04-09 21:13:19,797 [INFO] in AsyncAppender-Worker-ASYNCSTDOUT - 	at com.sun.javafx.event.EventHandlerManager.dispatchBubblingEvent(EventHandlerManager.java:232)AsyncAppender-Worker-ASYNCSTDOUT
2026-04-09 21:13:19,797 [INFO] in AsyncAppender-Worker-ASYNCSTDOUT - 	at com.sun.javafx.event.EventHandlerManager.dispatchBubblingEvent(EventHandlerManager.java:189)AsyncAppender-Worker-ASYNCSTDOUT
2026-04-09 21:13:19,806 [INFO] in AsyncAppender-Worker-ASYNCSTDOUT - [[1;31mERROR[0;39m] c.j.m.t.SceneInputListener - Error while processing the input: MouseEventToken(MouseMoved,336.0,45.60000228881836,MouseButtonToken(2),false,false,false,false,false,false,false,false) app: stage title: Visual Product Discovery & Shopping Management SystemAsyncAppender-Worker-ASYNCSTDOUT
2026-04-09 21:13:19,806 [INFO] in AsyncAppender-Worker-ASYNCSTDOUT - java.lang.reflect.InvocationTargetException: nullAsyncAppender-Worker-ASYNCSTDOUT
2026-04-09 21:13:19,806 [INFO] in AsyncAppender-Worker-ASYNCSTDOUT - 	at java.base/jdk.internal.reflect.DirectMethodHandleAccessor.invoke(DirectMethodHandleAccessor.java:118)AsyncAppender-Worker-ASYNCSTDOUT
2026-04-09 21:13:19,806 [INFO] in AsyncAppender-Worker-ASYNCSTDOUT - 	at java.base/java.lang.reflect.Method.invoke(Method.java:580)AsyncAppender-Worker-ASYNCSTDOUT
2026-04-09 21:13:19,806 [INFO] in AsyncAppender-Worker-ASYNCSTDOUT - 	at simplefx.util.ReflectionUtil$UseReflection.applyDynamic(ReflectionUtil.scala:21)AsyncAppender-Worker-ASYNCSTDOUT
2026-04-09 21:13:19,806 [INFO] in AsyncAppender-Worker-ASYNCSTDOUT - 	at com.jpro.meta.tk.SceneInputListener.processInputInScene(SceneInputListener.scala:304)AsyncAppender-Worker-ASYNCSTDOUT
2026-04-09 21:13:19,806 [INFO] in AsyncAppender-Worker-ASYNCSTDOUT - 	at com.jpro.meta.tk.SceneInputListener.processInput(SceneInputListener.scala:206)AsyncAppender-Worker-ASYNCSTDOUT
2026-04-09 21:13:19,806 [INFO] in AsyncAppender-Worker-ASYNCSTDOUT - 	at com.jpro.meta.tk.SceneInputListener.processInputs(SceneInputListener.scala:133)AsyncAppender-Worker-ASYNCSTDOUT
2026-04-09 21:13:19,806 [INFO] in AsyncAppender-Worker-ASYNCSTDOUT - 	at com.jpro.meta.tk.SceneInputListener.processOrRequest(SceneInputListener.scala:41)AsyncAppender-Worker-ASYNCSTDOUT
2026-04-09 21:13:19,806 [INFO] in AsyncAppender-Worker-ASYNCSTDOUT - 	at com.jpro.meta.tk.SceneInputListener.$anonfun$processOrRequest$2(SceneInputListener.scala:48)AsyncAppender-Worker-ASYNCSTDOUT
2026-04-09 21:13:19,806 [INFO] in AsyncAppender-Worker-ASYNCSTDOUT - 	at scala.runtime.java8.JFunction0$mcV$sp.apply(JFunction0$mcV$sp.java:23)AsyncAppender-Worker-ASYNCSTDOUT
2026-04-09 21:13:19,806 [INFO] in AsyncAppender-Worker-ASYNCSTDOUT - 	at simplefx.cores.standard.parts.CoreTimeEvent$$anon$3.run(CoreTimeEvent.scala:62)AsyncAppender-Worker-ASYNCSTDOUT
2026-04-09 21:13:19,806 [INFO] in AsyncAppender-Worker-ASYNCSTDOUT - Caused by: java.lang.reflect.InvocationTargetException: nullAsyncAppender-Worker-ASYNCSTDOUT
2026-04-09 21:13:19,806 [INFO] in AsyncAppender-Worker-ASYNCSTDOUT - 	at java.base/jdk.internal.reflect.DirectMethodHandleAccessor.invoke(DirectMethodHandleAccessor.java:118)AsyncAppender-Worker-ASYNCSTDOUT
2026-04-09 21:13:19,806 [INFO] in AsyncAppender-Worker-ASYNCSTDOUT - 	at java.base/java.lang.reflect.Method.invoke(Method.java:580)AsyncAppender-Worker-ASYNCSTDOUT
2026-04-09 21:13:19,806 [INFO] in AsyncAppender-Worker-ASYNCSTDOUT - 	at simplefx.util.ReflectionUtil$UseReflection.applyDynamic(ReflectionUtil.scala:21)AsyncAppender-Worker-ASYNCSTDOUT
2026-04-09 21:13:19,806 [INFO] in AsyncAppender-Worker-ASYNCSTDOUT - 	at com.sun.glass.ui.monocle.input.fork.NativeMouseInput.notifyMouse(NativeMouseInput.scala:330)AsyncAppender-Worker-ASYNCSTDOUT
2026-04-09 21:13:19,806 [INFO] in AsyncAppender-Worker-ASYNCSTDOUT - 	at com.sun.glass.ui.monocle.input.fork.NativeMouseInput.postMouseEvent(NativeMouseInput.scala:226)AsyncAppender-Worker-ASYNCSTDOUT
2026-04-09 21:13:19,806 [INFO] in AsyncAppender-Worker-ASYNCSTDOUT - 	at com.sun.glass.ui.monocle.input.fork.NativeMouseInput.setState(NativeMouseInput.scala:186)AsyncAppender-Worker-ASYNCSTDOUT
2026-04-09 21:13:19,806 [INFO] in AsyncAppender-Worker-ASYNCSTDOUT - 	at java.base/jdk.internal.reflect.DirectMethodHandleAccessor.invoke(DirectMethodHandleAccessor.java:103)AsyncAppender-Worker-ASYNCSTDOUT
2026-04-09 21:13:19,806 [INFO] in AsyncAppender-Worker-ASYNCSTDOUT - 	at java.base/java.lang.reflect.Method.invoke(Method.java:580)AsyncAppender-Worker-ASYNCSTDOUT
2026-04-09 21:13:19,806 [INFO] in AsyncAppender-Worker-ASYNCSTDOUT - 	at simplefx.util.ReflectionUtil$UseReflection.applyDynamic(ReflectionUtil.scala:21)AsyncAppender-Worker-ASYNCSTDOUT
2026-04-09 21:13:19,806 [INFO] in AsyncAppender-Worker-ASYNCSTDOUT - 	at com.jpro.meta.tk.SceneInputListener.processInputInScene(SceneInputListener.scala:304)AsyncAppender-Worker-ASYNCSTDOUT
2026-04-09 21:13:19,806 [INFO] in AsyncAppender-Worker-ASYNCSTDOUT - Caused by: java.lang.UnsupportedOperationException: nullAsyncAppender-Worker-ASYNCSTDOUT
2026-04-09 21:13:19,806 [INFO] in AsyncAppender-Worker-ASYNCSTDOUT - 	at com.sun.glass.ui.monocle.MonocleApplication.staticCommonDialogs_showFileChooser(MonocleApplication.java:273)AsyncAppender-Worker-ASYNCSTDOUT
2026-04-09 21:13:19,806 [INFO] in AsyncAppender-Worker-ASYNCSTDOUT - 	at com.sun.glass.ui.CommonDialogs.showFileChooser(CommonDialogs.java:213)AsyncAppender-Worker-ASYNCSTDOUT
2026-04-09 21:13:19,806 [INFO] in AsyncAppender-Worker-ASYNCSTDOUT - 	at com.sun.javafx.tk.quantum.QuantumToolkit.showFileChooser(QuantumToolkit.java:1737)AsyncAppender-Worker-ASYNCSTDOUT
2026-04-09 21:13:19,806 [INFO] in AsyncAppender-Worker-ASYNCSTDOUT - 	at javafx.stage.FileChooser.showDialog(FileChooser.java:396)AsyncAppender-Worker-ASYNCSTDOUT
2026-04-09 21:13:19,806 [INFO] in AsyncAppender-Worker-ASYNCSTDOUT - 	at javafx.stage.FileChooser.showOpenDialog(FileChooser.java:331)AsyncAppender-Worker-ASYNCSTDOUT
2026-04-09 21:13:19,806 [INFO] in AsyncAppender-Worker-ASYNCSTDOUT - 	at com.visualshop.controller.ShopController.openVisualSearch(ShopController.java:817)AsyncAppender-Worker-ASYNCSTDOUT
2026-04-09 21:13:19,806 [INFO] in AsyncAppender-Worker-ASYNCSTDOUT - 	at com.visualshop.controller.ShopController.lambda$buildNavbar$6(ShopController.java:172)AsyncAppender-Worker-ASYNCSTDOUT
2026-04-09 21:13:19,806 [INFO] in AsyncAppender-Worker-ASYNCSTDOUT - 	at com.sun.javafx.event.CompositeEventHandler.dispatchBubblingEvent(CompositeEventHandler.java:86)AsyncAppender-Worker-ASYNCSTDOUT
2026-04-09 21:13:19,806 [INFO] in AsyncAppender-Worker-ASYNCSTDOUT - 	at com.sun.javafx.event.EventHandlerManager.dispatchBubblingEvent(EventHandlerManager.java:232)AsyncAppender-Worker-ASYNCSTDOUT
2026-04-09 21:13:19,806 [INFO] in AsyncAppender-Worker-ASYNCSTDOUT - 	at com.sun.javafx.event.EventHandlerManager.dispatchBubblingEvent(EventHandlerManager.java:189)AsyncAppender-Worker-ASYNCSTDOUT
2026-04-09 21:13:19,823 [INFO] in AsyncAppender-Worker-ASYNCSTDOUT - [[1;31mERROR[0;39m] c.j.m.t.SceneInputListener - Error while processing the input: MouseEventToken(MouseMoved,373.6000061035156,52.79999923706055,MouseButtonToken(2),false,false,false,false,false,false,false,false) app: stage title: Visual Product Discovery & Shopping Management SystemAsyncAppender-Worker-ASYNCSTDOUT
2026-04-09 21:13:19,823 [INFO] in AsyncAppender-Worker-ASYNCSTDOUT - java.lang.reflect.InvocationTargetException: nullAsyncAppender-Worker-ASYNCSTDOUT
2026-04-09 21:13:19,823 [INFO] in AsyncAppender-Worker-ASYNCSTDOUT - 	at java.base/jdk.internal.reflect.DirectMethodHandleAccessor.invoke(DirectMethodHandleAccessor.java:118)AsyncAppender-Worker-ASYNCSTDOUT
2026-04-09 21:13:19,823 [INFO] in AsyncAppender-Worker-ASYNCSTDOUT - 	at java.base/java.lang.reflect.Method.invoke(Method.java:580)AsyncAppender-Worker-ASYNCSTDOUT
2026-04-09 21:13:19,823 [INFO] in AsyncAppender-Worker-ASYNCSTDOUT - 	at simplefx.util.ReflectionUtil$UseReflection.applyDynamic(ReflectionUtil.scala:21)AsyncAppender-Worker-ASYNCSTDOUT
2026-04-09 21:13:19,823 [INFO] in AsyncAppender-Worker-ASYNCSTDOUT - 	at com.jpro.meta.tk.SceneInputListener.processInputInScene(SceneInputListener.scala:304)AsyncAppender-Worker-ASYNCSTDOUT
2026-04-09 21:13:19,823 [INFO] in AsyncAppender-Worker-ASYNCSTDOUT - 	at com.jpro.meta.tk.SceneInputListener.processInput(SceneInputListener.scala:206)AsyncAppender-Worker-ASYNCSTDOUT
2026-04-09 21:13:19,823 [INFO] in AsyncAppender-Worker-ASYNCSTDOUT - 	at com.jpro.meta.tk.SceneInputListener.processInputs(SceneInputListener.scala:133)AsyncAppender-Worker-ASYNCSTDOUT
2026-04-09 21:13:19,823 [INFO] in AsyncAppender-Worker-ASYNCSTDOUT - 	at com.jpro.meta.tk.SceneInputListener.processOrRequest(SceneInputListener.scala:41)AsyncAppender-Worker-ASYNCSTDOUT
2026-04-09 21:13:19,823 [INFO] in AsyncAppender-Worker-ASYNCSTDOUT - 	at com.jpro.meta.tk.SceneInputListener.$anonfun$processOrRequest$2(SceneInputListener.scala:48)AsyncAppender-Worker-ASYNCSTDOUT
2026-04-09 21:13:19,823 [INFO] in AsyncAppender-Worker-ASYNCSTDOUT - 	at scala.runtime.java8.JFunction0$mcV$sp.apply(JFunction0$mcV$sp.java:23)AsyncAppender-Worker-ASYNCSTDOUT
2026-04-09 21:13:19,823 [INFO] in AsyncAppender-Worker-ASYNCSTDOUT - 	at simplefx.cores.standard.parts.CoreTimeEvent$$anon$3.run(CoreTimeEvent.scala:62)AsyncAppender-Worker-ASYNCSTDOUT
2026-04-09 21:13:19,823 [INFO] in AsyncAppender-Worker-ASYNCSTDOUT - Caused by: java.lang.reflect.InvocationTargetException: nullAsyncAppender-Worker-ASYNCSTDOUT
2026-04-09 21:13:19,823 [INFO] in AsyncAppender-Worker-ASYNCSTDOUT - 	at java.base/jdk.internal.reflect.DirectMethodHandleAccessor.invoke(DirectMethodHandleAccessor.java:118)AsyncAppender-Worker-ASYNCSTDOUT
2026-04-09 21:13:19,823 [INFO] in AsyncAppender-Worker-ASYNCSTDOUT - 	at java.base/java.lang.reflect.Method.invoke(Method.java:580)AsyncAppender-Worker-ASYNCSTDOUT
2026-04-09 21:13:19,823 [INFO] in AsyncAppender-Worker-ASYNCSTDOUT - 	at simplefx.util.ReflectionUtil$UseReflection.applyDynamic(ReflectionUtil.scala:21)AsyncAppender-Worker-ASYNCSTDOUT
2026-04-09 21:13:19,823 [INFO] in AsyncAppender-Worker-ASYNCSTDOUT - 	at com.sun.glass.ui.monocle.input.fork.NativeMouseInput.notifyMouse(NativeMouseInput.scala:330)AsyncAppender-Worker-ASYNCSTDOUT
2026-04-09 21:13:19,823 [INFO] in AsyncAppender-Worker-ASYNCSTDOUT - 	at com.sun.glass.ui.monocle.input.fork.NativeMouseInput.postMouseEvent(NativeMouseInput.scala:226)AsyncAppender-Worker-ASYNCSTDOUT
2026-04-09 21:13:19,823 [INFO] in AsyncAppender-Worker-ASYNCSTDOUT - 	at com.sun.glass.ui.monocle.input.fork.NativeMouseInput.setState(NativeMouseInput.scala:186)AsyncAppender-Worker-ASYNCSTDOUT
2026-04-09 21:13:19,823 [INFO] in AsyncAppender-Worker-ASYNCSTDOUT - 	at java.base/jdk.internal.reflect.DirectMethodHandleAccessor.invoke(DirectMethodHandleAccessor.java:103)AsyncAppender-Worker-ASYNCSTDOUT
2026-04-09 21:13:19,823 [INFO] in AsyncAppender-Worker-ASYNCSTDOUT - 	at java.base/java.lang.reflect.Method.invoke(Method.java:580)AsyncAppender-Worker-ASYNCSTDOUT
2026-04-09 21:13:19,823 [INFO] in AsyncAppender-Worker-ASYNCSTDOUT - 	at simplefx.util.ReflectionUtil$UseReflection.applyDynamic(ReflectionUtil.scala:21)AsyncAppender-Worker-ASYNCSTDOUT
2026-04-09 21:13:19,823 [INFO] in AsyncAppender-Worker-ASYNCSTDOUT - 	at com.jpro.meta.tk.SceneInputListener.processInputInScene(SceneInputListener.scala:304)AsyncAppender-Worker-ASYNCSTDOUT
2026-04-09 21:13:19,823 [INFO] in AsyncAppender-Worker-ASYNCSTDOUT - Caused by: java.lang.UnsupportedOperationException: nullAsyncAppender-Worker-ASYNCSTDOUT
2026-04-09 21:13:19,823 [INFO] in AsyncAppender-Worker-ASYNCSTDOUT - 	at com.sun.glass.ui.monocle.MonocleApplication.staticCommonDialogs_showFileChooser(MonocleApplication.java:273)AsyncAppender-Worker-ASYNCSTDOUT
2026-04-09 21:13:19,823 [INFO] in AsyncAppender-Worker-ASYNCSTDOUT - 	at com.sun.glass.ui.CommonDialogs.showFileChooser(CommonDialogs.java:213)AsyncAppender-Worker-ASYNCSTDOUT
2026-04-09 21:13:19,823 [INFO] in AsyncAppender-Worker-ASYNCSTDOUT - 	at com.sun.javafx.tk.quantum.QuantumToolkit.showFileChooser(QuantumToolkit.java:1737)AsyncAppender-Worker-ASYNCSTDOUT
2026-04-09 21:13:19,823 [INFO] in AsyncAppender-Worker-ASYNCSTDOUT - 	at javafx.stage.FileChooser.showDialog(FileChooser.java:396)AsyncAppender-Worker-ASYNCSTDOUT
2026-04-09 21:13:19,823 [INFO] in AsyncAppender-Worker-ASYNCSTDOUT - 	at javafx.stage.FileChooser.showOpenDialog(FileChooser.java:331)AsyncAppender-Worker-ASYNCSTDOUT
2026-04-09 21:13:19,823 [INFO] in AsyncAppender-Worker-ASYNCSTDOUT - 	at com.visualshop.controller.ShopController.openVisualSearch(ShopController.java:817)AsyncAppender-Worker-ASYNCSTDOUT
2026-04-09 21:13:19,823 [INFO] in AsyncAppender-Worker-ASYNCSTDOUT - 	at com.visualshop.controller.ShopController.lambda$buildNavbar$6(ShopController.java:172)AsyncAppender-Worker-ASYNCSTDOUT
2026-04-09 21:13:19,823 [INFO] in AsyncAppender-Worker-ASYNCSTDOUT - 	at com.sun.javafx.event.CompositeEventHandler.dispatchBubblingEvent(CompositeEventHandler.java:86)AsyncAppender-Worker-ASYNCSTDOUT
2026-04-09 21:13:19,823 [INFO] in AsyncAppender-Worker-ASYNCSTDOUT - 	at com.sun.javafx.event.EventHandlerManager.dispatchBubblingEvent(EventHandlerManager.java:232)AsyncAppender-Worker-ASYNCSTDOUT
2026-04-09 21:13:19,823 [INFO] in AsyncAppender-Worker-ASYNCSTDOUT - 	at com.sun.javafx.event.EventHandlerManager.dispatchBubblingEvent(EventHandlerManager.java:189)AsyncAppender-Worker-ASYNCSTDOUT
2026-04-09 21:13:44,194 [INFO] in AsyncAppender-Worker-ASYNCSTDOUT - [[1;31mERROR[0;39m] c.j.m.t.SceneInputListener - Error while processing the input: MouseEventToken(MouseReleased,260.0,29.600000381469727,MouseButtonToken(3),false,false,false,false,false,false,false,false) app: stage title: Visual Product Discovery & Shopping Management SystemAsyncAppender-Worker-ASYNCSTDOUT
2026-04-09 21:13:44,195 [INFO] in AsyncAppender-Worker-ASYNCSTDOUT - java.lang.reflect.InvocationTargetException: nullAsyncAppender-Worker-ASYNCSTDOUT
2026-04-09 21:13:44,195 [INFO] in AsyncAppender-Worker-ASYNCSTDOUT - 	at java.base/jdk.internal.reflect.DirectMethodHandleAccessor.invoke(DirectMethodHandleAccessor.java:118)AsyncAppender-Worker-ASYNCSTDOUT
2026-04-09 21:13:44,195 [INFO] in AsyncAppender-Worker-ASYNCSTDOUT - 	at java.base/java.lang.reflect.Method.invoke(Method.java:580)AsyncAppender-Worker-ASYNCSTDOUT
2026-04-09 21:13:44,195 [INFO] in AsyncAppender-Worker-ASYNCSTDOUT - 	at simplefx.util.ReflectionUtil$UseReflection.applyDynamic(ReflectionUtil.scala:21)AsyncAppender-Worker-ASYNCSTDOUT
2026-04-09 21:13:44,195 [INFO] in AsyncAppender-Worker-ASYNCSTDOUT - 	at com.jpro.meta.tk.SceneInputListener.processInputInScene(SceneInputListener.scala:304)AsyncAppender-Worker-ASYNCSTDOUT
2026-04-09 21:13:44,195 [INFO] in AsyncAppender-Worker-ASYNCSTDOUT - 	at com.jpro.meta.tk.SceneInputListener.processInput(SceneInputListener.scala:203)AsyncAppender-Worker-ASYNCSTDOUT
2026-04-09 21:13:44,195 [INFO] in AsyncAppender-Worker-ASYNCSTDOUT - 	at com.jpro.meta.tk.SceneInputListener.processInputs(SceneInputListener.scala:133)AsyncAppender-Worker-ASYNCSTDOUT
2026-04-09 21:13:44,195 [INFO] in AsyncAppender-Worker-ASYNCSTDOUT - 	at com.jpro.meta.tk.SceneInputListener.processOrRequest(SceneInputListener.scala:41)AsyncAppender-Worker-ASYNCSTDOUT
2026-04-09 21:13:44,195 [INFO] in AsyncAppender-Worker-ASYNCSTDOUT - 	at com.jpro.meta.tk.SceneInputListener.$anonfun$new$4(SceneInputListener.scala:59)AsyncAppender-Worker-ASYNCSTDOUT
2026-04-09 21:13:44,195 [INFO] in AsyncAppender-Worker-ASYNCSTDOUT - 	at scala.runtime.java8.JFunction0$mcV$sp.apply(JFunction0$mcV$sp.java:23)AsyncAppender-Worker-ASYNCSTDOUT
2026-04-09 21:13:44,195 [INFO] in AsyncAppender-Worker-ASYNCSTDOUT - 	at simplefx.cores.standard.parts.CoreTimeEvent$$anon$3.run(CoreTimeEvent.scala:62)AsyncAppender-Worker-ASYNCSTDOUT
2026-04-09 21:13:44,195 [INFO] in AsyncAppender-Worker-ASYNCSTDOUT - Caused by: java.lang.reflect.InvocationTargetException: nullAsyncAppender-Worker-ASYNCSTDOUT
2026-04-09 21:13:44,195 [INFO] in AsyncAppender-Worker-ASYNCSTDOUT - 	at java.base/jdk.internal.reflect.DirectMethodHandleAccessor.invoke(DirectMethodHandleAccessor.java:118)AsyncAppender-Worker-ASYNCSTDOUT
2026-04-09 21:13:44,195 [INFO] in AsyncAppender-Worker-ASYNCSTDOUT - 	at java.base/java.lang.reflect.Method.invoke(Method.java:580)AsyncAppender-Worker-ASYNCSTDOUT
2026-04-09 21:13:44,195 [INFO] in AsyncAppender-Worker-ASYNCSTDOUT - 	at simplefx.util.ReflectionUtil$UseReflection.applyDynamic(ReflectionUtil.scala:21)AsyncAppender-Worker-ASYNCSTDOUT
2026-04-09 21:13:44,195 [INFO] in AsyncAppender-Worker-ASYNCSTDOUT - 	at com.sun.glass.ui.monocle.input.fork.NativeMouseInput.notifyMouse(NativeMouseInput.scala:330)AsyncAppender-Worker-ASYNCSTDOUT
2026-04-09 21:13:44,195 [INFO] in AsyncAppender-Worker-ASYNCSTDOUT - 	at com.sun.glass.ui.monocle.input.fork.NativeMouseInput.postMouseEvent(NativeMouseInput.scala:226)AsyncAppender-Worker-ASYNCSTDOUT
2026-04-09 21:13:44,195 [INFO] in AsyncAppender-Worker-ASYNCSTDOUT - 	at com.sun.glass.ui.monocle.input.fork.NativeMouseInput.setState(NativeMouseInput.scala:186)AsyncAppender-Worker-ASYNCSTDOUT
2026-04-09 21:13:44,195 [INFO] in AsyncAppender-Worker-ASYNCSTDOUT - 	at java.base/jdk.internal.reflect.DirectMethodHandleAccessor.invoke(DirectMethodHandleAccessor.java:103)AsyncAppender-Worker-ASYNCSTDOUT
2026-04-09 21:13:44,195 [INFO] in AsyncAppender-Worker-ASYNCSTDOUT - 	at java.base/java.lang.reflect.Method.invoke(Method.java:580)AsyncAppender-Worker-ASYNCSTDOUT
2026-04-09 21:13:44,195 [INFO] in AsyncAppender-Worker-ASYNCSTDOUT - 	at simplefx.util.ReflectionUtil$UseReflection.applyDynamic(ReflectionUtil.scala:21)AsyncAppender-Worker-ASYNCSTDOUT
2026-04-09 21:13:44,195 [INFO] in AsyncAppender-Worker-ASYNCSTDOUT - 	at com.jpro.meta.tk.SceneInputListener.processInputInScene(SceneInputListener.scala:304)AsyncAppender-Worker-ASYNCSTDOUT
2026-04-09 21:13:44,195 [INFO] in AsyncAppender-Worker-ASYNCSTDOUT - Caused by: java.lang.UnsupportedOperationException: nullAsyncAppender-Worker-ASYNCSTDOUT
2026-04-09 21:13:44,195 [INFO] in AsyncAppender-Worker-ASYNCSTDOUT - 	at com.sun.glass.ui.monocle.MonocleApplication.staticCommonDialogs_showFileChooser(MonocleApplication.java:273)AsyncAppender-Worker-ASYNCSTDOUT
2026-04-09 21:13:44,195 [INFO] in AsyncAppender-Worker-ASYNCSTDOUT - 	at com.sun.glass.ui.CommonDialogs.showFileChooser(CommonDialogs.java:213)AsyncAppender-Worker-ASYNCSTDOUT
2026-04-09 21:13:44,195 [INFO] in AsyncAppender-Worker-ASYNCSTDOUT - 	at com.sun.javafx.tk.quantum.QuantumToolkit.showFileChooser(QuantumToolkit.java:1737)AsyncAppender-Worker-ASYNCSTDOUT
2026-04-09 21:13:44,195 [INFO] in AsyncAppender-Worker-ASYNCSTDOUT - 	at javafx.stage.FileChooser.showDialog(FileChooser.java:396)AsyncAppender-Worker-ASYNCSTDOUT
2026-04-09 21:13:44,195 [INFO] in AsyncAppender-Worker-ASYNCSTDOUT - 	at javafx.stage.FileChooser.showOpenDialog(FileChooser.java:331)AsyncAppender-Worker-ASYNCSTDOUT
2026-04-09 21:13:44,195 [INFO] in AsyncAppender-Worker-ASYNCSTDOUT - 	at com.visualshop.controller.ShopController.openVisualSearch(ShopController.java:817)AsyncAppender-Worker-ASYNCSTDOUT
2026-04-09 21:13:44,195 [INFO] in AsyncAppender-Worker-ASYNCSTDOUT - 	at com.visualshop.controller.ShopController.lambda$buildNavbar$6(ShopController.java:172)AsyncAppender-Worker-ASYNCSTDOUT
2026-04-09 21:13:44,195 [INFO] in AsyncAppender-Worker-ASYNCSTDOUT - 	at com.sun.javafx.event.CompositeEventHandler.dispatchBubblingEvent(CompositeEventHandler.java:86)AsyncAppender-Worker-ASYNCSTDOUT
2026-04-09 21:13:44,195 [INFO] in AsyncAppender-Worker-ASYNCSTDOUT - 	at com.sun.javafx.event.EventHandlerManager.dispatchBubblingEvent(EventHandlerManager.java:232)AsyncAppender-Worker-ASYNCSTDOUT
2026-04-09 21:13:44,195 [INFO] in AsyncAppender-Worker-ASYNCSTDOUT - 	at com.sun.javafx.event.EventHandlerManager.dispatchBubblingEvent(EventHandlerManager.java:189)AsyncAppender-Worker-ASYNCSTDOUT
2026-04-09 21:13:44,337 [INFO] in AsyncAppender-Worker-ASYNCSTDOUT - [[1;31mERROR[0;39m] c.j.m.t.SceneInputListener - Error while processing the input: MouseEventToken(MouseReleased,260.0,29.600000381469727,MouseButtonToken(3),false,false,false,false,false,false,false,false) app: stage title: Visual Product Discovery & Shopping Management SystemAsyncAppender-Worker-ASYNCSTDOUT
2026-04-09 21:13:44,337 [INFO] in AsyncAppender-Worker-ASYNCSTDOUT - java.lang.reflect.InvocationTargetException: nullAsyncAppender-Worker-ASYNCSTDOUT
2026-04-09 21:13:44,337 [INFO] in AsyncAppender-Worker-ASYNCSTDOUT - 	at java.base/jdk.internal.reflect.DirectMethodHandleAccessor.invoke(DirectMethodHandleAccessor.java:118)AsyncAppender-Worker-ASYNCSTDOUT
2026-04-09 21:13:44,337 [INFO] in AsyncAppender-Worker-ASYNCSTDOUT - 	at java.base/java.lang.reflect.Method.invoke(Method.java:580)AsyncAppender-Worker-ASYNCSTDOUT
2026-04-09 21:13:44,337 [INFO] in AsyncAppender-Worker-ASYNCSTDOUT - 	at simplefx.util.ReflectionUtil$UseReflection.applyDynamic(ReflectionUtil.scala:21)AsyncAppender-Worker-ASYNCSTDOUT
2026-04-09 21:13:44,337 [INFO] in AsyncAppender-Worker-ASYNCSTDOUT - 	at com.jpro.meta.tk.SceneInputListener.processInputInScene(SceneInputListener.scala:304)AsyncAppender-Worker-ASYNCSTDOUT
2026-04-09 21:13:44,337 [INFO] in AsyncAppender-Worker-ASYNCSTDOUT - 	at com.jpro.meta.tk.SceneInputListener.processInput(SceneInputListener.scala:203)AsyncAppender-Worker-ASYNCSTDOUT
2026-04-09 21:13:44,337 [INFO] in AsyncAppender-Worker-ASYNCSTDOUT - 	at com.jpro.meta.tk.SceneInputListener.processInputs(SceneInputListener.scala:133)AsyncAppender-Worker-ASYNCSTDOUT
2026-04-09 21:13:44,337 [INFO] in AsyncAppender-Worker-ASYNCSTDOUT - 	at com.jpro.meta.tk.SceneInputListener.processOrRequest(SceneInputListener.scala:41)AsyncAppender-Worker-ASYNCSTDOUT
2026-04-09 21:13:44,337 [INFO] in AsyncAppender-Worker-ASYNCSTDOUT - 	at com.jpro.meta.tk.SceneInputListener.$anonfun$new$4(SceneInputListener.scala:59)AsyncAppender-Worker-ASYNCSTDOUT
2026-04-09 21:13:44,337 [INFO] in AsyncAppender-Worker-ASYNCSTDOUT - 	at scala.runtime.java8.JFunction0$mcV$sp.apply(JFunction0$mcV$sp.java:23)AsyncAppender-Worker-ASYNCSTDOUT
2026-04-09 21:13:44,337 [INFO] in AsyncAppender-Worker-ASYNCSTDOUT - 	at simplefx.cores.standard.parts.CoreTimeEvent$$anon$3.run(CoreTimeEvent.scala:62)AsyncAppender-Worker-ASYNCSTDOUT
2026-04-09 21:13:44,337 [INFO] in AsyncAppender-Worker-ASYNCSTDOUT - Caused by: java.lang.reflect.InvocationTargetException: nullAsyncAppender-Worker-ASYNCSTDOUT
2026-04-09 21:13:44,337 [INFO] in AsyncAppender-Worker-ASYNCSTDOUT - 	at java.base/jdk.internal.reflect.DirectMethodHandleAccessor.invoke(DirectMethodHandleAccessor.java:118)AsyncAppender-Worker-ASYNCSTDOUT
2026-04-09 21:13:44,337 [INFO] in AsyncAppender-Worker-ASYNCSTDOUT - 	at java.base/java.lang.reflect.Method.invoke(Method.java:580)AsyncAppender-Worker-ASYNCSTDOUT
2026-04-09 21:13:44,337 [INFO] in AsyncAppender-Worker-ASYNCSTDOUT - 	at simplefx.util.ReflectionUtil$UseReflection.applyDynamic(ReflectionUtil.scala:21)AsyncAppender-Worker-ASYNCSTDOUT
2026-04-09 21:13:44,337 [INFO] in AsyncAppender-Worker-ASYNCSTDOUT - 	at com.sun.glass.ui.monocle.input.fork.NativeMouseInput.notifyMouse(NativeMouseInput.scala:330)AsyncAppender-Worker-ASYNCSTDOUT
2026-04-09 21:13:44,337 [INFO] in AsyncAppender-Worker-ASYNCSTDOUT - 	at com.sun.glass.ui.monocle.input.fork.NativeMouseInput.postMouseEvent(NativeMouseInput.scala:226)AsyncAppender-Worker-ASYNCSTDOUT
2026-04-09 21:13:44,337 [INFO] in AsyncAppender-Worker-ASYNCSTDOUT - 	at com.sun.glass.ui.monocle.input.fork.NativeMouseInput.setState(NativeMouseInput.scala:186)AsyncAppender-Worker-ASYNCSTDOUT
2026-04-09 21:13:44,337 [INFO] in AsyncAppender-Worker-ASYNCSTDOUT - 	at java.base/jdk.internal.reflect.DirectMethodHandleAccessor.invoke(DirectMethodHandleAccessor.java:103)AsyncAppender-Worker-ASYNCSTDOUT
2026-04-09 21:13:44,337 [INFO] in AsyncAppender-Worker-ASYNCSTDOUT - 	at java.base/java.lang.reflect.Method.invoke(Method.java:580)AsyncAppender-Worker-ASYNCSTDOUT
2026-04-09 21:13:44,337 [INFO] in AsyncAppender-Worker-ASYNCSTDOUT - 	at simplefx.util.ReflectionUtil$UseReflection.applyDynamic(ReflectionUtil.scala:21)AsyncAppender-Worker-ASYNCSTDOUT
2026-04-09 21:13:44,337 [INFO] in AsyncAppender-Worker-ASYNCSTDOUT - 	at com.jpro.meta.tk.SceneInputListener.processInputInScene(SceneInputListener.scala:304)AsyncAppender-Worker-ASYNCSTDOUT
2026-04-09 21:13:44,337 [INFO] in AsyncAppender-Worker-ASYNCSTDOUT - Caused by: java.lang.UnsupportedOperationException: nullAsyncAppender-Worker-ASYNCSTDOUT
2026-04-09 21:13:44,337 [INFO] in AsyncAppender-Worker-ASYNCSTDOUT - 	at com.sun.glass.ui.monocle.MonocleApplication.staticCommonDialogs_showFileChooser(MonocleApplication.java:273)AsyncAppender-Worker-ASYNCSTDOUT
2026-04-09 21:13:44,337 [INFO] in AsyncAppender-Worker-ASYNCSTDOUT - 	at com.sun.glass.ui.CommonDialogs.showFileChooser(CommonDialogs.java:213)AsyncAppender-Worker-ASYNCSTDOUT
2026-04-09 21:13:44,337 [INFO] in AsyncAppender-Worker-ASYNCSTDOUT - 	at com.sun.javafx.tk.quantum.QuantumToolkit.showFileChooser(QuantumToolkit.java:1737)AsyncAppender-Worker-ASYNCSTDOUT
2026-04-09 21:13:44,337 [INFO] in AsyncAppender-Worker-ASYNCSTDOUT - 	at javafx.stage.FileChooser.showDialog(FileChooser.java:396)AsyncAppender-Worker-ASYNCSTDOUT
2026-04-09 21:13:44,337 [INFO] in AsyncAppender-Worker-ASYNCSTDOUT - 	at javafx.stage.FileChooser.showOpenDialog(FileChooser.java:331)AsyncAppender-Worker-ASYNCSTDOUT
2026-04-09 21:13:44,337 [INFO] in AsyncAppender-Worker-ASYNCSTDOUT - 	at com.visualshop.controller.ShopController.openVisualSearch(ShopController.java:817)AsyncAppender-Worker-ASYNCSTDOUT
2026-04-09 21:13:44,337 [INFO] in AsyncAppender-Worker-ASYNCSTDOUT - 	at com.visualshop.controller.ShopController.lambda$buildNavbar$6(ShopController.java:172)AsyncAppender-Worker-ASYNCSTDOUT
2026-04-09 21:13:44,337 [INFO] in AsyncAppender-Worker-ASYNCSTDOUT - 	at com.sun.javafx.event.CompositeEventHandler.dispatchBubblingEvent(CompositeEventHandler.java:86)AsyncAppender-Worker-ASYNCSTDOUT
2026-04-09 21:13:44,337 [INFO] in AsyncAppender-Worker-ASYNCSTDOUT - 	at com.sun.javafx.event.EventHandlerManager.dispatchBubblingEvent(EventHandlerManager.java:232)AsyncAppender-Worker-ASYNCSTDOUT
2026-04-09 21:13:44,337 [INFO] in AsyncAppender-Worker-ASYNCSTDOUT - 	at com.sun.javafx.event.EventHandlerManager.dispatchBubblingEvent(EventHandlerManager.java:189)AsyncAppender-Worker-ASYNCSTDOUT
2026-04-09 21:13:44,461 [INFO] in AsyncAppender-Worker-ASYNCSTDOUT - [[1;31mERROR[0;39m] c.j.m.t.SceneInputListener - Error while processing the input: MouseEventToken(MouseReleased,260.0,29.600000381469727,MouseButtonToken(3),false,false,false,false,false,false,false,false) app: stage title: Visual Product Discovery & Shopping Management SystemAsyncAppender-Worker-ASYNCSTDOUT
2026-04-09 21:13:44,461 [INFO] in AsyncAppender-Worker-ASYNCSTDOUT - java.lang.reflect.InvocationTargetException: nullAsyncAppender-Worker-ASYNCSTDOUT
2026-04-09 21:13:44,461 [INFO] in AsyncAppender-Worker-ASYNCSTDOUT - 	at java.base/jdk.internal.reflect.DirectMethodHandleAccessor.invoke(DirectMethodHandleAccessor.java:118)AsyncAppender-Worker-ASYNCSTDOUT
2026-04-09 21:13:44,461 [INFO] in AsyncAppender-Worker-ASYNCSTDOUT - 	at java.base/java.lang.reflect.Method.invoke(Method.java:580)AsyncAppender-Worker-ASYNCSTDOUT
2026-04-09 21:13:44,461 [INFO] in AsyncAppender-Worker-ASYNCSTDOUT - 	at simplefx.util.ReflectionUtil$UseReflection.applyDynamic(ReflectionUtil.scala:21)AsyncAppender-Worker-ASYNCSTDOUT
2026-04-09 21:13:44,461 [INFO] in AsyncAppender-Worker-ASYNCSTDOUT - 	at com.jpro.meta.tk.SceneInputListener.processInputInScene(SceneInputListener.scala:304)AsyncAppender-Worker-ASYNCSTDOUT
2026-04-09 21:13:44,461 [INFO] in AsyncAppender-Worker-ASYNCSTDOUT - 	at com.jpro.meta.tk.SceneInputListener.processInput(SceneInputListener.scala:203)AsyncAppender-Worker-ASYNCSTDOUT
2026-04-09 21:13:44,461 [INFO] in AsyncAppender-Worker-ASYNCSTDOUT - 	at com.jpro.meta.tk.SceneInputListener.processInputs(SceneInputListener.scala:133)AsyncAppender-Worker-ASYNCSTDOUT
2026-04-09 21:13:44,461 [INFO] in AsyncAppender-Worker-ASYNCSTDOUT - 	at com.jpro.meta.tk.SceneInputListener.processOrRequest(SceneInputListener.scala:41)AsyncAppender-Worker-ASYNCSTDOUT
2026-04-09 21:13:44,461 [INFO] in AsyncAppender-Worker-ASYNCSTDOUT - 	at com.jpro.meta.tk.SceneInputListener.$anonfun$new$4(SceneInputListener.scala:59)AsyncAppender-Worker-ASYNCSTDOUT
2026-04-09 21:13:44,461 [INFO] in AsyncAppender-Worker-ASYNCSTDOUT - 	at scala.runtime.java8.JFunction0$mcV$sp.apply(JFunction0$mcV$sp.java:23)AsyncAppender-Worker-ASYNCSTDOUT
2026-04-09 21:13:44,461 [INFO] in AsyncAppender-Worker-ASYNCSTDOUT - 	at simplefx.cores.standard.parts.CoreTimeEvent$$anon$3.run(CoreTimeEvent.scala:62)AsyncAppender-Worker-ASYNCSTDOUT
2026-04-09 21:13:44,461 [INFO] in AsyncAppender-Worker-ASYNCSTDOUT - Caused by: java.lang.reflect.InvocationTargetException: nullAsyncAppender-Worker-ASYNCSTDOUT
2026-04-09 21:13:44,461 [INFO] in AsyncAppender-Worker-ASYNCSTDOUT - 	at java.base/jdk.internal.reflect.DirectMethodHandleAccessor.invoke(DirectMethodHandleAccessor.java:118)AsyncAppender-Worker-ASYNCSTDOUT
2026-04-09 21:13:44,461 [INFO] in AsyncAppender-Worker-ASYNCSTDOUT - 	at java.base/java.lang.reflect.Method.invoke(Method.java:580)AsyncAppender-Worker-ASYNCSTDOUT
2026-04-09 21:13:44,461 [INFO] in AsyncAppender-Worker-ASYNCSTDOUT - 	at simplefx.util.ReflectionUtil$UseReflection.applyDynamic(ReflectionUtil.scala:21)AsyncAppender-Worker-ASYNCSTDOUT
2026-04-09 21:13:44,461 [INFO] in AsyncAppender-Worker-ASYNCSTDOUT - 	at com.sun.glass.ui.monocle.input.fork.NativeMouseInput.notifyMouse(NativeMouseInput.scala:330)AsyncAppender-Worker-ASYNCSTDOUT
2026-04-09 21:13:44,461 [INFO] in AsyncAppender-Worker-ASYNCSTDOUT - 	at com.sun.glass.ui.monocle.input.fork.NativeMouseInput.postMouseEvent(NativeMouseInput.scala:226)AsyncAppender-Worker-ASYNCSTDOUT
2026-04-09 21:13:44,461 [INFO] in AsyncAppender-Worker-ASYNCSTDOUT - 	at com.sun.glass.ui.monocle.input.fork.NativeMouseInput.setState(NativeMouseInput.scala:186)AsyncAppender-Worker-ASYNCSTDOUT
2026-04-09 21:13:44,461 [INFO] in AsyncAppender-Worker-ASYNCSTDOUT - 	at java.base/jdk.internal.reflect.DirectMethodHandleAccessor.invoke(DirectMethodHandleAccessor.java:103)AsyncAppender-Worker-ASYNCSTDOUT
2026-04-09 21:13:44,461 [INFO] in AsyncAppender-Worker-ASYNCSTDOUT - 	at java.base/java.lang.reflect.Method.invoke(Method.java:580)AsyncAppender-Worker-ASYNCSTDOUT
2026-04-09 21:13:44,461 [INFO] in AsyncAppender-Worker-ASYNCSTDOUT - 	at simplefx.util.ReflectionUtil$UseReflection.applyDynamic(ReflectionUtil.scala:21)AsyncAppender-Worker-ASYNCSTDOUT
2026-04-09 21:13:44,461 [INFO] in AsyncAppender-Worker-ASYNCSTDOUT - 	at com.jpro.meta.tk.SceneInputListener.processInputInScene(SceneInputListener.scala:304)AsyncAppender-Worker-ASYNCSTDOUT
2026-04-09 21:13:44,461 [INFO] in AsyncAppender-Worker-ASYNCSTDOUT - Caused by: java.lang.UnsupportedOperationException: nullAsyncAppender-Worker-ASYNCSTDOUT
2026-04-09 21:13:44,461 [INFO] in AsyncAppender-Worker-ASYNCSTDOUT - 	at com.sun.glass.ui.monocle.MonocleApplication.staticCommonDialogs_showFileChooser(MonocleApplication.java:273)AsyncAppender-Worker-ASYNCSTDOUT
2026-04-09 21:13:44,461 [INFO] in AsyncAppender-Worker-ASYNCSTDOUT - 	at com.sun.glass.ui.CommonDialogs.showFileChooser(CommonDialogs.java:213)AsyncAppender-Worker-ASYNCSTDOUT
2026-04-09 21:13:44,461 [INFO] in AsyncAppender-Worker-ASYNCSTDOUT - 	at com.sun.javafx.tk.quantum.QuantumToolkit.showFileChooser(QuantumToolkit.java:1737)AsyncAppender-Worker-ASYNCSTDOUT
2026-04-09 21:13:44,461 [INFO] in AsyncAppender-Worker-ASYNCSTDOUT - 	at javafx.stage.FileChooser.showDialog(FileChooser.java:396)AsyncAppender-Worker-ASYNCSTDOUT
2026-04-09 21:13:44,461 [INFO] in AsyncAppender-Worker-ASYNCSTDOUT - 	at javafx.stage.FileChooser.showOpenDialog(FileChooser.java:331)AsyncAppender-Worker-ASYNCSTDOUT
2026-04-09 21:13:44,461 [INFO] in AsyncAppender-Worker-ASYNCSTDOUT - 	at com.visualshop.controller.ShopController.openVisualSearch(ShopController.java:817)AsyncAppender-Worker-ASYNCSTDOUT
2026-04-09 21:13:44,461 [INFO] in AsyncAppender-Worker-ASYNCSTDOUT - 	at com.visualshop.controller.ShopController.lambda$buildNavbar$6(ShopController.java:172)AsyncAppender-Worker-ASYNCSTDOUT
2026-04-09 21:13:44,461 [INFO] in AsyncAppender-Worker-ASYNCSTDOUT - 	at com.sun.javafx.event.CompositeEventHandler.dispatchBubblingEvent(CompositeEventHandler.java:86)AsyncAppender-Worker-ASYNCSTDOUT
2026-04-09 21:13:44,461 [INFO] in AsyncAppender-Worker-ASYNCSTDOUT - 	at com.sun.javafx.event.EventHandlerManager.dispatchBubblingEvent(EventHandlerManager.java:232)AsyncAppender-Worker-ASYNCSTDOUT
2026-04-09 21:13:44,461 [INFO] in AsyncAppender-Worker-ASYNCSTDOUT - 	at com.sun.javafx.event.EventHandlerManager.dispatchBubblingEvent(EventHandlerManager.java:189)AsyncAppender-Worker-ASYNCSTDOUT
2026-04-09 21:13:44,583 [INFO] in AsyncAppender-Worker-ASYNCSTDOUT - [[1;31mERROR[0;39m] c.j.m.t.SceneInputListener - Error while processing the input: MouseEventToken(MouseReleased,260.0,29.600000381469727,MouseButtonToken(3),false,false,false,false,false,false,false,false) app: stage title: Visual Product Discovery & Shopping Management SystemAsyncAppender-Worker-ASYNCSTDOUT
2026-04-09 21:13:44,583 [INFO] in AsyncAppender-Worker-ASYNCSTDOUT - java.lang.reflect.InvocationTargetException: nullAsyncAppender-Worker-ASYNCSTDOUT
2026-04-09 21:13:44,583 [INFO] in AsyncAppender-Worker-ASYNCSTDOUT - 	at java.base/jdk.internal.reflect.DirectMethodHandleAccessor.invoke(DirectMethodHandleAccessor.java:118)AsyncAppender-Worker-ASYNCSTDOUT
2026-04-09 21:13:44,583 [INFO] in AsyncAppender-Worker-ASYNCSTDOUT - 	at java.base/java.lang.reflect.Method.invoke(Method.java:580)AsyncAppender-Worker-ASYNCSTDOUT
2026-04-09 21:13:44,583 [INFO] in AsyncAppender-Worker-ASYNCSTDOUT - 	at simplefx.util.ReflectionUtil$UseReflection.applyDynamic(ReflectionUtil.scala:21)AsyncAppender-Worker-ASYNCSTDOUT
2026-04-09 21:13:44,583 [INFO] in AsyncAppender-Worker-ASYNCSTDOUT - 	at com.jpro.meta.tk.SceneInputListener.processInputInScene(SceneInputListener.scala:304)AsyncAppender-Worker-ASYNCSTDOUT
2026-04-09 21:13:44,583 [INFO] in AsyncAppender-Worker-ASYNCSTDOUT - 	at com.jpro.meta.tk.SceneInputListener.processInput(SceneInputListener.scala:203)AsyncAppender-Worker-ASYNCSTDOUT
2026-04-09 21:13:44,583 [INFO] in AsyncAppender-Worker-ASYNCSTDOUT - 	at com.jpro.meta.tk.SceneInputListener.processInputs(SceneInputListener.scala:133)AsyncAppender-Worker-ASYNCSTDOUT
2026-04-09 21:13:44,583 [INFO] in AsyncAppender-Worker-ASYNCSTDOUT - 	at com.jpro.meta.tk.SceneInputListener.processOrRequest(SceneInputListener.scala:41)AsyncAppender-Worker-ASYNCSTDOUT
2026-04-09 21:13:44,583 [INFO] in AsyncAppender-Worker-ASYNCSTDOUT - 	at com.jpro.meta.tk.SceneInputListener.$anonfun$new$4(SceneInputListener.scala:59)AsyncAppender-Worker-ASYNCSTDOUT
2026-04-09 21:13:44,583 [INFO] in AsyncAppender-Worker-ASYNCSTDOUT - 	at scala.runtime.java8.JFunction0$mcV$sp.apply(JFunction0$mcV$sp.java:23)AsyncAppender-Worker-ASYNCSTDOUT
2026-04-09 21:13:44,583 [INFO] in AsyncAppender-Worker-ASYNCSTDOUT - 	at simplefx.cores.standard.parts.CoreTimeEvent$$anon$3.run(CoreTimeEvent.scala:62)AsyncAppender-Worker-ASYNCSTDOUT
2026-04-09 21:13:44,583 [INFO] in AsyncAppender-Worker-ASYNCSTDOUT - Caused by: java.lang.reflect.InvocationTargetException: nullAsyncAppender-Worker-ASYNCSTDOUT
2026-04-09 21:13:44,583 [INFO] in AsyncAppender-Worker-ASYNCSTDOUT - 	at java.base/jdk.internal.reflect.DirectMethodHandleAccessor.invoke(DirectMethodHandleAccessor.java:118)AsyncAppender-Worker-ASYNCSTDOUT
2026-04-09 21:13:44,584 [INFO] in AsyncAppender-Worker-ASYNCSTDOUT - 	at java.base/java.lang.reflect.Method.invoke(Method.java:580)AsyncAppender-Worker-ASYNCSTDOUT
2026-04-09 21:13:44,584 [INFO] in AsyncAppender-Worker-ASYNCSTDOUT - 	at simplefx.util.ReflectionUtil$UseReflection.applyDynamic(ReflectionUtil.scala:21)AsyncAppender-Worker-ASYNCSTDOUT
2026-04-09 21:13:44,584 [INFO] in AsyncAppender-Worker-ASYNCSTDOUT - 	at com.sun.glass.ui.monocle.input.fork.NativeMouseInput.notifyMouse(NativeMouseInput.scala:330)AsyncAppender-Worker-ASYNCSTDOUT
2026-04-09 21:13:44,584 [INFO] in AsyncAppender-Worker-ASYNCSTDOUT - 	at com.sun.glass.ui.monocle.input.fork.NativeMouseInput.postMouseEvent(NativeMouseInput.scala:226)AsyncAppender-Worker-ASYNCSTDOUT
2026-04-09 21:13:44,584 [INFO] in AsyncAppender-Worker-ASYNCSTDOUT - 	at com.sun.glass.ui.monocle.input.fork.NativeMouseInput.setState(NativeMouseInput.scala:186)AsyncAppender-Worker-ASYNCSTDOUT
2026-04-09 21:13:44,584 [INFO] in AsyncAppender-Worker-ASYNCSTDOUT - 	at java.base/jdk.internal.reflect.DirectMethodHandleAccessor.invoke(DirectMethodHandleAccessor.java:103)AsyncAppender-Worker-ASYNCSTDOUT
2026-04-09 21:13:44,584 [INFO] in AsyncAppender-Worker-ASYNCSTDOUT - 	at java.base/java.lang.reflect.Method.invoke(Method.java:580)AsyncAppender-Worker-ASYNCSTDOUT
2026-04-09 21:13:44,584 [INFO] in AsyncAppender-Worker-ASYNCSTDOUT - 	at simplefx.util.ReflectionUtil$UseReflection.applyDynamic(ReflectionUtil.scala:21)AsyncAppender-Worker-ASYNCSTDOUT
2026-04-09 21:13:44,584 [INFO] in AsyncAppender-Worker-ASYNCSTDOUT - 	at com.jpro.meta.tk.SceneInputListener.processInputInScene(SceneInputListener.scala:304)AsyncAppender-Worker-ASYNCSTDOUT
2026-04-09 21:13:44,584 [INFO] in AsyncAppender-Worker-ASYNCSTDOUT - Caused by: java.lang.UnsupportedOperationException: nullAsyncAppender-Worker-ASYNCSTDOUT
2026-04-09 21:13:44,584 [INFO] in AsyncAppender-Worker-ASYNCSTDOUT - 	at com.sun.glass.ui.monocle.MonocleApplication.staticCommonDialogs_showFileChooser(MonocleApplication.java:273)AsyncAppender-Worker-ASYNCSTDOUT
2026-04-09 21:13:44,584 [INFO] in AsyncAppender-Worker-ASYNCSTDOUT - 	at com.sun.glass.ui.CommonDialogs.showFileChooser(CommonDialogs.java:213)AsyncAppender-Worker-ASYNCSTDOUT
2026-04-09 21:13:44,584 [INFO] in AsyncAppender-Worker-ASYNCSTDOUT - 	at com.sun.javafx.tk.quantum.QuantumToolkit.showFileChooser(QuantumToolkit.java:1737)AsyncAppender-Worker-ASYNCSTDOUT
2026-04-09 21:13:44,584 [INFO] in AsyncAppender-Worker-ASYNCSTDOUT - 	at javafx.stage.FileChooser.showDialog(FileChooser.java:396)AsyncAppender-Worker-ASYNCSTDOUT
2026-04-09 21:13:44,584 [INFO] in AsyncAppender-Worker-ASYNCSTDOUT - 	at javafx.stage.FileChooser.showOpenDialog(FileChooser.java:331)AsyncAppender-Worker-ASYNCSTDOUT
2026-04-09 21:13:44,584 [INFO] in AsyncAppender-Worker-ASYNCSTDOUT - 	at com.visualshop.controller.ShopController.openVisualSearch(ShopController.java:817)AsyncAppender-Worker-ASYNCSTDOUT
2026-04-09 21:13:44,584 [INFO] in AsyncAppender-Worker-ASYNCSTDOUT - 	at com.visualshop.controller.ShopController.lambda$buildNavbar$6(ShopController.java:172)AsyncAppender-Worker-ASYNCSTDOUT
2026-04-09 21:13:44,584 [INFO] in AsyncAppender-Worker-ASYNCSTDOUT - 	at com.sun.javafx.event.CompositeEventHandler.dispatchBubblingEvent(CompositeEventHandler.java:86)AsyncAppender-Worker-ASYNCSTDOUT
2026-04-09 21:13:44,584 [INFO] in AsyncAppender-Worker-ASYNCSTDOUT - 	at com.sun.javafx.event.EventHandlerManager.dispatchBubblingEvent(EventHandlerManager.java:232)AsyncAppender-Worker-ASYNCSTDOUT
2026-04-09 21:13:44,584 [INFO] in AsyncAppender-Worker-ASYNCSTDOUT - 	at com.sun.javafx.event.EventHandlerManager.dispatchBubblingEvent(EventHandlerManager.java:189)AsyncAppender-Worker-ASYNCSTDOUT
2026-04-09 21:13:44,765 [INFO] in AsyncAppender-Worker-ASYNCSTDOUT - [[1;31mERROR[0;39m] c.j.m.t.SceneInputListener - Error while processing the input: MouseEventToken(MouseReleased,260.0,29.600000381469727,MouseButtonToken(3),false,false,false,false,false,false,false,false) app: stage title: Visual Product Discovery & Shopping Management SystemAsyncAppender-Worker-ASYNCSTDOUT
2026-04-09 21:13:44,765 [INFO] in AsyncAppender-Worker-ASYNCSTDOUT - java.lang.reflect.InvocationTargetException: nullAsyncAppender-Worker-ASYNCSTDOUT
2026-04-09 21:13:44,765 [INFO] in AsyncAppender-Worker-ASYNCSTDOUT - 	at java.base/jdk.internal.reflect.DirectMethodHandleAccessor.invoke(DirectMethodHandleAccessor.java:118)AsyncAppender-Worker-ASYNCSTDOUT
2026-04-09 21:13:44,765 [INFO] in AsyncAppender-Worker-ASYNCSTDOUT - 	at java.base/java.lang.reflect.Method.invoke(Method.java:580)AsyncAppender-Worker-ASYNCSTDOUT
2026-04-09 21:13:44,765 [INFO] in AsyncAppender-Worker-ASYNCSTDOUT - 	at simplefx.util.ReflectionUtil$UseReflection.applyDynamic(ReflectionUtil.scala:21)AsyncAppender-Worker-ASYNCSTDOUT
2026-04-09 21:13:44,765 [INFO] in AsyncAppender-Worker-ASYNCSTDOUT - 	at com.jpro.meta.tk.SceneInputListener.processInputInScene(SceneInputListener.scala:304)AsyncAppender-Worker-ASYNCSTDOUT
2026-04-09 21:13:44,765 [INFO] in AsyncAppender-Worker-ASYNCSTDOUT - 	at com.jpro.meta.tk.SceneInputListener.processInput(SceneInputListener.scala:203)AsyncAppender-Worker-ASYNCSTDOUT
2026-04-09 21:13:44,765 [INFO] in AsyncAppender-Worker-ASYNCSTDOUT - 	at com.jpro.meta.tk.SceneInputListener.processInputs(SceneInputListener.scala:133)AsyncAppender-Worker-ASYNCSTDOUT
2026-04-09 21:13:44,765 [INFO] in AsyncAppender-Worker-ASYNCSTDOUT - 	at com.jpro.meta.tk.SceneInputListener.processOrRequest(SceneInputListener.scala:41)AsyncAppender-Worker-ASYNCSTDOUT
2026-04-09 21:13:44,765 [INFO] in AsyncAppender-Worker-ASYNCSTDOUT - 	at com.jpro.meta.tk.SceneInputListener.$anonfun$new$4(SceneInputListener.scala:59)AsyncAppender-Worker-ASYNCSTDOUT
2026-04-09 21:13:44,765 [INFO] in AsyncAppender-Worker-ASYNCSTDOUT - 	at scala.runtime.java8.JFunction0$mcV$sp.apply(JFunction0$mcV$sp.java:23)AsyncAppender-Worker-ASYNCSTDOUT
2026-04-09 21:13:44,765 [INFO] in AsyncAppender-Worker-ASYNCSTDOUT - 	at simplefx.cores.standard.parts.CoreTimeEvent$$anon$3.run(CoreTimeEvent.scala:62)AsyncAppender-Worker-ASYNCSTDOUT
2026-04-09 21:13:44,765 [INFO] in AsyncAppender-Worker-ASYNCSTDOUT - Caused by: java.lang.reflect.InvocationTargetException: nullAsyncAppender-Worker-ASYNCSTDOUT
2026-04-09 21:13:44,765 [INFO] in AsyncAppender-Worker-ASYNCSTDOUT - 	at java.base/jdk.internal.reflect.DirectMethodHandleAccessor.invoke(DirectMethodHandleAccessor.java:118)AsyncAppender-Worker-ASYNCSTDOUT
2026-04-09 21:13:44,765 [INFO] in AsyncAppender-Worker-ASYNCSTDOUT - 	at java.base/java.lang.reflect.Method.invoke(Method.java:580)AsyncAppender-Worker-ASYNCSTDOUT
2026-04-09 21:13:44,765 [INFO] in AsyncAppender-Worker-ASYNCSTDOUT - 	at simplefx.util.ReflectionUtil$UseReflection.applyDynamic(ReflectionUtil.scala:21)AsyncAppender-Worker-ASYNCSTDOUT
2026-04-09 21:13:44,765 [INFO] in AsyncAppender-Worker-ASYNCSTDOUT - 	at com.sun.glass.ui.monocle.input.fork.NativeMouseInput.notifyMouse(NativeMouseInput.scala:330)AsyncAppender-Worker-ASYNCSTDOUT
2026-04-09 21:13:44,765 [INFO] in AsyncAppender-Worker-ASYNCSTDOUT - 	at com.sun.glass.ui.monocle.input.fork.NativeMouseInput.postMouseEvent(NativeMouseInput.scala:226)AsyncAppender-Worker-ASYNCSTDOUT
2026-04-09 21:13:44,765 [INFO] in AsyncAppender-Worker-ASYNCSTDOUT - 	at com.sun.glass.ui.monocle.input.fork.NativeMouseInput.setState(NativeMouseInput.scala:186)AsyncAppender-Worker-ASYNCSTDOUT
2026-04-09 21:13:44,765 [INFO] in AsyncAppender-Worker-ASYNCSTDOUT - 	at java.base/jdk.internal.reflect.DirectMethodHandleAccessor.invoke(DirectMethodHandleAccessor.java:103)AsyncAppender-Worker-ASYNCSTDOUT
2026-04-09 21:13:44,765 [INFO] in AsyncAppender-Worker-ASYNCSTDOUT - 	at java.base/java.lang.reflect.Method.invoke(Method.java:580)AsyncAppender-Worker-ASYNCSTDOUT
2026-04-09 21:13:44,765 [INFO] in AsyncAppender-Worker-ASYNCSTDOUT - 	at simplefx.util.ReflectionUtil$UseReflection.applyDynamic(ReflectionUtil.scala:21)AsyncAppender-Worker-ASYNCSTDOUT
2026-04-09 21:13:44,765 [INFO] in AsyncAppender-Worker-ASYNCSTDOUT - 	at com.jpro.meta.tk.SceneInputListener.processInputInScene(SceneInputListener.scala:304)AsyncAppender-Worker-ASYNCSTDOUT
2026-04-09 21:13:44,765 [INFO] in AsyncAppender-Worker-ASYNCSTDOUT - Caused by: java.lang.UnsupportedOperationException: nullAsyncAppender-Worker-ASYNCSTDOUT
2026-04-09 21:13:44,765 [INFO] in AsyncAppender-Worker-ASYNCSTDOUT - 	at com.sun.glass.ui.monocle.MonocleApplication.staticCommonDialogs_showFileChooser(MonocleApplication.java:273)AsyncAppender-Worker-ASYNCSTDOUT
2026-04-09 21:13:44,765 [INFO] in AsyncAppender-Worker-ASYNCSTDOUT - 	at com.sun.glass.ui.CommonDialogs.showFileChooser(CommonDialogs.java:213)AsyncAppender-Worker-ASYNCSTDOUT
2026-04-09 21:13:44,765 [INFO] in AsyncAppender-Worker-ASYNCSTDOUT - 	at com.sun.javafx.tk.quantum.QuantumToolkit.showFileChooser(QuantumToolkit.java:1737)AsyncAppender-Worker-ASYNCSTDOUT
2026-04-09 21:13:44,765 [INFO] in AsyncAppender-Worker-ASYNCSTDOUT - 	at javafx.stage.FileChooser.showDialog(FileChooser.java:396)AsyncAppender-Worker-ASYNCSTDOUT
2026-04-09 21:13:44,765 [INFO] in AsyncAppender-Worker-ASYNCSTDOUT - 	at javafx.stage.FileChooser.showOpenDialog(FileChooser.java:331)AsyncAppender-Worker-ASYNCSTDOUT
2026-04-09 21:13:44,765 [INFO] in AsyncAppender-Worker-ASYNCSTDOUT - 	at com.visualshop.controller.ShopController.openVisualSearch(ShopController.java:817)AsyncAppender-Worker-ASYNCSTDOUT
2026-04-09 21:13:44,765 [INFO] in AsyncAppender-Worker-ASYNCSTDOUT - 	at com.visualshop.controller.ShopController.lambda$buildNavbar$6(ShopController.java:172)AsyncAppender-Worker-ASYNCSTDOUT
2026-04-09 21:13:44,765 [INFO] in AsyncAppender-Worker-ASYNCSTDOUT - 	at com.sun.javafx.event.CompositeEventHandler.dispatchBubblingEvent(CompositeEventHandler.java:86)AsyncAppender-Worker-ASYNCSTDOUT
2026-04-09 21:13:44,765 [INFO] in AsyncAppender-Worker-ASYNCSTDOUT - 	at com.sun.javafx.event.EventHandlerManager.dispatchBubblingEvent(EventHandlerManager.java:232)AsyncAppender-Worker-ASYNCSTDOUT
2026-04-09 21:13:44,765 [INFO] in AsyncAppender-Worker-ASYNCSTDOUT - 	at com.sun.javafx.event.EventHandlerManager.dispatchBubblingEvent(EventHandlerManager.java:189)AsyncAppender-Worker-ASYNCSTDOUT
2026-04-09 21:13:45,000 [INFO] in AsyncAppender-Worker-ASYNCSTDOUT - [[1;31mERROR[0;39m] c.j.m.t.SceneInputListener - Error while processing the input: MouseEventToken(MouseMoved,275.20001220703125,32.79999923706055,MouseButtonToken(2),false,false,false,false,false,false,false,false) app: stage title: Visual Product Discovery & Shopping Management SystemAsyncAppender-Worker-ASYNCSTDOUT
2026-04-09 21:13:45,000 [INFO] in AsyncAppender-Worker-ASYNCSTDOUT - java.lang.reflect.InvocationTargetException: nullAsyncAppender-Worker-ASYNCSTDOUT
2026-04-09 21:13:45,000 [INFO] in AsyncAppender-Worker-ASYNCSTDOUT - 	at java.base/jdk.internal.reflect.DirectMethodHandleAccessor.invoke(DirectMethodHandleAccessor.java:118)AsyncAppender-Worker-ASYNCSTDOUT
2026-04-09 21:13:45,000 [INFO] in AsyncAppender-Worker-ASYNCSTDOUT - 	at java.base/java.lang.reflect.Method.invoke(Method.java:580)AsyncAppender-Worker-ASYNCSTDOUT
2026-04-09 21:13:45,000 [INFO] in AsyncAppender-Worker-ASYNCSTDOUT - 	at simplefx.util.ReflectionUtil$UseReflection.applyDynamic(ReflectionUtil.scala:21)AsyncAppender-Worker-ASYNCSTDOUT
2026-04-09 21:13:45,000 [INFO] in AsyncAppender-Worker-ASYNCSTDOUT - 	at com.jpro.meta.tk.SceneInputListener.processInputInScene(SceneInputListener.scala:304)AsyncAppender-Worker-ASYNCSTDOUT
2026-04-09 21:13:45,000 [INFO] in AsyncAppender-Worker-ASYNCSTDOUT - 	at com.jpro.meta.tk.SceneInputListener.processInput(SceneInputListener.scala:206)AsyncAppender-Worker-ASYNCSTDOUT
2026-04-09 21:13:45,000 [INFO] in AsyncAppender-Worker-ASYNCSTDOUT - 	at com.jpro.meta.tk.SceneInputListener.processInputs(SceneInputListener.scala:133)AsyncAppender-Worker-ASYNCSTDOUT
2026-04-09 21:13:45,000 [INFO] in AsyncAppender-Worker-ASYNCSTDOUT - 	at com.jpro.meta.tk.SceneInputListener.processOrRequest(SceneInputListener.scala:41)AsyncAppender-Worker-ASYNCSTDOUT
2026-04-09 21:13:45,000 [INFO] in AsyncAppender-Worker-ASYNCSTDOUT - 	at com.jpro.meta.tk.SceneInputListener.$anonfun$new$4(SceneInputListener.scala:59)AsyncAppender-Worker-ASYNCSTDOUT
2026-04-09 21:13:45,000 [INFO] in AsyncAppender-Worker-ASYNCSTDOUT - 	at scala.runtime.java8.JFunction0$mcV$sp.apply(JFunction0$mcV$sp.java:23)AsyncAppender-Worker-ASYNCSTDOUT
2026-04-09 21:13:45,000 [INFO] in AsyncAppender-Worker-ASYNCSTDOUT - 	at simplefx.cores.standard.parts.CoreTimeEvent$$anon$3.run(CoreTimeEvent.scala:62)AsyncAppender-Worker-ASYNCSTDOUT
2026-04-09 21:13:45,000 [INFO] in AsyncAppender-Worker-ASYNCSTDOUT - Caused by: java.lang.reflect.InvocationTargetException: nullAsyncAppender-Worker-ASYNCSTDOUT
2026-04-09 21:13:45,000 [INFO] in AsyncAppender-Worker-ASYNCSTDOUT - 	at java.base/jdk.internal.reflect.DirectMethodHandleAccessor.invoke(DirectMethodHandleAccessor.java:118)AsyncAppender-Worker-ASYNCSTDOUT
2026-04-09 21:13:45,000 [INFO] in AsyncAppender-Worker-ASYNCSTDOUT - 	at java.base/java.lang.reflect.Method.invoke(Method.java:580)AsyncAppender-Worker-ASYNCSTDOUT
2026-04-09 21:13:45,000 [INFO] in AsyncAppender-Worker-ASYNCSTDOUT - 	at simplefx.util.ReflectionUtil$UseReflection.applyDynamic(ReflectionUtil.scala:21)AsyncAppender-Worker-ASYNCSTDOUT
2026-04-09 21:13:45,000 [INFO] in AsyncAppender-Worker-ASYNCSTDOUT - 	at com.sun.glass.ui.monocle.input.fork.NativeMouseInput.notifyMouse(NativeMouseInput.scala:330)AsyncAppender-Worker-ASYNCSTDOUT
2026-04-09 21:13:45,000 [INFO] in AsyncAppender-Worker-ASYNCSTDOUT - 	at com.sun.glass.ui.monocle.input.fork.NativeMouseInput.postMouseEvent(NativeMouseInput.scala:226)AsyncAppender-Worker-ASYNCSTDOUT
2026-04-09 21:13:45,000 [INFO] in AsyncAppender-Worker-ASYNCSTDOUT - 	at com.sun.glass.ui.monocle.input.fork.NativeMouseInput.setState(NativeMouseInput.scala:186)AsyncAppender-Worker-ASYNCSTDOUT
2026-04-09 21:13:45,000 [INFO] in AsyncAppender-Worker-ASYNCSTDOUT - 	at java.base/jdk.internal.reflect.DirectMethodHandleAccessor.invoke(DirectMethodHandleAccessor.java:103)AsyncAppender-Worker-ASYNCSTDOUT
2026-04-09 21:13:45,000 [INFO] in AsyncAppender-Worker-ASYNCSTDOUT - 	at java.base/java.lang.reflect.Method.invoke(Method.java:580)AsyncAppender-Worker-ASYNCSTDOUT
2026-04-09 21:13:45,000 [INFO] in AsyncAppender-Worker-ASYNCSTDOUT - 	at simplefx.util.ReflectionUtil$UseReflection.applyDynamic(ReflectionUtil.scala:21)AsyncAppender-Worker-ASYNCSTDOUT
2026-04-09 21:13:45,000 [INFO] in AsyncAppender-Worker-ASYNCSTDOUT - 	at com.jpro.meta.tk.SceneInputListener.processInputInScene(SceneInputListener.scala:304)AsyncAppender-Worker-ASYNCSTDOUT
2026-04-09 21:13:45,000 [INFO] in AsyncAppender-Worker-ASYNCSTDOUT - Caused by: java.lang.UnsupportedOperationException: nullAsyncAppender-Worker-ASYNCSTDOUT
2026-04-09 21:13:45,000 [INFO] in AsyncAppender-Worker-ASYNCSTDOUT - 	at com.sun.glass.ui.monocle.MonocleApplication.staticCommonDialogs_showFileChooser(MonocleApplication.java:273)AsyncAppender-Worker-ASYNCSTDOUT
2026-04-09 21:13:45,000 [INFO] in AsyncAppender-Worker-ASYNCSTDOUT - 	at com.sun.glass.ui.CommonDialogs.showFileChooser(CommonDialogs.java:213)AsyncAppender-Worker-ASYNCSTDOUT
2026-04-09 21:13:45,000 [INFO] in AsyncAppender-Worker-ASYNCSTDOUT - 	at com.sun.javafx.tk.quantum.QuantumToolkit.showFileChooser(QuantumToolkit.java:1737)AsyncAppender-Worker-ASYNCSTDOUT
2026-04-09 21:13:45,000 [INFO] in AsyncAppender-Worker-ASYNCSTDOUT - 	at javafx.stage.FileChooser.showDialog(FileChooser.java:396)AsyncAppender-Worker-ASYNCSTDOUT
2026-04-09 21:13:45,000 [INFO] in AsyncAppender-Worker-ASYNCSTDOUT - 	at javafx.stage.FileChooser.showOpenDialog(FileChooser.java:331)AsyncAppender-Worker-ASYNCSTDOUT
2026-04-09 21:13:45,000 [INFO] in AsyncAppender-Worker-ASYNCSTDOUT - 	at com.visualshop.controller.ShopController.openVisualSearch(ShopController.java:817)AsyncAppender-Worker-ASYNCSTDOUT
2026-04-09 21:13:45,000 [INFO] in AsyncAppender-Worker-ASYNCSTDOUT - 	at com.visualshop.controller.ShopController.lambda$buildNavbar$6(ShopController.java:172)AsyncAppender-Worker-ASYNCSTDOUT
2026-04-09 21:13:45,000 [INFO] in AsyncAppender-Worker-ASYNCSTDOUT - 	at com.sun.javafx.event.CompositeEventHandler.dispatchBubblingEvent(CompositeEventHandler.java:86)AsyncAppender-Worker-ASYNCSTDOUT
2026-04-09 21:13:45,000 [INFO] in AsyncAppender-Worker-ASYNCSTDOUT - 	at com.sun.javafx.event.EventHandlerManager.dispatchBubblingEvent(EventHandlerManager.java:232)AsyncAppender-Worker-ASYNCSTDOUT
2026-04-09 21:13:45,000 [INFO] in AsyncAppender-Worker-ASYNCSTDOUT - 	at com.sun.javafx.event.EventHandlerManager.dispatchBubblingEvent(EventHandlerManager.java:189)AsyncAppender-Worker-ASYNCSTDOUT
2026-04-09 21:13:48,836 [INFO] in AsyncAppender-Worker-ASYNCSTDOUT - [[1;31mERROR[0;39m] c.j.m.t.SceneInputListener - Error while processing the input: MouseEventToken(MouseReleased,258.3999938964844,32.79999923706055,MouseButtonToken(3),false,false,false,false,false,false,false,false) app: stage title: Visual Product Discovery & Shopping Management SystemAsyncAppender-Worker-ASYNCSTDOUT
2026-04-09 21:13:48,836 [INFO] in AsyncAppender-Worker-ASYNCSTDOUT - java.lang.reflect.InvocationTargetException: nullAsyncAppender-Worker-ASYNCSTDOUT
2026-04-09 21:13:48,836 [INFO] in AsyncAppender-Worker-ASYNCSTDOUT - 	at java.base/jdk.internal.reflect.DirectMethodHandleAccessor.invoke(DirectMethodHandleAccessor.java:118)AsyncAppender-Worker-ASYNCSTDOUT
2026-04-09 21:13:48,836 [INFO] in AsyncAppender-Worker-ASYNCSTDOUT - 	at java.base/java.lang.reflect.Method.invoke(Method.java:580)AsyncAppender-Worker-ASYNCSTDOUT
2026-04-09 21:13:48,836 [INFO] in AsyncAppender-Worker-ASYNCSTDOUT - 	at simplefx.util.ReflectionUtil$UseReflection.applyDynamic(ReflectionUtil.scala:21)AsyncAppender-Worker-ASYNCSTDOUT
2026-04-09 21:13:48,836 [INFO] in AsyncAppender-Worker-ASYNCSTDOUT - 	at com.jpro.meta.tk.SceneInputListener.processInputInScene(SceneInputListener.scala:304)AsyncAppender-Worker-ASYNCSTDOUT
2026-04-09 21:13:48,836 [INFO] in AsyncAppender-Worker-ASYNCSTDOUT - 	at com.jpro.meta.tk.SceneInputListener.processInput(SceneInputListener.scala:203)AsyncAppender-Worker-ASYNCSTDOUT
2026-04-09 21:13:48,836 [INFO] in AsyncAppender-Worker-ASYNCSTDOUT - 	at com.jpro.meta.tk.SceneInputListener.processInputs(SceneInputListener.scala:133)AsyncAppender-Worker-ASYNCSTDOUT
2026-04-09 21:13:48,836 [INFO] in AsyncAppender-Worker-ASYNCSTDOUT - 	at com.jpro.meta.tk.SceneInputListener.processOrRequest(SceneInputListener.scala:41)AsyncAppender-Worker-ASYNCSTDOUT
2026-04-09 21:13:48,836 [INFO] in AsyncAppender-Worker-ASYNCSTDOUT - 	at com.jpro.meta.tk.SceneInputListener.$anonfun$new$4(SceneInputListener.scala:59)AsyncAppender-Worker-ASYNCSTDOUT
2026-04-09 21:13:48,836 [INFO] in AsyncAppender-Worker-ASYNCSTDOUT - 	at scala.runtime.java8.JFunction0$mcV$sp.apply(JFunction0$mcV$sp.java:23)AsyncAppender-Worker-ASYNCSTDOUT
2026-04-09 21:13:48,836 [INFO] in AsyncAppender-Worker-ASYNCSTDOUT - 	at simplefx.cores.standard.parts.CoreTimeEvent$$anon$3.run(CoreTimeEvent.scala:62)AsyncAppender-Worker-ASYNCSTDOUT
2026-04-09 21:13:48,836 [INFO] in AsyncAppender-Worker-ASYNCSTDOUT - Caused by: java.lang.reflect.InvocationTargetException: nullAsyncAppender-Worker-ASYNCSTDOUT
2026-04-09 21:13:48,836 [INFO] in AsyncAppender-Worker-ASYNCSTDOUT - 	at java.base/jdk.internal.reflect.DirectMethodHandleAccessor.invoke(DirectMethodHandleAccessor.java:118)AsyncAppender-Worker-ASYNCSTDOUT
2026-04-09 21:13:48,836 [INFO] in AsyncAppender-Worker-ASYNCSTDOUT - 	at java.base/java.lang.reflect.Method.invoke(Method.java:580)AsyncAppender-Worker-ASYNCSTDOUT
2026-04-09 21:13:48,836 [INFO] in AsyncAppender-Worker-ASYNCSTDOUT - 	at simplefx.util.ReflectionUtil$UseReflection.applyDynamic(ReflectionUtil.scala:21)AsyncAppender-Worker-ASYNCSTDOUT
2026-04-09 21:13:48,836 [INFO] in AsyncAppender-Worker-ASYNCSTDOUT - 	at com.sun.glass.ui.monocle.input.fork.NativeMouseInput.notifyMouse(NativeMouseInput.scala:330)AsyncAppender-Worker-ASYNCSTDOUT
2026-04-09 21:13:48,837 [INFO] in AsyncAppender-Worker-ASYNCSTDOUT - 	at com.sun.glass.ui.monocle.input.fork.NativeMouseInput.postMouseEvent(NativeMouseInput.scala:226)AsyncAppender-Worker-ASYNCSTDOUT
2026-04-09 21:13:48,837 [INFO] in AsyncAppender-Worker-ASYNCSTDOUT - 	at com.sun.glass.ui.monocle.input.fork.NativeMouseInput.setState(NativeMouseInput.scala:186)AsyncAppender-Worker-ASYNCSTDOUT
2026-04-09 21:13:48,837 [INFO] in AsyncAppender-Worker-ASYNCSTDOUT - 	at java.base/jdk.internal.reflect.DirectMethodHandleAccessor.invoke(DirectMethodHandleAccessor.java:103)AsyncAppender-Worker-ASYNCSTDOUT
2026-04-09 21:13:48,837 [INFO] in AsyncAppender-Worker-ASYNCSTDOUT - 	at java.base/java.lang.reflect.Method.invoke(Method.java:580)AsyncAppender-Worker-ASYNCSTDOUT
2026-04-09 21:13:48,837 [INFO] in AsyncAppender-Worker-ASYNCSTDOUT - 	at simplefx.util.ReflectionUtil$UseReflection.applyDynamic(ReflectionUtil.scala:21)AsyncAppender-Worker-ASYNCSTDOUT
2026-04-09 21:13:48,837 [INFO] in AsyncAppender-Worker-ASYNCSTDOUT - 	at com.jpro.meta.tk.SceneInputListener.processInputInScene(SceneInputListener.scala:304)AsyncAppender-Worker-ASYNCSTDOUT
2026-04-09 21:13:48,837 [INFO] in AsyncAppender-Worker-ASYNCSTDOUT - Caused by: java.lang.UnsupportedOperationException: nullAsyncAppender-Worker-ASYNCSTDOUT
2026-04-09 21:13:48,837 [INFO] in AsyncAppender-Worker-ASYNCSTDOUT - 	at com.sun.glass.ui.monocle.MonocleApplication.staticCommonDialogs_showFileChooser(MonocleApplication.java:273)AsyncAppender-Worker-ASYNCSTDOUT
2026-04-09 21:13:48,837 [INFO] in AsyncAppender-Worker-ASYNCSTDOUT - 	at com.sun.glass.ui.CommonDialogs.showFileChooser(CommonDialogs.java:213)AsyncAppender-Worker-ASYNCSTDOUT
2026-04-09 21:13:48,837 [INFO] in AsyncAppender-Worker-ASYNCSTDOUT - 	at com.sun.javafx.tk.quantum.QuantumToolkit.showFileChooser(QuantumToolkit.java:1737)AsyncAppender-Worker-ASYNCSTDOUT
2026-04-09 21:13:48,837 [INFO] in AsyncAppender-Worker-ASYNCSTDOUT - 	at javafx.stage.FileChooser.showDialog(FileChooser.java:396)AsyncAppender-Worker-ASYNCSTDOUT
2026-04-09 21:13:48,837 [INFO] in AsyncAppender-Worker-ASYNCSTDOUT - 	at javafx.stage.FileChooser.showOpenDialog(FileChooser.java:331)AsyncAppender-Worker-ASYNCSTDOUT
2026-04-09 21:13:48,837 [INFO] in AsyncAppender-Worker-ASYNCSTDOUT - 	at com.visualshop.controller.ShopController.openVisualSearch(ShopController.java:817)AsyncAppender-Worker-ASYNCSTDOUT
2026-04-09 21:13:48,837 [INFO] in AsyncAppender-Worker-ASYNCSTDOUT - 	at com.visualshop.controller.ShopController.lambda$buildNavbar$6(ShopController.java:172)AsyncAppender-Worker-ASYNCSTDOUT
2026-04-09 21:13:48,837 [INFO] in AsyncAppender-Worker-ASYNCSTDOUT - 	at com.sun.javafx.event.CompositeEventHandler.dispatchBubblingEvent(CompositeEventHandler.java:86)AsyncAppender-Worker-ASYNCSTDOUT
2026-04-09 21:13:48,837 [INFO] in AsyncAppender-Worker-ASYNCSTDOUT - 	at com.sun.javafx.event.EventHandlerManager.dispatchBubblingEvent(EventHandlerManager.java:232)AsyncAppender-Worker-ASYNCSTDOUT
2026-04-09 21:13:48,837 [INFO] in AsyncAppender-Worker-ASYNCSTDOUT - 	at com.sun.javafx.event.EventHandlerManager.dispatchBubblingEvent(EventHandlerManager.java:189)AsyncAppender-Worker-ASYNCSTDOUT
2026-04-09 21:13:49,408 [INFO] in AsyncAppender-Worker-ASYNCSTDOUT - [[1;31mERROR[0;39m] c.j.m.t.SceneInputListener - Error while processing the input: MouseEventToken(MouseReleased,258.3999938964844,32.79999923706055,MouseButtonToken(3),false,false,false,false,false,false,false,false) app: stage title: Visual Product Discovery & Shopping Management SystemAsyncAppender-Worker-ASYNCSTDOUT
2026-04-09 21:13:49,408 [INFO] in AsyncAppender-Worker-ASYNCSTDOUT - java.lang.reflect.InvocationTargetException: nullAsyncAppender-Worker-ASYNCSTDOUT
2026-04-09 21:13:49,408 [INFO] in AsyncAppender-Worker-ASYNCSTDOUT - 	at java.base/jdk.internal.reflect.DirectMethodHandleAccessor.invoke(DirectMethodHandleAccessor.java:118)AsyncAppender-Worker-ASYNCSTDOUT
2026-04-09 21:13:49,409 [INFO] in AsyncAppender-Worker-ASYNCSTDOUT - 	at java.base/java.lang.reflect.Method.invoke(Method.java:580)AsyncAppender-Worker-ASYNCSTDOUT
2026-04-09 21:13:49,409 [INFO] in AsyncAppender-Worker-ASYNCSTDOUT - 	at simplefx.util.ReflectionUtil$UseReflection.applyDynamic(ReflectionUtil.scala:21)AsyncAppender-Worker-ASYNCSTDOUT
2026-04-09 21:13:49,409 [INFO] in AsyncAppender-Worker-ASYNCSTDOUT - 	at com.jpro.meta.tk.SceneInputListener.processInputInScene(SceneInputListener.scala:304)AsyncAppender-Worker-ASYNCSTDOUT
2026-04-09 21:13:49,409 [INFO] in AsyncAppender-Worker-ASYNCSTDOUT - 	at com.jpro.meta.tk.SceneInputListener.processInput(SceneInputListener.scala:203)AsyncAppender-Worker-ASYNCSTDOUT
2026-04-09 21:13:49,409 [INFO] in AsyncAppender-Worker-ASYNCSTDOUT - 	at com.jpro.meta.tk.SceneInputListener.processInputs(SceneInputListener.scala:133)AsyncAppender-Worker-ASYNCSTDOUT
2026-04-09 21:13:49,409 [INFO] in AsyncAppender-Worker-ASYNCSTDOUT - 	at com.jpro.meta.tk.SceneInputListener.processOrRequest(SceneInputListener.scala:41)AsyncAppender-Worker-ASYNCSTDOUT
2026-04-09 21:13:49,409 [INFO] in AsyncAppender-Worker-ASYNCSTDOUT - 	at com.jpro.meta.tk.SceneInputListener.$anonfun$new$4(SceneInputListener.scala:59)AsyncAppender-Worker-ASYNCSTDOUT
2026-04-09 21:13:49,409 [INFO] in AsyncAppender-Worker-ASYNCSTDOUT - 	at scala.runtime.java8.JFunction0$mcV$sp.apply(JFunction0$mcV$sp.java:23)AsyncAppender-Worker-ASYNCSTDOUT
2026-04-09 21:13:49,409 [INFO] in AsyncAppender-Worker-ASYNCSTDOUT - 	at simplefx.cores.standard.parts.CoreTimeEvent$$anon$3.run(CoreTimeEvent.scala:62)AsyncAppender-Worker-ASYNCSTDOUT
2026-04-09 21:13:49,409 [INFO] in AsyncAppender-Worker-ASYNCSTDOUT - Caused by: java.lang.reflect.InvocationTargetException: nullAsyncAppender-Worker-ASYNCSTDOUT
2026-04-09 21:13:49,409 [INFO] in AsyncAppender-Worker-ASYNCSTDOUT - 	at java.base/jdk.internal.reflect.DirectMethodHandleAccessor.invoke(DirectMethodHandleAccessor.java:118)AsyncAppender-Worker-ASYNCSTDOUT
2026-04-09 21:13:49,409 [INFO] in AsyncAppender-Worker-ASYNCSTDOUT - 	at java.base/java.lang.reflect.Method.invoke(Method.java:580)AsyncAppender-Worker-ASYNCSTDOUT
2026-04-09 21:13:49,409 [INFO] in AsyncAppender-Worker-ASYNCSTDOUT - 	at simplefx.util.ReflectionUtil$UseReflection.applyDynamic(ReflectionUtil.scala:21)AsyncAppender-Worker-ASYNCSTDOUT
2026-04-09 21:13:49,409 [INFO] in AsyncAppender-Worker-ASYNCSTDOUT - 	at com.sun.glass.ui.monocle.input.fork.NativeMouseInput.notifyMouse(NativeMouseInput.scala:330)AsyncAppender-Worker-ASYNCSTDOUT
2026-04-09 21:13:49,409 [INFO] in AsyncAppender-Worker-ASYNCSTDOUT - 	at com.sun.glass.ui.monocle.input.fork.NativeMouseInput.postMouseEvent(NativeMouseInput.scala:226)AsyncAppender-Worker-ASYNCSTDOUT
2026-04-09 21:13:49,409 [INFO] in AsyncAppender-Worker-ASYNCSTDOUT - 	at com.sun.glass.ui.monocle.input.fork.NativeMouseInput.setState(NativeMouseInput.scala:186)AsyncAppender-Worker-ASYNCSTDOUT
2026-04-09 21:13:49,409 [INFO] in AsyncAppender-Worker-ASYNCSTDOUT - 	at java.base/jdk.internal.reflect.DirectMethodHandleAccessor.invoke(DirectMethodHandleAccessor.java:103)AsyncAppender-Worker-ASYNCSTDOUT
2026-04-09 21:13:49,409 [INFO] in AsyncAppender-Worker-ASYNCSTDOUT - 	at java.base/java.lang.reflect.Method.invoke(Method.java:580)AsyncAppender-Worker-ASYNCSTDOUT
2026-04-09 21:13:49,409 [INFO] in AsyncAppender-Worker-ASYNCSTDOUT - 	at simplefx.util.ReflectionUtil$UseReflection.applyDynamic(ReflectionUtil.scala:21)AsyncAppender-Worker-ASYNCSTDOUT
2026-04-09 21:13:49,409 [INFO] in AsyncAppender-Worker-ASYNCSTDOUT - 	at com.jpro.meta.tk.SceneInputListener.processInputInScene(SceneInputListener.scala:304)AsyncAppender-Worker-ASYNCSTDOUT
2026-04-09 21:13:49,409 [INFO] in AsyncAppender-Worker-ASYNCSTDOUT - Caused by: java.lang.UnsupportedOperationException: nullAsyncAppender-Worker-ASYNCSTDOUT
2026-04-09 21:13:49,409 [INFO] in AsyncAppender-Worker-ASYNCSTDOUT - 	at com.sun.glass.ui.monocle.MonocleApplication.staticCommonDialogs_showFileChooser(MonocleApplication.java:273)AsyncAppender-Worker-ASYNCSTDOUT
2026-04-09 21:13:49,409 [INFO] in AsyncAppender-Worker-ASYNCSTDOUT - 	at com.sun.glass.ui.CommonDialogs.showFileChooser(CommonDialogs.java:213)AsyncAppender-Worker-ASYNCSTDOUT
2026-04-09 21:13:49,409 [INFO] in AsyncAppender-Worker-ASYNCSTDOUT - 	at com.sun.javafx.tk.quantum.QuantumToolkit.showFileChooser(QuantumToolkit.java:1737)AsyncAppender-Worker-ASYNCSTDOUT
2026-04-09 21:13:49,409 [INFO] in AsyncAppender-Worker-ASYNCSTDOUT - 	at javafx.stage.FileChooser.showDialog(FileChooser.java:396)AsyncAppender-Worker-ASYNCSTDOUT
2026-04-09 21:13:49,409 [INFO] in AsyncAppender-Worker-ASYNCSTDOUT - 	at javafx.stage.FileChooser.showOpenDialog(FileChooser.java:331)AsyncAppender-Worker-ASYNCSTDOUT
2026-04-09 21:13:49,409 [INFO] in AsyncAppender-Worker-ASYNCSTDOUT - 	at com.visualshop.controller.ShopController.openVisualSearch(ShopController.java:817)AsyncAppender-Worker-ASYNCSTDOUT
2026-04-09 21:13:49,409 [INFO] in AsyncAppender-Worker-ASYNCSTDOUT - 	at com.visualshop.controller.ShopController.lambda$buildNavbar$6(ShopController.java:172)AsyncAppender-Worker-ASYNCSTDOUT
2026-04-09 21:13:49,409 [INFO] in AsyncAppender-Worker-ASYNCSTDOUT - 	at com.sun.javafx.event.CompositeEventHandler.dispatchBubblingEvent(CompositeEventHandler.java:86)AsyncAppender-Worker-ASYNCSTDOUT
2026-04-09 21:13:49,409 [INFO] in AsyncAppender-Worker-ASYNCSTDOUT - 	at com.sun.javafx.event.EventHandlerManager.dispatchBubblingEvent(EventHandlerManager.java:232)AsyncAppender-Worker-ASYNCSTDOUT
2026-04-09 21:13:49,409 [INFO] in AsyncAppender-Worker-ASYNCSTDOUT - 	at com.sun.javafx.event.EventHandlerManager.dispatchBubblingEvent(EventHandlerManager.java:189)AsyncAppender-Worker-ASYNCSTDOUT
2026-04-09 21:13:49,542 [INFO] in AsyncAppender-Worker-ASYNCSTDOUT - [[1;31mERROR[0;39m] c.j.m.t.SceneInputListener - Error while processing the input: MouseEventToken(MouseReleased,258.3999938964844,32.79999923706055,MouseButtonToken(3),false,false,false,false,false,false,false,false) app: stage title: Visual Product Discovery & Shopping Management SystemAsyncAppender-Worker-ASYNCSTDOUT
2026-04-09 21:13:49,542 [INFO] in AsyncAppender-Worker-ASYNCSTDOUT - java.lang.reflect.InvocationTargetException: nullAsyncAppender-Worker-ASYNCSTDOUT
2026-04-09 21:13:49,542 [INFO] in AsyncAppender-Worker-ASYNCSTDOUT - 	at java.base/jdk.internal.reflect.DirectMethodHandleAccessor.invoke(DirectMethodHandleAccessor.java:118)AsyncAppender-Worker-ASYNCSTDOUT
2026-04-09 21:13:49,542 [INFO] in AsyncAppender-Worker-ASYNCSTDOUT - 	at java.base/java.lang.reflect.Method.invoke(Method.java:580)AsyncAppender-Worker-ASYNCSTDOUT
2026-04-09 21:13:49,542 [INFO] in AsyncAppender-Worker-ASYNCSTDOUT - 	at simplefx.util.ReflectionUtil$UseReflection.applyDynamic(ReflectionUtil.scala:21)AsyncAppender-Worker-ASYNCSTDOUT
2026-04-09 21:13:49,542 [INFO] in AsyncAppender-Worker-ASYNCSTDOUT - 	at com.jpro.meta.tk.SceneInputListener.processInputInScene(SceneInputListener.scala:304)AsyncAppender-Worker-ASYNCSTDOUT
2026-04-09 21:13:49,542 [INFO] in AsyncAppender-Worker-ASYNCSTDOUT - 	at com.jpro.meta.tk.SceneInputListener.processInput(SceneInputListener.scala:203)AsyncAppender-Worker-ASYNCSTDOUT
2026-04-09 21:13:49,542 [INFO] in AsyncAppender-Worker-ASYNCSTDOUT - 	at com.jpro.meta.tk.SceneInputListener.processInputs(SceneInputListener.scala:133)AsyncAppender-Worker-ASYNCSTDOUT
2026-04-09 21:13:49,542 [INFO] in AsyncAppender-Worker-ASYNCSTDOUT - 	at com.jpro.meta.tk.SceneInputListener.processOrRequest(SceneInputListener.scala:41)AsyncAppender-Worker-ASYNCSTDOUT
2026-04-09 21:13:49,542 [INFO] in AsyncAppender-Worker-ASYNCSTDOUT - 	at com.jpro.meta.tk.SceneInputListener.$anonfun$new$4(SceneInputListener.scala:59)AsyncAppender-Worker-ASYNCSTDOUT
2026-04-09 21:13:49,542 [INFO] in AsyncAppender-Worker-ASYNCSTDOUT - 	at scala.runtime.java8.JFunction0$mcV$sp.apply(JFunction0$mcV$sp.java:23)AsyncAppender-Worker-ASYNCSTDOUT
2026-04-09 21:13:49,543 [INFO] in AsyncAppender-Worker-ASYNCSTDOUT - 	at simplefx.cores.standard.parts.CoreTimeEvent$$anon$3.run(CoreTimeEvent.scala:62)AsyncAppender-Worker-ASYNCSTDOUT
2026-04-09 21:13:49,543 [INFO] in AsyncAppender-Worker-ASYNCSTDOUT - Caused by: java.lang.reflect.InvocationTargetException: nullAsyncAppender-Worker-ASYNCSTDOUT
2026-04-09 21:13:49,543 [INFO] in AsyncAppender-Worker-ASYNCSTDOUT - 	at java.base/jdk.internal.reflect.DirectMethodHandleAccessor.invoke(DirectMethodHandleAccessor.java:118)AsyncAppender-Worker-ASYNCSTDOUT
2026-04-09 21:13:49,543 [INFO] in AsyncAppender-Worker-ASYNCSTDOUT - 	at java.base/java.lang.reflect.Method.invoke(Method.java:580)AsyncAppender-Worker-ASYNCSTDOUT
2026-04-09 21:13:49,543 [INFO] in AsyncAppender-Worker-ASYNCSTDOUT - 	at simplefx.util.ReflectionUtil$UseReflection.applyDynamic(ReflectionUtil.scala:21)AsyncAppender-Worker-ASYNCSTDOUT
2026-04-09 21:13:49,543 [INFO] in AsyncAppender-Worker-ASYNCSTDOUT - 	at com.sun.glass.ui.monocle.input.fork.NativeMouseInput.notifyMouse(NativeMouseInput.scala:330)AsyncAppender-Worker-ASYNCSTDOUT
2026-04-09 21:13:49,543 [INFO] in AsyncAppender-Worker-ASYNCSTDOUT - 	at com.sun.glass.ui.monocle.input.fork.NativeMouseInput.postMouseEvent(NativeMouseInput.scala:226)AsyncAppender-Worker-ASYNCSTDOUT
2026-04-09 21:13:49,543 [INFO] in AsyncAppender-Worker-ASYNCSTDOUT - 	at com.sun.glass.ui.monocle.input.fork.NativeMouseInput.setState(NativeMouseInput.scala:186)AsyncAppender-Worker-ASYNCSTDOUT
2026-04-09 21:13:49,543 [INFO] in AsyncAppender-Worker-ASYNCSTDOUT - 	at java.base/jdk.internal.reflect.DirectMethodHandleAccessor.invoke(DirectMethodHandleAccessor.java:103)AsyncAppender-Worker-ASYNCSTDOUT
2026-04-09 21:13:49,543 [INFO] in AsyncAppender-Worker-ASYNCSTDOUT - 	at java.base/java.lang.reflect.Method.invoke(Method.java:580)AsyncAppender-Worker-ASYNCSTDOUT
2026-04-09 21:13:49,543 [INFO] in AsyncAppender-Worker-ASYNCSTDOUT - 	at simplefx.util.ReflectionUtil$UseReflection.applyDynamic(ReflectionUtil.scala:21)AsyncAppender-Worker-ASYNCSTDOUT
2026-04-09 21:13:49,543 [INFO] in AsyncAppender-Worker-ASYNCSTDOUT - 	at com.jpro.meta.tk.SceneInputListener.processInputInScene(SceneInputListener.scala:304)AsyncAppender-Worker-ASYNCSTDOUT
2026-04-09 21:13:49,543 [INFO] in AsyncAppender-Worker-ASYNCSTDOUT - Caused by: java.lang.UnsupportedOperationException: nullAsyncAppender-Worker-ASYNCSTDOUT
2026-04-09 21:13:49,543 [INFO] in AsyncAppender-Worker-ASYNCSTDOUT - 	at com.sun.glass.ui.monocle.MonocleApplication.staticCommonDialogs_showFileChooser(MonocleApplication.java:273)AsyncAppender-Worker-ASYNCSTDOUT
2026-04-09 21:13:49,543 [INFO] in AsyncAppender-Worker-ASYNCSTDOUT - 	at com.sun.glass.ui.CommonDialogs.showFileChooser(CommonDialogs.java:213)AsyncAppender-Worker-ASYNCSTDOUT
2026-04-09 21:13:49,543 [INFO] in AsyncAppender-Worker-ASYNCSTDOUT - 	at com.sun.javafx.tk.quantum.QuantumToolkit.showFileChooser(QuantumToolkit.java:1737)AsyncAppender-Worker-ASYNCSTDOUT
2026-04-09 21:13:49,543 [INFO] in AsyncAppender-Worker-ASYNCSTDOUT - 	at javafx.stage.FileChooser.showDialog(FileChooser.java:396)AsyncAppender-Worker-ASYNCSTDOUT
2026-04-09 21:13:49,543 [INFO] in AsyncAppender-Worker-ASYNCSTDOUT - 	at javafx.stage.FileChooser.showOpenDialog(FileChooser.java:331)AsyncAppender-Worker-ASYNCSTDOUT
2026-04-09 21:13:49,543 [INFO] in AsyncAppender-Worker-ASYNCSTDOUT - 	at com.visualshop.controller.ShopController.openVisualSearch(ShopController.java:817)AsyncAppender-Worker-ASYNCSTDOUT
2026-04-09 21:13:49,543 [INFO] in AsyncAppender-Worker-ASYNCSTDOUT - 	at com.visualshop.controller.ShopController.lambda$buildNavbar$6(ShopController.java:172)AsyncAppender-Worker-ASYNCSTDOUT
2026-04-09 21:13:49,543 [INFO] in AsyncAppender-Worker-ASYNCSTDOUT - 	at com.sun.javafx.event.CompositeEventHandler.dispatchBubblingEvent(CompositeEventHandler.java:86)AsyncAppender-Worker-ASYNCSTDOUT
2026-04-09 21:13:49,543 [INFO] in AsyncAppender-Worker-ASYNCSTDOUT - 	at com.sun.javafx.event.EventHandlerManager.dispatchBubblingEvent(EventHandlerManager.java:232)AsyncAppender-Worker-ASYNCSTDOUT
2026-04-09 21:13:49,543 [INFO] in AsyncAppender-Worker-ASYNCSTDOUT - 	at com.sun.javafx.event.EventHandlerManager.dispatchBubblingEvent(EventHandlerManager.java:189)AsyncAppender-Worker-ASYNCSTDOUT
2026-04-09 21:13:49,769 [INFO] in AsyncAppender-Worker-ASYNCSTDOUT - [[1;31mERROR[0;39m] c.j.m.t.SceneInputListener - Error while processing the input: MouseEventToken(MouseReleased,258.3999938964844,32.79999923706055,MouseButtonToken(3),false,false,false,false,false,false,false,false) app: stage title: Visual Product Discovery & Shopping Management SystemAsyncAppender-Worker-ASYNCSTDOUT
2026-04-09 21:13:49,769 [INFO] in AsyncAppender-Worker-ASYNCSTDOUT - java.lang.reflect.InvocationTargetException: nullAsyncAppender-Worker-ASYNCSTDOUT
2026-04-09 21:13:49,769 [INFO] in AsyncAppender-Worker-ASYNCSTDOUT - 	at java.base/jdk.internal.reflect.DirectMethodHandleAccessor.invoke(DirectMethodHandleAccessor.java:118)AsyncAppender-Worker-ASYNCSTDOUT
2026-04-09 21:13:49,769 [INFO] in AsyncAppender-Worker-ASYNCSTDOUT - 	at java.base/java.lang.reflect.Method.invoke(Method.java:580)AsyncAppender-Worker-ASYNCSTDOUT
2026-04-09 21:13:49,769 [INFO] in AsyncAppender-Worker-ASYNCSTDOUT - 	at simplefx.util.ReflectionUtil$UseReflection.applyDynamic(ReflectionUtil.scala:21)AsyncAppender-Worker-ASYNCSTDOUT
2026-04-09 21:13:49,769 [INFO] in AsyncAppender-Worker-ASYNCSTDOUT - 	at com.jpro.meta.tk.SceneInputListener.processInputInScene(SceneInputListener.scala:304)AsyncAppender-Worker-ASYNCSTDOUT
2026-04-09 21:13:49,769 [INFO] in AsyncAppender-Worker-ASYNCSTDOUT - 	at com.jpro.meta.tk.SceneInputListener.processInput(SceneInputListener.scala:203)AsyncAppender-Worker-ASYNCSTDOUT
2026-04-09 21:13:49,769 [INFO] in AsyncAppender-Worker-ASYNCSTDOUT - 	at com.jpro.meta.tk.SceneInputListener.processInputs(SceneInputListener.scala:133)AsyncAppender-Worker-ASYNCSTDOUT
2026-04-09 21:13:49,769 [INFO] in AsyncAppender-Worker-ASYNCSTDOUT - 	at com.jpro.meta.tk.SceneInputListener.processOrRequest(SceneInputListener.scala:41)AsyncAppender-Worker-ASYNCSTDOUT
2026-04-09 21:13:49,769 [INFO] in AsyncAppender-Worker-ASYNCSTDOUT - 	at com.jpro.meta.tk.SceneInputListener.$anonfun$new$4(SceneInputListener.scala:59)AsyncAppender-Worker-ASYNCSTDOUT
2026-04-09 21:13:49,769 [INFO] in AsyncAppender-Worker-ASYNCSTDOUT - 	at scala.runtime.java8.JFunction0$mcV$sp.apply(JFunction0$mcV$sp.java:23)AsyncAppender-Worker-ASYNCSTDOUT
2026-04-09 21:13:49,769 [INFO] in AsyncAppender-Worker-ASYNCSTDOUT - 	at simplefx.cores.standard.parts.CoreTimeEvent$$anon$3.run(CoreTimeEvent.scala:62)AsyncAppender-Worker-ASYNCSTDOUT
2026-04-09 21:13:49,769 [INFO] in AsyncAppender-Worker-ASYNCSTDOUT - Caused by: java.lang.reflect.InvocationTargetException: nullAsyncAppender-Worker-ASYNCSTDOUT
2026-04-09 21:13:49,769 [INFO] in AsyncAppender-Worker-ASYNCSTDOUT - 	at java.base/jdk.internal.reflect.DirectMethodHandleAccessor.invoke(DirectMethodHandleAccessor.java:118)AsyncAppender-Worker-ASYNCSTDOUT
2026-04-09 21:13:49,769 [INFO] in AsyncAppender-Worker-ASYNCSTDOUT - 	at java.base/java.lang.reflect.Method.invoke(Method.java:580)AsyncAppender-Worker-ASYNCSTDOUT
2026-04-09 21:13:49,769 [INFO] in AsyncAppender-Worker-ASYNCSTDOUT - 	at simplefx.util.ReflectionUtil$UseReflection.applyDynamic(ReflectionUtil.scala:21)AsyncAppender-Worker-ASYNCSTDOUT
2026-04-09 21:13:49,769 [INFO] in AsyncAppender-Worker-ASYNCSTDOUT - 	at com.sun.glass.ui.monocle.input.fork.NativeMouseInput.notifyMouse(NativeMouseInput.scala:330)AsyncAppender-Worker-ASYNCSTDOUT
2026-04-09 21:13:49,769 [INFO] in AsyncAppender-Worker-ASYNCSTDOUT - 	at com.sun.glass.ui.monocle.input.fork.NativeMouseInput.postMouseEvent(NativeMouseInput.scala:226)AsyncAppender-Worker-ASYNCSTDOUT
2026-04-09 21:13:49,769 [INFO] in AsyncAppender-Worker-ASYNCSTDOUT - 	at com.sun.glass.ui.monocle.input.fork.NativeMouseInput.setState(NativeMouseInput.scala:186)AsyncAppender-Worker-ASYNCSTDOUT
2026-04-09 21:13:49,769 [INFO] in AsyncAppender-Worker-ASYNCSTDOUT - 	at java.base/jdk.internal.reflect.DirectMethodHandleAccessor.invoke(DirectMethodHandleAccessor.java:103)AsyncAppender-Worker-ASYNCSTDOUT
2026-04-09 21:13:49,769 [INFO] in AsyncAppender-Worker-ASYNCSTDOUT - 	at java.base/java.lang.reflect.Method.invoke(Method.java:580)AsyncAppender-Worker-ASYNCSTDOUT
2026-04-09 21:13:49,769 [INFO] in AsyncAppender-Worker-ASYNCSTDOUT - 	at simplefx.util.ReflectionUtil$UseReflection.applyDynamic(ReflectionUtil.scala:21)AsyncAppender-Worker-ASYNCSTDOUT
2026-04-09 21:13:49,769 [INFO] in AsyncAppender-Worker-ASYNCSTDOUT - 	at com.jpro.meta.tk.SceneInputListener.processInputInScene(SceneInputListener.scala:304)AsyncAppender-Worker-ASYNCSTDOUT
2026-04-09 21:13:49,769 [INFO] in AsyncAppender-Worker-ASYNCSTDOUT - Caused by: java.lang.UnsupportedOperationException: nullAsyncAppender-Worker-ASYNCSTDOUT
2026-04-09 21:13:49,769 [INFO] in AsyncAppender-Worker-ASYNCSTDOUT - 	at com.sun.glass.ui.monocle.MonocleApplication.staticCommonDialogs_showFileChooser(MonocleApplication.java:273)AsyncAppender-Worker-ASYNCSTDOUT
2026-04-09 21:13:49,769 [INFO] in AsyncAppender-Worker-ASYNCSTDOUT - 	at com.sun.glass.ui.CommonDialogs.showFileChooser(CommonDialogs.java:213)AsyncAppender-Worker-ASYNCSTDOUT
2026-04-09 21:13:49,769 [INFO] in AsyncAppender-Worker-ASYNCSTDOUT - 	at com.sun.javafx.tk.quantum.QuantumToolkit.showFileChooser(QuantumToolkit.java:1737)AsyncAppender-Worker-ASYNCSTDOUT
2026-04-09 21:13:49,769 [INFO] in AsyncAppender-Worker-ASYNCSTDOUT - 	at javafx.stage.FileChooser.showDialog(FileChooser.java:396)AsyncAppender-Worker-ASYNCSTDOUT
2026-04-09 21:13:49,769 [INFO] in AsyncAppender-Worker-ASYNCSTDOUT - 	at javafx.stage.FileChooser.showOpenDialog(FileChooser.java:331)AsyncAppender-Worker-ASYNCSTDOUT
2026-04-09 21:13:49,769 [INFO] in AsyncAppender-Worker-ASYNCSTDOUT - 	at com.visualshop.controller.ShopController.openVisualSearch(ShopController.java:817)AsyncAppender-Worker-ASYNCSTDOUT
2026-04-09 21:13:49,769 [INFO] in AsyncAppender-Worker-ASYNCSTDOUT - 	at com.visualshop.controller.ShopController.lambda$buildNavbar$6(ShopController.java:172)AsyncAppender-Worker-ASYNCSTDOUT
2026-04-09 21:13:49,769 [INFO] in AsyncAppender-Worker-ASYNCSTDOUT - 	at com.sun.javafx.event.CompositeEventHandler.dispatchBubblingEvent(CompositeEventHandler.java:86)AsyncAppender-Worker-ASYNCSTDOUT
2026-04-09 21:13:49,769 [INFO] in AsyncAppender-Worker-ASYNCSTDOUT - 	at com.sun.javafx.event.EventHandlerManager.dispatchBubblingEvent(EventHandlerManager.java:232)AsyncAppender-Worker-ASYNCSTDOUT
2026-04-09 21:13:49,769 [INFO] in AsyncAppender-Worker-ASYNCSTDOUT - 	at com.sun.javafx.event.EventHandlerManager.dispatchBubblingEvent(EventHandlerManager.java:189)AsyncAppender-Worker-ASYNCSTDOUT
2026-04-09 21:13:49,933 [INFO] in AsyncAppender-Worker-ASYNCSTDOUT - [[1;31mERROR[0;39m] c.j.m.t.SceneInputListener - Error while processing the input: MouseEventToken(MouseMoved,292.8000183105469,10.40000057220459,MouseButtonToken(2),false,false,false,false,false,false,false,false) app: stage title: Visual Product Discovery & Shopping Management SystemAsyncAppender-Worker-ASYNCSTDOUT
2026-04-09 21:13:49,933 [INFO] in AsyncAppender-Worker-ASYNCSTDOUT - java.lang.reflect.InvocationTargetException: nullAsyncAppender-Worker-ASYNCSTDOUT
2026-04-09 21:13:49,933 [INFO] in AsyncAppender-Worker-ASYNCSTDOUT - 	at java.base/jdk.internal.reflect.DirectMethodHandleAccessor.invoke(DirectMethodHandleAccessor.java:118)AsyncAppender-Worker-ASYNCSTDOUT
2026-04-09 21:13:49,933 [INFO] in AsyncAppender-Worker-ASYNCSTDOUT - 	at java.base/java.lang.reflect.Method.invoke(Method.java:580)AsyncAppender-Worker-ASYNCSTDOUT
2026-04-09 21:13:49,933 [INFO] in AsyncAppender-Worker-ASYNCSTDOUT - 	at simplefx.util.ReflectionUtil$UseReflection.applyDynamic(ReflectionUtil.scala:21)AsyncAppender-Worker-ASYNCSTDOUT
2026-04-09 21:13:49,933 [INFO] in AsyncAppender-Worker-ASYNCSTDOUT - 	at com.jpro.meta.tk.SceneInputListener.processInputInScene(SceneInputListener.scala:304)AsyncAppender-Worker-ASYNCSTDOUT
2026-04-09 21:13:49,933 [INFO] in AsyncAppender-Worker-ASYNCSTDOUT - 	at com.jpro.meta.tk.SceneInputListener.processInput(SceneInputListener.scala:206)AsyncAppender-Worker-ASYNCSTDOUT
2026-04-09 21:13:49,933 [INFO] in AsyncAppender-Worker-ASYNCSTDOUT - 	at com.jpro.meta.tk.SceneInputListener.processInputs(SceneInputListener.scala:133)AsyncAppender-Worker-ASYNCSTDOUT
2026-04-09 21:13:49,933 [INFO] in AsyncAppender-Worker-ASYNCSTDOUT - 	at com.jpro.meta.tk.SceneInputListener.processOrRequest(SceneInputListener.scala:41)AsyncAppender-Worker-ASYNCSTDOUT
2026-04-09 21:13:49,933 [INFO] in AsyncAppender-Worker-ASYNCSTDOUT - 	at com.jpro.meta.tk.SceneInputListener.$anonfun$new$4(SceneInputListener.scala:59)AsyncAppender-Worker-ASYNCSTDOUT
2026-04-09 21:13:49,933 [INFO] in AsyncAppender-Worker-ASYNCSTDOUT - 	at scala.runtime.java8.JFunction0$mcV$sp.apply(JFunction0$mcV$sp.java:23)AsyncAppender-Worker-ASYNCSTDOUT
2026-04-09 21:13:49,933 [INFO] in AsyncAppender-Worker-ASYNCSTDOUT - 	at simplefx.cores.standard.parts.CoreTimeEvent$$anon$3.run(CoreTimeEvent.scala:62)AsyncAppender-Worker-ASYNCSTDOUT
2026-04-09 21:13:49,933 [INFO] in AsyncAppender-Worker-ASYNCSTDOUT - Caused by: java.lang.reflect.InvocationTargetException: nullAsyncAppender-Worker-ASYNCSTDOUT
2026-04-09 21:13:49,933 [INFO] in AsyncAppender-Worker-ASYNCSTDOUT - 	at java.base/jdk.internal.reflect.DirectMethodHandleAccessor.invoke(DirectMethodHandleAccessor.java:118)AsyncAppender-Worker-ASYNCSTDOUT
2026-04-09 21:13:49,933 [INFO] in AsyncAppender-Worker-ASYNCSTDOUT - 	at java.base/java.lang.reflect.Method.invoke(Method.java:580)AsyncAppender-Worker-ASYNCSTDOUT
2026-04-09 21:13:49,933 [INFO] in AsyncAppender-Worker-ASYNCSTDOUT - 	at simplefx.util.ReflectionUtil$UseReflection.applyDynamic(ReflectionUtil.scala:21)AsyncAppender-Worker-ASYNCSTDOUT
2026-04-09 21:13:49,933 [INFO] in AsyncAppender-Worker-ASYNCSTDOUT - 	at com.sun.glass.ui.monocle.input.fork.NativeMouseInput.notifyMouse(NativeMouseInput.scala:330)AsyncAppender-Worker-ASYNCSTDOUT
2026-04-09 21:13:49,933 [INFO] in AsyncAppender-Worker-ASYNCSTDOUT - 	at com.sun.glass.ui.monocle.input.fork.NativeMouseInput.postMouseEvent(NativeMouseInput.scala:226)AsyncAppender-Worker-ASYNCSTDOUT
2026-04-09 21:13:49,933 [INFO] in AsyncAppender-Worker-ASYNCSTDOUT - 	at com.sun.glass.ui.monocle.input.fork.NativeMouseInput.setState(NativeMouseInput.scala:186)AsyncAppender-Worker-ASYNCSTDOUT
2026-04-09 21:13:49,933 [INFO] in AsyncAppender-Worker-ASYNCSTDOUT - 	at java.base/jdk.internal.reflect.DirectMethodHandleAccessor.invoke(DirectMethodHandleAccessor.java:103)AsyncAppender-Worker-ASYNCSTDOUT
2026-04-09 21:13:49,933 [INFO] in AsyncAppender-Worker-ASYNCSTDOUT - 	at java.base/java.lang.reflect.Method.invoke(Method.java:580)AsyncAppender-Worker-ASYNCSTDOUT
2026-04-09 21:13:49,933 [INFO] in AsyncAppender-Worker-ASYNCSTDOUT - 	at simplefx.util.ReflectionUtil$UseReflection.applyDynamic(ReflectionUtil.scala:21)AsyncAppender-Worker-ASYNCSTDOUT
2026-04-09 21:13:49,933 [INFO] in AsyncAppender-Worker-ASYNCSTDOUT - 	at com.jpro.meta.tk.SceneInputListener.processInputInScene(SceneInputListener.scala:304)AsyncAppender-Worker-ASYNCSTDOUT
2026-04-09 21:13:49,933 [INFO] in AsyncAppender-Worker-ASYNCSTDOUT - Caused by: java.lang.UnsupportedOperationException: nullAsyncAppender-Worker-ASYNCSTDOUT
2026-04-09 21:13:49,933 [INFO] in AsyncAppender-Worker-ASYNCSTDOUT - 	at com.sun.glass.ui.monocle.MonocleApplication.staticCommonDialogs_showFileChooser(MonocleApplication.java:273)AsyncAppender-Worker-ASYNCSTDOUT
2026-04-09 21:13:49,933 [INFO] in AsyncAppender-Worker-ASYNCSTDOUT - 	at com.sun.glass.ui.CommonDialogs.showFileChooser(CommonDialogs.java:213)AsyncAppender-Worker-ASYNCSTDOUT
2026-04-09 21:13:49,933 [INFO] in AsyncAppender-Worker-ASYNCSTDOUT - 	at com.sun.javafx.tk.quantum.QuantumToolkit.showFileChooser(QuantumToolkit.java:1737)AsyncAppender-Worker-ASYNCSTDOUT
2026-04-09 21:13:49,933 [INFO] in AsyncAppender-Worker-ASYNCSTDOUT - 	at javafx.stage.FileChooser.showDialog(FileChooser.java:396)AsyncAppender-Worker-ASYNCSTDOUT
2026-04-09 21:13:49,933 [INFO] in AsyncAppender-Worker-ASYNCSTDOUT - 	at javafx.stage.FileChooser.showOpenDialog(FileChooser.java:331)AsyncAppender-Worker-ASYNCSTDOUT
2026-04-09 21:13:49,933 [INFO] in AsyncAppender-Worker-ASYNCSTDOUT - 	at com.visualshop.controller.ShopController.openVisualSearch(ShopController.java:817)AsyncAppender-Worker-ASYNCSTDOUT
2026-04-09 21:13:49,933 [INFO] in AsyncAppender-Worker-ASYNCSTDOUT - 	at com.visualshop.controller.ShopController.lambda$buildNavbar$6(ShopController.java:172)AsyncAppender-Worker-ASYNCSTDOUT
2026-04-09 21:13:49,933 [INFO] in AsyncAppender-Worker-ASYNCSTDOUT - 	at com.sun.javafx.event.CompositeEventHandler.dispatchBubblingEvent(CompositeEventHandler.java:86)AsyncAppender-Worker-ASYNCSTDOUT
2026-04-09 21:13:49,933 [INFO] in AsyncAppender-Worker-ASYNCSTDOUT - 	at com.sun.javafx.event.EventHandlerManager.dispatchBubblingEvent(EventHandlerManager.java:232)AsyncAppender-Worker-ASYNCSTDOUT
2026-04-09 21:13:49,933 [INFO] in AsyncAppender-Worker-ASYNCSTDOUT - 	at com.sun.javafx.event.EventHandlerManager.dispatchBubblingEvent(EventHandlerManager.java:189)AsyncAppender-Worker-ASYNCSTDOUT
2026-04-09 21:13:53,582 [INFO] in AsyncAppender-Worker-ASYNCSTDOUT - [[34mINFO [0;39m] c.j.i.s.ViewInfo$ - [JPro] -> View closed: {app_name: default, host_name: localhost:8080, instance_id: 2086563328, browser: Google Chrome 146.0.0.0, browser_url: http://localhost:8080/, client_ip: 0:0:0:0:0:0:0:1, reason: tab-closed}AsyncAppender-Worker-ASYNCSTDOUT
2026-04-09 21:13:53,609 [INFO] in AsyncAppender-Worker-ASYNCSTDOUT - [[34mINFO [0;39m] c.j.i.s.ViewInfo$ - AsyncAppender-Worker-ASYNCSTDOUT
2026-04-09 21:13:53,609 [INFO] in AsyncAppender-Worker-ASYNCSTDOUT - [[34mINFO [0;39m] c.j.i.s.ViewInfo$ - Application closed:AsyncAppender-Worker-ASYNCSTDOUT
2026-04-09 21:13:53,621 [INFO] in AsyncAppender-Worker-ASYNCSTDOUT - [[34mINFO [0;39m] c.j.i.s.ViewInfo$ - startTime      : Thu Apr 09 21:13:53 IST 2026      AsyncAppender-Worker-ASYNCSTDOUT
2026-04-09 21:13:53,621 [INFO] in AsyncAppender-Worker-ASYNCSTDOUT - [[34mINFO [0;39m] c.j.i.s.ViewInfo$ - averageLatency : 00:00:00.001 AsyncAppender-Worker-ASYNCSTDOUT
2026-04-09 21:13:53,621 [INFO] in AsyncAppender-Worker-ASYNCSTDOUT - [[34mINFO [0;39m] c.j.i.s.ViewInfo$ - averageJitter  : 00:00:00.000  AsyncAppender-Worker-ASYNCSTDOUT
2026-04-09 21:13:53,621 [INFO] in AsyncAppender-Worker-ASYNCSTDOUT - [[34mINFO [0;39m] c.j.i.s.ViewInfo$ - framerateServer: 00:00:00.000AsyncAppender-Worker-ASYNCSTDOUT
2026-04-09 21:13:53,621 [INFO] in AsyncAppender-Worker-ASYNCSTDOUT - [[34mINFO [0;39m] c.j.i.s.ViewInfo$ - framerateClient: 00:00:00.000AsyncAppender-Worker-ASYNCSTDOUT
2026-04-09 21:13:53,621 [INFO] in AsyncAppender-Worker-ASYNCSTDOUT - [[34mINFO [0;39m] c.j.i.s.ViewInfo$ - raw            : 2678720AsyncAppender-Worker-ASYNCSTDOUT
2026-04-09 21:13:53,621 [INFO] in AsyncAppender-Worker-ASYNCSTDOUT - [[34mINFO [0;39m] c.j.i.s.ViewInfo$ - zipped         : 521409AsyncAppender-Worker-ASYNCSTDOUT
2026-04-09 21:13:53,621 [INFO] in AsyncAppender-Worker-ASYNCSTDOUT - [[34mINFO [0;39m] c.j.i.s.ViewInfo$ - AsyncAppender-Worker-ASYNCSTDOUT
2026-04-09 21:13:54,580 [INFO] in AsyncAppender-Worker-ASYNCSTDOUT - [[34mINFO [0;39m] c.j.i.c.InstanceImpl - [JPro] -> Instance closed: {app_name: default, host_name: localhost:8080, instance_id: 2086563328, browser: Google Chrome 146.0.0.0, browser_url: http://localhost:8080/, client_ip: 0:0:0:0:0:0:0:1, reason: close-tab-closed}AsyncAppender-Worker-ASYNCSTDOUT
2026-04-09 21:32:48,279 [INFO] in AsyncAppender-Worker-ASYNCSTDOUT - [[34mINFO [0;39m] c.jpro.activity - Starting the serverAsyncAppender-Worker-ASYNCSTDOUT
2026-04-09 21:32:48,279 [INFO] in AsyncAppender-Worker-ASYNCSTDOUT - [[34mINFO [0;39m] c.j.i.s.JProInitializer$ -  *** Starting JPro: https://www.jpro.one/ ***AsyncAppender-Worker-ASYNCSTDOUT
2026-04-09 21:32:48,279 [INFO] in AsyncAppender-Worker-ASYNCSTDOUT - [[34mINFO [0;39m] c.j.i.s.JProInitializer$ - OS: Windows 11AsyncAppender-Worker-ASYNCSTDOUT
2026-04-09 21:32:48,287 [INFO] in AsyncAppender-Worker-ASYNCSTDOUT - [[34mINFO [0;39m] c.j.i.s.JProInitializer$ - JPro: 2024.2.1AsyncAppender-Worker-ASYNCSTDOUT
2026-04-09 21:32:48,287 [INFO] in AsyncAppender-Worker-ASYNCSTDOUT - [[34mINFO [0;39m] c.j.i.s.JProInitializer$ - Java version: 21.0.9AsyncAppender-Worker-ASYNCSTDOUT
2026-04-09 21:32:48,287 [INFO] in AsyncAppender-Worker-ASYNCSTDOUT - [[34mINFO [0;39m] c.j.i.s.JProInitializer$ - JVM: 21.0.9 Oracle CorporationAsyncAppender-Worker-ASYNCSTDOUT
2026-04-09 21:32:48,290 [INFO] in AsyncAppender-Worker-ASYNCSTDOUT - [[34mINFO [0;39m] c.j.i.s.JProInitializer$ - JavaFX jar: file:/C:/Users/kaush/.m2/repository/org/openjfx/javafx-graphics/22.0.2-jpro/javafx-graphics-22.0.2-jpro-win.jarAsyncAppender-Worker-ASYNCSTDOUT
2026-04-09 21:32:48,293 [INFO] in AsyncAppender-Worker-ASYNCSTDOUT - [[34mINFO [0;39m] c.j.i.s.JProInitializer$ - Configuring logging from url: 'jar:file:/C:/Users/kaush/.m2/repository/com/sandec/jpro/jpro-server_2.12/2024.2.1/jpro-server_2.12-2024.2.1.jar!/logback-jpro-default.xml'AsyncAppender-Worker-ASYNCSTDOUT
2026-04-09 21:32:49,224 [INFO] in AsyncAppender-Worker-ASYNCSTDOUT - [[34mINFO [0;39m] c.j.i.s.JProInitializer$ - JavaFX version: 22.0.2-jpro+0AsyncAppender-Worker-ASYNCSTDOUT
2026-04-09 21:32:49,276 [INFO] in JavaFX Application Thread - G1 Young GenerationJavaFX Application Thread
2026-04-09 21:32:49,277 [INFO] in JavaFX Application Thread - G1 Concurrent GCJavaFX Application Thread
2026-04-09 21:32:49,277 [INFO] in JavaFX Application Thread - G1 Old GenerationJavaFX Application Thread
2026-04-09 21:32:49,301 [INFO] in AsyncAppender-Worker-ASYNCSTDOUT - [[34mINFO [0;39m] c.j.i.s.JProInitializer$ - finished init!AsyncAppender-Worker-ASYNCSTDOUT
2026-04-09 21:32:49,304 [INFO] in AsyncAppender-Worker-ASYNCSTDOUT - [[34mINFO [0;39m] c.j.i.s.JProInitializer$ - [JPro] -> Server started: {start_time: 1775750568267, os_name: Windows 11, jpro_version: 2024.2.1}AsyncAppender-Worker-ASYNCSTDOUT
2026-04-09 21:32:49,376 [INFO] in AsyncAppender-Worker-ASYNCSTDOUT - [[34mINFO [0;39m] a.e.s.Slf4jLogger - Slf4jLogger startedAsyncAppender-Worker-ASYNCSTDOUT
2026-04-09 21:32:49,779 [INFO] in AsyncAppender-Worker-ASYNCSTDOUT - [[34mINFO [0;39m] play.api.Play - Application started (Prod) (no global state)AsyncAppender-Worker-ASYNCSTDOUT
2026-04-09 21:32:50,157 [INFO] in AsyncAppender-Worker-ASYNCSTDOUT - [[34mINFO [0;39m] p.c.s.AkkaHttpServer - Enabling HTTP/2 on Akka HTTP server...AsyncAppender-Worker-ASYNCSTDOUT
2026-04-09 21:32:50,157 [INFO] in AsyncAppender-Worker-ASYNCSTDOUT - [[34mINFO [0;39m] p.c.s.AkkaHttpServer - Listening for HTTP on /[0:0:0:0:0:0:0:0]:8080AsyncAppender-Worker-ASYNCSTDOUT
2026-04-09 21:32:51,246 [INFO] in AsyncAppender-Worker-ASYNCSTDOUT - [[34mINFO [0;39m] c.jpro - application requested: defaultAsyncAppender-Worker-ASYNCSTDOUT
2026-04-09 21:32:51,253 [INFO] in AsyncAppender-Worker-ASYNCSTDOUT - [[34mINFO [0;39m] c.jpro - Creating Application: defaultAsyncAppender-Worker-ASYNCSTDOUT
2026-04-09 21:32:51,256 [INFO] in AsyncAppender-Worker-ASYNCSTDOUT - [[34mINFO [0;39m] c.jpro - remoteAddress 0:0:0:0:0:0:0:1AsyncAppender-Worker-ASYNCSTDOUT
2026-04-09 21:32:51,256 [INFO] in AsyncAppender-Worker-ASYNCSTDOUT - [[34mINFO [0;39m] c.jpro - host          localhost:8080AsyncAppender-Worker-ASYNCSTDOUT
2026-04-09 21:32:51,256 [INFO] in AsyncAppender-Worker-ASYNCSTDOUT - [[34mINFO [0;39m] c.jpro - uri           /app/ws/defaultAsyncAppender-Worker-ASYNCSTDOUT
2026-04-09 21:32:51,493 [INFO] in AsyncAppender-Worker-ASYNCSTDOUT - [[34mINFO [0;39m] c.j.i.s.ViewInfo$ - [JPro] -> View created: {app_name: default, host_name: localhost:8080, instance_id: 1828742364, browser: Google Chrome 146.0.0.0, browser_url: http://localhost:8080/, client_ip: 0:0:0:0:0:0:0:1}AsyncAppender-Worker-ASYNCSTDOUT
2026-04-09 21:32:54,692 [INFO] in AsyncAppender-Worker-ASYNCSTDOUT - [[34mINFO [0;39m] c.j.i.c.InstanceImpl - [JPro] -> Instance created: {app_name: default, host_name: localhost:8080, instance_id: 1828742364, browser: Google Chrome 146.0.0.0, browser_url: http://localhost:8080/, client_ip: 0:0:0:0:0:0:0:1}AsyncAppender-Worker-ASYNCSTDOUT
2026-04-09 21:34:47,720 [INFO] in AsyncAppender-Worker-ASYNCSTDOUT - [[34mINFO [0;39m] c.j.i.s.ViewInfo$ - [JPro] -> View closed: {app_name: default, host_name: localhost:8080, instance_id: 1828742364, browser: Google Chrome 146.0.0.0, browser_url: http://localhost:8080/, client_ip: 0:0:0:0:0:0:0:1, reason: tab-closed}AsyncAppender-Worker-ASYNCSTDOUT
2026-04-09 21:34:47,740 [INFO] in AsyncAppender-Worker-ASYNCSTDOUT - [[34mINFO [0;39m] c.j.i.s.ViewInfo$ - AsyncAppender-Worker-ASYNCSTDOUT
2026-04-09 21:34:47,740 [INFO] in AsyncAppender-Worker-ASYNCSTDOUT - [[34mINFO [0;39m] c.j.i.s.ViewInfo$ - Application closed:AsyncAppender-Worker-ASYNCSTDOUT
2026-04-09 21:34:47,750 [INFO] in AsyncAppender-Worker-ASYNCSTDOUT - [[34mINFO [0;39m] c.j.i.s.ViewInfo$ - startTime      : Thu Apr 09 21:34:47 IST 2026      AsyncAppender-Worker-ASYNCSTDOUT
2026-04-09 21:34:47,750 [INFO] in AsyncAppender-Worker-ASYNCSTDOUT - [[34mINFO [0;39m] c.j.i.s.ViewInfo$ - averageLatency : 00:00:00.001 AsyncAppender-Worker-ASYNCSTDOUT
2026-04-09 21:34:47,750 [INFO] in AsyncAppender-Worker-ASYNCSTDOUT - [[34mINFO [0;39m] c.j.i.s.ViewInfo$ - averageJitter  : 00:00:00.000  AsyncAppender-Worker-ASYNCSTDOUT
2026-04-09 21:34:47,750 [INFO] in AsyncAppender-Worker-ASYNCSTDOUT - [[34mINFO [0;39m] c.j.i.s.ViewInfo$ - framerateServer: 00:00:00.000AsyncAppender-Worker-ASYNCSTDOUT
2026-04-09 21:34:47,751 [INFO] in AsyncAppender-Worker-ASYNCSTDOUT - [[34mINFO [0;39m] c.j.i.s.ViewInfo$ - framerateClient: 00:00:00.000AsyncAppender-Worker-ASYNCSTDOUT
2026-04-09 21:34:47,751 [INFO] in AsyncAppender-Worker-ASYNCSTDOUT - [[34mINFO [0;39m] c.j.i.s.ViewInfo$ - raw            : 2352542AsyncAppender-Worker-ASYNCSTDOUT
2026-04-09 21:34:47,751 [INFO] in AsyncAppender-Worker-ASYNCSTDOUT - [[34mINFO [0;39m] c.j.i.s.ViewInfo$ - zipped         : 461673AsyncAppender-Worker-ASYNCSTDOUT
2026-04-09 21:34:47,751 [INFO] in AsyncAppender-Worker-ASYNCSTDOUT - [[34mINFO [0;39m] c.j.i.s.ViewInfo$ - AsyncAppender-Worker-ASYNCSTDOUT
2026-04-09 21:34:48,728 [INFO] in AsyncAppender-Worker-ASYNCSTDOUT - [[34mINFO [0;39m] c.j.i.c.InstanceImpl - [JPro] -> Instance closed: {app_name: default, host_name: localhost:8080, instance_id: 1828742364, browser: Google Chrome 146.0.0.0, browser_url: http://localhost:8080/, client_ip: 0:0:0:0:0:0:0:1, reason: close-tab-closed}AsyncAppender-Worker-ASYNCSTDOUT
2026-04-09 21:34:56,338 [INFO] in AsyncAppender-Worker-ASYNCSTDOUT - [[34mINFO [0;39m] c.jpro.activity - Starting the serverAsyncAppender-Worker-ASYNCSTDOUT
2026-04-09 21:34:56,338 [INFO] in AsyncAppender-Worker-ASYNCSTDOUT - [[34mINFO [0;39m] c.j.i.s.JProInitializer$ -  *** Starting JPro: https://www.jpro.one/ ***AsyncAppender-Worker-ASYNCSTDOUT
2026-04-09 21:34:56,338 [INFO] in AsyncAppender-Worker-ASYNCSTDOUT - [[34mINFO [0;39m] c.j.i.s.JProInitializer$ - OS: Windows 11AsyncAppender-Worker-ASYNCSTDOUT
2026-04-09 21:34:56,345 [INFO] in AsyncAppender-Worker-ASYNCSTDOUT - [[34mINFO [0;39m] c.j.i.s.JProInitializer$ - JPro: 2024.2.1AsyncAppender-Worker-ASYNCSTDOUT
2026-04-09 21:34:56,345 [INFO] in AsyncAppender-Worker-ASYNCSTDOUT - [[34mINFO [0;39m] c.j.i.s.JProInitializer$ - Java version: 21.0.9AsyncAppender-Worker-ASYNCSTDOUT
2026-04-09 21:34:56,345 [INFO] in AsyncAppender-Worker-ASYNCSTDOUT - [[34mINFO [0;39m] c.j.i.s.JProInitializer$ - JVM: 21.0.9 Oracle CorporationAsyncAppender-Worker-ASYNCSTDOUT
2026-04-09 21:34:56,349 [INFO] in AsyncAppender-Worker-ASYNCSTDOUT - [[34mINFO [0;39m] c.j.i.s.JProInitializer$ - JavaFX jar: file:/C:/Users/kaush/.m2/repository/org/openjfx/javafx-graphics/22.0.2-jpro/javafx-graphics-22.0.2-jpro-win.jarAsyncAppender-Worker-ASYNCSTDOUT
2026-04-09 21:34:56,351 [INFO] in AsyncAppender-Worker-ASYNCSTDOUT - [[34mINFO [0;39m] c.j.i.s.JProInitializer$ - Configuring logging from url: 'jar:file:/C:/Users/kaush/.m2/repository/com/sandec/jpro/jpro-server_2.12/2024.2.1/jpro-server_2.12-2024.2.1.jar!/logback-jpro-default.xml'AsyncAppender-Worker-ASYNCSTDOUT
2026-04-09 21:34:57,308 [INFO] in AsyncAppender-Worker-ASYNCSTDOUT - [[34mINFO [0;39m] c.j.i.s.JProInitializer$ - JavaFX version: 22.0.2-jpro+0AsyncAppender-Worker-ASYNCSTDOUT
2026-04-09 21:34:57,357 [INFO] in JavaFX Application Thread - G1 Young GenerationJavaFX Application Thread
2026-04-09 21:34:57,357 [INFO] in JavaFX Application Thread - G1 Concurrent GCJavaFX Application Thread
2026-04-09 21:34:57,357 [INFO] in JavaFX Application Thread - G1 Old GenerationJavaFX Application Thread
2026-04-09 21:34:57,383 [INFO] in AsyncAppender-Worker-ASYNCSTDOUT - [[34mINFO [0;39m] c.j.i.s.JProInitializer$ - finished init!AsyncAppender-Worker-ASYNCSTDOUT
2026-04-09 21:34:57,388 [INFO] in AsyncAppender-Worker-ASYNCSTDOUT - [[34mINFO [0;39m] c.j.i.s.JProInitializer$ - [JPro] -> Server started: {start_time: 1775750696326, os_name: Windows 11, jpro_version: 2024.2.1}AsyncAppender-Worker-ASYNCSTDOUT
2026-04-09 21:34:57,462 [INFO] in AsyncAppender-Worker-ASYNCSTDOUT - [[34mINFO [0;39m] a.e.s.Slf4jLogger - Slf4jLogger startedAsyncAppender-Worker-ASYNCSTDOUT
2026-04-09 21:34:58,006 [INFO] in AsyncAppender-Worker-ASYNCSTDOUT - [[34mINFO [0;39m] play.api.Play - Application started (Prod) (no global state)AsyncAppender-Worker-ASYNCSTDOUT
2026-04-09 21:34:58,387 [INFO] in AsyncAppender-Worker-ASYNCSTDOUT - [[34mINFO [0;39m] p.c.s.AkkaHttpServer - Enabling HTTP/2 on Akka HTTP server...AsyncAppender-Worker-ASYNCSTDOUT
2026-04-09 21:34:58,388 [INFO] in AsyncAppender-Worker-ASYNCSTDOUT - [[34mINFO [0;39m] p.c.s.AkkaHttpServer - Listening for HTTP on /[0:0:0:0:0:0:0:0]:8080AsyncAppender-Worker-ASYNCSTDOUT
2026-04-09 21:34:59,505 [INFO] in AsyncAppender-Worker-ASYNCSTDOUT - [[34mINFO [0;39m] c.jpro - application requested: defaultAsyncAppender-Worker-ASYNCSTDOUT
2026-04-09 21:34:59,511 [INFO] in AsyncAppender-Worker-ASYNCSTDOUT - [[34mINFO [0;39m] c.jpro - Creating Application: defaultAsyncAppender-Worker-ASYNCSTDOUT
2026-04-09 21:34:59,513 [INFO] in AsyncAppender-Worker-ASYNCSTDOUT - [[34mINFO [0;39m] c.jpro - remoteAddress 0:0:0:0:0:0:0:1AsyncAppender-Worker-ASYNCSTDOUT
2026-04-09 21:34:59,513 [INFO] in AsyncAppender-Worker-ASYNCSTDOUT - [[34mINFO [0;39m] c.jpro - host          localhost:8080AsyncAppender-Worker-ASYNCSTDOUT
2026-04-09 21:34:59,513 [INFO] in AsyncAppender-Worker-ASYNCSTDOUT - [[34mINFO [0;39m] c.jpro - uri           /app/ws/defaultAsyncAppender-Worker-ASYNCSTDOUT
2026-04-09 21:34:59,716 [INFO] in AsyncAppender-Worker-ASYNCSTDOUT - [[34mINFO [0;39m] c.j.i.s.ViewInfo$ - [JPro] -> View created: {app_name: default, host_name: localhost:8080, instance_id: 1576556500, browser: Google Chrome 146.0.0.0, browser_url: http://localhost:8080/, client_ip: 0:0:0:0:0:0:0:1}AsyncAppender-Worker-ASYNCSTDOUT
2026-04-09 21:35:02,853 [INFO] in AsyncAppender-Worker-ASYNCSTDOUT - [[34mINFO [0;39m] c.j.i.c.InstanceImpl - [JPro] -> Instance created: {app_name: default, host_name: localhost:8080, instance_id: 1576556500, browser: Google Chrome 146.0.0.0, browser_url: http://localhost:8080/, client_ip: 0:0:0:0:0:0:0:1}AsyncAppender-Worker-ASYNCSTDOUT
2026-04-09 21:35:59,416 [INFO] in AsyncAppender-Worker-ASYNCSTDOUT - [[34mINFO [0;39m] c.j.i.s.ViewInfo$ - [JPro] -> View closed: {app_name: default, host_name: localhost:8080, instance_id: 1576556500, browser: Google Chrome 146.0.0.0, browser_url: http://localhost:8080/, client_ip: 0:0:0:0:0:0:0:1, reason: tab-closed}AsyncAppender-Worker-ASYNCSTDOUT
2026-04-09 21:35:59,432 [INFO] in AsyncAppender-Worker-ASYNCSTDOUT - [[34mINFO [0;39m] c.j.i.s.ViewInfo$ - AsyncAppender-Worker-ASYNCSTDOUT
2026-04-09 21:35:59,432 [INFO] in AsyncAppender-Worker-ASYNCSTDOUT - [[34mINFO [0;39m] c.j.i.s.ViewInfo$ - Application closed:AsyncAppender-Worker-ASYNCSTDOUT
2026-04-09 21:35:59,444 [INFO] in AsyncAppender-Worker-ASYNCSTDOUT - [[34mINFO [0;39m] c.j.i.s.ViewInfo$ - startTime      : Thu Apr 09 21:35:59 IST 2026      AsyncAppender-Worker-ASYNCSTDOUT
2026-04-09 21:35:59,444 [INFO] in AsyncAppender-Worker-ASYNCSTDOUT - [[34mINFO [0;39m] c.j.i.s.ViewInfo$ - averageLatency : 00:00:00.001 AsyncAppender-Worker-ASYNCSTDOUT
2026-04-09 21:35:59,444 [INFO] in AsyncAppender-Worker-ASYNCSTDOUT - [[34mINFO [0;39m] c.j.i.s.ViewInfo$ - averageJitter  : 00:00:00.000  AsyncAppender-Worker-ASYNCSTDOUT
2026-04-09 21:35:59,444 [INFO] in AsyncAppender-Worker-ASYNCSTDOUT - [[34mINFO [0;39m] c.j.i.s.ViewInfo$ - framerateServer: 00:00:00.000AsyncAppender-Worker-ASYNCSTDOUT
2026-04-09 21:35:59,445 [INFO] in AsyncAppender-Worker-ASYNCSTDOUT - [[34mINFO [0;39m] c.j.i.s.ViewInfo$ - framerateClient: 00:00:00.000AsyncAppender-Worker-ASYNCSTDOUT
2026-04-09 21:35:59,445 [INFO] in AsyncAppender-Worker-ASYNCSTDOUT - [[34mINFO [0;39m] c.j.i.s.ViewInfo$ - raw            : 1412811AsyncAppender-Worker-ASYNCSTDOUT
2026-04-09 21:35:59,445 [INFO] in AsyncAppender-Worker-ASYNCSTDOUT - [[34mINFO [0;39m] c.j.i.s.ViewInfo$ - zipped         : 234091AsyncAppender-Worker-ASYNCSTDOUT
2026-04-09 21:35:59,445 [INFO] in AsyncAppender-Worker-ASYNCSTDOUT - [[34mINFO [0;39m] c.j.i.s.ViewInfo$ - AsyncAppender-Worker-ASYNCSTDOUT
2026-04-09 21:36:00,426 [INFO] in AsyncAppender-Worker-ASYNCSTDOUT - [[34mINFO [0;39m] c.j.i.c.InstanceImpl - [JPro] -> Instance closed: {app_name: default, host_name: localhost:8080, instance_id: 1576556500, browser: Google Chrome 146.0.0.0, browser_url: http://localhost:8080/, client_ip: 0:0:0:0:0:0:0:1, reason: close-tab-closed}AsyncAppender-Worker-ASYNCSTDOUT
2026-04-09 22:19:42,828 [INFO] in AsyncAppender-Worker-ASYNCSTDOUT - [[34mINFO [0;39m] c.jpro - application requested: defaultAsyncAppender-Worker-ASYNCSTDOUT
2026-04-09 22:19:42,828 [INFO] in AsyncAppender-Worker-ASYNCSTDOUT - [[34mINFO [0;39m] c.jpro - Creating Application: defaultAsyncAppender-Worker-ASYNCSTDOUT
2026-04-09 22:19:42,828 [INFO] in AsyncAppender-Worker-ASYNCSTDOUT - [[34mINFO [0;39m] c.jpro - remoteAddress 0:0:0:0:0:0:0:1AsyncAppender-Worker-ASYNCSTDOUT
2026-04-09 22:19:42,828 [INFO] in AsyncAppender-Worker-ASYNCSTDOUT - [[34mINFO [0;39m] c.jpro - host          localhost:8080AsyncAppender-Worker-ASYNCSTDOUT
2026-04-09 22:19:42,829 [INFO] in AsyncAppender-Worker-ASYNCSTDOUT - [[34mINFO [0;39m] c.jpro - uri           /app/ws/defaultAsyncAppender-Worker-ASYNCSTDOUT
2026-04-09 22:19:42,845 [INFO] in AsyncAppender-Worker-ASYNCSTDOUT - [[34mINFO [0;39m] c.j.i.s.ViewInfo$ - [JPro] -> View created: {app_name: default, host_name: localhost:8080, instance_id: 1003236959, browser: Google Chrome 146.0.0.0, browser_url: http://localhost:8080/, client_ip: 0:0:0:0:0:0:0:1}AsyncAppender-Worker-ASYNCSTDOUT
2026-04-09 22:19:45,089 [INFO] in AsyncAppender-Worker-ASYNCSTDOUT - [[34mINFO [0;39m] c.j.i.c.InstanceImpl - [JPro] -> Instance created: {app_name: default, host_name: localhost:8080, instance_id: 1003236959, browser: Google Chrome 146.0.0.0, browser_url: http://localhost:8080/, client_ip: 0:0:0:0:0:0:0:1}AsyncAppender-Worker-ASYNCSTDOUT
2026-04-09 22:20:02,606 [INFO] in AsyncAppender-Worker-ASYNCSTDOUT - [[34mINFO [0;39m] c.j.i.s.ViewInfo$ - [JPro] -> View closed: {app_name: default, host_name: localhost:8080, instance_id: 1003236959, browser: Google Chrome 146.0.0.0, browser_url: http://localhost:8080/, client_ip: 0:0:0:0:0:0:0:1, reason: tab-closed}AsyncAppender-Worker-ASYNCSTDOUT
2026-04-09 22:20:02,607 [INFO] in AsyncAppender-Worker-ASYNCSTDOUT - [[34mINFO [0;39m] c.j.i.s.ViewInfo$ - AsyncAppender-Worker-ASYNCSTDOUT
2026-04-09 22:20:02,607 [INFO] in AsyncAppender-Worker-ASYNCSTDOUT - [[34mINFO [0;39m] c.j.i.s.ViewInfo$ - Application closed:AsyncAppender-Worker-ASYNCSTDOUT
2026-04-09 22:20:02,607 [INFO] in AsyncAppender-Worker-ASYNCSTDOUT - [[34mINFO [0;39m] c.j.i.s.ViewInfo$ - startTime      : Thu Apr 09 22:20:02 IST 2026      AsyncAppender-Worker-ASYNCSTDOUT
2026-04-09 22:20:02,607 [INFO] in AsyncAppender-Worker-ASYNCSTDOUT - [[34mINFO [0;39m] c.j.i.s.ViewInfo$ - averageLatency : 00:00:00.001 AsyncAppender-Worker-ASYNCSTDOUT
2026-04-09 22:20:02,607 [INFO] in AsyncAppender-Worker-ASYNCSTDOUT - [[34mINFO [0;39m] c.j.i.s.ViewInfo$ - averageJitter  : 00:00:00.000  AsyncAppender-Worker-ASYNCSTDOUT
2026-04-09 22:20:02,607 [INFO] in AsyncAppender-Worker-ASYNCSTDOUT - [[34mINFO [0;39m] c.j.i.s.ViewInfo$ - framerateServer: 00:00:00.000AsyncAppender-Worker-ASYNCSTDOUT
2026-04-09 22:20:02,607 [INFO] in AsyncAppender-Worker-ASYNCSTDOUT - [[34mINFO [0;39m] c.j.i.s.ViewInfo$ - framerateClient: 00:00:00.000AsyncAppender-Worker-ASYNCSTDOUT
2026-04-09 22:20:02,607 [INFO] in AsyncAppender-Worker-ASYNCSTDOUT - [[34mINFO [0;39m] c.j.i.s.ViewInfo$ - raw            : 123876AsyncAppender-Worker-ASYNCSTDOUT
2026-04-09 22:20:02,607 [INFO] in AsyncAppender-Worker-ASYNCSTDOUT - [[34mINFO [0;39m] c.j.i.s.ViewInfo$ - zipped         : 32569AsyncAppender-Worker-ASYNCSTDOUT
2026-04-09 22:20:02,607 [INFO] in AsyncAppender-Worker-ASYNCSTDOUT - [[34mINFO [0;39m] c.j.i.s.ViewInfo$ - AsyncAppender-Worker-ASYNCSTDOUT
2026-04-09 22:20:03,608 [INFO] in AsyncAppender-Worker-ASYNCSTDOUT - [[34mINFO [0;39m] c.j.i.c.InstanceImpl - [JPro] -> Instance closed: {app_name: default, host_name: localhost:8080, instance_id: 1003236959, browser: Google Chrome 146.0.0.0, browser_url: http://localhost:8080/, client_ip: 0:0:0:0:0:0:0:1, reason: close-tab-closed}AsyncAppender-Worker-ASYNCSTDOUT
2026-04-09 22:20:12,792 [INFO] in AsyncAppender-Worker-ASYNCSTDOUT - [[34mINFO [0;39m] c.jpro - application requested: defaultAsyncAppender-Worker-ASYNCSTDOUT
2026-04-09 22:20:12,793 [INFO] in AsyncAppender-Worker-ASYNCSTDOUT - [[34mINFO [0;39m] c.jpro - Creating Application: defaultAsyncAppender-Worker-ASYNCSTDOUT
2026-04-09 22:20:12,793 [INFO] in AsyncAppender-Worker-ASYNCSTDOUT - [[34mINFO [0;39m] c.jpro - remoteAddress 0:0:0:0:0:0:0:1AsyncAppender-Worker-ASYNCSTDOUT
2026-04-09 22:20:12,793 [INFO] in AsyncAppender-Worker-ASYNCSTDOUT - [[34mINFO [0;39m] c.jpro - host          localhost:8080AsyncAppender-Worker-ASYNCSTDOUT
2026-04-09 22:20:12,793 [INFO] in AsyncAppender-Worker-ASYNCSTDOUT - [[34mINFO [0;39m] c.jpro - uri           /app/ws/defaultAsyncAppender-Worker-ASYNCSTDOUT
2026-04-09 22:20:12,804 [INFO] in AsyncAppender-Worker-ASYNCSTDOUT - [[34mINFO [0;39m] c.j.i.s.ViewInfo$ - [JPro] -> View created: {app_name: default, host_name: localhost:8080, instance_id: 1086536661, browser: Google Chrome 146.0.0.0, browser_url: http://localhost:8080/, client_ip: 0:0:0:0:0:0:0:1}AsyncAppender-Worker-ASYNCSTDOUT
2026-04-09 22:20:14,893 [INFO] in AsyncAppender-Worker-ASYNCSTDOUT - [[34mINFO [0;39m] c.j.i.c.InstanceImpl - [JPro] -> Instance created: {app_name: default, host_name: localhost:8080, instance_id: 1086536661, browser: Google Chrome 146.0.0.0, browser_url: http://localhost:8080/, client_ip: 0:0:0:0:0:0:0:1}AsyncAppender-Worker-ASYNCSTDOUT
2026-04-09 22:22:36,674 [INFO] in AsyncAppender-Worker-ASYNCSTDOUT - [[34mINFO [0;39m] c.j.i.s.ViewInfo$ - [JPro] -> View closed: {app_name: default, host_name: localhost:8080, instance_id: 1086536661, browser: Google Chrome 146.0.0.0, browser_url: http://localhost:8080/, client_ip: 0:0:0:0:0:0:0:1, reason: tab-closed}AsyncAppender-Worker-ASYNCSTDOUT
2026-04-09 22:22:36,675 [INFO] in AsyncAppender-Worker-ASYNCSTDOUT - [[34mINFO [0;39m] c.j.i.s.ViewInfo$ - AsyncAppender-Worker-ASYNCSTDOUT
2026-04-09 22:22:36,675 [INFO] in AsyncAppender-Worker-ASYNCSTDOUT - [[34mINFO [0;39m] c.j.i.s.ViewInfo$ - Application closed:AsyncAppender-Worker-ASYNCSTDOUT
2026-04-09 22:22:36,675 [INFO] in AsyncAppender-Worker-ASYNCSTDOUT - [[34mINFO [0;39m] c.j.i.s.ViewInfo$ - startTime      : Thu Apr 09 22:22:36 IST 2026      AsyncAppender-Worker-ASYNCSTDOUT
2026-04-09 22:22:36,675 [INFO] in AsyncAppender-Worker-ASYNCSTDOUT - [[34mINFO [0;39m] c.j.i.s.ViewInfo$ - averageLatency : 00:00:00.001 AsyncAppender-Worker-ASYNCSTDOUT
2026-04-09 22:22:36,675 [INFO] in AsyncAppender-Worker-ASYNCSTDOUT - [[34mINFO [0;39m] c.j.i.s.ViewInfo$ - averageJitter  : 00:00:00.000  AsyncAppender-Worker-ASYNCSTDOUT
2026-04-09 22:22:36,675 [INFO] in AsyncAppender-Worker-ASYNCSTDOUT - [[34mINFO [0;39m] c.j.i.s.ViewInfo$ - framerateServer: 00:00:00.000AsyncAppender-Worker-ASYNCSTDOUT
2026-04-09 22:22:36,675 [INFO] in AsyncAppender-Worker-ASYNCSTDOUT - [[34mINFO [0;39m] c.j.i.s.ViewInfo$ - framerateClient: 00:00:00.000AsyncAppender-Worker-ASYNCSTDOUT
2026-04-09 22:22:36,675 [INFO] in AsyncAppender-Worker-ASYNCSTDOUT - [[34mINFO [0;39m] c.j.i.s.ViewInfo$ - raw            : 386531AsyncAppender-Worker-ASYNCSTDOUT
2026-04-09 22:22:36,675 [INFO] in AsyncAppender-Worker-ASYNCSTDOUT - [[34mINFO [0;39m] c.j.i.s.ViewInfo$ - zipped         : 111504AsyncAppender-Worker-ASYNCSTDOUT
2026-04-09 22:22:36,675 [INFO] in AsyncAppender-Worker-ASYNCSTDOUT - [[34mINFO [0;39m] c.j.i.s.ViewInfo$ - AsyncAppender-Worker-ASYNCSTDOUT
2026-04-09 22:22:37,673 [INFO] in AsyncAppender-Worker-ASYNCSTDOUT - [[34mINFO [0;39m] c.j.i.c.InstanceImpl - [JPro] -> Instance closed: {app_name: default, host_name: localhost:8080, instance_id: 1086536661, browser: Google Chrome 146.0.0.0, browser_url: http://localhost:8080/, client_ip: 0:0:0:0:0:0:0:1, reason: close-tab-closed}AsyncAppender-Worker-ASYNCSTDOUT
2026-04-10 08:54:00,746 [INFO] in AsyncAppender-Worker-ASYNCSTDOUT - [[34mINFO [0;39m] c.jpro - application requested: defaultAsyncAppender-Worker-ASYNCSTDOUT
2026-04-10 08:54:00,747 [INFO] in AsyncAppender-Worker-ASYNCSTDOUT - [[34mINFO [0;39m] c.jpro - Creating Application: defaultAsyncAppender-Worker-ASYNCSTDOUT
2026-04-10 08:54:00,747 [INFO] in AsyncAppender-Worker-ASYNCSTDOUT - [[34mINFO [0;39m] c.jpro - remoteAddress 0:0:0:0:0:0:0:1AsyncAppender-Worker-ASYNCSTDOUT
2026-04-10 08:54:00,747 [INFO] in AsyncAppender-Worker-ASYNCSTDOUT - [[34mINFO [0;39m] c.jpro - host          localhost:8080AsyncAppender-Worker-ASYNCSTDOUT
2026-04-10 08:54:00,747 [INFO] in AsyncAppender-Worker-ASYNCSTDOUT - [[34mINFO [0;39m] c.jpro - uri           /app/ws/defaultAsyncAppender-Worker-ASYNCSTDOUT
2026-04-10 08:54:00,764 [INFO] in AsyncAppender-Worker-ASYNCSTDOUT - [[34mINFO [0;39m] c.j.i.s.ViewInfo$ - [JPro] -> View created: {app_name: default, host_name: localhost:8080, instance_id: 1230107229, browser: Google Chrome 146.0.0.0, browser_url: http://localhost:8080/, client_ip: 0:0:0:0:0:0:0:1}AsyncAppender-Worker-ASYNCSTDOUT
2026-04-10 08:54:03,019 [INFO] in AsyncAppender-Worker-ASYNCSTDOUT - [[34mINFO [0;39m] c.j.i.c.InstanceImpl - [JPro] -> Instance created: {app_name: default, host_name: localhost:8080, instance_id: 1230107229, browser: Google Chrome 146.0.0.0, browser_url: http://localhost:8080/, client_ip: 0:0:0:0:0:0:0:1}AsyncAppender-Worker-ASYNCSTDOUT
2026-04-10 08:56:06,609 [INFO] in AsyncAppender-Worker-ASYNCSTDOUT - [[34mINFO [0;39m] c.j.i.s.ViewInfo$ - [JPro] -> View closed: {app_name: default, host_name: localhost:8080, instance_id: 1230107229, browser: Google Chrome 146.0.0.0, browser_url: http://localhost:8080/, client_ip: 0:0:0:0:0:0:0:1, reason: tab-closed}AsyncAppender-Worker-ASYNCSTDOUT
2026-04-10 08:56:06,681 [INFO] in AsyncAppender-Worker-ASYNCSTDOUT - [[34mINFO [0;39m] c.j.i.s.ViewInfo$ - AsyncAppender-Worker-ASYNCSTDOUT
2026-04-10 08:56:06,681 [INFO] in AsyncAppender-Worker-ASYNCSTDOUT - [[34mINFO [0;39m] c.j.i.s.ViewInfo$ - Application closed:AsyncAppender-Worker-ASYNCSTDOUT
2026-04-10 08:56:06,682 [INFO] in AsyncAppender-Worker-ASYNCSTDOUT - [[34mINFO [0;39m] c.j.i.s.ViewInfo$ - startTime      : Fri Apr 10 08:56:06 IST 2026      AsyncAppender-Worker-ASYNCSTDOUT
2026-04-10 08:56:06,682 [INFO] in AsyncAppender-Worker-ASYNCSTDOUT - [[34mINFO [0;39m] c.j.i.s.ViewInfo$ - averageLatency : 00:00:00.014 AsyncAppender-Worker-ASYNCSTDOUT
2026-04-10 08:56:06,682 [INFO] in AsyncAppender-Worker-ASYNCSTDOUT - [[34mINFO [0;39m] c.j.i.s.ViewInfo$ - averageJitter  : 00:00:00.003  AsyncAppender-Worker-ASYNCSTDOUT
2026-04-10 08:56:06,682 [INFO] in AsyncAppender-Worker-ASYNCSTDOUT - [[34mINFO [0;39m] c.j.i.s.ViewInfo$ - framerateServer: 00:00:00.000AsyncAppender-Worker-ASYNCSTDOUT
2026-04-10 08:56:06,682 [INFO] in AsyncAppender-Worker-ASYNCSTDOUT - [[34mINFO [0;39m] c.j.i.s.ViewInfo$ - framerateClient: 00:00:00.000AsyncAppender-Worker-ASYNCSTDOUT
2026-04-10 08:56:06,682 [INFO] in AsyncAppender-Worker-ASYNCSTDOUT - [[34mINFO [0;39m] c.j.i.s.ViewInfo$ - raw            : 13823354AsyncAppender-Worker-ASYNCSTDOUT
2026-04-10 08:56:06,682 [INFO] in AsyncAppender-Worker-ASYNCSTDOUT - [[34mINFO [0;39m] c.j.i.s.ViewInfo$ - zipped         : 2424574AsyncAppender-Worker-ASYNCSTDOUT
2026-04-10 08:56:06,682 [INFO] in AsyncAppender-Worker-ASYNCSTDOUT - [[34mINFO [0;39m] c.j.i.s.ViewInfo$ - AsyncAppender-Worker-ASYNCSTDOUT
2026-04-10 08:56:07,605 [INFO] in AsyncAppender-Worker-ASYNCSTDOUT - [[34mINFO [0;39m] c.j.i.c.InstanceImpl - [JPro] -> Instance closed: {app_name: default, host_name: localhost:8080, instance_id: 1230107229, browser: Google Chrome 146.0.0.0, browser_url: http://localhost:8080/, client_ip: 0:0:0:0:0:0:0:1, reason: close-tab-closed}AsyncAppender-Worker-ASYNCSTDOUT
2026-04-10 09:02:56,639 [INFO] in AsyncAppender-Worker-ASYNCSTDOUT - [[34mINFO [0;39m] c.jpro - application requested: defaultAsyncAppender-Worker-ASYNCSTDOUT
2026-04-10 09:02:56,640 [INFO] in AsyncAppender-Worker-ASYNCSTDOUT - [[34mINFO [0;39m] c.jpro - Creating Application: defaultAsyncAppender-Worker-ASYNCSTDOUT
2026-04-10 09:02:56,640 [INFO] in AsyncAppender-Worker-ASYNCSTDOUT - [[34mINFO [0;39m] c.jpro - remoteAddress 0:0:0:0:0:0:0:1AsyncAppender-Worker-ASYNCSTDOUT
2026-04-10 09:02:56,640 [INFO] in AsyncAppender-Worker-ASYNCSTDOUT - [[34mINFO [0;39m] c.jpro - host          localhost:8080AsyncAppender-Worker-ASYNCSTDOUT
2026-04-10 09:02:56,640 [INFO] in AsyncAppender-Worker-ASYNCSTDOUT - [[34mINFO [0;39m] c.jpro - uri           /app/ws/defaultAsyncAppender-Worker-ASYNCSTDOUT
2026-04-10 09:02:56,655 [INFO] in AsyncAppender-Worker-ASYNCSTDOUT - [[34mINFO [0;39m] c.j.i.s.ViewInfo$ - [JPro] -> View created: {app_name: default, host_name: localhost:8080, instance_id: 2016853137, browser: Google Chrome 146.0.0.0, browser_url: http://localhost:8080/, client_ip: 0:0:0:0:0:0:0:1}AsyncAppender-Worker-ASYNCSTDOUT
2026-04-10 09:02:58,839 [INFO] in AsyncAppender-Worker-ASYNCSTDOUT - [[34mINFO [0;39m] c.j.i.c.InstanceImpl - [JPro] -> Instance created: {app_name: default, host_name: localhost:8080, instance_id: 2016853137, browser: Google Chrome 146.0.0.0, browser_url: http://localhost:8080/, client_ip: 0:0:0:0:0:0:0:1}AsyncAppender-Worker-ASYNCSTDOUT
2026-04-10 09:33:49,370 [INFO] in AsyncAppender-Worker-ASYNCSTDOUT - [[34mINFO [0;39m] c.j.i.s.ViewInfo$ - [JPro] -> View closed: {app_name: default, host_name: localhost:8080, instance_id: 2016853137, browser: Google Chrome 146.0.0.0, browser_url: http://localhost:8080/, client_ip: 0:0:0:0:0:0:0:1, reason: tab-closed}AsyncAppender-Worker-ASYNCSTDOUT
2026-04-10 09:33:49,488 [INFO] in AsyncAppender-Worker-ASYNCSTDOUT - [[34mINFO [0;39m] c.j.i.s.ViewInfo$ - AsyncAppender-Worker-ASYNCSTDOUT
2026-04-10 09:33:49,488 [INFO] in AsyncAppender-Worker-ASYNCSTDOUT - [[34mINFO [0;39m] c.j.i.s.ViewInfo$ - Application closed:AsyncAppender-Worker-ASYNCSTDOUT
2026-04-10 09:33:49,488 [INFO] in AsyncAppender-Worker-ASYNCSTDOUT - [[34mINFO [0;39m] c.j.i.s.ViewInfo$ - startTime      : Fri Apr 10 09:33:49 IST 2026      AsyncAppender-Worker-ASYNCSTDOUT
2026-04-10 09:33:49,488 [INFO] in AsyncAppender-Worker-ASYNCSTDOUT - [[34mINFO [0;39m] c.j.i.s.ViewInfo$ - averageLatency : 00:00:00.006 AsyncAppender-Worker-ASYNCSTDOUT
2026-04-10 09:33:49,488 [INFO] in AsyncAppender-Worker-ASYNCSTDOUT - [[34mINFO [0;39m] c.j.i.s.ViewInfo$ - averageJitter  : 00:00:00.000  AsyncAppender-Worker-ASYNCSTDOUT
2026-04-10 09:33:49,488 [INFO] in AsyncAppender-Worker-ASYNCSTDOUT - [[34mINFO [0;39m] c.j.i.s.ViewInfo$ - framerateServer: 00:00:00.000AsyncAppender-Worker-ASYNCSTDOUT
2026-04-10 09:33:49,488 [INFO] in AsyncAppender-Worker-ASYNCSTDOUT - [[34mINFO [0;39m] c.j.i.s.ViewInfo$ - framerateClient: 00:00:00.000AsyncAppender-Worker-ASYNCSTDOUT
2026-04-10 09:33:49,488 [INFO] in AsyncAppender-Worker-ASYNCSTDOUT - [[34mINFO [0;39m] c.j.i.s.ViewInfo$ - raw            : 18010938AsyncAppender-Worker-ASYNCSTDOUT
2026-04-10 09:33:49,488 [INFO] in AsyncAppender-Worker-ASYNCSTDOUT - [[34mINFO [0;39m] c.j.i.s.ViewInfo$ - zipped         : 3019956AsyncAppender-Worker-ASYNCSTDOUT
2026-04-10 09:33:49,488 [INFO] in AsyncAppender-Worker-ASYNCSTDOUT - [[34mINFO [0;39m] c.j.i.s.ViewInfo$ - AsyncAppender-Worker-ASYNCSTDOUT
2026-04-10 09:33:50,376 [INFO] in AsyncAppender-Worker-ASYNCSTDOUT - [[34mINFO [0;39m] c.j.i.c.InstanceImpl - [JPro] -> Instance closed: {app_name: default, host_name: localhost:8080, instance_id: 2016853137, browser: Google Chrome 146.0.0.0, browser_url: http://localhost:8080/, client_ip: 0:0:0:0:0:0:0:1, reason: close-tab-closed}AsyncAppender-Worker-ASYNCSTDOUT
2026-04-10 09:33:53,982 [INFO] in AsyncAppender-Worker-ASYNCSTDOUT - [[34mINFO [0;39m] c.jpro - application requested: defaultAsyncAppender-Worker-ASYNCSTDOUT
2026-04-10 09:33:53,982 [INFO] in AsyncAppender-Worker-ASYNCSTDOUT - [[34mINFO [0;39m] c.jpro - Creating Application: defaultAsyncAppender-Worker-ASYNCSTDOUT
2026-04-10 09:33:53,982 [INFO] in AsyncAppender-Worker-ASYNCSTDOUT - [[34mINFO [0;39m] c.jpro - remoteAddress 0:0:0:0:0:0:0:1AsyncAppender-Worker-ASYNCSTDOUT
2026-04-10 09:33:53,982 [INFO] in AsyncAppender-Worker-ASYNCSTDOUT - [[34mINFO [0;39m] c.jpro - host          localhost:8080AsyncAppender-Worker-ASYNCSTDOUT
2026-04-10 09:33:53,982 [INFO] in AsyncAppender-Worker-ASYNCSTDOUT - [[34mINFO [0;39m] c.jpro - uri           /app/ws/defaultAsyncAppender-Worker-ASYNCSTDOUT
2026-04-10 09:33:53,997 [INFO] in AsyncAppender-Worker-ASYNCSTDOUT - [[34mINFO [0;39m] c.j.i.s.ViewInfo$ - [JPro] -> View created: {app_name: default, host_name: localhost:8080, instance_id: 438547505, browser: Google Chrome 146.0.0.0, browser_url: http://localhost:8080/, client_ip: 0:0:0:0:0:0:0:1}AsyncAppender-Worker-ASYNCSTDOUT
2026-04-10 09:33:56,037 [INFO] in AsyncAppender-Worker-ASYNCSTDOUT - [[34mINFO [0;39m] c.j.i.c.InstanceImpl - [JPro] -> Instance created: {app_name: default, host_name: localhost:8080, instance_id: 438547505, browser: Google Chrome 146.0.0.0, browser_url: http://localhost:8080/, client_ip: 0:0:0:0:0:0:0:1}AsyncAppender-Worker-ASYNCSTDOUT
2026-04-10 10:20:41,678 [INFO] in AsyncAppender-Worker-ASYNCSTDOUT - [[34mINFO [0;39m] c.j.i.s.ViewInfo$ - [JPro] -> View closed: {app_name: default, host_name: localhost:8080, instance_id: 438547505, browser: Google Chrome 146.0.0.0, browser_url: http://localhost:8080/, client_ip: 0:0:0:0:0:0:0:1, reason: tab-closed}AsyncAppender-Worker-ASYNCSTDOUT
2026-04-10 10:20:41,689 [INFO] in AsyncAppender-Worker-ASYNCSTDOUT - [[34mINFO [0;39m] c.j.i.s.ViewInfo$ - AsyncAppender-Worker-ASYNCSTDOUT
2026-04-10 10:20:41,689 [INFO] in AsyncAppender-Worker-ASYNCSTDOUT - [[34mINFO [0;39m] c.j.i.s.ViewInfo$ - Application closed:AsyncAppender-Worker-ASYNCSTDOUT
2026-04-10 10:20:41,689 [INFO] in AsyncAppender-Worker-ASYNCSTDOUT - [[34mINFO [0;39m] c.j.i.s.ViewInfo$ - startTime      : Fri Apr 10 10:20:41 IST 2026      AsyncAppender-Worker-ASYNCSTDOUT
2026-04-10 10:20:41,689 [INFO] in AsyncAppender-Worker-ASYNCSTDOUT - [[34mINFO [0;39m] c.j.i.s.ViewInfo$ - averageLatency : 00:00:00.002 AsyncAppender-Worker-ASYNCSTDOUT
2026-04-10 10:20:41,689 [INFO] in AsyncAppender-Worker-ASYNCSTDOUT - [[34mINFO [0;39m] c.j.i.s.ViewInfo$ - averageJitter  : 00:00:00.000  AsyncAppender-Worker-ASYNCSTDOUT
2026-04-10 10:20:41,689 [INFO] in AsyncAppender-Worker-ASYNCSTDOUT - [[34mINFO [0;39m] c.j.i.s.ViewInfo$ - framerateServer: 00:00:00.000AsyncAppender-Worker-ASYNCSTDOUT
2026-04-10 10:20:41,689 [INFO] in AsyncAppender-Worker-ASYNCSTDOUT - [[34mINFO [0;39m] c.j.i.s.ViewInfo$ - framerateClient: 00:00:00.000AsyncAppender-Worker-ASYNCSTDOUT
2026-04-10 10:20:41,689 [INFO] in AsyncAppender-Worker-ASYNCSTDOUT - [[34mINFO [0;39m] c.j.i.s.ViewInfo$ - raw            : 5813529AsyncAppender-Worker-ASYNCSTDOUT
2026-04-10 10:20:41,689 [INFO] in AsyncAppender-Worker-ASYNCSTDOUT - [[34mINFO [0;39m] c.j.i.s.ViewInfo$ - zipped         : 1861123AsyncAppender-Worker-ASYNCSTDOUT
2026-04-10 10:20:41,690 [INFO] in AsyncAppender-Worker-ASYNCSTDOUT - [[34mINFO [0;39m] c.j.i.s.ViewInfo$ - AsyncAppender-Worker-ASYNCSTDOUT
2026-04-10 10:20:41,715 [INFO] in AsyncAppender-Worker-ASYNCSTDOUT - [[34mINFO [0;39m] c.jpro - application requested: defaultAsyncAppender-Worker-ASYNCSTDOUT
2026-04-10 10:20:41,715 [INFO] in AsyncAppender-Worker-ASYNCSTDOUT - [[34mINFO [0;39m] c.jpro - Creating Application: defaultAsyncAppender-Worker-ASYNCSTDOUT
2026-04-10 10:20:41,715 [INFO] in AsyncAppender-Worker-ASYNCSTDOUT - [[34mINFO [0;39m] c.jpro - remoteAddress 0:0:0:0:0:0:0:1AsyncAppender-Worker-ASYNCSTDOUT
2026-04-10 10:20:41,715 [INFO] in AsyncAppender-Worker-ASYNCSTDOUT - [[34mINFO [0;39m] c.jpro - host          localhost:8080AsyncAppender-Worker-ASYNCSTDOUT
2026-04-10 10:20:41,715 [INFO] in AsyncAppender-Worker-ASYNCSTDOUT - [[34mINFO [0;39m] c.jpro - uri           /app/ws/defaultAsyncAppender-Worker-ASYNCSTDOUT
2026-04-10 10:20:41,725 [INFO] in AsyncAppender-Worker-ASYNCSTDOUT - [[34mINFO [0;39m] c.j.i.s.ViewInfo$ - [JPro] -> View created: {app_name: default, host_name: localhost:8080, instance_id: 806939677, browser: Google Chrome 146.0.0.0, browser_url: http://localhost:8080/, client_ip: 0:0:0:0:0:0:0:1}AsyncAppender-Worker-ASYNCSTDOUT
2026-04-10 10:20:43,759 [INFO] in AsyncAppender-Worker-ASYNCSTDOUT - [[34mINFO [0;39m] c.j.i.c.InstanceImpl - [JPro] -> Instance created: {app_name: default, host_name: localhost:8080, instance_id: 806939677, browser: Google Chrome 146.0.0.0, browser_url: http://localhost:8080/, client_ip: 0:0:0:0:0:0:0:1}AsyncAppender-Worker-ASYNCSTDOUT
2026-04-10 10:20:43,768 [INFO] in AsyncAppender-Worker-ASYNCSTDOUT - [[34mINFO [0;39m] c.j.i.c.InstanceImpl - [JPro] -> Instance closed: {app_name: default, host_name: localhost:8080, instance_id: 438547505, browser: Google Chrome 146.0.0.0, browser_url: http://localhost:8080/, client_ip: 0:0:0:0:0:0:0:1, reason: close-tab-closed}AsyncAppender-Worker-ASYNCSTDOUT
2026-04-10 10:23:05,508 [INFO] in AsyncAppender-Worker-ASYNCSTDOUT - [[31mWARN [0;39m] c.j.m.t.SceneInputListener - Unknown Keycode: 220AsyncAppender-Worker-ASYNCSTDOUT
2026-04-10 10:23:05,588 [INFO] in AsyncAppender-Worker-ASYNCSTDOUT - [[31mWARN [0;39m] c.j.m.t.SceneInputListener - Unknown Keycode: 220AsyncAppender-Worker-ASYNCSTDOUT
2026-04-10 10:42:24,309 [INFO] in AsyncAppender-Worker-ASYNCSTDOUT - [[34mINFO [0;39m] c.j.i.s.ViewInfo$ - [JPro] -> View closed: {app_name: default, host_name: localhost:8080, instance_id: 806939677, browser: Google Chrome 146.0.0.0, browser_url: http://localhost:8080/, client_ip: 0:0:0:0:0:0:0:1, reason: websocket-stop}AsyncAppender-Worker-ASYNCSTDOUT
2026-04-10 10:42:24,356 [INFO] in AsyncAppender-Worker-ASYNCSTDOUT - [[34mINFO [0;39m] c.j.i.s.ViewInfo$ - AsyncAppender-Worker-ASYNCSTDOUT
2026-04-10 10:42:24,356 [INFO] in AsyncAppender-Worker-ASYNCSTDOUT - [[34mINFO [0;39m] c.j.i.s.ViewInfo$ - Application closed:AsyncAppender-Worker-ASYNCSTDOUT
2026-04-10 10:42:24,356 [INFO] in AsyncAppender-Worker-ASYNCSTDOUT - [[34mINFO [0;39m] c.j.i.s.ViewInfo$ - startTime      : Fri Apr 10 10:42:24 IST 2026      AsyncAppender-Worker-ASYNCSTDOUT
2026-04-10 10:42:24,357 [INFO] in AsyncAppender-Worker-ASYNCSTDOUT - [[34mINFO [0;39m] c.j.i.s.ViewInfo$ - averageLatency : 00:00:00.001 AsyncAppender-Worker-ASYNCSTDOUT
2026-04-10 10:42:24,357 [INFO] in AsyncAppender-Worker-ASYNCSTDOUT - [[34mINFO [0;39m] c.j.i.s.ViewInfo$ - averageJitter  : 00:00:00.000  AsyncAppender-Worker-ASYNCSTDOUT
2026-04-10 10:42:24,357 [INFO] in AsyncAppender-Worker-ASYNCSTDOUT - [[34mINFO [0;39m] c.j.i.s.ViewInfo$ - framerateServer: 00:00:00.000AsyncAppender-Worker-ASYNCSTDOUT
2026-04-10 10:42:24,357 [INFO] in AsyncAppender-Worker-ASYNCSTDOUT - [[34mINFO [0;39m] c.j.i.s.ViewInfo$ - framerateClient: 00:00:00.000AsyncAppender-Worker-ASYNCSTDOUT
2026-04-10 10:42:24,357 [INFO] in AsyncAppender-Worker-ASYNCSTDOUT - [[34mINFO [0;39m] c.j.i.s.ViewInfo$ - raw            : 15752573AsyncAppender-Worker-ASYNCSTDOUT
2026-04-10 10:42:24,357 [INFO] in AsyncAppender-Worker-ASYNCSTDOUT - [[34mINFO [0;39m] c.j.i.s.ViewInfo$ - zipped         : 3495416AsyncAppender-Worker-ASYNCSTDOUT
2026-04-10 10:42:24,357 [INFO] in AsyncAppender-Worker-ASYNCSTDOUT - [[34mINFO [0;39m] c.j.i.s.ViewInfo$ - AsyncAppender-Worker-ASYNCSTDOUT
2026-04-10 10:42:25,307 [INFO] in AsyncAppender-Worker-ASYNCSTDOUT - [[34mINFO [0;39m] c.j.i.c.InstanceImpl - [JPro] -> Instance closed: {app_name: default, host_name: localhost:8080, instance_id: 806939677, browser: Google Chrome 146.0.0.0, browser_url: http://localhost:8080/, client_ip: 0:0:0:0:0:0:0:1, reason: close-tab-closed}AsyncAppender-Worker-ASYNCSTDOUT
2026-04-23 15:58:55,786 [INFO] in AsyncAppender-Worker-ASYNCSTDOUT - [[34mINFO [0;39m] c.jpro.activity - Starting the serverAsyncAppender-Worker-ASYNCSTDOUT
2026-04-23 15:58:55,787 [INFO] in AsyncAppender-Worker-ASYNCSTDOUT - [[34mINFO [0;39m] c.j.i.s.JProInitializer$ -  *** Starting JPro: https://www.jpro.one/ ***AsyncAppender-Worker-ASYNCSTDOUT
2026-04-23 15:58:55,787 [INFO] in AsyncAppender-Worker-ASYNCSTDOUT - [[34mINFO [0;39m] c.j.i.s.JProInitializer$ - OS: Windows 11AsyncAppender-Worker-ASYNCSTDOUT
2026-04-23 15:58:55,795 [INFO] in AsyncAppender-Worker-ASYNCSTDOUT - [[34mINFO [0;39m] c.j.i.s.JProInitializer$ - JPro: 2024.2.1AsyncAppender-Worker-ASYNCSTDOUT
2026-04-23 15:58:55,796 [INFO] in AsyncAppender-Worker-ASYNCSTDOUT - [[34mINFO [0;39m] c.j.i.s.JProInitializer$ - Java version: 21.0.9AsyncAppender-Worker-ASYNCSTDOUT
2026-04-23 15:58:55,796 [INFO] in AsyncAppender-Worker-ASYNCSTDOUT - [[34mINFO [0;39m] c.j.i.s.JProInitializer$ - JVM: 21.0.9 Oracle CorporationAsyncAppender-Worker-ASYNCSTDOUT
2026-04-23 15:58:55,804 [INFO] in AsyncAppender-Worker-ASYNCSTDOUT - [[34mINFO [0;39m] c.j.i.s.JProInitializer$ - JavaFX jar: file:/C:/Users/kaush/.m2/repository/org/openjfx/javafx-graphics/22.0.2-jpro/javafx-graphics-22.0.2-jpro-win.jarAsyncAppender-Worker-ASYNCSTDOUT
2026-04-23 15:58:55,812 [INFO] in AsyncAppender-Worker-ASYNCSTDOUT - [[34mINFO [0;39m] c.j.i.s.JProInitializer$ - Configuring logging from url: 'jar:file:/C:/Users/kaush/.m2/repository/com/sandec/jpro/jpro-server_2.12/2024.2.1/jpro-server_2.12-2024.2.1.jar!/logback-jpro-default.xml'AsyncAppender-Worker-ASYNCSTDOUT
2026-04-23 15:58:57,021 [INFO] in AsyncAppender-Worker-ASYNCSTDOUT - [[34mINFO [0;39m] c.j.i.s.JProInitializer$ - JavaFX version: 22.0.2-jpro+0AsyncAppender-Worker-ASYNCSTDOUT
2026-04-23 15:58:57,048 [INFO] in JavaFX Application Thread - G1 Young GenerationJavaFX Application Thread
2026-04-23 15:58:57,048 [INFO] in JavaFX Application Thread - G1 Concurrent GCJavaFX Application Thread
2026-04-23 15:58:57,048 [INFO] in JavaFX Application Thread - G1 Old GenerationJavaFX Application Thread
2026-04-23 15:58:57,060 [INFO] in AsyncAppender-Worker-ASYNCSTDOUT - [[34mINFO [0;39m] c.j.i.s.JProInitializer$ - finished init!AsyncAppender-Worker-ASYNCSTDOUT
2026-04-23 15:58:57,062 [INFO] in AsyncAppender-Worker-ASYNCSTDOUT - [[34mINFO [0;39m] c.j.i.s.JProInitializer$ - [JPro] -> Server started: {start_time: 1776940135772, os_name: Windows 11, jpro_version: 2024.2.1}AsyncAppender-Worker-ASYNCSTDOUT
2026-04-23 15:58:57,083 [INFO] in AsyncAppender-Worker-ASYNCSTDOUT - [[34mINFO [0;39m] a.e.s.Slf4jLogger - Slf4jLogger startedAsyncAppender-Worker-ASYNCSTDOUT
2026-04-23 15:58:57,624 [INFO] in AsyncAppender-Worker-ASYNCSTDOUT - [[34mINFO [0;39m] play.api.Play - Application started (Prod) (no global state)AsyncAppender-Worker-ASYNCSTDOUT
2026-04-23 15:58:58,139 [INFO] in AsyncAppender-Worker-ASYNCSTDOUT - [[34mINFO [0;39m] p.c.s.AkkaHttpServer - Enabling HTTP/2 on Akka HTTP server...AsyncAppender-Worker-ASYNCSTDOUT
2026-04-23 15:58:58,140 [INFO] in AsyncAppender-Worker-ASYNCSTDOUT - [[34mINFO [0;39m] p.c.s.AkkaHttpServer - Listening for HTTP on /[0:0:0:0:0:0:0:0]:8080AsyncAppender-Worker-ASYNCSTDOUT
2026-04-23 15:58:58,912 [INFO] in AsyncAppender-Worker-ASYNCSTDOUT - [[34mINFO [0;39m] c.jpro - application requested: defaultAsyncAppender-Worker-ASYNCSTDOUT
2026-04-23 15:58:58,920 [INFO] in AsyncAppender-Worker-ASYNCSTDOUT - [[34mINFO [0;39m] c.jpro - Creating Application: defaultAsyncAppender-Worker-ASYNCSTDOUT
2026-04-23 15:58:58,921 [INFO] in AsyncAppender-Worker-ASYNCSTDOUT - [[34mINFO [0;39m] c.jpro - remoteAddress 0:0:0:0:0:0:0:1AsyncAppender-Worker-ASYNCSTDOUT
2026-04-23 15:58:58,921 [INFO] in AsyncAppender-Worker-ASYNCSTDOUT - [[34mINFO [0;39m] c.jpro - host          localhost:8080AsyncAppender-Worker-ASYNCSTDOUT
2026-04-23 15:58:58,921 [INFO] in AsyncAppender-Worker-ASYNCSTDOUT - [[34mINFO [0;39m] c.jpro - uri           /app/ws/defaultAsyncAppender-Worker-ASYNCSTDOUT
2026-04-23 15:58:59,184 [INFO] in AsyncAppender-Worker-ASYNCSTDOUT - [[34mINFO [0;39m] c.j.i.s.ViewInfo$ - [JPro] -> View created: {app_name: default, host_name: localhost:8080, instance_id: 2041703085, browser: Google Chrome 147.0.0.0, browser_url: http://localhost:8080/, client_ip: 0:0:0:0:0:0:0:1}AsyncAppender-Worker-ASYNCSTDOUT
2026-04-23 15:59:03,208 [INFO] in AsyncAppender-Worker-ASYNCSTDOUT - [[34mINFO [0;39m] c.j.i.c.InstanceImpl - [JPro] -> Instance created: {app_name: default, host_name: localhost:8080, instance_id: 2041703085, browser: Google Chrome 147.0.0.0, browser_url: http://localhost:8080/, client_ip: 0:0:0:0:0:0:0:1}AsyncAppender-Worker-ASYNCSTDOUT
2026-04-23 16:04:08,040 [INFO] in AsyncAppender-Worker-ASYNCSTDOUT - [[34mINFO [0;39m] c.jpro.activity - Starting the serverAsyncAppender-Worker-ASYNCSTDOUT
2026-04-23 16:04:08,040 [INFO] in AsyncAppender-Worker-ASYNCSTDOUT - [[34mINFO [0;39m] c.j.i.s.JProInitializer$ -  *** Starting JPro: https://www.jpro.one/ ***AsyncAppender-Worker-ASYNCSTDOUT
2026-04-23 16:04:08,040 [INFO] in AsyncAppender-Worker-ASYNCSTDOUT - [[34mINFO [0;39m] c.j.i.s.JProInitializer$ - OS: Windows 11AsyncAppender-Worker-ASYNCSTDOUT
2026-04-23 16:04:08,049 [INFO] in AsyncAppender-Worker-ASYNCSTDOUT - [[34mINFO [0;39m] c.j.i.s.JProInitializer$ - JPro: 2024.2.1AsyncAppender-Worker-ASYNCSTDOUT
2026-04-23 16:04:08,049 [INFO] in AsyncAppender-Worker-ASYNCSTDOUT - [[34mINFO [0;39m] c.j.i.s.JProInitializer$ - Java version: 21.0.9AsyncAppender-Worker-ASYNCSTDOUT
2026-04-23 16:04:08,049 [INFO] in AsyncAppender-Worker-ASYNCSTDOUT - [[34mINFO [0;39m] c.j.i.s.JProInitializer$ - JVM: 21.0.9 Oracle CorporationAsyncAppender-Worker-ASYNCSTDOUT
2026-04-23 16:04:08,051 [INFO] in AsyncAppender-Worker-ASYNCSTDOUT - [[34mINFO [0;39m] c.j.i.s.JProInitializer$ - JavaFX jar: file:/C:/Users/kaush/.m2/repository/org/openjfx/javafx-graphics/22.0.2-jpro/javafx-graphics-22.0.2-jpro-win.jarAsyncAppender-Worker-ASYNCSTDOUT
2026-04-23 16:04:08,054 [INFO] in AsyncAppender-Worker-ASYNCSTDOUT - [[34mINFO [0;39m] c.j.i.s.JProInitializer$ - Configuring logging from url: 'jar:file:/C:/Users/kaush/.m2/repository/com/sandec/jpro/jpro-server_2.12/2024.2.1/jpro-server_2.12-2024.2.1.jar!/logback-jpro-default.xml'AsyncAppender-Worker-ASYNCSTDOUT
2026-04-23 16:04:09,038 [INFO] in AsyncAppender-Worker-ASYNCSTDOUT - [[34mINFO [0;39m] c.j.i.s.JProInitializer$ - JavaFX version: 22.0.2-jpro+0AsyncAppender-Worker-ASYNCSTDOUT
2026-04-23 16:04:09,081 [INFO] in JavaFX Application Thread - G1 Young GenerationJavaFX Application Thread
2026-04-23 16:04:09,082 [INFO] in JavaFX Application Thread - G1 Concurrent GCJavaFX Application Thread
2026-04-23 16:04:09,082 [INFO] in JavaFX Application Thread - G1 Old GenerationJavaFX Application Thread
2026-04-23 16:04:09,092 [INFO] in AsyncAppender-Worker-ASYNCSTDOUT - [[34mINFO [0;39m] c.j.i.s.JProInitializer$ - finished init!AsyncAppender-Worker-ASYNCSTDOUT
2026-04-23 16:04:09,096 [INFO] in AsyncAppender-Worker-ASYNCSTDOUT - [[34mINFO [0;39m] c.j.i.s.JProInitializer$ - [JPro] -> Server started: {start_time: 1776940448023, os_name: Windows 11, jpro_version: 2024.2.1}AsyncAppender-Worker-ASYNCSTDOUT
2026-04-23 16:04:09,189 [INFO] in AsyncAppender-Worker-ASYNCSTDOUT - [[34mINFO [0;39m] a.e.s.Slf4jLogger - Slf4jLogger startedAsyncAppender-Worker-ASYNCSTDOUT
2026-04-23 16:04:09,612 [INFO] in AsyncAppender-Worker-ASYNCSTDOUT - [[34mINFO [0;39m] play.api.Play - Application started (Prod) (no global state)AsyncAppender-Worker-ASYNCSTDOUT
2026-04-23 16:04:10,071 [INFO] in AsyncAppender-Worker-ASYNCSTDOUT - [[34mINFO [0;39m] p.c.s.AkkaHttpServer - Enabling HTTP/2 on Akka HTTP server...AsyncAppender-Worker-ASYNCSTDOUT
2026-04-23 16:04:10,072 [INFO] in AsyncAppender-Worker-ASYNCSTDOUT - [[34mINFO [0;39m] p.c.s.AkkaHttpServer - Listening for HTTP on /[0:0:0:0:0:0:0:0]:8080AsyncAppender-Worker-ASYNCSTDOUT
2026-04-23 16:04:10,770 [INFO] in AsyncAppender-Worker-ASYNCSTDOUT - [[34mINFO [0;39m] c.jpro - application requested: defaultAsyncAppender-Worker-ASYNCSTDOUT
2026-04-23 16:04:10,777 [INFO] in AsyncAppender-Worker-ASYNCSTDOUT - [[34mINFO [0;39m] c.jpro - Creating Application: defaultAsyncAppender-Worker-ASYNCSTDOUT
2026-04-23 16:04:10,778 [INFO] in AsyncAppender-Worker-ASYNCSTDOUT - [[34mINFO [0;39m] c.jpro - remoteAddress 0:0:0:0:0:0:0:1AsyncAppender-Worker-ASYNCSTDOUT
2026-04-23 16:04:10,778 [INFO] in AsyncAppender-Worker-ASYNCSTDOUT - [[34mINFO [0;39m] c.jpro - host          localhost:8080AsyncAppender-Worker-ASYNCSTDOUT
2026-04-23 16:04:10,778 [INFO] in AsyncAppender-Worker-ASYNCSTDOUT - [[34mINFO [0;39m] c.jpro - uri           /app/ws/defaultAsyncAppender-Worker-ASYNCSTDOUT
2026-04-23 16:04:10,962 [INFO] in AsyncAppender-Worker-ASYNCSTDOUT - [[34mINFO [0;39m] c.j.i.s.ViewInfo$ - [JPro] -> View created: {app_name: default, host_name: localhost:8080, instance_id: 246613618, browser: Google Chrome 147.0.0.0, browser_url: http://localhost:8080/, client_ip: 0:0:0:0:0:0:0:1}AsyncAppender-Worker-ASYNCSTDOUT
2026-04-23 16:04:14,135 [INFO] in AsyncAppender-Worker-ASYNCSTDOUT - [[34mINFO [0;39m] c.j.i.c.InstanceImpl - [JPro] -> Instance created: {app_name: default, host_name: localhost:8080, instance_id: 246613618, browser: Google Chrome 147.0.0.0, browser_url: http://localhost:8080/, client_ip: 0:0:0:0:0:0:0:1}AsyncAppender-Worker-ASYNCSTDOUT
2026-04-23 16:04:27,508 [INFO] in JavaFX Application Thread - [VisualSearch] JPro WebAPI FileUploader wired successfully.JavaFX Application Thread
2026-04-23 16:04:34,417 [INFO] in AsyncAppender-Worker-ASYNCSTDOUT - [[34mINFO [0;39m] c.j.i.s.ViewInfo$ - [JPro] -> View closed: {app_name: default, host_name: localhost:8080, instance_id: 246613618, browser: Google Chrome 147.0.0.0, browser_url: http://localhost:8080/, client_ip: 0:0:0:0:0:0:0:1, reason: tab-closed}AsyncAppender-Worker-ASYNCSTDOUT
2026-04-23 16:04:34,428 [INFO] in AsyncAppender-Worker-ASYNCSTDOUT - [[34mINFO [0;39m] c.j.i.s.ViewInfo$ - AsyncAppender-Worker-ASYNCSTDOUT
2026-04-23 16:04:34,428 [INFO] in AsyncAppender-Worker-ASYNCSTDOUT - [[34mINFO [0;39m] c.j.i.s.ViewInfo$ - Application closed:AsyncAppender-Worker-ASYNCSTDOUT
2026-04-23 16:04:34,441 [INFO] in AsyncAppender-Worker-ASYNCSTDOUT - [[34mINFO [0;39m] c.j.i.s.ViewInfo$ - startTime      : Thu Apr 23 16:04:34 IST 2026      AsyncAppender-Worker-ASYNCSTDOUT
2026-04-23 16:04:34,441 [INFO] in AsyncAppender-Worker-ASYNCSTDOUT - [[34mINFO [0;39m] c.j.i.s.ViewInfo$ - averageLatency : 00:00:00.002 AsyncAppender-Worker-ASYNCSTDOUT
2026-04-23 16:04:34,441 [INFO] in AsyncAppender-Worker-ASYNCSTDOUT - [[34mINFO [0;39m] c.j.i.s.ViewInfo$ - averageJitter  : 00:00:00.000  AsyncAppender-Worker-ASYNCSTDOUT
2026-04-23 16:04:34,442 [INFO] in AsyncAppender-Worker-ASYNCSTDOUT - [[34mINFO [0;39m] c.j.i.s.ViewInfo$ - framerateServer: 00:00:00.000AsyncAppender-Worker-ASYNCSTDOUT
2026-04-23 16:04:34,442 [INFO] in AsyncAppender-Worker-ASYNCSTDOUT - [[34mINFO [0;39m] c.j.i.s.ViewInfo$ - framerateClient: 00:00:00.000AsyncAppender-Worker-ASYNCSTDOUT
2026-04-23 16:04:34,442 [INFO] in AsyncAppender-Worker-ASYNCSTDOUT - [[34mINFO [0;39m] c.j.i.s.ViewInfo$ - raw            : 929678AsyncAppender-Worker-ASYNCSTDOUT
2026-04-23 16:04:34,442 [INFO] in AsyncAppender-Worker-ASYNCSTDOUT - [[34mINFO [0;39m] c.j.i.s.ViewInfo$ - zipped         : 155261AsyncAppender-Worker-ASYNCSTDOUT
2026-04-23 16:04:34,443 [INFO] in AsyncAppender-Worker-ASYNCSTDOUT - [[34mINFO [0;39m] c.j.i.s.ViewInfo$ - AsyncAppender-Worker-ASYNCSTDOUT
2026-04-23 16:04:35,423 [INFO] in AsyncAppender-Worker-ASYNCSTDOUT - [[34mINFO [0;39m] c.j.i.c.InstanceImpl - [JPro] -> Instance closed: {app_name: default, host_name: localhost:8080, instance_id: 246613618, browser: Google Chrome 147.0.0.0, browser_url: http://localhost:8080/, client_ip: 0:0:0:0:0:0:0:1, reason: close-tab-closed}AsyncAppender-Worker-ASYNCSTDOUT
2026-04-23 16:05:08,939 [INFO] in AsyncAppender-Worker-ASYNCSTDOUT - [[34mINFO [0;39m] c.jpro - application requested: defaultAsyncAppender-Worker-ASYNCSTDOUT
2026-04-23 16:05:08,939 [INFO] in AsyncAppender-Worker-ASYNCSTDOUT - [[34mINFO [0;39m] c.jpro - Creating Application: defaultAsyncAppender-Worker-ASYNCSTDOUT
2026-04-23 16:05:08,940 [INFO] in AsyncAppender-Worker-ASYNCSTDOUT - [[34mINFO [0;39m] c.jpro - remoteAddress 0:0:0:0:0:0:0:1AsyncAppender-Worker-ASYNCSTDOUT
2026-04-23 16:05:08,940 [INFO] in AsyncAppender-Worker-ASYNCSTDOUT - [[34mINFO [0;39m] c.jpro - host          localhost:8080AsyncAppender-Worker-ASYNCSTDOUT
2026-04-23 16:05:08,940 [INFO] in AsyncAppender-Worker-ASYNCSTDOUT - [[34mINFO [0;39m] c.jpro - uri           /app/ws/defaultAsyncAppender-Worker-ASYNCSTDOUT
2026-04-23 16:05:08,964 [INFO] in AsyncAppender-Worker-ASYNCSTDOUT - [[34mINFO [0;39m] c.j.i.s.ViewInfo$ - [JPro] -> View created: {app_name: default, host_name: localhost:8080, instance_id: 789285042, browser: Google Chrome 147.0.0.0, browser_url: http://localhost:8080/, client_ip: 0:0:0:0:0:0:0:1}AsyncAppender-Worker-ASYNCSTDOUT
2026-04-23 16:05:11,353 [INFO] in AsyncAppender-Worker-ASYNCSTDOUT - [[34mINFO [0;39m] c.j.i.c.InstanceImpl - [JPro] -> Instance created: {app_name: default, host_name: localhost:8080, instance_id: 789285042, browser: Google Chrome 147.0.0.0, browser_url: http://localhost:8080/, client_ip: 0:0:0:0:0:0:0:1}AsyncAppender-Worker-ASYNCSTDOUT
2026-04-23 16:06:35,506 [INFO] in JavaFX Application Thread - [VisualSearch] JPro WebAPI FileUploader wired successfully.JavaFX Application Thread
2026-04-23 16:09:48,874 [INFO] in AsyncAppender-Worker-ASYNCSTDOUT - [[34mINFO [0;39m] c.j.i.s.ViewInfo$ - [JPro] -> View closed: {app_name: default, host_name: localhost:8080, instance_id: 789285042, browser: Google Chrome 147.0.0.0, browser_url: http://localhost:8080/, client_ip: 0:0:0:0:0:0:0:1, reason: tab-closed}AsyncAppender-Worker-ASYNCSTDOUT
2026-04-23 16:09:48,885 [INFO] in AsyncAppender-Worker-ASYNCSTDOUT - [[34mINFO [0;39m] c.j.i.s.ViewInfo$ - AsyncAppender-Worker-ASYNCSTDOUT
2026-04-23 16:09:48,885 [INFO] in AsyncAppender-Worker-ASYNCSTDOUT - [[34mINFO [0;39m] c.j.i.s.ViewInfo$ - Application closed:AsyncAppender-Worker-ASYNCSTDOUT
2026-04-23 16:09:48,885 [INFO] in AsyncAppender-Worker-ASYNCSTDOUT - [[34mINFO [0;39m] c.j.i.s.ViewInfo$ - startTime      : Thu Apr 23 16:09:48 IST 2026      AsyncAppender-Worker-ASYNCSTDOUT
2026-04-23 16:09:48,885 [INFO] in AsyncAppender-Worker-ASYNCSTDOUT - [[34mINFO [0;39m] c.j.i.s.ViewInfo$ - averageLatency : 00:00:00.001 AsyncAppender-Worker-ASYNCSTDOUT
2026-04-23 16:09:48,885 [INFO] in AsyncAppender-Worker-ASYNCSTDOUT - [[34mINFO [0;39m] c.j.i.s.ViewInfo$ - averageJitter  : 00:00:00.000  AsyncAppender-Worker-ASYNCSTDOUT
2026-04-23 16:09:48,885 [INFO] in AsyncAppender-Worker-ASYNCSTDOUT - [[34mINFO [0;39m] c.j.i.s.ViewInfo$ - framerateServer: 00:00:00.000AsyncAppender-Worker-ASYNCSTDOUT
2026-04-23 16:09:48,885 [INFO] in AsyncAppender-Worker-ASYNCSTDOUT - [[34mINFO [0;39m] c.j.i.s.ViewInfo$ - framerateClient: 00:00:00.000AsyncAppender-Worker-ASYNCSTDOUT
2026-04-23 16:09:48,885 [INFO] in AsyncAppender-Worker-ASYNCSTDOUT - [[34mINFO [0;39m] c.j.i.s.ViewInfo$ - raw            : 1312129AsyncAppender-Worker-ASYNCSTDOUT
2026-04-23 16:09:48,885 [INFO] in AsyncAppender-Worker-ASYNCSTDOUT - [[34mINFO [0;39m] c.j.i.s.ViewInfo$ - zipped         : 223328AsyncAppender-Worker-ASYNCSTDOUT
2026-04-23 16:09:48,885 [INFO] in AsyncAppender-Worker-ASYNCSTDOUT - [[34mINFO [0;39m] c.j.i.s.ViewInfo$ - AsyncAppender-Worker-ASYNCSTDOUT
2026-04-23 16:09:49,876 [INFO] in AsyncAppender-Worker-ASYNCSTDOUT - [[34mINFO [0;39m] c.j.i.c.InstanceImpl - [JPro] -> Instance closed: {app_name: default, host_name: localhost:8080, instance_id: 789285042, browser: Google Chrome 147.0.0.0, browser_url: http://localhost:8080/, client_ip: 0:0:0:0:0:0:0:1, reason: close-tab-closed}AsyncAppender-Worker-ASYNCSTDOUT
2026-04-23 16:10:00,360 [INFO] in AsyncAppender-Worker-ASYNCSTDOUT - [[34mINFO [0;39m] c.jpro - application requested: defaultAsyncAppender-Worker-ASYNCSTDOUT
2026-04-23 16:10:00,360 [INFO] in AsyncAppender-Worker-ASYNCSTDOUT - [[34mINFO [0;39m] c.jpro - Creating Application: defaultAsyncAppender-Worker-ASYNCSTDOUT
2026-04-23 16:10:00,360 [INFO] in AsyncAppender-Worker-ASYNCSTDOUT - [[34mINFO [0;39m] c.jpro - remoteAddress 0:0:0:0:0:0:0:1AsyncAppender-Worker-ASYNCSTDOUT
2026-04-23 16:10:00,360 [INFO] in AsyncAppender-Worker-ASYNCSTDOUT - [[34mINFO [0;39m] c.jpro - host          localhost:8080AsyncAppender-Worker-ASYNCSTDOUT
2026-04-23 16:10:00,360 [INFO] in AsyncAppender-Worker-ASYNCSTDOUT - [[34mINFO [0;39m] c.jpro - uri           /app/ws/defaultAsyncAppender-Worker-ASYNCSTDOUT
2026-04-23 16:10:00,375 [INFO] in AsyncAppender-Worker-ASYNCSTDOUT - [[34mINFO [0;39m] c.j.i.s.ViewInfo$ - [JPro] -> View created: {app_name: default, host_name: localhost:8080, instance_id: 659426820, browser: Google Chrome 147.0.0.0, browser_url: http://localhost:8080/, client_ip: 0:0:0:0:0:0:0:1}AsyncAppender-Worker-ASYNCSTDOUT
2026-04-23 16:10:02,516 [INFO] in AsyncAppender-Worker-ASYNCSTDOUT - [[34mINFO [0;39m] c.j.i.c.InstanceImpl - [JPro] -> Instance created: {app_name: default, host_name: localhost:8080, instance_id: 659426820, browser: Google Chrome 147.0.0.0, browser_url: http://localhost:8080/, client_ip: 0:0:0:0:0:0:0:1}AsyncAppender-Worker-ASYNCSTDOUT
2026-04-23 16:10:12,177 [INFO] in JavaFX Application Thread - [VisualSearch] JPro WebAPI FileUploader wired successfully.JavaFX Application Thread
2026-04-23 16:10:19,576 [INFO] in AsyncAppender-Worker-ASYNCSTDOUT - [[34mINFO [0;39m] c.j.i.s.ViewInfo$ - [JPro] -> View closed: {app_name: default, host_name: localhost:8080, instance_id: 659426820, browser: Google Chrome 147.0.0.0, browser_url: http://localhost:8080/, client_ip: 0:0:0:0:0:0:0:1, reason: tab-closed}AsyncAppender-Worker-ASYNCSTDOUT
2026-04-23 16:10:19,584 [INFO] in AsyncAppender-Worker-ASYNCSTDOUT - [[34mINFO [0;39m] c.j.i.s.ViewInfo$ - AsyncAppender-Worker-ASYNCSTDOUT
2026-04-23 16:10:19,584 [INFO] in AsyncAppender-Worker-ASYNCSTDOUT - [[34mINFO [0;39m] c.j.i.s.ViewInfo$ - Application closed:AsyncAppender-Worker-ASYNCSTDOUT
2026-04-23 16:10:19,584 [INFO] in AsyncAppender-Worker-ASYNCSTDOUT - [[34mINFO [0;39m] c.j.i.s.ViewInfo$ - startTime      : Thu Apr 23 16:10:19 IST 2026      AsyncAppender-Worker-ASYNCSTDOUT
2026-04-23 16:10:19,584 [INFO] in AsyncAppender-Worker-ASYNCSTDOUT - [[34mINFO [0;39m] c.j.i.s.ViewInfo$ - averageLatency : 00:00:00.001 AsyncAppender-Worker-ASYNCSTDOUT
2026-04-23 16:10:19,584 [INFO] in AsyncAppender-Worker-ASYNCSTDOUT - [[34mINFO [0;39m] c.j.i.s.ViewInfo$ - averageJitter  : 00:00:00.000  AsyncAppender-Worker-ASYNCSTDOUT
2026-04-23 16:10:19,584 [INFO] in AsyncAppender-Worker-ASYNCSTDOUT - [[34mINFO [0;39m] c.j.i.s.ViewInfo$ - framerateServer: 00:00:00.000AsyncAppender-Worker-ASYNCSTDOUT
2026-04-23 16:10:19,584 [INFO] in AsyncAppender-Worker-ASYNCSTDOUT - [[34mINFO [0;39m] c.j.i.s.ViewInfo$ - framerateClient: 00:00:00.000AsyncAppender-Worker-ASYNCSTDOUT
2026-04-23 16:10:19,584 [INFO] in AsyncAppender-Worker-ASYNCSTDOUT - [[34mINFO [0;39m] c.j.i.s.ViewInfo$ - raw            : 955715AsyncAppender-Worker-ASYNCSTDOUT
2026-04-23 16:10:19,584 [INFO] in AsyncAppender-Worker-ASYNCSTDOUT - [[34mINFO [0;39m] c.j.i.s.ViewInfo$ - zipped         : 159545AsyncAppender-Worker-ASYNCSTDOUT
2026-04-23 16:10:19,590 [INFO] in AsyncAppender-Worker-ASYNCSTDOUT - [[34mINFO [0;39m] c.j.i.s.ViewInfo$ - AsyncAppender-Worker-ASYNCSTDOUT
2026-04-23 16:10:20,580 [INFO] in AsyncAppender-Worker-ASYNCSTDOUT - [[34mINFO [0;39m] c.j.i.c.InstanceImpl - [JPro] -> Instance closed: {app_name: default, host_name: localhost:8080, instance_id: 659426820, browser: Google Chrome 147.0.0.0, browser_url: http://localhost:8080/, client_ip: 0:0:0:0:0:0:0:1, reason: close-tab-closed}AsyncAppender-Worker-ASYNCSTDOUT
2026-04-23 16:11:33,447 [INFO] in AsyncAppender-Worker-ASYNCSTDOUT - [[34mINFO [0;39m] c.jpro - application requested: defaultAsyncAppender-Worker-ASYNCSTDOUT
2026-04-23 16:11:33,447 [INFO] in AsyncAppender-Worker-ASYNCSTDOUT - [[34mINFO [0;39m] c.jpro - Creating Application: defaultAsyncAppender-Worker-ASYNCSTDOUT
2026-04-23 16:11:33,447 [INFO] in AsyncAppender-Worker-ASYNCSTDOUT - [[34mINFO [0;39m] c.jpro - remoteAddress 0:0:0:0:0:0:0:1AsyncAppender-Worker-ASYNCSTDOUT
2026-04-23 16:11:33,447 [INFO] in AsyncAppender-Worker-ASYNCSTDOUT - [[34mINFO [0;39m] c.jpro - host          localhost:8080AsyncAppender-Worker-ASYNCSTDOUT
2026-04-23 16:11:33,447 [INFO] in AsyncAppender-Worker-ASYNCSTDOUT - [[34mINFO [0;39m] c.jpro - uri           /app/ws/defaultAsyncAppender-Worker-ASYNCSTDOUT
2026-04-23 16:11:33,459 [INFO] in AsyncAppender-Worker-ASYNCSTDOUT - [[34mINFO [0;39m] c.j.i.s.ViewInfo$ - [JPro] -> View created: {app_name: default, host_name: localhost:8080, instance_id: 1845156656, browser: Google Chrome 147.0.0.0, browser_url: http://localhost:8080/, client_ip: 0:0:0:0:0:0:0:1}AsyncAppender-Worker-ASYNCSTDOUT
2026-04-23 16:11:35,637 [INFO] in AsyncAppender-Worker-ASYNCSTDOUT - [[34mINFO [0;39m] c.j.i.c.InstanceImpl - [JPro] -> Instance created: {app_name: default, host_name: localhost:8080, instance_id: 1845156656, browser: Google Chrome 147.0.0.0, browser_url: http://localhost:8080/, client_ip: 0:0:0:0:0:0:0:1}AsyncAppender-Worker-ASYNCSTDOUT
2026-04-23 16:11:48,525 [INFO] in JavaFX Application Thread - [VisualSearch] JPro WebAPI FileUploader wired successfully.JavaFX Application Thread
2026-04-23 16:11:52,006 [INFO] in AsyncAppender-Worker-ASYNCSTDOUT - [[34mINFO [0;39m] c.j.i.s.ViewInfo$ - [JPro] -> View closed: {app_name: default, host_name: localhost:8080, instance_id: 1845156656, browser: Google Chrome 147.0.0.0, browser_url: http://localhost:8080/, client_ip: 0:0:0:0:0:0:0:1, reason: tab-closed}AsyncAppender-Worker-ASYNCSTDOUT
2026-04-23 16:11:52,012 [INFO] in AsyncAppender-Worker-ASYNCSTDOUT - [[34mINFO [0;39m] c.j.i.s.ViewInfo$ - AsyncAppender-Worker-ASYNCSTDOUT
2026-04-23 16:11:52,012 [INFO] in AsyncAppender-Worker-ASYNCSTDOUT - [[34mINFO [0;39m] c.j.i.s.ViewInfo$ - Application closed:AsyncAppender-Worker-ASYNCSTDOUT
2026-04-23 16:11:52,012 [INFO] in AsyncAppender-Worker-ASYNCSTDOUT - [[34mINFO [0;39m] c.j.i.s.ViewInfo$ - startTime      : Thu Apr 23 16:11:51 IST 2026      AsyncAppender-Worker-ASYNCSTDOUT
2026-04-23 16:11:52,012 [INFO] in AsyncAppender-Worker-ASYNCSTDOUT - [[34mINFO [0;39m] c.j.i.s.ViewInfo$ - averageLatency : 00:00:00.001 AsyncAppender-Worker-ASYNCSTDOUT
2026-04-23 16:11:52,012 [INFO] in AsyncAppender-Worker-ASYNCSTDOUT - [[34mINFO [0;39m] c.j.i.s.ViewInfo$ - averageJitter  : 00:00:00.000  AsyncAppender-Worker-ASYNCSTDOUT
2026-04-23 16:11:52,012 [INFO] in AsyncAppender-Worker-ASYNCSTDOUT - [[34mINFO [0;39m] c.j.i.s.ViewInfo$ - framerateServer: 00:00:00.000AsyncAppender-Worker-ASYNCSTDOUT
2026-04-23 16:11:52,012 [INFO] in AsyncAppender-Worker-ASYNCSTDOUT - [[34mINFO [0;39m] c.j.i.s.ViewInfo$ - framerateClient: 00:00:00.000AsyncAppender-Worker-ASYNCSTDOUT
2026-04-23 16:11:52,012 [INFO] in AsyncAppender-Worker-ASYNCSTDOUT - [[34mINFO [0;39m] c.j.i.s.ViewInfo$ - raw            : 898466AsyncAppender-Worker-ASYNCSTDOUT
2026-04-23 16:11:52,012 [INFO] in AsyncAppender-Worker-ASYNCSTDOUT - [[34mINFO [0;39m] c.j.i.s.ViewInfo$ - zipped         : 148431AsyncAppender-Worker-ASYNCSTDOUT
2026-04-23 16:11:52,012 [INFO] in AsyncAppender-Worker-ASYNCSTDOUT - [[34mINFO [0;39m] c.j.i.s.ViewInfo$ - AsyncAppender-Worker-ASYNCSTDOUT
2026-04-23 16:11:53,008 [INFO] in AsyncAppender-Worker-ASYNCSTDOUT - [[34mINFO [0;39m] c.j.i.c.InstanceImpl - [JPro] -> Instance closed: {app_name: default, host_name: localhost:8080, instance_id: 1845156656, browser: Google Chrome 147.0.0.0, browser_url: http://localhost:8080/, client_ip: 0:0:0:0:0:0:0:1, reason: close-tab-closed}AsyncAppender-Worker-ASYNCSTDOUT
2026-04-23 16:12:45,219 [INFO] in AsyncAppender-Worker-ASYNCSTDOUT - [[34mINFO [0;39m] c.jpro - application requested: defaultAsyncAppender-Worker-ASYNCSTDOUT
2026-04-23 16:12:45,219 [INFO] in AsyncAppender-Worker-ASYNCSTDOUT - [[34mINFO [0;39m] c.jpro - Creating Application: defaultAsyncAppender-Worker-ASYNCSTDOUT
2026-04-23 16:12:45,219 [INFO] in AsyncAppender-Worker-ASYNCSTDOUT - [[34mINFO [0;39m] c.jpro - remoteAddress 0:0:0:0:0:0:0:1AsyncAppender-Worker-ASYNCSTDOUT
2026-04-23 16:12:45,219 [INFO] in AsyncAppender-Worker-ASYNCSTDOUT - [[34mINFO [0;39m] c.jpro - host          localhost:8080AsyncAppender-Worker-ASYNCSTDOUT
2026-04-23 16:12:45,219 [INFO] in AsyncAppender-Worker-ASYNCSTDOUT - [[34mINFO [0;39m] c.jpro - uri           /app/ws/defaultAsyncAppender-Worker-ASYNCSTDOUT
2026-04-23 16:12:45,240 [INFO] in AsyncAppender-Worker-ASYNCSTDOUT - [[34mINFO [0;39m] c.j.i.s.ViewInfo$ - [JPro] -> View created: {app_name: default, host_name: localhost:8080, instance_id: 1606160794, browser: Google Chrome 147.0.0.0, browser_url: http://localhost:8080/, client_ip: 0:0:0:0:0:0:0:1}AsyncAppender-Worker-ASYNCSTDOUT
2026-04-23 16:12:47,441 [INFO] in AsyncAppender-Worker-ASYNCSTDOUT - [[34mINFO [0;39m] c.j.i.c.InstanceImpl - [JPro] -> Instance created: {app_name: default, host_name: localhost:8080, instance_id: 1606160794, browser: Google Chrome 147.0.0.0, browser_url: http://localhost:8080/, client_ip: 0:0:0:0:0:0:0:1}AsyncAppender-Worker-ASYNCSTDOUT
2026-04-23 16:27:13,325 [INFO] in AsyncAppender-Worker-ASYNCSTDOUT - [[34mINFO [0;39m] c.jpro.activity - Starting the serverAsyncAppender-Worker-ASYNCSTDOUT
2026-04-23 16:27:13,325 [INFO] in AsyncAppender-Worker-ASYNCSTDOUT - [[34mINFO [0;39m] c.j.i.s.JProInitializer$ -  *** Starting JPro: https://www.jpro.one/ ***AsyncAppender-Worker-ASYNCSTDOUT
2026-04-23 16:27:13,325 [INFO] in AsyncAppender-Worker-ASYNCSTDOUT - [[34mINFO [0;39m] c.j.i.s.JProInitializer$ - OS: Windows 11AsyncAppender-Worker-ASYNCSTDOUT
2026-04-23 16:27:13,340 [INFO] in AsyncAppender-Worker-ASYNCSTDOUT - [[34mINFO [0;39m] c.j.i.s.JProInitializer$ - JPro: 2024.2.1AsyncAppender-Worker-ASYNCSTDOUT
2026-04-23 16:27:13,340 [INFO] in AsyncAppender-Worker-ASYNCSTDOUT - [[34mINFO [0;39m] c.j.i.s.JProInitializer$ - Java version: 21.0.9AsyncAppender-Worker-ASYNCSTDOUT
2026-04-23 16:27:13,340 [INFO] in AsyncAppender-Worker-ASYNCSTDOUT - [[34mINFO [0;39m] c.j.i.s.JProInitializer$ - JVM: 21.0.9 Oracle CorporationAsyncAppender-Worker-ASYNCSTDOUT
2026-04-23 16:27:13,343 [INFO] in AsyncAppender-Worker-ASYNCSTDOUT - [[34mINFO [0;39m] c.j.i.s.JProInitializer$ - JavaFX jar: file:/C:/Users/kaush/.m2/repository/org/openjfx/javafx-graphics/22.0.2-jpro/javafx-graphics-22.0.2-jpro-win.jarAsyncAppender-Worker-ASYNCSTDOUT
2026-04-23 16:27:13,346 [INFO] in AsyncAppender-Worker-ASYNCSTDOUT - [[34mINFO [0;39m] c.j.i.s.JProInitializer$ - Configuring logging from url: 'jar:file:/C:/Users/kaush/.m2/repository/com/sandec/jpro/jpro-server_2.12/2024.2.1/jpro-server_2.12-2024.2.1.jar!/logback-jpro-default.xml'AsyncAppender-Worker-ASYNCSTDOUT
2026-04-23 16:27:14,432 [INFO] in AsyncAppender-Worker-ASYNCSTDOUT - [[34mINFO [0;39m] c.j.i.s.JProInitializer$ - JavaFX version: 22.0.2-jpro+0AsyncAppender-Worker-ASYNCSTDOUT
2026-04-23 16:27:14,470 [INFO] in JavaFX Application Thread - G1 Young GenerationJavaFX Application Thread
2026-04-23 16:27:14,471 [INFO] in JavaFX Application Thread - G1 Concurrent GCJavaFX Application Thread
2026-04-23 16:27:14,471 [INFO] in JavaFX Application Thread - G1 Old GenerationJavaFX Application Thread
2026-04-23 16:27:14,486 [INFO] in AsyncAppender-Worker-ASYNCSTDOUT - [[34mINFO [0;39m] a.e.s.Slf4jLogger - Slf4jLogger startedAsyncAppender-Worker-ASYNCSTDOUT
2026-04-23 16:27:14,495 [INFO] in AsyncAppender-Worker-ASYNCSTDOUT - [[34mINFO [0;39m] c.j.i.s.JProInitializer$ - finished init!AsyncAppender-Worker-ASYNCSTDOUT
2026-04-23 16:27:14,497 [INFO] in AsyncAppender-Worker-ASYNCSTDOUT - [[34mINFO [0;39m] c.j.i.s.JProInitializer$ - [JPro] -> Server started: {start_time: 1776941833308, os_name: Windows 11, jpro_version: 2024.2.1}AsyncAppender-Worker-ASYNCSTDOUT
2026-04-23 16:27:15,093 [INFO] in AsyncAppender-Worker-ASYNCSTDOUT - [[34mINFO [0;39m] play.api.Play - Application started (Prod) (no global state)AsyncAppender-Worker-ASYNCSTDOUT
2026-04-23 16:27:15,635 [INFO] in AsyncAppender-Worker-ASYNCSTDOUT - [[34mINFO [0;39m] p.c.s.AkkaHttpServer - Enabling HTTP/2 on Akka HTTP server...AsyncAppender-Worker-ASYNCSTDOUT
2026-04-23 16:27:15,636 [INFO] in AsyncAppender-Worker-ASYNCSTDOUT - [[34mINFO [0;39m] p.c.s.AkkaHttpServer - Listening for HTTP on /[0:0:0:0:0:0:0:0]:8080AsyncAppender-Worker-ASYNCSTDOUT
2026-04-23 16:27:17,226 [INFO] in AsyncAppender-Worker-ASYNCSTDOUT - [[34mINFO [0;39m] c.jpro - application requested: defaultAsyncAppender-Worker-ASYNCSTDOUT
2026-04-23 16:27:17,235 [INFO] in AsyncAppender-Worker-ASYNCSTDOUT - [[34mINFO [0;39m] c.jpro - Creating Application: defaultAsyncAppender-Worker-ASYNCSTDOUT
2026-04-23 16:27:17,237 [INFO] in AsyncAppender-Worker-ASYNCSTDOUT - [[34mINFO [0;39m] c.jpro - remoteAddress 0:0:0:0:0:0:0:1AsyncAppender-Worker-ASYNCSTDOUT
2026-04-23 16:27:17,237 [INFO] in AsyncAppender-Worker-ASYNCSTDOUT - [[34mINFO [0;39m] c.jpro - host          localhost:8080AsyncAppender-Worker-ASYNCSTDOUT
2026-04-23 16:27:17,237 [INFO] in AsyncAppender-Worker-ASYNCSTDOUT - [[34mINFO [0;39m] c.jpro - uri           /app/ws/defaultAsyncAppender-Worker-ASYNCSTDOUT
2026-04-23 16:27:17,813 [INFO] in AsyncAppender-Worker-ASYNCSTDOUT - [[34mINFO [0;39m] c.j.i.s.ViewInfo$ - [JPro] -> View created: {app_name: default, host_name: localhost:8080, instance_id: 2061367793, browser: Google Chrome 147.0.0.0, browser_url: http://localhost:8080/, client_ip: 0:0:0:0:0:0:0:1}AsyncAppender-Worker-ASYNCSTDOUT
2026-04-23 16:27:21,805 [INFO] in AsyncAppender-Worker-ASYNCSTDOUT - [[34mINFO [0;39m] c.j.i.c.InstanceImpl - [JPro] -> Instance created: {app_name: default, host_name: localhost:8080, instance_id: 2061367793, browser: Google Chrome 147.0.0.0, browser_url: http://localhost:8080/, client_ip: 0:0:0:0:0:0:0:1}AsyncAppender-Worker-ASYNCSTDOUT
2026-04-23 16:27:41,701 [INFO] in AsyncAppender-Worker-ASYNCSTDOUT - [[34mINFO [0;39m] c.j.i.s.ViewInfo$ - [JPro] -> View closed: {app_name: default, host_name: localhost:8080, instance_id: 2061367793, browser: Google Chrome 147.0.0.0, browser_url: http://localhost:8080/, client_ip: 0:0:0:0:0:0:0:1, reason: tab-closed}AsyncAppender-Worker-ASYNCSTDOUT
2026-04-23 16:27:41,703 [INFO] in AsyncAppender-Worker-ASYNCSTDOUT - [[34mINFO [0;39m] c.j.i.s.ViewInfo$ - AsyncAppender-Worker-ASYNCSTDOUT
2026-04-23 16:27:41,703 [INFO] in AsyncAppender-Worker-ASYNCSTDOUT - [[34mINFO [0;39m] c.j.i.s.ViewInfo$ - Application closed:AsyncAppender-Worker-ASYNCSTDOUT
2026-04-23 16:27:41,715 [INFO] in AsyncAppender-Worker-ASYNCSTDOUT - [[34mINFO [0;39m] c.j.i.s.ViewInfo$ - startTime      : Thu Apr 23 16:27:41 IST 2026      AsyncAppender-Worker-ASYNCSTDOUT
2026-04-23 16:27:41,716 [INFO] in AsyncAppender-Worker-ASYNCSTDOUT - [[34mINFO [0;39m] c.j.i.s.ViewInfo$ - averageLatency : 00:00:00.001 AsyncAppender-Worker-ASYNCSTDOUT
2026-04-23 16:27:41,716 [INFO] in AsyncAppender-Worker-ASYNCSTDOUT - [[34mINFO [0;39m] c.j.i.s.ViewInfo$ - averageJitter  : 00:00:00.000  AsyncAppender-Worker-ASYNCSTDOUT
2026-04-23 16:27:41,718 [INFO] in AsyncAppender-Worker-ASYNCSTDOUT - [[34mINFO [0;39m] c.j.i.s.ViewInfo$ - framerateServer: 00:00:00.000AsyncAppender-Worker-ASYNCSTDOUT
2026-04-23 16:27:41,718 [INFO] in AsyncAppender-Worker-ASYNCSTDOUT - [[34mINFO [0;39m] c.j.i.s.ViewInfo$ - framerateClient: 00:00:00.000AsyncAppender-Worker-ASYNCSTDOUT
2026-04-23 16:27:41,719 [INFO] in AsyncAppender-Worker-ASYNCSTDOUT - [[34mINFO [0;39m] c.j.i.s.ViewInfo$ - raw            : 94693AsyncAppender-Worker-ASYNCSTDOUT
2026-04-23 16:27:41,720 [INFO] in AsyncAppender-Worker-ASYNCSTDOUT - [[34mINFO [0;39m] c.j.i.s.ViewInfo$ - zipped         : 23886AsyncAppender-Worker-ASYNCSTDOUT
2026-04-23 16:27:41,720 [INFO] in AsyncAppender-Worker-ASYNCSTDOUT - [[34mINFO [0;39m] c.j.i.s.ViewInfo$ - AsyncAppender-Worker-ASYNCSTDOUT
2026-04-23 16:27:42,708 [INFO] in AsyncAppender-Worker-ASYNCSTDOUT - [[34mINFO [0;39m] c.j.i.c.InstanceImpl - [JPro] -> Instance closed: {app_name: default, host_name: localhost:8080, instance_id: 2061367793, browser: Google Chrome 147.0.0.0, browser_url: http://localhost:8080/, client_ip: 0:0:0:0:0:0:0:1, reason: close-tab-closed}AsyncAppender-Worker-ASYNCSTDOUT
2026-04-23 16:27:53,634 [INFO] in AsyncAppender-Worker-ASYNCSTDOUT - [[34mINFO [0;39m] c.jpro - application requested: defaultAsyncAppender-Worker-ASYNCSTDOUT
2026-04-23 16:27:53,635 [INFO] in AsyncAppender-Worker-ASYNCSTDOUT - [[34mINFO [0;39m] c.jpro - Creating Application: defaultAsyncAppender-Worker-ASYNCSTDOUT
2026-04-23 16:27:53,635 [INFO] in AsyncAppender-Worker-ASYNCSTDOUT - [[34mINFO [0;39m] c.jpro - remoteAddress 0:0:0:0:0:0:0:1AsyncAppender-Worker-ASYNCSTDOUT
2026-04-23 16:27:53,635 [INFO] in AsyncAppender-Worker-ASYNCSTDOUT - [[34mINFO [0;39m] c.jpro - host          localhost:8080AsyncAppender-Worker-ASYNCSTDOUT
2026-04-23 16:27:53,635 [INFO] in AsyncAppender-Worker-ASYNCSTDOUT - [[34mINFO [0;39m] c.jpro - uri           /app/ws/defaultAsyncAppender-Worker-ASYNCSTDOUT
2026-04-23 16:27:53,657 [INFO] in AsyncAppender-Worker-ASYNCSTDOUT - [[34mINFO [0;39m] c.j.i.s.ViewInfo$ - [JPro] -> View created: {app_name: default, host_name: localhost:8080, instance_id: 800512972, browser: Google Chrome 147.0.0.0, browser_url: http://localhost:8080/, client_ip: 0:0:0:0:0:0:0:1}AsyncAppender-Worker-ASYNCSTDOUT
2026-04-23 16:27:56,135 [INFO] in AsyncAppender-Worker-ASYNCSTDOUT - [[34mINFO [0;39m] c.j.i.c.InstanceImpl - [JPro] -> Instance created: {app_name: default, host_name: localhost:8080, instance_id: 800512972, browser: Google Chrome 147.0.0.0, browser_url: http://localhost:8080/, client_ip: 0:0:0:0:0:0:0:1}AsyncAppender-Worker-ASYNCSTDOUT
2026-04-23 16:29:12,845 [INFO] in AsyncAppender-Worker-ASYNCSTDOUT - [[34mINFO [0;39m] c.j.i.s.ViewInfo$ - [JPro] -> View closed: {app_name: default, host_name: localhost:8080, instance_id: 800512972, browser: Google Chrome 147.0.0.0, browser_url: http://localhost:8080/, client_ip: 0:0:0:0:0:0:0:1, reason: tab-closed}AsyncAppender-Worker-ASYNCSTDOUT
2026-04-23 16:29:12,846 [INFO] in AsyncAppender-Worker-ASYNCSTDOUT - [[34mINFO [0;39m] c.j.i.s.ViewInfo$ - AsyncAppender-Worker-ASYNCSTDOUT
2026-04-23 16:29:12,846 [INFO] in AsyncAppender-Worker-ASYNCSTDOUT - [[34mINFO [0;39m] c.j.i.s.ViewInfo$ - Application closed:AsyncAppender-Worker-ASYNCSTDOUT
2026-04-23 16:29:12,846 [INFO] in AsyncAppender-Worker-ASYNCSTDOUT - [[34mINFO [0;39m] c.j.i.s.ViewInfo$ - startTime      : Thu Apr 23 16:29:12 IST 2026      AsyncAppender-Worker-ASYNCSTDOUT
2026-04-23 16:29:12,846 [INFO] in AsyncAppender-Worker-ASYNCSTDOUT - [[34mINFO [0;39m] c.j.i.s.ViewInfo$ - averageLatency : 00:00:00.002 AsyncAppender-Worker-ASYNCSTDOUT
2026-04-23 16:29:12,846 [INFO] in AsyncAppender-Worker-ASYNCSTDOUT - [[34mINFO [0;39m] c.j.i.s.ViewInfo$ - averageJitter  : 00:00:00.001  AsyncAppender-Worker-ASYNCSTDOUT
2026-04-23 16:29:12,846 [INFO] in AsyncAppender-Worker-ASYNCSTDOUT - [[34mINFO [0;39m] c.j.i.s.ViewInfo$ - framerateServer: 00:00:00.000AsyncAppender-Worker-ASYNCSTDOUT
2026-04-23 16:29:12,846 [INFO] in AsyncAppender-Worker-ASYNCSTDOUT - [[34mINFO [0;39m] c.j.i.s.ViewInfo$ - framerateClient: 00:00:00.000AsyncAppender-Worker-ASYNCSTDOUT
2026-04-23 16:29:12,846 [INFO] in AsyncAppender-Worker-ASYNCSTDOUT - [[34mINFO [0;39m] c.j.i.s.ViewInfo$ - raw            : 345248AsyncAppender-Worker-ASYNCSTDOUT
2026-04-23 16:29:12,847 [INFO] in AsyncAppender-Worker-ASYNCSTDOUT - [[34mINFO [0;39m] c.j.i.s.ViewInfo$ - zipped         : 93188AsyncAppender-Worker-ASYNCSTDOUT
2026-04-23 16:29:12,847 [INFO] in AsyncAppender-Worker-ASYNCSTDOUT - [[34mINFO [0;39m] c.j.i.s.ViewInfo$ - AsyncAppender-Worker-ASYNCSTDOUT
2026-04-23 16:29:12,970 [INFO] in AsyncAppender-Worker-ASYNCSTDOUT - [[34mINFO [0;39m] c.jpro - application requested: defaultAsyncAppender-Worker-ASYNCSTDOUT
2026-04-23 16:29:12,971 [INFO] in AsyncAppender-Worker-ASYNCSTDOUT - [[34mINFO [0;39m] c.jpro - Creating Application: defaultAsyncAppender-Worker-ASYNCSTDOUT
2026-04-23 16:29:12,971 [INFO] in AsyncAppender-Worker-ASYNCSTDOUT - [[34mINFO [0;39m] c.jpro - remoteAddress 0:0:0:0:0:0:0:1AsyncAppender-Worker-ASYNCSTDOUT
2026-04-23 16:29:12,971 [INFO] in AsyncAppender-Worker-ASYNCSTDOUT - [[34mINFO [0;39m] c.jpro - host          localhost:8080AsyncAppender-Worker-ASYNCSTDOUT
2026-04-23 16:29:12,971 [INFO] in AsyncAppender-Worker-ASYNCSTDOUT - [[34mINFO [0;39m] c.jpro - uri           /app/ws/defaultAsyncAppender-Worker-ASYNCSTDOUT
2026-04-23 16:29:12,985 [INFO] in AsyncAppender-Worker-ASYNCSTDOUT - [[34mINFO [0;39m] c.j.i.s.ViewInfo$ - [JPro] -> View created: {app_name: default, host_name: localhost:8080, instance_id: 888059173, browser: Google Chrome 147.0.0.0, browser_url: http://localhost:8080/, client_ip: 0:0:0:0:0:0:0:1}AsyncAppender-Worker-ASYNCSTDOUT
2026-04-23 16:29:15,271 [INFO] in AsyncAppender-Worker-ASYNCSTDOUT - [[34mINFO [0;39m] c.j.i.c.InstanceImpl - [JPro] -> Instance created: {app_name: default, host_name: localhost:8080, instance_id: 888059173, browser: Google Chrome 147.0.0.0, browser_url: http://localhost:8080/, client_ip: 0:0:0:0:0:0:0:1}AsyncAppender-Worker-ASYNCSTDOUT
2026-04-23 16:29:15,301 [INFO] in AsyncAppender-Worker-ASYNCSTDOUT - [[34mINFO [0;39m] c.j.i.c.InstanceImpl - [JPro] -> Instance closed: {app_name: default, host_name: localhost:8080, instance_id: 800512972, browser: Google Chrome 147.0.0.0, browser_url: http://localhost:8080/, client_ip: 0:0:0:0:0:0:0:1, reason: close-tab-closed}AsyncAppender-Worker-ASYNCSTDOUT
2026-04-23 16:29:24,163 [INFO] in JavaFX Application Thread - [VisualSearch] JPro WebAPI FileUploader wired successfully.JavaFX Application Thread
2026-04-23 16:32:44,522 [INFO] in AsyncAppender-Worker-ASYNCSTDOUT - [[34mINFO [0;39m] c.jpro.activity - Starting the server - AsyncAppender-Worker-ASYNCSTDOUT
2026-04-23 16:32:44,524 [INFO] in AsyncAppender-Worker-ASYNCSTDOUT - [[34mINFO [0;39m] c.j.i.s.JProInitializer$ -  *** Starting JPro: https://www.jpro.one/ *** - AsyncAppender-Worker-ASYNCSTDOUT
2026-04-23 16:32:44,524 [INFO] in AsyncAppender-Worker-ASYNCSTDOUT - [[34mINFO [0;39m] c.j.i.s.JProInitializer$ - OS: Windows 11 - AsyncAppender-Worker-ASYNCSTDOUT
2026-04-23 16:32:44,536 [INFO] in AsyncAppender-Worker-ASYNCSTDOUT - [[34mINFO [0;39m] c.j.i.s.JProInitializer$ - JPro: 2024.4.1 - AsyncAppender-Worker-ASYNCSTDOUT
2026-04-23 16:32:44,536 [INFO] in AsyncAppender-Worker-ASYNCSTDOUT - [[34mINFO [0;39m] c.j.i.s.JProInitializer$ - Java version: 21.0.9 - AsyncAppender-Worker-ASYNCSTDOUT
2026-04-23 16:32:44,536 [INFO] in AsyncAppender-Worker-ASYNCSTDOUT - [[34mINFO [0;39m] c.j.i.s.JProInitializer$ - JVM: 21.0.9 Oracle Corporation - AsyncAppender-Worker-ASYNCSTDOUT
2026-04-23 16:32:44,536 [INFO] in AsyncAppender-Worker-ASYNCSTDOUT - [[34mINFO [0;39m] c.j.i.s.JProInitializer$ - JavaFX jar: file:/C:/Users/kaush/.m2/repository/org/openjfx/javafx-graphics/23.0.1-jpro/javafx-graphics-23.0.1-jpro-win.jar - AsyncAppender-Worker-ASYNCSTDOUT
2026-04-23 16:32:44,539 [INFO] in AsyncAppender-Worker-ASYNCSTDOUT - [[34mINFO [0;39m] c.j.i.s.JProInitializer$ - Configuring logging from url: 'jar:file:/C:/Users/kaush/.m2/repository/one/jpro/jpro-server_2.12/2024.4.1/jpro-server_2.12-2024.4.1.jar!/logback-jpro-default.xml' - AsyncAppender-Worker-ASYNCSTDOUT
2026-04-23 16:32:45,431 [INFO] in AsyncAppender-Worker-ASYNCSTDOUT - [[34mINFO [0;39m] c.j.i.s.JProInitializer$ - JavaFX version: 23.0.1-jpro+0 - AsyncAppender-Worker-ASYNCSTDOUT
2026-04-23 16:32:45,464 [INFO] in JavaFX Application Thread - G1 Young Generation - JavaFX Application Thread
2026-04-23 16:32:45,465 [INFO] in JavaFX Application Thread - G1 Concurrent GC - JavaFX Application Thread
2026-04-23 16:32:45,465 [INFO] in JavaFX Application Thread - G1 Old Generation - JavaFX Application Thread
2026-04-23 16:32:45,489 [INFO] in AsyncAppender-Worker-ASYNCSTDOUT - [[34mINFO [0;39m] c.j.i.s.JProInitializer$ - finished init! - AsyncAppender-Worker-ASYNCSTDOUT
2026-04-23 16:32:45,491 [INFO] in AsyncAppender-Worker-ASYNCSTDOUT - [[34mINFO [0;39m] c.j.i.s.JProInitializer$ - [JPro] -> Server started: {start_time: 1776942164513, os_name: Windows 11, jpro_version: 2024.4.1} - AsyncAppender-Worker-ASYNCSTDOUT
2026-04-23 16:32:45,575 [INFO] in AsyncAppender-Worker-ASYNCSTDOUT - [[34mINFO [0;39m] a.e.s.Slf4jLogger - Slf4jLogger started - AsyncAppender-Worker-ASYNCSTDOUT
2026-04-23 16:32:46,112 [INFO] in AsyncAppender-Worker-ASYNCSTDOUT - [[34mINFO [0;39m] play.api.Play - Application started (Prod) (no global state) - AsyncAppender-Worker-ASYNCSTDOUT
2026-04-23 16:32:46,509 [INFO] in AsyncAppender-Worker-ASYNCSTDOUT - [[34mINFO [0;39m] p.c.s.AkkaHttpServer - Enabling HTTP/2 on Akka HTTP server... - AsyncAppender-Worker-ASYNCSTDOUT
2026-04-23 16:32:46,510 [INFO] in AsyncAppender-Worker-ASYNCSTDOUT - [[34mINFO [0;39m] p.c.s.AkkaHttpServer - Listening for HTTP on /[0:0:0:0:0:0:0:0]:8080 - AsyncAppender-Worker-ASYNCSTDOUT
2026-04-23 16:32:47,794 [INFO] in AsyncAppender-Worker-ASYNCSTDOUT - [[34mINFO [0;39m] c.jpro - application requested: default params: Map() - AsyncAppender-Worker-ASYNCSTDOUT
2026-04-23 16:32:47,798 [INFO] in AsyncAppender-Worker-ASYNCSTDOUT - [[34mINFO [0;39m] c.jpro - Creating Application: default - AsyncAppender-Worker-ASYNCSTDOUT
2026-04-23 16:32:47,800 [INFO] in AsyncAppender-Worker-ASYNCSTDOUT - [[34mINFO [0;39m] c.jpro - remoteAddress 0:0:0:0:0:0:0:1 - AsyncAppender-Worker-ASYNCSTDOUT
2026-04-23 16:32:47,800 [INFO] in AsyncAppender-Worker-ASYNCSTDOUT - [[34mINFO [0;39m] c.jpro - host          localhost:8080 - AsyncAppender-Worker-ASYNCSTDOUT
2026-04-23 16:32:47,800 [INFO] in AsyncAppender-Worker-ASYNCSTDOUT - [[34mINFO [0;39m] c.jpro - uri           /app/ws/default - AsyncAppender-Worker-ASYNCSTDOUT
2026-04-23 16:32:47,980 [INFO] in AsyncAppender-Worker-ASYNCSTDOUT - [[34mINFO [0;39m] c.j.i.s.ViewInfo$ - [JPro] -> View created: {app_name: default, host_name: localhost:8080, instance_id: 140831238, browser: Google Chrome 147.0.0.0, browser_url: http://localhost:8080/, client_ip: 0:0:0:0:0:0:0:1} - AsyncAppender-Worker-ASYNCSTDOUT
2026-04-23 16:32:51,292 [INFO] in AsyncAppender-Worker-ASYNCSTDOUT - [[34mINFO [0;39m] c.j.i.c.InstanceImpl - [JPro] -> Instance created: {app_name: default, host_name: localhost:8080, instance_id: 140831238, browser: Google Chrome 147.0.0.0, browser_url: http://localhost:8080/, client_ip: 0:0:0:0:0:0:0:1} - AsyncAppender-Worker-ASYNCSTDOUT
2026-04-23 16:32:54,066 [INFO] in AsyncAppender-Worker-ASYNCSTDOUT - [[34mINFO [0;39m] c.jpro - application requested: 888059173!default params: Map() - AsyncAppender-Worker-ASYNCSTDOUT
2026-04-23 16:32:54,066 [INFO] in AsyncAppender-Worker-ASYNCSTDOUT - [[31mWARN [0;39m] c.j.i.s.ServerHelper$ - The requested application "888059173!default" does not exist! - AsyncAppender-Worker-ASYNCSTDOUT
2026-04-23 16:33:44,687 [INFO] in AsyncAppender-Worker-ASYNCSTDOUT - [[34mINFO [0;39m] c.jpro - application requested: default params: Map() - AsyncAppender-Worker-ASYNCSTDOUT
2026-04-23 16:33:44,687 [INFO] in AsyncAppender-Worker-ASYNCSTDOUT - [[34mINFO [0;39m] c.jpro - Creating Application: default - AsyncAppender-Worker-ASYNCSTDOUT
2026-04-23 16:33:44,687 [INFO] in AsyncAppender-Worker-ASYNCSTDOUT - [[34mINFO [0;39m] c.jpro - remoteAddress 0:0:0:0:0:0:0:1 - AsyncAppender-Worker-ASYNCSTDOUT
2026-04-23 16:33:44,687 [INFO] in AsyncAppender-Worker-ASYNCSTDOUT - [[34mINFO [0;39m] c.jpro - host          localhost:8080 - AsyncAppender-Worker-ASYNCSTDOUT
2026-04-23 16:33:44,687 [INFO] in AsyncAppender-Worker-ASYNCSTDOUT - [[34mINFO [0;39m] c.jpro - uri           /app/ws/default - AsyncAppender-Worker-ASYNCSTDOUT
2026-04-23 16:33:44,709 [INFO] in AsyncAppender-Worker-ASYNCSTDOUT - [[34mINFO [0;39m] c.j.i.s.ViewInfo$ - [JPro] -> View created: {app_name: default, host_name: localhost:8080, instance_id: 174114301, browser: Google Chrome 147.0.0.0, browser_url: http://localhost:8080/, client_ip: 0:0:0:0:0:0:0:1} - AsyncAppender-Worker-ASYNCSTDOUT
2026-04-23 16:33:47,053 [INFO] in AsyncAppender-Worker-ASYNCSTDOUT - [[34mINFO [0;39m] c.j.i.c.InstanceImpl - [JPro] -> Instance created: {app_name: default, host_name: localhost:8080, instance_id: 174114301, browser: Google Chrome 147.0.0.0, browser_url: http://localhost:8080/, client_ip: 0:0:0:0:0:0:0:1} - AsyncAppender-Worker-ASYNCSTDOUT
2026-04-23 16:36:40,871 [INFO] in AsyncAppender-Worker-ASYNCSTDOUT - [[34mINFO [0;39m] c.j.i.s.ViewInfo$ - [JPro] -> View closed: {app_name: default, host_name: localhost:8080, instance_id: 174114301, browser: Google Chrome 147.0.0.0, browser_url: http://localhost:8080/, client_ip: 0:0:0:0:0:0:0:1, reason: tab-closed} - AsyncAppender-Worker-ASYNCSTDOUT
2026-04-23 16:36:40,873 [INFO] in AsyncAppender-Worker-ASYNCSTDOUT - [[34mINFO [0;39m] c.j.i.s.ViewInfo$ -  - AsyncAppender-Worker-ASYNCSTDOUT
2026-04-23 16:36:40,873 [INFO] in AsyncAppender-Worker-ASYNCSTDOUT - [[34mINFO [0;39m] c.j.i.s.ViewInfo$ - Application closed: - AsyncAppender-Worker-ASYNCSTDOUT
2026-04-23 16:36:40,881 [INFO] in AsyncAppender-Worker-ASYNCSTDOUT - [[34mINFO [0;39m] c.j.i.s.ViewInfo$ - startTime      : Thu Apr 23 16:36:40 IST 2026       - AsyncAppender-Worker-ASYNCSTDOUT
2026-04-23 16:36:40,881 [INFO] in AsyncAppender-Worker-ASYNCSTDOUT - [[34mINFO [0;39m] c.j.i.s.ViewInfo$ - averageLatency : 00:00:00.002  - AsyncAppender-Worker-ASYNCSTDOUT
2026-04-23 16:36:40,881 [INFO] in AsyncAppender-Worker-ASYNCSTDOUT - [[34mINFO [0;39m] c.j.i.s.ViewInfo$ - averageJitter  : 00:00:00.001   - AsyncAppender-Worker-ASYNCSTDOUT
2026-04-23 16:36:40,882 [INFO] in AsyncAppender-Worker-ASYNCSTDOUT - [[34mINFO [0;39m] c.j.i.s.ViewInfo$ - framerateServer: 00:00:00.000 - AsyncAppender-Worker-ASYNCSTDOUT
2026-04-23 16:36:40,882 [INFO] in AsyncAppender-Worker-ASYNCSTDOUT - [[34mINFO [0;39m] c.j.i.s.ViewInfo$ - framerateClient: 00:00:00.000 - AsyncAppender-Worker-ASYNCSTDOUT
2026-04-23 16:36:40,882 [INFO] in AsyncAppender-Worker-ASYNCSTDOUT - [[34mINFO [0;39m] c.j.i.s.ViewInfo$ - raw            : 1078415 - AsyncAppender-Worker-ASYNCSTDOUT
2026-04-23 16:36:40,882 [INFO] in AsyncAppender-Worker-ASYNCSTDOUT - [[34mINFO [0;39m] c.j.i.s.ViewInfo$ - zipped         : 301478 - AsyncAppender-Worker-ASYNCSTDOUT
2026-04-23 16:36:40,882 [INFO] in AsyncAppender-Worker-ASYNCSTDOUT - [[34mINFO [0;39m] c.j.i.s.ViewInfo$ -  - AsyncAppender-Worker-ASYNCSTDOUT
2026-04-23 16:36:40,991 [INFO] in AsyncAppender-Worker-ASYNCSTDOUT - [[34mINFO [0;39m] c.jpro - application requested: default params: Map() - AsyncAppender-Worker-ASYNCSTDOUT
2026-04-23 16:36:40,991 [INFO] in AsyncAppender-Worker-ASYNCSTDOUT - [[34mINFO [0;39m] c.jpro - Creating Application: default - AsyncAppender-Worker-ASYNCSTDOUT
2026-04-23 16:36:40,991 [INFO] in AsyncAppender-Worker-ASYNCSTDOUT - [[34mINFO [0;39m] c.jpro - remoteAddress 0:0:0:0:0:0:0:1 - AsyncAppender-Worker-ASYNCSTDOUT
2026-04-23 16:36:40,991 [INFO] in AsyncAppender-Worker-ASYNCSTDOUT - [[34mINFO [0;39m] c.jpro - host          localhost:8080 - AsyncAppender-Worker-ASYNCSTDOUT
2026-04-23 16:36:40,991 [INFO] in AsyncAppender-Worker-ASYNCSTDOUT - [[34mINFO [0;39m] c.jpro - uri           /app/ws/default - AsyncAppender-Worker-ASYNCSTDOUT
2026-04-23 16:36:41,001 [INFO] in AsyncAppender-Worker-ASYNCSTDOUT - [[34mINFO [0;39m] c.j.i.s.ViewInfo$ - [JPro] -> View created: {app_name: default, host_name: localhost:8080, instance_id: 1342829924, browser: Google Chrome 147.0.0.0, browser_url: http://localhost:8080/, client_ip: 0:0:0:0:0:0:0:1} - AsyncAppender-Worker-ASYNCSTDOUT
2026-04-23 16:36:43,332 [INFO] in AsyncAppender-Worker-ASYNCSTDOUT - [[34mINFO [0;39m] c.j.i.c.InstanceImpl - [JPro] -> Instance created: {app_name: default, host_name: localhost:8080, instance_id: 1342829924, browser: Google Chrome 147.0.0.0, browser_url: http://localhost:8080/, client_ip: 0:0:0:0:0:0:0:1} - AsyncAppender-Worker-ASYNCSTDOUT
2026-04-23 16:36:43,368 [INFO] in AsyncAppender-Worker-ASYNCSTDOUT - [[34mINFO [0;39m] c.j.i.c.InstanceImpl - [JPro] -> Instance closed: {app_name: default, host_name: localhost:8080, instance_id: 174114301, browser: Google Chrome 147.0.0.0, browser_url: http://localhost:8080/, client_ip: 0:0:0:0:0:0:0:1, reason: close-tab-closed} - AsyncAppender-Worker-ASYNCSTDOUT
2026-04-23 16:37:42,196 [INFO] in AsyncAppender-Worker-ASYNCSTDOUT - [[34mINFO [0;39m] c.j.i.s.ViewInfo$ - [JPro] -> View closed: {app_name: default, host_name: localhost:8080, instance_id: 1342829924, browser: Google Chrome 147.0.0.0, browser_url: http://localhost:8080/, client_ip: 0:0:0:0:0:0:0:1, reason: tab-closed} - AsyncAppender-Worker-ASYNCSTDOUT
2026-04-23 16:37:42,197 [INFO] in AsyncAppender-Worker-ASYNCSTDOUT - [[34mINFO [0;39m] c.j.i.s.ViewInfo$ -  - AsyncAppender-Worker-ASYNCSTDOUT
2026-04-23 16:37:42,197 [INFO] in AsyncAppender-Worker-ASYNCSTDOUT - [[34mINFO [0;39m] c.j.i.s.ViewInfo$ - Application closed: - AsyncAppender-Worker-ASYNCSTDOUT
2026-04-23 16:37:42,197 [INFO] in AsyncAppender-Worker-ASYNCSTDOUT - [[34mINFO [0;39m] c.j.i.s.ViewInfo$ - startTime      : Thu Apr 23 16:37:42 IST 2026       - AsyncAppender-Worker-ASYNCSTDOUT
2026-04-23 16:37:42,197 [INFO] in AsyncAppender-Worker-ASYNCSTDOUT - [[34mINFO [0;39m] c.j.i.s.ViewInfo$ - averageLatency : 00:00:00.002  - AsyncAppender-Worker-ASYNCSTDOUT
2026-04-23 16:37:42,197 [INFO] in AsyncAppender-Worker-ASYNCSTDOUT - [[34mINFO [0;39m] c.j.i.s.ViewInfo$ - averageJitter  : 00:00:00.001   - AsyncAppender-Worker-ASYNCSTDOUT
2026-04-23 16:37:42,197 [INFO] in AsyncAppender-Worker-ASYNCSTDOUT - [[34mINFO [0;39m] c.j.i.s.ViewInfo$ - framerateServer: 00:00:00.000 - AsyncAppender-Worker-ASYNCSTDOUT
2026-04-23 16:37:42,197 [INFO] in AsyncAppender-Worker-ASYNCSTDOUT - [[34mINFO [0;39m] c.j.i.s.ViewInfo$ - framerateClient: 00:00:00.000 - AsyncAppender-Worker-ASYNCSTDOUT
2026-04-23 16:37:42,197 [INFO] in AsyncAppender-Worker-ASYNCSTDOUT - [[34mINFO [0;39m] c.j.i.s.ViewInfo$ - raw            : 225910 - AsyncAppender-Worker-ASYNCSTDOUT
2026-04-23 16:37:42,197 [INFO] in AsyncAppender-Worker-ASYNCSTDOUT - [[34mINFO [0;39m] c.j.i.s.ViewInfo$ - zipped         : 62814 - AsyncAppender-Worker-ASYNCSTDOUT
2026-04-23 16:37:42,197 [INFO] in AsyncAppender-Worker-ASYNCSTDOUT - [[34mINFO [0;39m] c.j.i.s.ViewInfo$ -  - AsyncAppender-Worker-ASYNCSTDOUT
2026-04-23 16:37:42,225 [INFO] in AsyncAppender-Worker-ASYNCSTDOUT - [[34mINFO [0;39m] c.jpro - application requested: default params: Map() - AsyncAppender-Worker-ASYNCSTDOUT
2026-04-23 16:37:42,225 [INFO] in AsyncAppender-Worker-ASYNCSTDOUT - [[34mINFO [0;39m] c.jpro - Creating Application: default - AsyncAppender-Worker-ASYNCSTDOUT
2026-04-23 16:37:42,225 [INFO] in AsyncAppender-Worker-ASYNCSTDOUT - [[34mINFO [0;39m] c.jpro - remoteAddress 0:0:0:0:0:0:0:1 - AsyncAppender-Worker-ASYNCSTDOUT
2026-04-23 16:37:42,225 [INFO] in AsyncAppender-Worker-ASYNCSTDOUT - [[34mINFO [0;39m] c.jpro - host          localhost:8080 - AsyncAppender-Worker-ASYNCSTDOUT
2026-04-23 16:37:42,225 [INFO] in AsyncAppender-Worker-ASYNCSTDOUT - [[34mINFO [0;39m] c.jpro - uri           /app/ws/default - AsyncAppender-Worker-ASYNCSTDOUT
2026-04-23 16:37:42,234 [INFO] in AsyncAppender-Worker-ASYNCSTDOUT - [[34mINFO [0;39m] c.j.i.s.ViewInfo$ - [JPro] -> View created: {app_name: default, host_name: localhost:8080, instance_id: 984540646, browser: Google Chrome 147.0.0.0, browser_url: http://localhost:8080/, client_ip: 0:0:0:0:0:0:0:1} - AsyncAppender-Worker-ASYNCSTDOUT
2026-04-23 16:37:44,357 [INFO] in AsyncAppender-Worker-ASYNCSTDOUT - [[34mINFO [0;39m] c.j.i.c.InstanceImpl - [JPro] -> Instance created: {app_name: default, host_name: localhost:8080, instance_id: 984540646, browser: Google Chrome 147.0.0.0, browser_url: http://localhost:8080/, client_ip: 0:0:0:0:0:0:0:1} - AsyncAppender-Worker-ASYNCSTDOUT
2026-04-23 16:37:44,379 [INFO] in AsyncAppender-Worker-ASYNCSTDOUT - [[34mINFO [0;39m] c.j.i.c.InstanceImpl - [JPro] -> Instance closed: {app_name: default, host_name: localhost:8080, instance_id: 1342829924, browser: Google Chrome 147.0.0.0, browser_url: http://localhost:8080/, client_ip: 0:0:0:0:0:0:0:1, reason: close-tab-closed} - AsyncAppender-Worker-ASYNCSTDOUT
2026-04-23 16:38:22,403 [INFO] in JavaFX Application Thread - [VisualSearch] Cleared desktop onAction — JPro overlay handles clicks. - JavaFX Application Thread
2026-04-23 16:38:22,404 [INFO] in JavaFX Application Thread - [VisualSearch] JPro WebAPI FileUploader wired successfully. - JavaFX Application Thread
2026-04-23 16:48:23,726 [INFO] in AsyncAppender-Worker-ASYNCSTDOUT - [[34mINFO [0;39m] c.jpro.activity - Starting the server - AsyncAppender-Worker-ASYNCSTDOUT
2026-04-23 16:48:23,727 [INFO] in AsyncAppender-Worker-ASYNCSTDOUT - [[34mINFO [0;39m] c.j.i.s.JProInitializer$ -  *** Starting JPro: https://www.jpro.one/ *** - AsyncAppender-Worker-ASYNCSTDOUT
2026-04-23 16:48:23,727 [INFO] in AsyncAppender-Worker-ASYNCSTDOUT - [[34mINFO [0;39m] c.j.i.s.JProInitializer$ - OS: Windows 11 - AsyncAppender-Worker-ASYNCSTDOUT
2026-04-23 16:48:23,737 [INFO] in AsyncAppender-Worker-ASYNCSTDOUT - [[34mINFO [0;39m] c.j.i.s.JProInitializer$ - JPro: 2024.4.1 - AsyncAppender-Worker-ASYNCSTDOUT
2026-04-23 16:48:23,737 [INFO] in AsyncAppender-Worker-ASYNCSTDOUT - [[34mINFO [0;39m] c.j.i.s.JProInitializer$ - Java version: 21.0.9 - AsyncAppender-Worker-ASYNCSTDOUT
2026-04-23 16:48:23,737 [INFO] in AsyncAppender-Worker-ASYNCSTDOUT - [[34mINFO [0;39m] c.j.i.s.JProInitializer$ - JVM: 21.0.9 Oracle Corporation - AsyncAppender-Worker-ASYNCSTDOUT
2026-04-23 16:48:23,739 [INFO] in AsyncAppender-Worker-ASYNCSTDOUT - [[34mINFO [0;39m] c.j.i.s.JProInitializer$ - JavaFX jar: file:/C:/Users/kaush/.m2/repository/org/openjfx/javafx-graphics/23.0.1-jpro/javafx-graphics-23.0.1-jpro-win.jar - AsyncAppender-Worker-ASYNCSTDOUT
2026-04-23 16:48:23,742 [INFO] in AsyncAppender-Worker-ASYNCSTDOUT - [[34mINFO [0;39m] c.j.i.s.JProInitializer$ - Configuring logging from url: 'jar:file:/C:/Users/kaush/.m2/repository/one/jpro/jpro-server_2.12/2024.4.1/jpro-server_2.12-2024.4.1.jar!/logback-jpro-default.xml' - AsyncAppender-Worker-ASYNCSTDOUT
2026-04-23 16:48:24,578 [INFO] in AsyncAppender-Worker-ASYNCSTDOUT - [[34mINFO [0;39m] c.j.i.s.JProInitializer$ - JavaFX version: 23.0.1-jpro+0 - AsyncAppender-Worker-ASYNCSTDOUT
2026-04-23 16:48:24,606 [INFO] in JavaFX Application Thread - G1 Young Generation - JavaFX Application Thread
2026-04-23 16:48:24,607 [INFO] in JavaFX Application Thread - G1 Concurrent GC - JavaFX Application Thread
2026-04-23 16:48:24,607 [INFO] in JavaFX Application Thread - G1 Old Generation - JavaFX Application Thread
2026-04-23 16:48:24,631 [INFO] in AsyncAppender-Worker-ASYNCSTDOUT - [[34mINFO [0;39m] c.j.i.s.JProInitializer$ - finished init! - AsyncAppender-Worker-ASYNCSTDOUT
2026-04-23 16:48:24,636 [INFO] in AsyncAppender-Worker-ASYNCSTDOUT - [[34mINFO [0;39m] c.j.i.s.JProInitializer$ - [JPro] -> Server started: {start_time: 1776943103713, os_name: Windows 11, jpro_version: 2024.4.1} - AsyncAppender-Worker-ASYNCSTDOUT
2026-04-23 16:48:24,669 [INFO] in AsyncAppender-Worker-ASYNCSTDOUT - [[34mINFO [0;39m] a.e.s.Slf4jLogger - Slf4jLogger started - AsyncAppender-Worker-ASYNCSTDOUT
2026-04-23 16:48:25,227 [INFO] in AsyncAppender-Worker-ASYNCSTDOUT - [[34mINFO [0;39m] play.api.Play - Application started (Prod) (no global state) - AsyncAppender-Worker-ASYNCSTDOUT
2026-04-23 16:48:25,605 [INFO] in AsyncAppender-Worker-ASYNCSTDOUT - [[34mINFO [0;39m] p.c.s.AkkaHttpServer - Enabling HTTP/2 on Akka HTTP server... - AsyncAppender-Worker-ASYNCSTDOUT
2026-04-23 16:48:25,605 [INFO] in AsyncAppender-Worker-ASYNCSTDOUT - [[34mINFO [0;39m] p.c.s.AkkaHttpServer - Listening for HTTP on /[0:0:0:0:0:0:0:0]:8080 - AsyncAppender-Worker-ASYNCSTDOUT
2026-04-23 16:48:26,834 [INFO] in AsyncAppender-Worker-ASYNCSTDOUT - [[34mINFO [0;39m] c.jpro - application requested: default params: Map() - AsyncAppender-Worker-ASYNCSTDOUT
2026-04-23 16:48:26,837 [INFO] in AsyncAppender-Worker-ASYNCSTDOUT - [[34mINFO [0;39m] c.jpro - Creating Application: default - AsyncAppender-Worker-ASYNCSTDOUT
2026-04-23 16:48:26,839 [INFO] in AsyncAppender-Worker-ASYNCSTDOUT - [[34mINFO [0;39m] c.jpro - remoteAddress 0:0:0:0:0:0:0:1 - AsyncAppender-Worker-ASYNCSTDOUT
2026-04-23 16:48:26,839 [INFO] in AsyncAppender-Worker-ASYNCSTDOUT - [[34mINFO [0;39m] c.jpro - host          localhost:8080 - AsyncAppender-Worker-ASYNCSTDOUT
2026-04-23 16:48:26,840 [INFO] in AsyncAppender-Worker-ASYNCSTDOUT - [[34mINFO [0;39m] c.jpro - uri           /app/ws/default - AsyncAppender-Worker-ASYNCSTDOUT
2026-04-23 16:48:27,037 [INFO] in AsyncAppender-Worker-ASYNCSTDOUT - [[34mINFO [0;39m] c.j.i.s.ViewInfo$ - [JPro] -> View created: {app_name: default, host_name: localhost:8080, instance_id: 1933432987, browser: Google Chrome 147.0.0.0, browser_url: http://localhost:8080/, client_ip: 0:0:0:0:0:0:0:1} - AsyncAppender-Worker-ASYNCSTDOUT
2026-04-23 16:48:30,234 [INFO] in AsyncAppender-Worker-ASYNCSTDOUT - [[34mINFO [0;39m] c.j.i.c.InstanceImpl - [JPro] -> Instance created: {app_name: default, host_name: localhost:8080, instance_id: 1933432987, browser: Google Chrome 147.0.0.0, browser_url: http://localhost:8080/, client_ip: 0:0:0:0:0:0:0:1} - AsyncAppender-Worker-ASYNCSTDOUT
2026-04-23 16:49:06,648 [INFO] in AsyncAppender-Worker-ASYNCSTDOUT - [[34mINFO [0;39m] c.jpro - application requested: default params: Map() - AsyncAppender-Worker-ASYNCSTDOUT
2026-04-23 16:49:06,648 [INFO] in AsyncAppender-Worker-ASYNCSTDOUT - [[34mINFO [0;39m] c.jpro - Creating Application: default - AsyncAppender-Worker-ASYNCSTDOUT
2026-04-23 16:49:06,648 [INFO] in AsyncAppender-Worker-ASYNCSTDOUT - [[34mINFO [0;39m] c.jpro - remoteAddress 0:0:0:0:0:0:0:1 - AsyncAppender-Worker-ASYNCSTDOUT
2026-04-23 16:49:06,648 [INFO] in AsyncAppender-Worker-ASYNCSTDOUT - [[34mINFO [0;39m] c.jpro - host          localhost:8080 - AsyncAppender-Worker-ASYNCSTDOUT
2026-04-23 16:49:06,648 [INFO] in AsyncAppender-Worker-ASYNCSTDOUT - [[34mINFO [0;39m] c.jpro - uri           /app/ws/default - AsyncAppender-Worker-ASYNCSTDOUT
2026-04-23 16:49:06,669 [INFO] in AsyncAppender-Worker-ASYNCSTDOUT - [[34mINFO [0;39m] c.j.i.s.ViewInfo$ - [JPro] -> View created: {app_name: default, host_name: localhost:8080, instance_id: 963421325, browser: Google Chrome 147.0.0.0, browser_url: http://localhost:8080/, client_ip: 0:0:0:0:0:0:0:1} - AsyncAppender-Worker-ASYNCSTDOUT
2026-04-23 16:49:09,051 [INFO] in AsyncAppender-Worker-ASYNCSTDOUT - [[34mINFO [0;39m] c.j.i.c.InstanceImpl - [JPro] -> Instance created: {app_name: default, host_name: localhost:8080, instance_id: 963421325, browser: Google Chrome 147.0.0.0, browser_url: http://localhost:8080/, client_ip: 0:0:0:0:0:0:0:1} - AsyncAppender-Worker-ASYNCSTDOUT
2026-04-23 16:49:09,109 [INFO] in AsyncAppender-Worker-ASYNCSTDOUT - [[34mINFO [0;39m] c.j.i.s.ViewInfo$ - [JPro] -> View closed: {app_name: default, host_name: localhost:8080, instance_id: 1933432987, browser: Google Chrome 147.0.0.0, browser_url: http://localhost:8080/, client_ip: 0:0:0:0:0:0:0:1, reason: tab-closed} - AsyncAppender-Worker-ASYNCSTDOUT
2026-04-23 16:49:09,111 [INFO] in AsyncAppender-Worker-ASYNCSTDOUT - [[34mINFO [0;39m] c.j.i.s.ViewInfo$ -  - AsyncAppender-Worker-ASYNCSTDOUT
2026-04-23 16:49:09,111 [INFO] in AsyncAppender-Worker-ASYNCSTDOUT - [[34mINFO [0;39m] c.j.i.s.ViewInfo$ - Application closed: - AsyncAppender-Worker-ASYNCSTDOUT
2026-04-23 16:49:09,120 [INFO] in AsyncAppender-Worker-ASYNCSTDOUT - [[34mINFO [0;39m] c.j.i.s.ViewInfo$ - startTime      : Thu Apr 23 16:49:09 IST 2026       - AsyncAppender-Worker-ASYNCSTDOUT
2026-04-23 16:49:09,120 [INFO] in AsyncAppender-Worker-ASYNCSTDOUT - [[34mINFO [0;39m] c.j.i.s.ViewInfo$ - averageLatency : 00:00:00.001  - AsyncAppender-Worker-ASYNCSTDOUT
2026-04-23 16:49:09,120 [INFO] in AsyncAppender-Worker-ASYNCSTDOUT - [[34mINFO [0;39m] c.j.i.s.ViewInfo$ - averageJitter  : 00:00:00.000   - AsyncAppender-Worker-ASYNCSTDOUT
2026-04-23 16:49:09,121 [INFO] in AsyncAppender-Worker-ASYNCSTDOUT - [[34mINFO [0;39m] c.j.i.s.ViewInfo$ - framerateServer: 00:00:00.000 - AsyncAppender-Worker-ASYNCSTDOUT
2026-04-23 16:49:09,121 [INFO] in AsyncAppender-Worker-ASYNCSTDOUT - [[34mINFO [0;39m] c.j.i.s.ViewInfo$ - framerateClient: 00:00:00.000 - AsyncAppender-Worker-ASYNCSTDOUT
2026-04-23 16:49:09,121 [INFO] in AsyncAppender-Worker-ASYNCSTDOUT - [[34mINFO [0;39m] c.j.i.s.ViewInfo$ - raw            : 236358 - AsyncAppender-Worker-ASYNCSTDOUT
2026-04-23 16:49:09,121 [INFO] in AsyncAppender-Worker-ASYNCSTDOUT - [[34mINFO [0;39m] c.j.i.s.ViewInfo$ - zipped         : 68764 - AsyncAppender-Worker-ASYNCSTDOUT
2026-04-23 16:49:09,121 [INFO] in AsyncAppender-Worker-ASYNCSTDOUT - [[34mINFO [0;39m] c.j.i.s.ViewInfo$ -  - AsyncAppender-Worker-ASYNCSTDOUT
2026-04-23 16:49:10,107 [INFO] in AsyncAppender-Worker-ASYNCSTDOUT - [[34mINFO [0;39m] c.j.i.c.InstanceImpl - [JPro] -> Instance closed: {app_name: default, host_name: localhost:8080, instance_id: 1933432987, browser: Google Chrome 147.0.0.0, browser_url: http://localhost:8080/, client_ip: 0:0:0:0:0:0:0:1, reason: close-tab-closed} - AsyncAppender-Worker-ASYNCSTDOUT
2026-04-23 16:50:37,351 [INFO] in AsyncAppender-Worker-ASYNCSTDOUT - [[34mINFO [0;39m] c.j.i.s.ViewInfo$ - [JPro] -> View closed: {app_name: default, host_name: localhost:8080, instance_id: 963421325, browser: Google Chrome 147.0.0.0, browser_url: http://localhost:8080/, client_ip: 0:0:0:0:0:0:0:1, reason: tab-closed} - AsyncAppender-Worker-ASYNCSTDOUT
2026-04-23 16:50:37,353 [INFO] in AsyncAppender-Worker-ASYNCSTDOUT - [[34mINFO [0;39m] c.j.i.s.ViewInfo$ -  - AsyncAppender-Worker-ASYNCSTDOUT
2026-04-23 16:50:37,353 [INFO] in AsyncAppender-Worker-ASYNCSTDOUT - [[34mINFO [0;39m] c.j.i.s.ViewInfo$ - Application closed: - AsyncAppender-Worker-ASYNCSTDOUT
2026-04-23 16:50:37,353 [INFO] in AsyncAppender-Worker-ASYNCSTDOUT - [[34mINFO [0;39m] c.j.i.s.ViewInfo$ - startTime      : Thu Apr 23 16:50:37 IST 2026       - AsyncAppender-Worker-ASYNCSTDOUT
2026-04-23 16:50:37,353 [INFO] in AsyncAppender-Worker-ASYNCSTDOUT - [[34mINFO [0;39m] c.j.i.s.ViewInfo$ - averageLatency : 00:00:00.001  - AsyncAppender-Worker-ASYNCSTDOUT
2026-04-23 16:50:37,353 [INFO] in AsyncAppender-Worker-ASYNCSTDOUT - [[34mINFO [0;39m] c.j.i.s.ViewInfo$ - averageJitter  : 00:00:00.000   - AsyncAppender-Worker-ASYNCSTDOUT
2026-04-23 16:50:37,353 [INFO] in AsyncAppender-Worker-ASYNCSTDOUT - [[34mINFO [0;39m] c.j.i.s.ViewInfo$ - framerateServer: 00:00:00.000 - AsyncAppender-Worker-ASYNCSTDOUT
2026-04-23 16:50:37,353 [INFO] in AsyncAppender-Worker-ASYNCSTDOUT - [[34mINFO [0;39m] c.j.i.s.ViewInfo$ - framerateClient: 00:00:00.000 - AsyncAppender-Worker-ASYNCSTDOUT
2026-04-23 16:50:37,353 [INFO] in AsyncAppender-Worker-ASYNCSTDOUT - [[34mINFO [0;39m] c.j.i.s.ViewInfo$ - raw            : 448028 - AsyncAppender-Worker-ASYNCSTDOUT
2026-04-23 16:50:37,353 [INFO] in AsyncAppender-Worker-ASYNCSTDOUT - [[34mINFO [0;39m] c.j.i.s.ViewInfo$ - zipped         : 132310 - AsyncAppender-Worker-ASYNCSTDOUT
2026-04-23 16:50:37,353 [INFO] in AsyncAppender-Worker-ASYNCSTDOUT - [[34mINFO [0;39m] c.j.i.s.ViewInfo$ -  - AsyncAppender-Worker-ASYNCSTDOUT
2026-04-23 16:50:38,344 [INFO] in AsyncAppender-Worker-ASYNCSTDOUT - [[34mINFO [0;39m] c.j.i.c.InstanceImpl - [JPro] -> Instance closed: {app_name: default, host_name: localhost:8080, instance_id: 963421325, browser: Google Chrome 147.0.0.0, browser_url: http://localhost:8080/, client_ip: 0:0:0:0:0:0:0:1, reason: close-tab-closed} - AsyncAppender-Worker-ASYNCSTDOUT
2026-04-23 16:50:58,194 [INFO] in AsyncAppender-Worker-ASYNCSTDOUT - [[34mINFO [0;39m] c.jpro - application requested: default params: Map() - AsyncAppender-Worker-ASYNCSTDOUT
2026-04-23 16:50:58,194 [INFO] in AsyncAppender-Worker-ASYNCSTDOUT - [[34mINFO [0;39m] c.jpro - Creating Application: default - AsyncAppender-Worker-ASYNCSTDOUT
2026-04-23 16:50:58,194 [INFO] in AsyncAppender-Worker-ASYNCSTDOUT - [[34mINFO [0;39m] c.jpro - remoteAddress 0:0:0:0:0:0:0:1 - AsyncAppender-Worker-ASYNCSTDOUT
2026-04-23 16:50:58,194 [INFO] in AsyncAppender-Worker-ASYNCSTDOUT - [[34mINFO [0;39m] c.jpro - host          localhost:8080 - AsyncAppender-Worker-ASYNCSTDOUT
2026-04-23 16:50:58,194 [INFO] in AsyncAppender-Worker-ASYNCSTDOUT - [[34mINFO [0;39m] c.jpro - uri           /app/ws/default - AsyncAppender-Worker-ASYNCSTDOUT
2026-04-23 16:50:58,211 [INFO] in AsyncAppender-Worker-ASYNCSTDOUT - [[34mINFO [0;39m] c.j.i.s.ViewInfo$ - [JPro] -> View created: {app_name: default, host_name: localhost:8080, instance_id: 739673889, browser: Google Chrome 147.0.0.0, browser_url: http://localhost:8080/, client_ip: 0:0:0:0:0:0:0:1} - AsyncAppender-Worker-ASYNCSTDOUT
2026-04-23 16:51:00,505 [INFO] in AsyncAppender-Worker-ASYNCSTDOUT - [[34mINFO [0;39m] c.j.i.c.InstanceImpl - [JPro] -> Instance created: {app_name: default, host_name: localhost:8080, instance_id: 739673889, browser: Google Chrome 147.0.0.0, browser_url: http://localhost:8080/, client_ip: 0:0:0:0:0:0:0:1} - AsyncAppender-Worker-ASYNCSTDOUT
2026-04-23 16:52:15,055 [INFO] in AsyncAppender-Worker-ASYNCSTDOUT - [[34mINFO [0;39m] c.jpro - application requested: default params: Map() - AsyncAppender-Worker-ASYNCSTDOUT
2026-04-23 16:52:15,055 [INFO] in AsyncAppender-Worker-ASYNCSTDOUT - [[34mINFO [0;39m] c.jpro - Creating Application: default - AsyncAppender-Worker-ASYNCSTDOUT
2026-04-23 16:52:15,055 [INFO] in AsyncAppender-Worker-ASYNCSTDOUT - [[34mINFO [0;39m] c.jpro - remoteAddress 0:0:0:0:0:0:0:1 - AsyncAppender-Worker-ASYNCSTDOUT
2026-04-23 16:52:15,055 [INFO] in AsyncAppender-Worker-ASYNCSTDOUT - [[34mINFO [0;39m] c.jpro - host          localhost:8080 - AsyncAppender-Worker-ASYNCSTDOUT
2026-04-23 16:52:15,055 [INFO] in AsyncAppender-Worker-ASYNCSTDOUT - [[34mINFO [0;39m] c.jpro - uri           /app/ws/default - AsyncAppender-Worker-ASYNCSTDOUT
2026-04-23 16:52:15,072 [INFO] in AsyncAppender-Worker-ASYNCSTDOUT - [[34mINFO [0;39m] c.j.i.s.ViewInfo$ - [JPro] -> View created: {app_name: default, host_name: localhost:8080, instance_id: 1179134376, browser: Google Chrome 147.0.0.0, browser_url: http://localhost:8080/, client_ip: 0:0:0:0:0:0:0:1} - AsyncAppender-Worker-ASYNCSTDOUT
2026-04-23 16:52:17,359 [INFO] in AsyncAppender-Worker-ASYNCSTDOUT - [[34mINFO [0;39m] c.j.i.c.InstanceImpl - [JPro] -> Instance created: {app_name: default, host_name: localhost:8080, instance_id: 1179134376, browser: Google Chrome 147.0.0.0, browser_url: http://localhost:8080/, client_ip: 0:0:0:0:0:0:0:1} - AsyncAppender-Worker-ASYNCSTDOUT
2026-04-23 16:52:38,616 [INFO] in JavaFX Application Thread - [VisualSearch] Cleared desktop onAction — JPro overlay handles clicks. - JavaFX Application Thread
2026-04-23 16:52:38,617 [INFO] in JavaFX Application Thread - [VisualSearch] JPro WebAPI FileUploader wired successfully. - JavaFX Application Thread
2026-04-23 16:52:44,813 [INFO] in AsyncAppender-Worker-ASYNCSTDOUT - [[34mINFO [0;39m] c.j.i.s.ViewInfo$ - [JPro] -> View closed: {app_name: default, host_name: localhost:8080, instance_id: 1179134376, browser: Google Chrome 147.0.0.0, browser_url: http://localhost:8080/, client_ip: 0:0:0:0:0:0:0:1, reason: tab-closed} - AsyncAppender-Worker-ASYNCSTDOUT
2026-04-23 16:52:44,822 [INFO] in AsyncAppender-Worker-ASYNCSTDOUT - [[34mINFO [0;39m] c.j.i.s.ViewInfo$ -  - AsyncAppender-Worker-ASYNCSTDOUT
2026-04-23 16:52:44,822 [INFO] in AsyncAppender-Worker-ASYNCSTDOUT - [[34mINFO [0;39m] c.j.i.s.ViewInfo$ - Application closed: - AsyncAppender-Worker-ASYNCSTDOUT
2026-04-23 16:52:44,822 [INFO] in AsyncAppender-Worker-ASYNCSTDOUT - [[34mINFO [0;39m] c.j.i.s.ViewInfo$ - startTime      : Thu Apr 23 16:52:44 IST 2026       - AsyncAppender-Worker-ASYNCSTDOUT
2026-04-23 16:52:44,822 [INFO] in AsyncAppender-Worker-ASYNCSTDOUT - [[34mINFO [0;39m] c.j.i.s.ViewInfo$ - averageLatency : 00:00:00.001  - AsyncAppender-Worker-ASYNCSTDOUT
2026-04-23 16:52:44,822 [INFO] in AsyncAppender-Worker-ASYNCSTDOUT - [[34mINFO [0;39m] c.j.i.s.ViewInfo$ - averageJitter  : 00:00:00.000   - AsyncAppender-Worker-ASYNCSTDOUT
2026-04-23 16:52:44,822 [INFO] in AsyncAppender-Worker-ASYNCSTDOUT - [[34mINFO [0;39m] c.j.i.s.ViewInfo$ - framerateServer: 00:00:00.000 - AsyncAppender-Worker-ASYNCSTDOUT
2026-04-23 16:52:44,822 [INFO] in AsyncAppender-Worker-ASYNCSTDOUT - [[34mINFO [0;39m] c.j.i.s.ViewInfo$ - framerateClient: 00:00:00.000 - AsyncAppender-Worker-ASYNCSTDOUT
2026-04-23 16:52:44,822 [INFO] in AsyncAppender-Worker-ASYNCSTDOUT - [[34mINFO [0;39m] c.j.i.s.ViewInfo$ - raw            : 1230101 - AsyncAppender-Worker-ASYNCSTDOUT
2026-04-23 16:52:44,822 [INFO] in AsyncAppender-Worker-ASYNCSTDOUT - [[34mINFO [0;39m] c.j.i.s.ViewInfo$ - zipped         : 249088 - AsyncAppender-Worker-ASYNCSTDOUT
2026-04-23 16:52:44,822 [INFO] in AsyncAppender-Worker-ASYNCSTDOUT - [[34mINFO [0;39m] c.j.i.s.ViewInfo$ -  - AsyncAppender-Worker-ASYNCSTDOUT
2026-04-23 16:52:45,816 [INFO] in AsyncAppender-Worker-ASYNCSTDOUT - [[34mINFO [0;39m] c.j.i.c.InstanceImpl - [JPro] -> Instance closed: {app_name: default, host_name: localhost:8080, instance_id: 1179134376, browser: Google Chrome 147.0.0.0, browser_url: http://localhost:8080/, client_ip: 0:0:0:0:0:0:0:1, reason: close-tab-closed} - AsyncAppender-Worker-ASYNCSTDOUT
2026-04-23 16:52:52,085 [INFO] in AsyncAppender-Worker-ASYNCSTDOUT - [[34mINFO [0;39m] c.j.i.s.ViewInfo$ - [JPro] -> View closed: {app_name: default, host_name: localhost:8080, instance_id: 739673889, browser: Google Chrome 147.0.0.0, browser_url: http://localhost:8080/, client_ip: 0:0:0:0:0:0:0:1, reason: tab-closed} - AsyncAppender-Worker-ASYNCSTDOUT
2026-04-23 16:52:52,086 [INFO] in AsyncAppender-Worker-ASYNCSTDOUT - [[34mINFO [0;39m] c.j.i.s.ViewInfo$ -  - AsyncAppender-Worker-ASYNCSTDOUT
2026-04-23 16:52:52,086 [INFO] in AsyncAppender-Worker-ASYNCSTDOUT - [[34mINFO [0;39m] c.j.i.s.ViewInfo$ - Application closed: - AsyncAppender-Worker-ASYNCSTDOUT
2026-04-23 16:52:52,086 [INFO] in AsyncAppender-Worker-ASYNCSTDOUT - [[34mINFO [0;39m] c.j.i.s.ViewInfo$ - startTime      : Thu Apr 23 16:52:52 IST 2026       - AsyncAppender-Worker-ASYNCSTDOUT
2026-04-23 16:52:52,086 [INFO] in AsyncAppender-Worker-ASYNCSTDOUT - [[34mINFO [0;39m] c.j.i.s.ViewInfo$ - averageLatency : 00:00:00.003  - AsyncAppender-Worker-ASYNCSTDOUT
2026-04-23 16:52:52,086 [INFO] in AsyncAppender-Worker-ASYNCSTDOUT - [[34mINFO [0;39m] c.j.i.s.ViewInfo$ - averageJitter  : 00:00:00.003   - AsyncAppender-Worker-ASYNCSTDOUT
2026-04-23 16:52:52,086 [INFO] in AsyncAppender-Worker-ASYNCSTDOUT - [[34mINFO [0;39m] c.j.i.s.ViewInfo$ - framerateServer: 00:00:00.000 - AsyncAppender-Worker-ASYNCSTDOUT
2026-04-23 16:52:52,086 [INFO] in AsyncAppender-Worker-ASYNCSTDOUT - [[34mINFO [0;39m] c.j.i.s.ViewInfo$ - framerateClient: 00:00:00.000 - AsyncAppender-Worker-ASYNCSTDOUT
2026-04-23 16:52:52,086 [INFO] in AsyncAppender-Worker-ASYNCSTDOUT - [[34mINFO [0;39m] c.j.i.s.ViewInfo$ - raw            : 577500 - AsyncAppender-Worker-ASYNCSTDOUT
2026-04-23 16:52:52,086 [INFO] in AsyncAppender-Worker-ASYNCSTDOUT - [[34mINFO [0;39m] c.j.i.s.ViewInfo$ - zipped         : 161851 - AsyncAppender-Worker-ASYNCSTDOUT
2026-04-23 16:52:52,086 [INFO] in AsyncAppender-Worker-ASYNCSTDOUT - [[34mINFO [0;39m] c.j.i.s.ViewInfo$ -  - AsyncAppender-Worker-ASYNCSTDOUT
2026-04-23 16:52:53,081 [INFO] in AsyncAppender-Worker-ASYNCSTDOUT - [[34mINFO [0;39m] c.j.i.c.InstanceImpl - [JPro] -> Instance closed: {app_name: default, host_name: localhost:8080, instance_id: 739673889, browser: Google Chrome 147.0.0.0, browser_url: http://localhost:8080/, client_ip: 0:0:0:0:0:0:0:1, reason: close-tab-closed} - AsyncAppender-Worker-ASYNCSTDOUT
